Sample A1_Ex555_Em570,,Sample A1_Ex555_Em670,,Sample A2_Ex555_Em570,,Sample A2_Ex555_Em670,,Sample A3_Ex555_Em570,,Sample A3_Ex555_Em670,,Sample A4_Ex555_Em570,,Sample A4_Ex555_Em670,,Sample B1_Ex555_Em570,,Sample B1_Ex555_Em670,,Sample B2_Ex555_Em570,,Sample B2_Ex555_Em670,,Sample B3_Ex555_Em570,,Sample B3_Ex555_Em670,,Sample B4_Ex555_Em570,,Sample B4_Ex555_Em670,,Sample C1_Ex555_Em570,,Sample C1_Ex555_Em670,,Sample C2_Ex555_Em570,,Sample C2_Ex555_Em670,,Sample C3_Ex555_Em570,,Sample C3_Ex555_Em670,,Sample C4_Ex555_Em570,,Sample C4_Ex555_Em670,,
Time (min),Intensity (a.u.),Time (min),Intensity (a.u.),Time (min),Intensity (a.u.),Time (min),Intensity (a.u.),Time (min),Intensity (a.u.),Time (min),Intensity (a.u.),Time (min),Intensity (a.u.),Time (min),Intensity (a.u.),Time (min),Intensity (a.u.),Time (min),Intensity (a.u.),Time (min),Intensity (a.u.),Time (min),Intensity (a.u.),Time (min),Intensity (a.u.),Time (min),Intensity (a.u.),Time (min),Intensity (a.u.),Time (min),Intensity (a.u.),Time (min),Intensity (a.u.),Time (min),Intensity (a.u.),Time (min),Intensity (a.u.),Time (min),Intensity (a.u.),Time (min),Intensity (a.u.),Time (min),Intensity (a.u.),Time (min),Intensity (a.u.),Time (min),Intensity (a.u.),
0.001666666707,51.59620285,0.008354167454,27.16130447,0.03218749911,54.02240753,0.03887499869,27.12590599,0.06252083182,67.98279572,0.06920833886,37.62342453,0.09341666847,59.1532135,0.1001041681,11.71249104,0.2205833346,61.71524811,0.2272708267,32.69250488,0.1892499924,50.90031815,0.1959374994,23.00504303,0.1589166671,50.34233475,0.1656041592,26.06344032,0.1277499944,106.7191772,0.1344375014,33.21232986,0.2548541725,60.5561409,0.2615416646,33.03137589,0.2860833406,47.31663513,0.2927708328,32.8067894,0.3162499964,57.33116531,0.3229374886,28.457901,0.3473541439,74.13967133,0.3540416658,29.50564384,
0.5016666651,61.70853043,0.5084166527,24.61628532,0.5322083235,55.51654053,0.5389375091,26.49114227,0.5632708073,66.69803619,0.5700207949,34.5419693,0.5938749909,58.32544708,0.6006041765,15.90408897,0.7221041322,66.80758667,0.7288541794,25.28257751,0.6907708645,65.75746918,0.6975208521,31.45759964,0.6604375243,49.07141495,0.6671875119,28.77248192,0.6302083135,89.13224792,0.636937499,29.57486153,0.7575416565,69.2257843,0.7642708421,29.03384781,0.7884375453,45.71746826,0.7951875329,34.01723862,0.8191041946,45.24708939,0.8258541822,21.21082115,0.8499374986,87.38243866,0.8566874862,31.216362,
1.001666665,65.8631134,1.008416653,27.10522079,1.03193748,60.56141663,1.038687468,32.02645493,1.062541604,65.91537476,1.069270849,24.42418861,1.093604207,64.2796936,1.100354075,13.74540424,1.220375061,65.04003143,1.227104187,29.07732582,1.188958406,52.23918152,1.195749998,22.89309692,1.158604145,52.17085648,1.165354133,32.98170853,1.128104091,93.40293121,1.134854078,23.14678764,1.256541729,83.12529755,1.263270855,32.47487259,1.286937475,49.9030571,1.293687463,38.63817596,1.317520738,50.48454285,1.324270844,29.23132515,1.348104239,79.21307373,1.354854226,28.48159409,
1.501666665,72.07506561,1.508416653,27.48622513,1.532937527,61.48256302,1.539687514,27.71965218,1.563270807,60.03623199,1.570020795,34.15356445,1.594187498,64.1253891,1.600937486,12.97497654,1.720437527,67.46186066,1.727187514,35.03314972,1.689708352,66.97011566,1.696437478,29.9842453,1.659270883,45.06648636,1.66602087,30.0773983,1.628270864,91.44713593,1.635020852,34.52861786,1.75643754,64.48312378,1.763187528,28.26909256,1.78677094,60.47877121,1.793520808,31.32458115,1.816958308,47.10750961,1.823708296,23.47705078,1.848104239,86.54428101,1.854854226,29.08790207,
2.001666546,56.04392624,2.008416653,28.55877686,2.032770872,57.31235504,2.039520741,28.02059174,2.063041687,77.29667664,2.069770813,29.98091507,2.094270945,67.48405457,2.101020813,13.17200947,2.220770836,66.52612305,2.227520704,29.76610565,2.189770699,55.07164001,2.196520805,32.86819458,2.159437656,51.4972496,2.166187525,31.0351963,2.128124952,94.2179718,2.134916782,26.15671158,2.256270885,63.50777435,2.263020754,36.68265533,2.287041664,49.26312637,2.293791771,33.881073,2.318354368,54.05543518,2.325104237,23.519207,2.348437548,88.38672638,2.355187416,24.84775925,
2.501666784,67.03687286,2.508416653,24.83595276,2.532604218,55.69202423,2.539354086,28.74018669,2.563041687,57.76554489,2.569770813,25.05504608,2.593541622,59.06829071,2.600270748,13.32355976,2.721770763,66.82266235,2.728520632,27.51454735,2.691541433,54.05061722,2.698271036,33.71961212,2.661020994,63.30265808,2.667770863,30.43571281,2.630041838,92.53417969,2.636770964,32.24016571,2.757958174,79.72839355,2.764708519,27.70907974,2.78893733,49.75183487,2.795687675,32.34896088,2.819604158,58.5473175,2.826354265,24.47204971,2.849874973,95.18108368,2.856604338,24.58533478,
3.001666784,54.8044548,3.008416653,29.94762993,3.031770945,59.44363022,3.038520813,24.1996994,3.062104225,56.06529236,3.068854332,27.41411591,3.093208313,59.43704605,3.099937439,14.16749954,3.219270945,66.16004181,3.226020813,31.35897255,3.188270807,50.27890015,3.195020914,33.21754074,3.157687426,50.54722214,3.164437532,32.0750351,3.127437592,82.67353058,3.13418746,32.54656219,3.255604029,66.23789215,3.262354374,32.48944473,3.285937548,48.7875824,3.292687416,32.60033798,3.316271067,56.02616119,3.323020935,29.59103584,3.347770929,100.2254868,3.354521036,21.71409225,
3.501666784,58.38981247,3.508416653,26.61955643,3.53160429,62.00030136,3.538354158,33.02870941,3.56227088,63.29208755,3.569020748,26.76053047,3.593270779,58.56435394,3.600020885,12.67966938,3.719958305,68.33855438,3.726708174,34.49704361,3.689208269,65.12902069,3.695937634,27.92345047,3.658604145,56.63103104,3.665354252,35.82707977,3.627270699,89.77464294,3.634020805,31.49791145,3.756041765,66.55397797,3.762791634,34.61275864,3.787020922,58.21792603,3.79377079,38.08916473,3.81743741,49.14271927,3.824187517,27.77287483,3.847604036,79.8691864,3.854374886,25.68789101,
4.001666546,64.57322693,4.008416653,23.8619957,4.033270836,50.91707611,4.040020943,20.31357002,4.06285429,72.03301239,4.069604397,32.15887833,4.094270706,70.77877808,4.101020813,18.35874557,4.221937656,77.54196167,4.228687763,33.25740814,4.19177103,73.81401825,4.198521137,31.60321426,4.161041737,53.4372139,4.167770863,27.95260048,4.130437374,88.70251465,4.137187481,28.31090927,4.258437634,70.33429718,4.26518774,28.91101837,4.289353848,54.02783966,4.296103954,26.29378128,4.31960392,55.65412903,4.326354027,23.61350632,4.350937366,80.65692902,4.357687473,25.32216072,
4.501666546,64.79559326,4.508416653,23.60494041,4.532603741,62.83700562,4.539353848,26.05149841,4.563624859,70.54299164,4.570374966,25.9022789,4.593937874,63.81235886,4.600687504,12.62802315,4.722104549,74.11646271,4.728854179,22.69767952,4.691124916,60.62223816,4.697875023,29.41607475,4.660542011,48.96766663,4.667271137,24.64844894,4.629770756,80.68984985,4.636499882,39.23561096,4.756124973,73.0018692,4.76287508,21.18043327,4.787541866,57.41463852,4.794270992,33.13794327,4.818020821,58.88584518,4.824770451,19.76504326,4.848104477,86.63088226,4.854854107,24.81102562,
5.001666546,66.71554565,5.008416653,22.83394814,5.033937454,59.01546097,5.040687561,29.5840168,5.064437389,61.97581482,5.071187496,24.90180206,5.094208241,71.71738434,5.100937366,10.56918812,5.221291542,71.60862732,5.228041649,26.88757896,5.190541744,54.57665253,5.19727087,29.49644852,5.160270691,50.10098648,5.167020798,35.42572403,5.129292011,87.31597137,5.136041641,34.15117645,5.255875111,67.57419586,5.262604237,29.41212463,5.285874844,54.46501923,5.29260397,32.2324791,5.317270756,53.61266708,5.324020863,24.04539871,5.347770691,82.93979645,5.354520798,23.86789513,
5.501666546,68.42720032,5.508416653,22.9668808,5.532770634,65.86636353,5.539520741,23.51659775,5.563104153,65.04170227,5.569833279,32.69250488,5.594208241,65.9332428,5.600937366,13.14898014,5.722041607,71.55893707,5.728770733,18.55933189,5.691103935,63.87138367,5.697854042,31.10420036,5.660375118,52.05024719,5.667104244,27.1240139,5.629937649,84.60284424,5.636687756,28.27039337,5.757604122,64.01885223,5.764353752,28.1450367,5.787625313,51.68906403,5.794374943,33.13798523,5.818770885,57.43848801,5.825520992,23.86201286,5.849104404,80.15689087,5.855854511,24.73569489,
6.001666546,57.58960724,6.008416653,25.92419434,6.032937527,58.76403427,6.039687634,32.42172623,6.063874722,61.98838043,6.070603848,32.27044678,6.094874859,58.49546051,6.101603985,14.3203764,6.220458508,78.24871826,6.227208614,27.29615021,6.190124989,61.14449692,6.196875095,41.63155746,6.158958435,54.80554199,6.165708542,32.14654922,6.128937244,91.25466156,6.135687351,30.54999733,6.256875038,68.82095337,6.263604164,27.90934181,6.288458347,56.02735519,6.295208454,34.16182709,6.318937778,46.30777359,6.325687885,23.21387863,6.350104332,79.12271881,6.356854439,24.00413132,
6.501666546,60.49448395,6.508416653,21.64463615,6.533270836,79.33063507,6.540020943,28.26649857,6.564208508,56.44665527,6.570937634,32.95391846,6.594708443,60.44787216,6.601437569,11.33710003,6.722937584,72.53220367,6.729687691,28.67548943,6.691437244,46.90884781,6.698187351,26.24847031,6.661208153,60.47524261,6.667937756,24.32648849,6.630208492,81.03927612,6.636937618,31.31757736,6.758770943,70.02797699,6.765520573,26.67067719,6.789541721,58.12601089,6.796270847,24.62174034,6.820104122,51.42394638,6.826853752,23.4330349,6.85077095,92.02416229,6.857521057,22.9425621,
7.001666546,67.12198639,7.008416653,22.03883743,7.032875061,50.52739716,7.039604187,29.67895889,7.06293726,70.31210327,7.069687366,30.98017311,7.094437599,51.94208527,7.101187706,14.27266502,7.222208023,64.63127136,7.228937149,26.56180382,7.191124916,57.20988846,7.197916508,28.69552422,7.160375118,51.46551895,7.167104244,30.80028534,7.130104065,92.5022049,7.136854172,31.43402863,7.256354332,67.87149048,7.263104439,34.44152069,7.286604404,52.44965744,7.293354511,32.97354126,7.317103863,43.97354507,7.32385397,27.60647583,7.347770691,89.21211243,7.354520798,21.16184616,
7.501666546,63.03604126,7.508416653,15.65834522,7.532937527,60.53200531,7.539687634,26.2510643,7.563271046,70.80718231,7.570021152,31.2286129,7.593874931,60.87158966,7.600604057,10.48249722,7.720603943,74.57859802,7.72735405,25.28902626,7.690104008,62.39095306,7.696854115,37.22468948,7.658791542,60.97803497,7.665583134,32.04012299,7.628208637,77.93115997,7.634937763,33.0054512,7.755937576,64.15367126,7.762687683,22.86821747,7.787937641,54.65291977,7.794687271,36.16310883,7.817687511,42.43493271,7.824437618,24.95537186,7.848104477,86.67813873,7.854854107,22.77148628,
8.001667023,76.05685425,8.00841713,23.38659096,8.031770706,53.22532272,8.038520813,28.21619415,8.062770844,73.96291351,8.06952095,30.53812218,8.093438148,57.53307343,8.100187302,11.30943394,8.219770432,63.04413986,8.226520538,24.16573715,8.189270973,57.47980118,8.19602108,32.96688843,8.158291817,48.83082962,8.165041924,30.35694695,8.12810421,88.69904327,8.134854317,31.95934296,8.25460434,67.15853119,8.261354446,26.76933098,8.284937859,52.21709442,8.291687965,29.00577164,8.315437317,59.28878784,8.322187424,28.88645744,8.345707893,85.34343719,8.352437019,21.57022476,
8.501667023,65.5973053,8.50841713,28.34288025,8.532771111,67.03097534,8.539521217,31.40512085,8.563687325,64.74952698,8.570437431,27.03437424,8.59454155,62.68810654,8.601291656,12.63962078,8.721270561,75.78124237,8.728021622,27.56454659,8.690438271,57.19706345,8.697187424,30.35445786,8.659770966,71.43972778,8.666521072,31.82720375,8.629458427,76.94068909,8.636208534,33.55561447,8.757291794,67.26977539,8.764041901,25.95331955,8.787438393,59.6121254,8.794187546,28.00102234,8.818604469,59.56415939,8.825353622,22.10334778,8.848937988,89.26718903,8.855687141,23.21884346,
9.001666069,67.34040833,9.00841713,21.39286423,9.033124924,58.92498016,9.039875031,25.61167526,9.063875198,61.6128273,9.070604324,26.62490082,9.093770027,73.0929718,9.100521088,10.74283695,9.220874786,68.23666382,9.227603912,35.74364471,9.189937592,57.04702377,9.196687698,20.71993065,9.158854485,63.0802803,9.165604591,28.8389473,9.12810421,81.05979919,9.134854317,33.86762238,9.255270004,80.32834625,9.262021065,28.51379013,9.285541534,49.65407562,9.292291641,32.12631989,9.315958977,51.38557053,9.32270813,29.25133324,9.347270966,79.39811707,9.354021072,19.23914146,
9.501666069,64.71957397,9.50841713,20.75024986,9.532271385,63.32827377,9.539020538,29.63498497,9.563437462,71.63841248,9.570187569,28.52607155,9.594125748,56.18648911,9.600874901,12.63517761,9.719937325,81.71001434,9.726687431,28.52176857,9.689457893,61.77537537,9.696208954,22.5768013,9.658770561,52.98520279,9.665521622,24.21852875,9.628437042,75.14577484,9.635188103,28.76186943,9.756604195,66.4127655,9.763354301,24.09345627,9.78745842,54.15158081,9.794208527,31.58585358,9.818437576,56.08789825,9.825186729,31.91856956,9.848937988,91.27127838,9.855687141,25.07105446,
10.00166607,66.34352875,10.00841713,25.5043354,10.03227139,60.61735916,10.03902054,22.55124474,10.06295872,66.73345184,10.06970787,23.45077324,10.09343815,78.5766449,10.1001873,10.31745052,10.22177124,71.81344604,10.22852039,24.60499001,10.19143772,59.40906143,10.19820881,28.4154377,10.16037464,58.99386597,10.16710377,28.29501343,10.12993813,83.99254608,10.13668728,28.26605225,10.25660419,65.58496857,10.2633543,22.1473465,10.28702068,52.55933762,10.29377079,28.24914551,10.31729126,49.29711151,10.32404137,30.18592072,10.34760475,90.69583893,10.3543539,19.52799225,
10.50166607,71.18358612,10.50841713,17.79830933,10.53329182,50.90021133,10.54004192,21.82718658,10.56352139,63.54389954,10.57027054,35.22766876,10.59510422,66.04091644,10.60185432,11.28061581,10.72218704,67.8299942,10.7289381,27.84763527,10.69227123,63.63647461,10.69902039,25.89972687,10.6612711,60.97909546,10.66802025,26.57585526,10.63077068,67.69049072,10.63752079,28.35577774,10.75654221,68.56339264,10.76327133,29.09810448,10.78693771,49.55535889,10.79368782,26.22930145,10.81770802,43.56657028,10.82445908,32.53380966,10.84787464,84.95155334,10.85460377,24.34546852,
11.00166607,67.71614838,11.00841713,20.29527092,11.032938,56.53026199,11.03968716,24.67047119,11.06362534,61.60411453,11.07037449,28.85849762,11.09477139,67.94792938,11.10152054,9.198249817,11.220541,78.0266571,11.22727013,29.78582382,11.19043827,60.7170105,11.19718742,29.22196198,11.15927124,64.58648682,11.16602039,30.94294357,11.12910461,86.38878632,11.13585377,29.63856697,11.25687504,64.90001678,11.26360416,31.3038311,11.2873745,69.55266571,11.29410362,27.27815819,11.31787491,54.35622025,11.32460403,21.46342659,11.34835434,91.3006134,11.35510445,21.86808968,
11.50166607,68.51566315,11.50841713,28.71580124,11.5331049,65.42571259,11.53985405,21.97639084,11.56329155,66.23458099,11.57004166,20.21170616,11.59377003,73.33538818,11.60052109,8.579481125,11.72204208,75.2210083,11.72877121,26.80409622,11.69110394,51.84331894,11.697855,23.8692379,11.65993786,58.10665131,11.66668701,27.04886627,11.63010502,100.6126251,11.63685417,33.22925949,11.75737476,75.5280838,11.76410389,33.56248856,11.78854179,55.96052551,11.79527092,31.47483253,11.81879139,52.53531265,11.8255415,24.37305832,11.85027027,78.5211792,11.85702133,26.24910355,
12.00166607,62.31485367,12.00841713,29.3514061,12.03285408,55.23058701,12.03960323,28.6089859,12.06393719,62.22638702,12.07068825,19.3494606,12.09510422,75.31614685,12.10185432,15.63446617,12.22277164,71.08557892,12.2295208,25.19154167,12.19177055,57.24881744,12.19852066,28.41594696,12.16137505,54.17455292,12.16810417,26.56592369,12.13127041,72.98523712,12.13802052,26.76502609,12.25743675,71.24603271,12.26418781,33.26245499,12.28835487,54.34160995,12.29510403,28.11653519,12.31877041,54.15642166,12.32552052,22.77910042,12.34910393,82.76091766,12.35583305,22.77880859,
12.50166607,66.83078766,12.50841713,23.75059891,12.53370857,64.31742096,12.5404377,23.8717823,12.564188,73.87792969,12.57093716,23.22245789,12.59527111,71.00891113,12.60202122,9.481413841,12.72227097,72.85285187,12.72902107,28.27629089,12.69120789,64.92655945,12.69793701,23.50728226,12.66087532,63.51618576,12.66760445,30.73226166,12.63027,72.91910553,12.63702106,29.17222595,12.75854206,83.33946991,12.76527119,27.31298065,12.78952122,49.31605911,12.79627037,25.27590752,12.81977177,50.57685471,12.82652092,19.86901665,12.85154247,89.30632019,12.8582716,29.33789825,
13.00166607,73.90161896,13.00841713,21.06864929,13.03270912,67.00985718,13.03943825,24.50519562,13.06279182,65.13913727,13.06954098,28.15096855,13.09329128,64.45000458,13.10004139,13.14058781,13.22020912,76.08896637,13.22693825,23.70903969,13.1897707,70.6607132,13.19652081,26.23099518,13.15910435,55.96276855,13.1658535,24.83906364,13.12802124,98.70640564,13.13477039,31.27401733,13.25693798,78.89851379,13.26368713,31.2684803,13.28710461,48.63718033,13.29385376,27.89314651,13.31768799,51.37787247,13.32443714,24.73310089,13.3487711,93.92494202,13.35552025,26.97866631,
13.50166607,61.61677551,13.50841713,19.93297577,13.53179073,59.89817429,13.53854179,23.50017929,13.56310463,66.57002258,13.56985378,21.66973495,13.59320927,67.89318848,13.59993839,12.67691708,13.72187519,76.66385651,13.72860432,29.70612526,13.69068718,63.00859833,13.69743729,27.90461159,13.66027164,73.20197296,13.6670208,31.63440132,13.62977123,80.96378326,13.63652039,25.70821953,13.7564373,67.89099121,13.76318741,27.98586845,13.78645802,64.94787598,13.79320908,22.97314262,13.81760502,45.03280258,13.82435417,32.08437729,13.84843731,81.82386017,13.85518837,24.46972084,
14.00166607,59.38512802,14.00841713,15.87679768,14.03243732,67.11577606,14.03918743,18.30641174,14.06243801,64.27549744,14.06918716,21.83214951,14.09302044,71.49097443,14.0997715,11.23012066,14.22210407,79.28264618,14.22885418,24.46872139,14.19129086,69.98284149,14.19804192,31.9973011,14.15999985,57.33136368,14.16674995,23.19906998,14.12920856,83.05643463,14.13593769,34.18529129,14.25760365,75.2859726,14.26435471,28.06125832,14.28877068,59.2010498,14.29552078,24.56929207,14.31910419,51.09300232,14.3258543,22.382864,14.35035419,82.65356445,14.3571043,19.06237221,
14.50166607,72.6890564,14.50841713,24.10102844,14.53260422,63.23733902,14.53935432,21.18766403,14.56362534,65.57077026,14.57037449,24.06539345,14.59412575,59.68734741,14.60091686,9.152597427,14.72027111,69.32426453,14.72702122,26.62231636,14.69010448,77.57924652,14.69685459,28.58709908,14.65893745,50.28863144,14.66568661,27.25540161,14.62860394,82.3290329,14.635355,34.14351273,14.7564373,80.93939972,14.76318741,26.21940804,14.78710461,59.85166931,14.79385376,24.36058044,14.8173542,48.68889618,14.82410336,30.11523819,14.84762478,81.66893005,14.85437489,24.93496323,
15.00166607,68.93999481,15.00841713,28.54523277,15.03260422,67.04333496,15.03935432,22.44700432,15.06293774,74.89292145,15.06968784,23.74862099,15.09320927,71.05583191,15.09993839,9.726187706,15.2210207,79.61369324,15.22777081,29.08667183,15.19060421,72.17947388,15.19735432,32.79342651,15.16027164,55.8204155,15.1670208,36.353508,15.12927055,82.13791656,15.13602066,22.28332329,15.25727177,67.24528503,15.26402092,33.60964203,15.28710461,52.29942322,15.29385376,28.77762413,15.3184576,58.36616135,15.32520866,29.62813759,15.34885502,91.49849701,15.35560417,21.60571098,
15.50166607,61.78056335,15.50841713,20.35425949,15.53110409,61.50391006,15.53785419,23.97382355,15.56243801,77.49032593,15.56918716,30.28605461,15.59254169,71.85919952,15.59927082,13.10794258,15.720541,71.60426331,15.72727013,22.08587265,15.6902914,64.25154877,15.69704151,31.94769478,15.65929127,50.05451584,15.66604233,23.72408867,15.62860394,78.31526184,15.635355,26.56960869,15.75593758,69.50292206,15.76268673,24.19218445,15.78693771,59.85663223,15.79368782,30.73250198,15.81760502,46.72614288,15.82435417,23.76423454,15.84962463,74.31764984,15.85637474,24.11890221,
16.00166702,61.54910278,16.00841713,22.2027092,16.03127098,69.38944244,16.03802109,24.10230637,16.06160355,73.13926697,16.06835365,25.28200722,16.09276962,63.1276207,16.09952164,11.40346527,16.218853,76.53247833,16.22560501,25.77794266,16.18793678,63.82632446,16.1946888,24.50546646,16.15777016,62.25789261,16.16452217,26.34455109,16.12726974,87.10836792,16.13402176,29.38640022,16.25443649,78.69513702,16.26120758,18.60664749,16.28479195,51.28519058,16.29154205,25.22444344,16.31510353,47.12661362,16.32185555,25.5311718,16.34510422,93.49681854,16.35185432,22.17736816,
16.50166702,70.57003021,16.50841713,23.80013275,16.5326252,62.64545059,16.53937531,22.29454994,16.56343842,71.43202972,16.57018661,16.8493576,16.59377098,68.87909698,16.60052109,10.89295006,16.72104263,80.42453766,16.72777176,21.47974396,16.69027138,54.84016418,16.69701958,25.24923325,16.6599369,66.99066162,16.66668701,29.56907082,16.62943649,108.6715775,16.63618851,35.79288483,16.75710487,69.94729614,16.76387596,27.89275551,16.7884388,70.53540802,16.795187,29.08498764,16.81837463,44.62853622,16.8251667,28.10665703,16.84937477,79.41503906,16.8561039,18.01029205,
17.00166702,64.33784485,17.00841713,23.14417076,17.03254128,66.09241486,17.03929138,19.46316147,17.06287575,73.0917511,17.06960487,24.73069382,17.09326935,71.09065247,17.10001945,17.46477318,17.22060394,83.76309967,17.22735405,32.69491959,17.19062424,71.61562347,17.19737625,28.35198402,17.1599369,52.85980225,17.16668701,24.6289978,17.12910271,89.96076965,17.13585472,21.439188,17.25679207,63.24624252,17.26354218,22.2348423,17.28710365,66.41591644,17.29385376,28.07315063,17.31762505,44.28518295,17.32437515,25.66957283,17.3474369,100.6781998,17.35418701,22.77487183,
17.50166702,66.32974243,17.50841713,22.1151123,17.53362465,65.41524506,17.54037476,18.17224121,17.56345749,71.44250488,17.5702095,28.2471199,17.59404182,61.2414856,17.60077095,13.76875973,17.72029305,77.2015686,17.72704315,27.33579063,17.69020844,68.93762207,17.69693756,26.57597351,17.65860367,56.7434082,17.66535378,20.84440231,17.62804222,84.25,17.63477135,38.58237839,17.75468826,82.62944031,17.76143837,24.22873688,17.78527069,68.39459991,17.7920208,28.91735268,17.81560516,60.38551331,17.82235527,31.24191666,17.84593773,97.92904663,17.85268784,17.99456978,
18.00166702,80.0345993,18.00841713,22.5350399,18.03260422,62.77422714,18.03935432,21.24717712,18.0631237,75.68006897,18.06987572,20.88306236,18.09393692,76.17912292,18.10068703,12.29375267,18.22076988,77.400177,18.22751999,28.75531006,18.19110489,66.9977951,18.19785309,25.83677292,18.16010284,65.02848053,18.16685295,26.07157516,18.12877083,101.6427917,18.13552094,29.76786232,18.25679207,69.29811859,18.26358223,27.25841713,18.28743744,72.84928131,18.29418755,34.86938095,18.3181057,46.98446655,18.3248539,31.93779755,18.34843826,91.14134979,18.35518837,23.17156029,
18.50166702,70.39395905,18.50841713,20.94366074,18.53204155,61.54153442,18.53877068,22.2428875,18.56243706,74.97364044,18.56918716,25.25969315,18.59310532,85.98271179,18.59985352,7.38002634,18.72076988,66.28862762,18.72751999,25.24042892,18.6904583,68.36088562,18.6972084,29.83597183,18.66004181,57.28295135,18.66677094,27.2036972,18.62877083,86.46681213,18.63552094,29.69870567,18.75693703,72.22864532,18.76368904,26.86968231,18.78710365,55.16091537,18.79385376,29.55146599,18.81752205,51.53002548,18.82427216,30.60131645,18.8487072,97.44577789,18.85543823,24.94941139,
19.00166702,73.94277191,19.00841713,22.15385437,19.03337479,65.51590729,19.04010391,25.45281219,19.06277084,70.96073914,19.06952095,22.35068321,19.09402084,82.82807159,19.10077095,9.893634796,19.22054291,74.82684326,19.22727013,27.14382553,19.19043732,73.87944031,19.19718742,31.04218483,19.16012573,58.94605255,19.16687393,27.60494804,19.12887573,88.15898895,19.13560295,27.97052956,19.25710487,80.20513153,19.26385498,26.72551537,19.28777122,58.05127716,19.29452133,30.40948868,19.3181057,48.15760803,19.3248539,23.91290283,19.34843826,88.4821701,19.35518837,19.61369705,
19.50166702,69.22861481,19.50841713,26.02942848,19.53202057,70.58779144,19.53877068,24.40925407,19.56327057,74.98355103,19.57002068,23.11433983,19.59343719,69.19194794,19.6001873,13.35834026,19.72120857,83.69676208,19.7279377,29.39698792,19.69143677,59.26050186,19.69818687,27.07603836,19.6603756,61.19946289,19.66710472,22.29024315,19.62904167,89.0193634,19.6357708,29.82996941,19.75693703,72.64578247,19.76368904,27.35774803,19.78710365,58.59191513,19.79385376,25.29337883,19.81777191,59.52275848,19.82452011,23.57476997,19.84754181,99.84536743,19.85427094,21.64279747,
20.00166702,83.85786438,20.00841713,21.12216949,20.03177071,66.86639404,20.03852081,25.8822937,20.06168747,67.78442383,20.06843758,23.60430527,20.09285545,61.84719467,20.09960365,9.574234009,20.2204361,80.35509491,20.2271862,31.24414063,20.1903553,57.81784058,20.19710541,25.67371941,20.15887451,55.84934998,20.16560555,25.06466103,20.12877083,81.43492889,20.13552094,32.24291611,20.25610352,72.62627411,20.26285362,26.83257103,20.28677177,50.86506653,20.29351997,22.88960648,20.31670761,51.20273972,20.32343674,28.82461548,20.34720802,93.1289978,20.35393715,21.19129562,
20.50166702,73.56981659,20.50841713,21.33246231,20.5318737,62.50630951,20.53860474,22.1493721,20.56193924,66.3795929,20.56868744,26.20473862,20.5922718,62.63512421,20.59902191,8.642564774,20.72060394,76.94166565,20.72735405,26.57663727,20.69027138,63.5582962,20.69702148,24.78178787,20.65927124,60.62412643,20.66602135,24.76689148,20.62879181,89.80065918,20.63554001,30.42882156,20.75593758,70.40763855,20.76268768,34.23712921,20.78643799,59.14868164,20.7931881,22.89703751,20.81695747,58.9306488,20.82370758,31.52262497,20.8474369,96.72918701,20.85418701,25.85433197,
21.00166702,77.46062469,21.00841713,24.52075386,21.03170776,68.89512634,21.0384388,18.4420929,21.06226921,70.18252563,21.06902122,24.66420174,21.09270859,74.59325409,21.09943771,11.96274281,21.22087479,91.97478485,21.22760391,21.74422646,21.19020844,74.09659576,21.19693756,26.94661522,21.15895844,59.75114059,21.16570854,28.3813858,21.12910271,84.7636261,21.13585472,33.26066589,21.25626945,76.68502045,21.26302147,26.84875298,21.28710365,58.93647766,21.29385376,36.20851517,21.31770897,58.17772675,21.3244381,28.76579094,21.34812355,86.93492889,21.35487556,17.33663368,
21.50166702,63.486866,21.50841713,32.15865707,21.53277206,56.1067009,21.53952026,21.97896576,21.56287384,74.84764099,21.56960487,17.75023079,21.59387398,69.89718628,21.60060501,12.8849287,21.72060394,80.52178192,21.72735405,22.56324577,21.69010353,55.79204178,21.69685555,23.38113785,21.65868759,50.30474472,21.6654377,19.31956291,21.62837601,78.99777222,21.63510323,29.1123848,21.75668716,76.85852814,21.76343727,20.16796494,21.78693771,58.76253128,21.79368782,26.37386513,21.81754112,51.66051483,21.82427216,28.05021095,21.8482914,99.02733612,21.8550415,20.391716,
22.00166702,78.54439545,22.00841713,22.39968109,22.03285408,64.63359833,22.03958321,20.34505081,22.06293678,91.18143463,22.0696888,33.09432602,22.09393692,61.08765411,22.10068703,13.00504112,22.22220802,91.31406403,22.22893715,24.93883324,22.1907711,63.27215576,22.1975193,25.44392586,22.16004181,57.70541382,22.16677094,20.61389923,22.12920761,87.09902191,22.13593674,30.96498299,22.25777245,81.36439514,22.26452065,23.30871964,22.28810501,60.16716766,22.29485512,33.41593552,22.31860352,49.08538818,22.32535362,28.0645256,22.34910393,94.82685089,22.35585403,24.57629204,
22.50166702,71.73902893,22.50841713,21.07616234,22.53320885,70.29508972,22.53993797,27.62077713,22.56262398,81.46677399,22.56937408,20.14765358,22.59393692,74.03316498,22.60068703,8.974390984,22.72187424,73.08389282,22.72860527,26.50257874,22.69110489,62.69515991,22.69785309,32.92573929,22.66060448,56.81519699,22.66735458,22.17422295,22.6291256,91.55455017,22.63587379,28.46533012,22.75785255,73.60697174,22.76460457,30.08428001,22.7884388,55.83618164,22.7951889,27.2246418,22.8189373,53.81205368,22.82570839,27.27127457,22.84951973,95.92448425,22.85626984,23.87359619,
23.00166702,82.8657074,23.00841713,19.11618042,23.03143692,60.85987854,23.03818703,22.7425499,23.0618763,71.02915192,23.06860352,22.06206322,23.09260368,78.1701355,23.0993557,9.671060562,23.21826935,77.2594986,23.22501945,19.67777634,23.1877079,67.13179016,23.19443703,25.51469612,23.15754128,54.94519424,23.1642704,25.59159851,23.12710381,92.08435059,23.13385391,29.51816177,23.25477028,79.71015167,23.26152229,24.44719315,23.28510284,55.67883682,23.29185295,27.46043587,23.31543732,48.51968384,23.32218742,32.89012146,23.34570885,85.07671356,23.35243797,27.84665489,
23.50166702,73.94123077,23.50841713,17.1625309,23.53210449,93.3889389,23.5388546,22.35519218,23.56243706,72.03097534,23.56918716,22.67726135,23.59360313,58.84267044,23.60035324,11.07225418,23.72060394,75.9529953,23.72735405,36.59803009,23.69070816,58.54405212,23.69743729,21.667099,23.65960503,57.87036896,23.66635323,21.7289753,23.62960434,90.6513443,23.63635445,22.67425728,23.75635338,71.01547241,23.76310349,22.05735397,23.78679276,70.5803299,23.79354286,29.2088356,23.81760406,58.87096786,23.82435417,21.90015221,23.84712601,94.18697357,23.85387611,18.63789368,
24.00166702,59.56500244,24.00841713,23.20110512,24.03202057,71.44832611,24.03877068,18.30228043,24.0622921,64.65820313,24.06908417,24.63867378,24.09260368,76.13387299,24.0993557,13.43190193,24.21877098,83.01158142,24.22552109,29.67903519,24.18843842,74.8842392,24.19518852,18.82000351,24.15820885,58.54016113,24.16493797,27.87194443,24.12726974,83.53054047,24.13402176,24.55950356,24.25343895,82.62580109,24.26018715,29.11776924,24.2841053,51.00001526,24.29085541,24.21474075,24.31410408,49.11758423,24.32085419,22.1673069,24.34443855,103.4279861,24.35118866,21.41536522,
24.50166702,70.80509186,24.50841713,21.05651665,24.53193855,63.69859695,24.53868866,16.27289963,24.56243706,67.72497559,24.56918716,29.94975662,24.59360313,63.46722031,24.60035324,10.45943356,24.71879005,84.89469147,24.72554207,25.80842781,24.68860435,60.89559555,24.69535255,20.62651825,24.65760422,56.04273224,24.66435432,22.15702248,24.62701988,85.26347351,24.63376999,28.38830185,24.75277138,82.50917816,24.75952148,34.8314743,24.78326988,50.92883682,24.79001999,19.60216904,24.8137722,42.05008698,24.8205204,19.62257385,24.84454155,86.50183105,24.85127068,15.98574448,
25.00166702,77.47077179,25.00841713,26.79820251,25.03304291,70.10782623,25.03977013,22.46834183,25.06337547,76.99075317,25.0701046,19.83896637,25.09393692,67.04857635,25.10068703,15.83868599,25.22127151,83.96474457,25.22802162,25.53335571,25.19110489,70.40097046,25.19785309,26.87442398,25.15962601,59.15977478,25.16637611,29.34409523,25.12987518,92.07381439,25.13660431,29.65367699,25.25720787,79.57440186,25.2639389,22.97385025,25.2876873,55.59361649,25.29443741,21.80829811,25.31804276,49.61566162,25.32476997,32.03973007,25.3482914,97.64498138,25.3550415,18.55959511,
25.50166702,65.22472382,25.50841713,22.00827026,25.53143692,63.25107956,25.53818703,25.92938995,25.56204224,58.62758255,25.56876945,26.28445244,25.59260368,57.34704208,25.5993557,21.17849922,25.71945763,75.85051727,25.72620773,21.18597031,25.68777084,60.88005066,25.69452095,24.25219345,25.65760422,64.75030518,25.66435432,24.21029282,25.62729073,83.95295715,25.63404083,21.14999199,25.75310516,72.64039612,25.75985527,22.06233978,25.78337479,59.85508728,25.79010391,24.76360321,25.81393814,51.06136703,25.82068634,25.23395538,25.84443855,101.6086502,25.85118866,26.01636124,
26.00166702,75.23433685,26.00841713,18.77194977,26.03279305,64.66469574,26.03954315,19.4420433,26.06293678,72.52353668,26.0696888,23.03640556,26.09427071,77.99782562,26.10102081,11.64468098,26.22076988,75.94603729,26.22751999,18.6196022,26.19110489,61.76394272,26.19785309,22.19988441,26.16010284,69.13450623,26.16685295,22.70190239,26.12960434,73.2629776,26.13635445,26.32027054,26.25695801,75.88175201,26.26370811,23.06640244,26.28743744,75.42663574,26.29418755,24.32194519,26.31777191,50.16093445,26.32452011,25.46608543,26.34810448,87.44329834,26.35485458,22.05496597,
26.50166702,70.26643372,26.50841713,17.11439896,26.5329361,66.90149689,26.5396862,20.0304451,26.56354141,68.640625,26.57027245,18.47239113,26.59326935,83.26022339,26.60001945,11.38169289,26.72076988,83.17007446,26.72751999,25.6403656,26.69010353,65.17082977,26.69685555,18.6760025,26.6595211,67.88910675,26.6662693,23.14689064,26.62904167,94.74716187,26.63579178,30.77459717,26.75693703,85.57138824,26.76368904,22.93527794,26.7873764,60.6688385,26.79410362,24.4544239,26.81737518,55.40990067,26.82410431,19.40618134,26.84862518,107.574646,26.85537529,24.43108177,
27.00166702,67.34790802,27.00841713,20.84720421,27.0329361,57.00587845,27.0396862,21.93963623,27.06337547,63.51168442,27.0701046,22.6686821,27.09410477,66.77129364,27.10085487,7.956780434,27.2209568,84.40200043,27.22770882,20.40763855,27.19043732,69.34297943,27.19718742,28.7258873,27.16012573,64.46460724,27.16687393,17.96759605,27.12943649,88.41402435,27.13618851,30.7422142,27.25670815,81.78392792,27.26343727,22.17848396,27.28652191,57.06209564,27.29327011,24.93941879,27.31787491,56.90215302,27.32460403,21.91631699,27.34820747,97.97416687,27.35493851,19.63995361,
27.50166702,64.51654053,27.50841713,22.17241096,27.53210449,80.2828064,27.5388546,22.55992889,27.56204224,64.18247986,27.56876945,13.45225143,27.59245872,58.87253189,27.59920883,11.91482162,27.72076988,91.66635895,27.72751999,26.98033142,27.68987465,65.37232971,27.69660378,23.35507774,27.66043663,62.86994934,27.66718674,23.23814774,27.62870979,102.7603683,27.63543701,23.69612694,27.75735474,72.72066498,27.76410294,18.54751968,27.78760338,61.61349869,27.79435349,26.05838394,27.81754112,48.10410309,27.82427216,19.5906601,27.84887505,91.80075073,27.85560417,20.32370186,
28.00166702,71.87709045,28.00841713,21.79826164,28.03393745,72.50782776,28.04068756,21.12198448,28.06437492,78.24436951,28.07110405,22.45117569,28.09470749,73.58152771,28.10143852,6.067138195,28.22227097,87.08563232,28.22902107,19.62116051,28.19210434,67.09294891,28.19885445,19.60301208,28.16129112,62.41617203,28.16804123,29.94380379,28.13054276,91.23638916,28.13726997,30.19450378,28.25768852,73.62451935,28.26443672,22.74139023,28.28829193,54.94952774,28.29504204,23.53414917,28.3189373,48.25069427,28.32568741,20.32535553,28.34893799,89.74746704,28.3556881,20.08874702,
28.50166702,69.07224274,28.50841713,22.92255974,28.53204155,66.70815277,28.53877068,24.27643585,28.56279182,69.75274658,28.56954193,24.61451912,28.59410477,69.98999786,28.60085487,11.91167164,28.71987534,84.16651917,28.72660255,28.31430244,28.68935394,71.94165039,28.69608307,25.68719101,28.65870857,63.67453003,28.6654377,20.80724907,28.62877083,77.53665924,28.63552094,27.57738113,28.75554276,78.65496063,28.76226997,23.96189308,28.78645897,65.94249725,28.79320908,18.65749931,28.81754112,60.21849823,28.82427216,21.40950012,28.84795761,91.44889069,28.85470772,21.75373268,
29.00166702,79.10225677,29.00841713,20.80522919,29.03287506,78.22203064,29.03960419,27.24616432,29.06368828,77.32756805,29.07043648,20.00440979,29.09393692,75.84161377,29.10068703,7.410189152,29.22166824,84.53588104,29.22841644,24.79082298,29.19087601,71.09309387,29.19760323,25.05651283,29.16010284,64.56291199,29.16685295,27.71592522,29.12962532,87.10743713,29.13637543,23.18278313,29.25712395,93.0684967,29.26387596,26.46325493,29.2877903,62.49832916,29.29454231,18.20689201,29.31927109,46.94913483,29.32602119,30.39671516,29.34976959,83.5990448,29.3565197,21.8797493,
29.50166702,75.10436249,29.50841713,21.16690445,29.53160477,69.8068924,29.53835487,16.82491493,29.56277084,82.43727875,29.56952095,20.99429512,29.59326935,73.45030212,29.60001945,12.74524689,29.72004128,81.3032074,29.7267704,25.53400993,29.68945885,59.44060135,29.69620705,21.45448494,29.65887451,59.39148712,29.66560555,25.6128788,29.62854195,88.2003479,29.63527107,25.6064682,29.7564373,80.65950775,29.76318741,29.76500702,29.78670883,49.458004,29.79343605,21.00512505,29.81752205,53.14136887,29.82427216,23.35914612,29.8486042,87.59803772,29.85535431,24.68057251,
30.00166702,72.2758255,30.00841713,15.63153744,30.03277206,60.17391968,30.03952026,23.73582268,30.06343842,70.778862,30.07018852,28.17968559,30.09329224,72.32229614,30.10004044,11.38742447,30.2224369,84.47918701,30.22918701,25.41938782,30.19177055,64.51296234,30.19852066,22.51822853,30.16029167,63.45316696,30.16704178,19.88973808,30.12993813,95.03253174,30.13668823,22.96787071,30.25793648,69.1950531,30.26470757,23.64806175,30.2884388,67.76667023,30.2951889,28.38687134,30.31876945,46.04197311,30.32552147,28.93807983,30.34910393,87.69179535,30.35585403,23.14065933,
30.50166702,72.20520782,30.50841713,19.02999687,30.53127098,62.6516571,30.53802109,19.76748466,30.56210327,72.96041107,30.56885338,23.38201904,30.59254074,69.61463165,30.59927177,8.89922905,30.71793747,79.04456329,30.72468758,28.80485153,30.68777084,65.80899811,30.69452095,26.96565437,30.65727043,64.30406189,30.66402245,28.22460175,30.62677002,93.08033752,30.63352013,28.24480438,30.75262451,75.73396301,30.75937462,24.75376892,30.78277206,63.24983215,30.78952026,27.94704247,30.81335449,48.65313339,30.8201046,25.4798336,30.84452057,91.84169006,30.85127068,18.69404221,
31.00166702,79.73959351,31.00841713,17.19493103,31.03162384,61.47335815,31.03837395,18.4082756,31.06226921,77.82689667,31.06902122,24.26788902,31.09337616,81.79229736,31.10010338,10.51144695,31.22076988,65.75595093,31.22751999,20.52040291,31.1904583,62.29129028,31.1972084,21.95599174,31.15970802,67.09716797,31.16643715,24.228302,31.12960434,90.33397675,31.13637543,30.33682823,31.2564373,73.83861542,31.26318741,24.58873749,31.28693771,58.55827332,31.29368782,20.962183,31.31793785,49.88399124,31.32468605,26.12531853,31.34827042,86.51170349,31.35502052,25.13317299,
31.50166702,72.88737488,31.50841713,20.72107506,31.53204155,63.89983749,31.53877068,24.0935173,31.5622921,72.14834595,31.5690403,18.69614601,31.59260368,69.26843262,31.5993557,13.04782581,31.72120857,75.83158112,31.7279377,22.41498566,31.69087601,78.31577301,31.69760323,20.50360107,31.65970802,57.92947006,31.66646004,24.65959358,31.62927055,81.92345428,31.63602066,35.19783783,31.75693703,72.33522034,31.76368904,23.57267952,31.78777122,65.56404114,31.79452133,25.76501465,31.81876945,51.27944565,31.82552147,33.60584641,31.84904099,87.92043304,31.85577011,16.68961906,
32.00166702,79.05008698,32.00841522,21.03745079,32.03252029,59.57255173,32.03926849,14.42267227,32.06377029,68.9559021,32.07051849,21.2587719,32.09410477,72.02612305,32.10085297,14.00768757,32.22204208,85.83117676,32.22877121,23.63743401,32.19193649,63.20290375,32.19870758,18.09252739,32.16093826,61.08283997,32.16768646,27.21001625,32.13029099,78.1236496,32.137043,27.63087082,32.25760651,76.4704361,32.26435471,20.02106285,32.28843689,61.4029541,32.2951889,24.39512253,32.31804276,51.7981987,32.32477188,26.66075897,32.34860611,95.90641785,32.35535431,24.45312119,
32.50166702,77.85283661,32.50841522,21.41227722,32.53354263,72.54321289,32.54027176,19.49812889,32.56393814,77.32666779,32.57068634,20.76540756,32.59429169,62.70209122,32.60103989,8.684863091,32.72187424,83.24871826,32.72860336,23.32176971,32.69143677,77.38832855,32.69818878,23.68556404,32.66010284,54.30541992,32.66685486,21.88841248,32.63029099,92.06783295,32.637043,28.10877228,32.75585175,75.45116425,32.76260376,23.12618637,32.78693771,61.99692535,32.79368591,29.73770332,32.81743622,61.10473251,32.82418823,32.41678619,32.84793854,94.75637054,32.85468674,21.80685234,
33.00166702,70.5607605,33.00841522,17.58122635,33.03270721,69.43045044,33.03943634,16.43409157,33.06393814,80.65463257,33.07068634,27.51158333,33.09370804,76.76181793,33.10043716,14.80409241,33.22110367,89.19132233,33.22785568,24.98694801,33.19093704,64.52602386,33.19768524,19.66694641,33.16085434,57.42589188,33.16760635,24.26086235,33.13010406,74.40858459,33.13685608,26.81728172,33.25728989,90.35510254,33.2640419,23.33788109,33.28726959,69.04201508,33.29402161,19.90951347,33.31827164,46.47615051,33.32501984,28.33613014,33.34877014,96.33961487,33.35552216,23.70381546,
33.50166702,76.10022736,33.50841522,18.60529137,33.53143692,65.30979156,33.53818893,18.93777847,33.56193924,66.72239685,33.56868744,17.95160866,33.59245682,75.57424927,33.59920883,8.036752701,33.72012711,80.68096161,33.72687531,26.46430016,33.68976974,72.96084595,33.69652176,29.34876633,33.65893936,62.4787178,33.66568756,21.68169022,33.62893677,88.17321777,33.63568878,30.09722137,33.75343704,70.30290985,33.76018524,20.9108448,33.78410339,67.20662689,33.79085541,18.9798336,33.81443787,77.67738342,33.82118607,25.54136467,33.8454361,94.2399292,33.85218811,21.70253754,
34.00166702,70.12742615,34.00841522,19.45627594,34.03287506,71.99645996,34.03960419,25.7023468,34.06412506,71.24201202,34.07087326,17.77415276,34.09437561,81.06381989,34.10112381,15.47272968,34.22170639,95.78562164,34.2284584,32.10230637,34.19135284,63.17113495,34.19810486,17.6452198,34.16054153,63.62808609,34.16727066,23.64105225,34.13077164,84.57136536,34.13751984,24.30529022,34.25827408,87.70489502,34.26502228,24.21427155,34.28804016,58.14271927,34.2947731,22.06660843,34.31912613,52.55765152,34.32587433,27.19214821,34.34943771,90.03757477,34.35618973,24.56619263,
34.50166702,63.38947296,34.50841522,24.64446831,34.53310394,59.8139801,34.53985596,27.14349365,34.56370926,74.99424744,34.57043839,16.77972984,34.59412384,68.25016022,34.60087585,6.555265427,34.72337723,85.73403168,34.73010254,24.38869476,34.69202042,63.10592651,34.69877243,25.32310486,34.66170502,63.41145325,34.66843796,23.23923874,34.63143539,83.68653107,34.63818741,28.46169281,34.75843811,72.44403839,34.76518631,23.54140091,34.78843689,48.68372726,34.79518509,19.99580765,34.81893539,50.05970383,34.82570648,20.90988922,34.85010529,98.19610596,34.85685349,23.41552544,
35.00166702,83.00849915,35.00841522,15.90806961,35.03287506,68.94077301,35.03960419,12.17779636,35.06329346,66.50171661,35.07004166,18.53912163,35.09421158,82.13562775,35.10093689,10.29542828,35.22060394,98.60625458,35.22735596,26.93985367,35.19026947,67.95079803,35.19702148,17.92683029,35.16027069,65.60957336,35.16701889,20.73205757,35.12910461,86.98394775,35.13585663,33.27146912,35.25444031,84.13919067,35.26118469,21.39791107,35.28554153,62.79645157,35.29227066,24.62361336,35.31587219,44.12197113,35.32260513,31.27437401,35.34637451,88.29947662,35.35310364,22.06016159,
35.50166702,76.9901886,35.50841522,21.93679237,35.53293991,61.2026825,35.53968811,19.69026184,35.56304169,63.50183487,35.56977081,19.60631561,35.59393692,74.33192444,35.60068893,5.781886101,35.72053909,78.38962555,35.72727203,24.61358643,35.68976974,67.01830292,35.69652176,27.44793701,35.65954208,69.4982605,35.66627121,30.67212486,35.62793732,100.9182434,35.63468933,31.57100487,35.75453949,67.64406586,35.76127243,21.87765884,35.78570938,58.94193649,35.79243469,21.2904911,35.81612396,61.18415451,35.82287598,27.60851288,35.84660339,97.08099365,35.85335159,19.82872391,
36.00166702,70.68847656,36.00841522,24.25574875,36.03277206,57.89992523,36.03952408,21.46993065,36.06279373,76.77404785,36.06954193,23.08994102,36.09410477,63.17791367,36.10085297,13.18425179,36.22210312,89.59644318,36.22885513,24.79056168,36.19137192,72.2627182,36.19810486,28.442873,36.16078949,60.09771729,36.1675415,23.35882378,36.1302681,88.09352875,36.13702011,27.39361954,36.25793839,80.61963654,36.2646904,28.69085312,36.28853989,56.34537888,36.29527283,23.32165146,36.31893539,49.42720413,36.32568741,23.07616806,36.34935379,97.93028259,36.35610199,13.44870186,
36.50166702,73.10018921,36.50841522,19.3517952,36.53260422,59.81241989,36.53935623,22.95779419,36.56310272,73.33768463,36.56985092,20.60794067,36.59362411,79.23574829,36.60037613,8.818040848,36.722435,85.77809906,36.72918701,19.81701469,36.69110489,87.14454651,36.6978569,21.21512794,36.66054153,58.48768234,36.66727066,32.60979843,36.62987518,80.12820435,36.63660431,26.44842529,36.75810623,89.27867126,36.76485443,17.60901642,36.78860092,71.66334534,36.79535294,20.3862915,36.81877136,54.68286133,36.82551956,27.96488571,36.85037613,91.43850708,36.85710526,24.57124329,
37.00166702,64.11690521,37.00841522,19.52146339,37.03293991,60.95879745,37.03968811,21.58624649,37.06360245,60.8076973,37.07035446,15.69100857,37.09362411,76.56469727,37.10037613,6.440804482,37.22120667,80.5989151,37.22793961,16.33752632,37.19093704,60.97625732,37.19768906,25.29713821,37.1603775,68.02442932,37.16710663,20.78148079,37.13010406,89.56127167,37.13685226,20.32987213,37.2568779,80.15257263,37.26360321,23.34985161,37.28794098,63.5451088,37.29468536,22.28351974,37.31827164,57.08471298,37.32501984,26.4422493,37.34877014,99.22154999,37.35552216,23.34411621,
37.50166702,64.74294281,37.50841522,22.2491188,37.53212357,65.54844666,37.53887558,22.4642868,37.56210709,66.94045258,37.56885529,21.3567028,37.59285355,69.27437592,37.59960556,8.373970032,37.72070694,88.68807983,37.72743607,26.22750854,37.69020844,69.81028748,37.69693756,16.76804352,37.66010284,57.81078339,37.66685486,23.22673607,37.62918854,85.1865387,37.63593674,27.98565292,37.75727081,87.75057983,37.76402283,20.75746155,37.78760529,66.46192932,37.79435349,15.83232212,37.81737518,61.73060989,37.82410431,26.25523376,37.84851837,95.84246063,37.85527039,17.88406563,
38.00166702,71.97441101,38.00841522,28.45871925,38.03245926,69.75504303,38.03920746,17.9050808,38.0634346,67.89855957,38.07018661,28.2609539,38.09393692,82.5643692,38.10068893,6.161707401,38.22002029,83.69271088,38.22676849,21.06741714,38.18927002,67.36074829,38.19602203,26.7719574,38.15910339,58.39388657,38.16585159,25.80428123,38.12870789,70.9574585,38.13543701,32.87748718,38.2559166,82.06782532,38.26266861,25.47223473,38.28595734,68.18995667,38.29270935,30.15311813,38.31652069,52.53179932,38.32326889,23.45944023,38.34679413,104.6971436,38.35353851,19.67627716,
38.50166702,78.50244904,38.50841522,18.78054428,38.53210449,71.86275482,38.53885651,19.80884361,38.56260681,76.56841278,38.5693512,25.26090622,38.59337616,63.3301506,38.60010529,8.182702065,38.72062683,89.52980804,38.72737503,24.19820023,38.69026947,65.30011749,38.69702148,30.05494881,38.66020966,64.01088715,38.66693878,30.50380325,38.62887192,83.38644409,38.63560486,23.69330025,38.75677109,68.639534,38.7635231,23.67237854,38.78710556,70.51412201,38.79385757,29.56515121,38.81760406,53.32901764,38.82435226,27.95202637,38.84793854,92.80315399,38.85468674,20.7623024,
39.00166702,79.1018219,39.00841522,22.33406258,39.03260422,73.98255157,39.03935623,18.50894547,39.06302261,73.7069397,39.06977081,18.16670418,39.09410477,74.41679382,39.10085297,8.848794937,39.22077179,81.60562134,39.2275238,21.5269146,39.19026947,67.25119019,39.19702148,26.48026276,39.15977097,64.40690613,39.16651917,27.16547394,39.12944031,89.14389038,39.13618469,24.43535423,39.25643539,77.92837524,39.26318741,23.6108799,39.28627014,73.81402588,39.29302216,27.92477608,39.31577301,46.35708618,39.32252121,22.71865273,39.34643555,94.17041016,39.35318756,21.75217628,
39.50166702,73.82052612,39.50841522,20.48925591,39.53360748,77.91677094,39.54035187,24.5266552,39.56393814,67.56533813,39.57068634,25.23330116,39.59387589,69.84350586,39.6006012,11.331007,39.72210312,90.63857269,39.72885513,19.35138321,39.69110489,63.89663315,39.6978569,21.08956528,39.66070938,60.74453354,39.66743469,24.07786179,39.63012695,72.29061127,39.63687515,33.67390442,39.75760651,91.95142365,39.76435471,19.19691849,39.78794098,64.74929047,39.79468536,21.88207626,39.81793594,53.98245621,39.82468796,26.23427963,39.84843826,107.9103928,39.85520935,19.33229446,
40.00166702,69.74453735,40.00841522,18.17498016,40.03160477,63.98572922,40.03835297,16.26506805,40.06143951,75.07983398,40.06818771,18.15737152,40.09193802,70.9935379,40.09868622,9.273454666,40.22010422,78.37018585,40.22685623,21.43544388,40.18987656,61.3259964,40.19660187,17.79878044,40.15937424,59.77962112,40.16610336,25.7152977,40.12843704,93.80464172,40.13518906,23.58935165,40.25662613,90.33517456,40.26337433,20.35783386,40.28693771,61.96193314,40.29368973,19.19390678,40.3177681,49.52923203,40.32452011,26.68612289,40.34770966,99.17302704,40.35443878,24.95263672,
40.50166702,69.93781281,40.50841522,18.66211128,40.5321846,57.49054718,40.53893661,12.41210651,40.56293869,80.74251556,40.56968689,18.9813118,40.59360504,69.76806641,40.60035324,10.14173508,40.72077179,96.14724731,40.7275238,23.88651276,40.6900444,70.86534882,40.69676971,21.24697304,40.66043854,64.25169373,40.66718674,18.47525978,40.62979507,98.31804657,40.63653946,26.471241,40.75551987,80.0239563,40.76227188,19.73434067,40.78560257,58.7673378,40.79235458,19.3434639,40.81579208,49.62812805,40.8225441,22.39688683,40.84704208,100.0125046,40.85377121,24.19256783,
41.00166702,74.36508942,41.00841522,17.81121254,41.03237152,65.19397736,41.03910446,17.73139191,41.06227112,68.6658783,41.06902313,20.8155632,41.09360504,79.61333466,41.10035324,9.293100357,41.22020721,82.83866882,41.22693634,23.34731102,41.18976974,74.77178955,41.19652176,28.20947838,41.15943527,59.34069061,41.16618729,30.67627525,41.1291275,89.96104431,41.1358757,28.95200348,41.25610352,93.8532486,41.26285553,18.77503014,41.28737259,55.0303688,41.29410553,29.65438461,41.3177681,54.66306305,41.32452011,25.54606438,41.34804153,101.9546051,41.35477066,21.74466896,
41.50166702,80.4760437,41.50841522,18.69734001,41.53135681,71.2898407,41.5381012,17.9827404,41.56195831,75.92198944,41.56871033,21.08112907,41.59154129,68.40317535,41.59827042,7.788339138,41.71910477,78.46617889,41.72585297,18.99467278,41.68885422,70.36273956,41.69560623,22.46533585,41.65810394,66.26821899,41.66485596,17.18681145,41.62776947,91.31706238,41.63452148,28.27587891,41.75529099,87.02407074,41.76203918,17.73590279,41.78560257,70.98445129,41.79237366,26.39573479,41.81620789,57.1281662,41.82293701,28.97464561,41.84679413,97.14193726,41.85353851,24.67635155,
42.00166702,72.54302979,42.00841522,23.12916756,42.03120804,61.99440384,42.03794098,17.42243385,42.06195831,84.67980957,42.06871033,25.39883232,42.09229279,70.82962799,42.09904099,7.975727081,42.21804047,75.9283905,42.22477341,21.77525139,42.18720627,59.65338516,42.19393539,25.92821312,42.15693665,70.16770172,42.16368866,22.99464417,42.12645721,96.89306641,42.13320541,31.08294868,42.25444031,76.91039276,42.26118469,19.88837242,42.28528976,62.4899292,42.29204178,16.24162292,42.31560516,61.54376221,42.32235336,27.5100441,42.34610748,94.53832245,42.35285187,19.22742271,
42.50166702,81.16436768,42.50841522,20.42383003,42.53160477,68.94178009,42.53835297,18.35256195,42.56203842,78.17274475,42.56879044,18.81177902,42.59328842,68.13523102,42.60004044,5.859762192,42.71993637,88.60249329,42.72668839,18.6377449,42.68927002,68.94648743,42.69602203,25.10739326,42.65777206,74.04570007,42.66452408,26.61601639,42.62785339,96.4942627,42.63460159,31.31966209,42.7552681,82.46966553,42.76202011,22.25300598,42.78645706,64.13870239,42.79320908,20.297966,42.81726837,60.20680618,42.82402039,26.23406601,42.84754181,101.9480743,42.85427094,18.5844593,
43.00166702,80.40158081,43.00841522,16.80216789,43.03210449,65.94421387,43.03885651,15.71742821,43.06227112,78.14735413,43.06902313,19.44155884,43.09210587,75.55110168,43.09885406,8.574192047,43.21787643,87.4517746,43.22460556,23.57025909,43.18693924,75.53782654,43.19368744,30.84059906,43.15685272,70.0587616,43.16360092,25.52393341,43.12654114,98.90177917,43.13327408,22.44435883,43.25310516,78.47444153,43.25985336,22.66185188,43.28426743,55.83041382,43.29101944,25.89326668,43.31443787,52.61475372,43.32118607,22.36086845,43.34454346,100.1978531,43.35126877,19.2074604,
43.50166702,80.34989166,43.50841522,20.50477219,43.53193665,64.08217621,43.53868866,18.29753494,43.56220627,72.77835083,43.56893539,19.22905731,43.59212494,71.13186646,43.59887695,15.03657341,43.71893692,85.69512177,43.72568893,26.98706627,43.68862152,73.41313171,43.69537354,12.17389011,43.65818787,73.30519867,43.66493607,26.57906532,43.62743759,95.50365448,43.63418961,31.40350723,43.75377274,73.62509155,43.76052094,18.20965385,43.78360748,67.35014343,43.79035187,22.6246109,43.81443787,57.61179352,43.82118607,30.23530769,43.84485245,102.6541901,43.85160446,16.32316971,
44.00166702,72.55441284,44.00841522,18.52793503,44.03243637,69.28461456,44.03918839,17.76024818,44.06260681,72.40311432,44.0693512,20.37663841,44.09379196,73.72781372,44.10058212,9.339323997,44.2197113,86.91902924,44.22643661,22.15731049,44.18927002,66.25537109,44.19602203,25.10174751,44.15860748,55.98708344,44.16535187,27.90411758,44.12745667,91.8976593,44.13420868,24.73874092,44.25593567,78.51003265,44.26268768,21.45288277,44.28662491,70.81006622,44.29337692,26.95931816,44.31779099,52.03813934,44.32453918,26.02704811,44.34860611,97.08310699,44.35535431,17.56907845,
44.50166702,74.54718781,44.50841522,23.84079361,44.53293991,61.45559692,44.53968811,21.14270401,44.56327057,71.30496979,44.57001877,20.46417809,44.59393692,76.56642151,44.60068893,9.321314812,44.72027206,76.75676727,44.72702408,27.09908485,44.68968964,80.34690094,44.69643402,21.37844276,44.65926743,68.83846283,44.66601944,22.97764015,44.62827301,89.62665558,44.63502121,35.84915161,44.75562286,98.06497192,44.76237488,20.57618332,44.78710556,67.22648621,44.79385757,20.45377541,44.81694031,62.21131897,44.82368469,24.08463478,44.84762192,97.65590668,44.85437393,23.41731262,
45.00166702,65.78079987,45.00841522,16.88258743,45.03293991,62.91329956,45.03968811,21.67780113,45.06320953,76.59461975,45.06993866,18.73351669,45.09343719,82.70081329,45.10018539,9.394968987,45.22104263,83.66973114,45.22777176,23.83966637,45.19054413,70.12378693,45.19728851,18.83165359,45.16060257,68.49416351,45.16735458,22.25436783,45.12995911,82.43374634,45.13670731,33.67187881,45.25710297,73.62689209,45.26385498,26.32874107,45.28794098,64.44687653,45.29468536,26.06003761,45.31827164,56.92307663,45.32501984,24.70576668,45.34910583,97.43939209,45.35585403,15.46693993,
45.50166702,83.443367,45.50841522,21.17103577,45.53193665,69.50114441,45.53868866,16.76020241,45.56227112,74.89546204,45.56902313,16.18823433,45.59287643,83.92077637,45.59960556,11.45449829,45.72027206,85.27010345,45.72702408,23.94624138,45.69010544,73.55205536,45.69685364,18.20708656,45.65962219,61.69897079,45.66637421,18.39929771,45.62910461,82.98501587,45.63585663,26.85074234,45.75604248,79.57499695,45.76279449,21.23714447,45.78693771,73.37654114,45.79368973,19.75340462,45.81726837,51.73871613,45.82402039,24.9180336,45.84752274,97.96327972,45.85427094,23.02423668,
46.00166702,62.93852615,46.00841522,16.35232925,46.03293991,62.10693741,46.03968811,20.16796112,46.0634346,64.68247223,46.07018661,17.31229401,46.09360504,75.46308899,46.10035324,8.858978271,46.22110748,88.05227661,46.22785187,27.81531143,46.19127274,76.44033813,46.19802094,28.05132484,46.16060257,73.5976181,46.16735458,31.73507309,46.13012695,92.24071503,46.13687515,26.18464661,46.25693893,81.7497406,46.26368713,16.45667839,46.28752136,54.33336258,46.29426956,24.01754951,46.31726837,58.25676727,46.32402039,26.61499405,46.34762192,110.2990265,46.35437393,17.17767715,
46.50166702,77.11231995,46.50841522,17.19630814,46.53129196,85.26815033,46.53804016,22.75488472,46.56227112,70.28620148,46.56902313,24.01547813,46.59320831,75.00968933,46.59993744,7.585662365,46.72127151,86.44993591,46.72801971,21.6980648,46.69020844,64.22602844,46.69693756,20.0978775,46.65960312,63.07201767,46.66635513,22.40097618,46.62910461,82.36508179,46.63585663,26.76667404,46.75660324,85.58687592,46.76335526,24.77511787,46.78712463,59.48833847,46.79387665,17.91797256,46.8177681,55.48641586,46.82452011,26.82932854,46.84827042,88.31204224,46.85502243,19.76907349,
47.00166702,70.55461884,47.00841522,19.33916092,47.03160477,56.16993332,47.03835297,18.09283066,47.06203842,72.04354858,47.06877136,21.75572586,47.09252167,70.27838135,47.09926987,9.578779221,47.21993637,86.64287567,47.22668839,20.78442001,47.18935394,64.11398315,47.19610596,21.58897781,47.15904236,72.52513885,47.16577148,24.97546005,47.12843704,86.36235809,47.13518906,28.74610901,47.25354004,85.0687027,47.26026917,21.59240913,47.284935,66.70948792,47.29168701,27.44097137,47.31479263,62.34725189,47.32154083,25.01142502,47.34610748,101.9299622,47.35285187,23.95846176,
47.50166702,77.78229523,47.50841522,19.86541939,47.53210449,65.81339264,47.53885651,21.61090469,47.56237411,67.05043793,47.56912613,22.87220001,47.59326935,74.93434906,47.60002136,7.356287956,47.72077179,88.55190277,47.7275238,23.53970146,47.69060516,70.22060394,47.69735336,27.2730751,47.66010284,63.40504456,47.66685486,24.20559502,47.62910461,93.96311951,47.63585663,25.45903969,47.75510406,78.41828918,47.76185226,16.73861313,47.78527069,64.28652191,47.79201889,20.23331451,47.81526947,57.3556633,47.82202148,28.75219917,47.84643555,90.95963287,47.85318756,13.11374283,
48.00166702,83.46363831,48.00841522,24.54715538,48.03193665,75.5532074,48.03868866,15.68093491,48.06203842,70.69856262,48.06877136,20.7363205,48.09243393,71.26491547,48.09918594,7.624529839,48.22027206,86.5568161,48.22702408,20.47966576,48.19020844,73.09802246,48.19693756,21.45381737,48.15926743,66.06336212,48.16601944,21.06684875,48.12894058,84.04307556,48.13568878,32.5647583,48.2568512,80.17756653,48.26360321,18.60781479,48.28853989,66.18906403,48.29527283,19.25961113,48.31960297,48.82899094,48.32635498,31.64938164,48.34943771,91.70185852,48.35618973,26.15983963,
48.50166702,75.70713043,48.50841522,16.75190163,48.53293991,74.5195694,48.53968811,23.12444878,48.56404114,72.34570313,48.57077408,22.8333683,48.59387589,72.52687836,48.6006012,8.05069828,48.72093964,93.62895203,48.72768402,12.00198078,48.69110489,61.35384369,48.6978569,19.45326614,48.66069031,60.39924622,48.66743469,21.93678284,48.63004303,95.03299713,48.63677216,20.41048431,48.75777054,91.84007263,48.76452255,23.38623428,48.78777313,64.06996155,48.79451752,24.25047874,48.81827164,55.53702164,48.82501984,28.72488785,48.84860611,104.9385834,48.85535431,22.02626419,
49.00166702,71.2827301,49.00841522,20.29042816,49.03310394,51.31036758,49.03985596,16.03661346,49.06410217,72.34712982,49.07085419,26.78491783,49.09404373,67.67294312,49.10076904,8.476517677,49.22193527,88.2559433,49.22868729,21.14719772,49.19144058,67.2236557,49.19818878,23.39856339,49.16069031,72.65555573,49.16743469,18.83648872,49.13077164,103.2962112,49.13751984,22.20767593,49.25768661,79.51062775,49.26443863,22.45314789,49.28787613,57.45704269,49.29460526,20.62252808,49.31860352,59.27903366,49.32535553,23.47185898,49.34926987,101.5554276,49.35602188,23.6339035,
49.50166702,63.68513489,49.50841522,21.69681931,49.53177261,63.88188171,49.53852081,14.74432755,49.56177139,80.04868317,49.56852341,19.68112183,49.59304047,60.92338562,49.59977341,14.51890087,49.72176743,84.57469177,49.72851944,19.17051506,49.68987656,73.66603088,49.69660187,22.04200935,49.65954208,65.79078674,49.66627121,24.47268295,49.62910461,88.49371338,49.63585663,18.72491646,49.75587463,83.25645447,49.76260757,31.16556549,49.78685379,54.79364777,49.79360199,18.10082626,49.81627274,47.17566681,49.82302094,22.03315926,49.84712219,95.76503754,49.85387421,21.89635086,
50.00166702,78.87172699,50.00841522,17.26047516,50.03143692,62.05551147,50.03818893,18.40568352,50.06193924,71.17601776,50.06868744,15.86382103,50.09293747,69.76030731,50.09968567,8.639987946,50.21960449,91.87611389,50.22635651,23.76235199,50.1896019,66.12554169,50.19635391,22.20935249,50.15870667,57.05067444,50.16543961,20.4553833,50.12810516,89.97860718,50.13485336,26.12145042,50.25610352,93.97875214,50.26285553,23.28545761,50.28627014,61.65052795,50.29302216,24.28504181,50.31760406,61.19766998,50.32435226,26.87707901,50.34827042,112.2867661,50.35502243,24.75229454,
50.50166702,75.40363312,50.50841522,14.80557632,50.53293991,52.85417557,50.53968811,22.93480301,50.56320953,77.98983002,50.56993866,21.13193512,50.59370804,71.61580658,50.60044098,16.35685921,50.72143555,100.4430161,50.72818756,20.8110714,50.69177246,73.88339996,50.69852066,22.53057289,50.66104507,68.72916412,50.66777039,23.4189682,50.63043594,96.61199951,50.63718796,33.87290955,50.75610352,80.40338898,50.76285553,25.60467911,50.78627014,57.58211517,50.79302216,20.32907486,50.81694031,51.23218918,50.82368469,28.77670097,50.847435,99.79272461,50.85418701,17.39409828,
51.00166702,80.71640015,51.00841522,15.94709778,51.03126907,61.26354599,51.03802109,26.23407555,51.06177139,64.38240814,51.06852341,20.44414902,51.09260178,70.46253204,51.09935379,8.207760811,51.22027206,82.72277832,51.22702408,19.1002636,51.1896019,86.5374527,51.19635391,19.97154236,51.15912628,51.56043243,51.16591644,26.06834221,51.12920761,87.60579681,51.13593674,26.85958099,51.25610352,80.63503265,51.26285553,20.29343033,51.28643799,71.15605927,51.29320908,21.94755363,51.31694031,67.76079559,51.32368469,26.1998539,51.34695816,101.2872543,51.35370636,19.27795792,
51.50166702,81.67112732,51.50841522,19.31207657,51.53245926,75.10413361,51.53920746,19.60608673,51.56277084,70.25363159,51.56951904,25.56693649,51.59354401,78.74571228,51.60027313,13.28911972,51.72195816,101.9660873,51.72870636,16.68568039,51.69085312,79.76350403,51.69760513,24.64986038,51.66010284,65.19361877,51.66685486,23.4129734,51.62968826,93.41187286,51.63643646,30.71022034,51.75775146,82.38188171,51.76450348,23.25047112,51.78870773,61.74095535,51.79543686,17.95174789,51.81877136,56.82427979,51.82551956,29.57047272,51.84926987,104.1220245,51.85602188,22.43808365,
52.00166702,81.55957794,52.00841522,16.38301468,52.03270721,69.33895874,52.03943634,16.44308281,52.06287384,74.93585968,52.06960297,20.89435577,52.09402084,89.68283844,52.10076904,8.600248337,52.22176743,82.62969971,52.22851944,23.58044624,52.19112396,71.82954407,52.19787598,22.61650848,52.1603775,64.1023941,52.16710663,25.63130569,52.12970734,107.2397461,52.13643646,29.30247879,52.25727081,74.64472961,52.26402283,25.47967529,52.28794098,61.70544052,52.29468536,23.84152412,52.3177681,56.07219696,52.32452011,22.67053223,52.34760284,107.5664749,52.35435486,19.96323204,
52.50166702,80.41183472,52.50841522,18.60545349,52.53262711,64.45603943,52.53937531,24.65358353,52.5634346,70.99495697,52.57018661,21.79438782,52.59360504,69.83678436,52.60035324,10.86166763,52.72087479,100.7159958,52.72760391,22.26965141,52.69026947,71.40324402,52.69702148,22.37434387,52.66028976,75.61790466,52.66704178,21.7167263,52.62945938,87.84549713,52.6362114,27.98721504,52.75643539,69.98141479,52.76318741,20.75157166,52.78794098,65.80677795,52.79468536,18.40273094,52.8177681,50.7568779,52.82452011,26.58813286,52.84887695,105.151474,52.85560226,19.51807022,
53.00166702,76.10396576,53.00841522,17.47690392,53.03368759,68.12556458,53.04043961,20.79729462,53.06462479,78.28295898,53.07137299,24.68074608,53.09527206,71.38114929,53.10202408,8.962426186,53.22212219,90.42808533,53.22887421,21.90724945,53.19170761,79.9480896,53.19843674,18.79557991,53.16160583,75.81012726,53.16835403,21.17161751,53.13143539,88.36811829,53.13820648,26.26462746,53.25862503,74.11035156,53.26537704,20.5260582,53.28952408,66.8408432,53.29627228,20.00637627,53.31978989,62.53753662,53.3265419,24.73245049,53.3506012,99.21543884,53.35735321,22.24546623,
53.50166702,70.78783417,53.50841522,18.69398499,53.53354263,69.54463196,53.54027176,18.63992882,53.56393814,68.86709595,53.57068634,14.71915722,53.59379196,89.80286407,53.60054016,15.12023067,53.72151947,89.48007965,53.72827148,24.2028141,53.69187546,69.04899597,53.69860458,26.32937622,53.66110611,71.9708252,53.66785431,19.45040894,53.6302681,92.84531403,53.63702011,34.21217728,53.75793839,88.00630951,53.7646904,17.34461594,53.78818893,61.50032043,53.79493713,20.71690559,53.81877136,51.34793091,53.82551956,26.25893021,53.84937286,112.651947,53.85610199,19.05819893,
54.00166702,73.96694946,54.00841522,24.34626961,54.03237152,74.93193817,54.03910446,19.36929893,54.06260681,71.04443359,54.0693512,22.32316589,54.09376907,77.33634949,54.10052109,7.010147572,54.22110748,91.45630646,54.22785187,20.22629547,54.19043732,74.49398804,54.19718933,20.64387894,54.15995789,55.14580917,54.16670609,24.30568504,54.12927246,83.01965332,54.13602066,23.95121193,54.25543594,76.9597702,54.26218796,16.25134087,54.28593826,62.34760284,54.29268646,22.46035957,54.31627274,61.45843124,54.32302094,37.92880249,54.34760284,117.2761841,54.35435486,25.15554619,
54.50166702,75.1889801,54.50843811,16.73484612,54.53243637,75.05636597,54.53918839,24.70287323,54.56277084,75.69644165,54.56951904,21.47353745,54.59326935,78.99234772,54.60002136,10.23886585,54.71935272,82.76912689,54.72610092,20.08147621,54.68854141,70.06304169,54.69527054,24.32412338,54.65803909,57.92281342,54.66477203,24.04007149,54.62793732,78.09385681,54.6347084,21.76856613,54.75362396,92.97502899,54.76037598,23.43863869,54.78454208,73.77080536,54.79127121,17.83979988,54.81452179,50.61025238,54.8212738,23.30242538,54.84493637,104.273613,54.85168839,19.57115555,
55.00166702,77.76226044,55.00841522,15.63770294,55.03295898,57.68664551,55.039711,14.30111694,55.06354141,72.52533722,55.07027054,16.89633179,55.09376907,66.07055664,55.10052109,7.636168003,55.21995926,98.9546814,55.22670746,20.8982296,55.18993759,84.62147522,55.19668961,20.02314758,55.15912628,78.99968719,55.16587448,19.36815643,55.12793732,101.9317932,55.13468933,25.81616211,55.25593567,88.85816193,55.26268768,23.85533714,55.28702164,55.19911957,55.29376984,21.3085804,55.3177681,53.5582428,55.32452011,24.04906464,55.34785461,101.7560425,55.35460663,18.47254753,
55.50166702,77.38554382,55.50841522,14.70705128,55.53270721,55.4015274,55.53943634,15.89460278,55.56320953,80.04827881,55.56993866,23.06378746,55.59393692,71.11413574,55.60068893,5.974431038,55.72060394,94.50621033,55.72735596,18.98823357,55.69010544,66.61224365,55.69685364,24.36483002,55.66054153,74.72727966,55.66727066,23.75392342,55.62937546,82.49216461,55.63610458,23.54096413,55.75727081,94.25228119,55.76402283,16.65256119,55.78777313,61.26609802,55.79451752,15.85439777,55.81737518,60.86065292,55.82410431,19.51460648,55.84777069,101.4028473,55.85451889,22.31189346,
56.00166702,69.67259979,56.00841522,22.33204842,56.03187561,68.7676239,56.03860092,18.27973938,56.06287384,66.04006958,56.06960297,14.47278595,56.0931015,72.22410583,56.09985352,10.56411839,56.22020721,97.96325684,56.22693634,16.8221302,56.18893814,78.08287811,56.19568634,20.07648087,56.15777206,70.80876923,56.16452408,26.21316528,56.12726974,80.76151276,56.13402176,27.66477966,56.25593567,84.64585114,56.26268768,22.01628113,56.28654099,62.76853943,56.29327011,17.8248539,56.31703949,52.93898392,56.32377243,20.8934536,56.34752274,110.0460587,56.35424805,23.27852631,
56.50166702,82.49778748,56.50841522,13.55236721,56.53243637,60.25028992,56.53918839,19.23872375,56.56260681,74.22637939,56.5693512,17.1523571,56.59293747,83.33229065,56.59968567,10.82804108,56.71977234,88.70606232,56.72652054,24.64088821,56.68868637,73.62122345,56.69543839,14.86341953,56.65843964,63.16810226,56.66518402,28.65883064,56.62804413,91.84500885,56.63476944,24.83633614,56.75560379,82.62278748,56.76235199,22.60583115,56.78595734,68.37828064,56.79270935,26.85861206,56.81660461,49.08028412,56.82335663,23.4485321,56.84710312,105.6067276,56.85385513,25.84712791,
57.00166702,80.42162323,57.00841522,22.84430695,57.03320694,69.76972961,57.03993607,15.07914734,57.06335449,75.47833252,57.07010651,18.79077721,57.09435272,69.33139038,57.10110092,8.880155563,57.22143555,88.69536591,57.22818756,23.52313805,57.19093704,75.59532928,57.19766998,16.97686768,57.16110611,71.28917694,57.16785431,19.71748924,57.13018799,99.89567566,57.13694,30.17921638,57.25577164,87.74847412,57.26251984,14.47741413,57.28627014,70.85106659,57.29302216,20.46426392,57.31702042,57.57476807,57.32377243,26.39565849,57.34718704,92.91462708,57.35393906,24.50512505,
57.50166702,86.96411896,57.50841522,21.27659416,57.53162384,60.33883667,57.53837585,21.79485512,57.56210709,73.14472961,57.56885529,18.60638428,57.59320831,70.25527191,57.59993744,7.308071136,57.7197113,89.76542664,57.72643661,23.71922684,57.69010544,60.54324722,57.69685364,17.40798187,57.65960312,74.4008255,57.66635513,20.98564148,57.62937546,88.62570953,57.63610458,23.22053146,57.75621033,85.41233063,57.76293945,22.6341114,57.78654099,58.13140106,57.79327011,26.0996685,57.81685257,60.07851791,57.82360458,19.86812973,57.84760284,99.54927063,57.85435486,19.5015831,
58.00166702,73.90556335,58.00841522,19.0997982,58.03343964,66.25598145,58.04018402,17.65934181,58.06393814,71.04797363,58.07068634,19.81509209,58.09427261,79.38715363,58.10102081,5.990177155,58.21962357,89.54222107,58.22637558,24.82466698,58.18935394,75.84622192,58.19610596,25.96434593,58.15910339,72.80625916,58.16585159,17.14104271,58.12877274,75.44911957,58.13552094,23.3298111,58.25577164,85.85124969,58.26251984,17.42999077,58.28610611,60.09135056,58.29285431,20.77772331,58.31637192,46.8771553,58.32310486,30.43804741,58.34737396,111.1167984,58.3541069,25.62823296,
58.50166702,69.64178467,58.50841522,18.85710716,58.53260422,62.44757462,58.53935623,19.71767235,58.56243896,77.78455353,58.56919098,22.17638016,58.59370804,74.16702271,58.60044098,9.193758011,58.72095871,91.1317749,58.72771072,21.84825706,58.69095993,71.71417999,58.69770813,19.15248108,58.66004181,64.43264771,58.66677094,25.370924,58.62944031,84.30458832,58.63618469,25.53057098,58.75612259,83.4855423,58.7628746,20.60299683,58.78676987,70.79052734,58.79352188,21.62897491,58.81787491,58.11562347,58.82460403,23.47791862,58.84843826,103.656601,58.85518646,23.7081604,
59.00166702,85.81291962,59.00841522,19.667799,59.0322113,74.31079102,59.03893661,17.10119057,59.06287384,71.63076782,59.06960297,19.55946922,59.09376907,75.97732544,59.10052109,10.37016773,59.22127151,88.09403992,59.22801971,15.08893871,59.19144058,66.37666321,59.19818878,25.34237671,59.15979004,67.28992462,59.16654205,21.64474678,59.12944031,96.05299377,59.13618469,32.37685394,59.25712585,87.14521027,59.26387405,23.68102264,59.28743744,70.15093231,59.29418945,19.06931496,59.31793594,51.53966141,59.32468796,23.97525978,59.34827042,110.4790649,59.35502243,20.72729111,
59.50166702,77.95441437,59.50841522,17.96856117,59.53260422,61.88218689,59.53935623,20.01979256,59.56320953,76.43985748,59.56993866,19.63888741,59.59404373,70.12372589,59.60076904,9.175498962,59.72060394,82.97907257,59.72735596,17.8675766,59.69054413,67.05889893,59.69726944,20.45303154,59.65960312,62.24190903,59.66635513,25.09637642,59.62879181,96.06736755,59.63554382,25.23547173,59.75460434,95.51007843,59.76135254,20.6601963,59.78520966,67.48883057,59.79193878,19.86239052,59.81570816,55.49271393,59.82243729,22.06336212,59.84670639,101.1272964,59.85343933,23.48265076,
60.00166702,83.89308929,60.00841522,20.59566498,60.03193665,70.6204834,60.03868866,23.32097816,60.06229401,83.18560791,60.06904221,18.93435669,60.09360504,89.39867401,60.10035324,10.33076,60.22077179,87.11958313,60.2275238,19.281847,60.19110489,81.75547028,60.1978569,13.32381058,60.15968704,80.18959808,60.16643906,23.15146255,60.12903976,104.0328217,60.13576889,23.13500214,60.25543594,96.37698364,60.26218796,17.51333046,60.28610611,61.1190567,60.29285431,23.13465691,60.31644058,64.9024353,60.32318878,21.50310516,60.34760284,95.3582077,60.35435486,14.84417439,
60.50166702,81.36780548,60.50841522,17.24310684,60.53327179,74.13228607,60.5400238,24.13026619,60.56310272,91.57568359,60.56985092,17.42085648,60.59354401,87.38109589,60.60027313,12.38013077,60.7212944,92.71186829,60.72808456,20.97078133,60.69077301,75.67758942,60.69752121,24.91737556,60.66045761,75.06774139,60.66720963,24.68399239,60.62970734,82.59089661,60.63643646,22.99207878,60.75770569,83.2688446,60.76443863,21.82587051,60.78829193,71.65426636,60.79504013,16.41876984,60.81877136,43.46527481,60.82551956,25.30970001,60.84910583,110.9443512,60.85585403,17.46046257,
61.00166702,83.69786835,61.00841522,17.40756226,61.03260422,60.79359436,61.03935623,19.10408401,61.06360245,74.64094543,61.07035446,17.69944763,61.09393692,67.61805725,61.10068893,9.780522346,61.22068787,95.65782166,61.22743607,26.78905296,61.19087219,74.75009918,61.19760513,27.40695,61.16010284,77.18107605,61.16685486,22.39627838,61.12918854,84.69894409,61.13593674,27.945755,61.25671005,82.35810852,61.26343536,24.71144485,61.28737259,72.45618439,61.29410553,18.03123665,61.31770706,49.48958588,61.32444,25.73771477,61.34837723,113.6433563,61.35510254,16.23833275,
61.50166702,75.7122345,61.50841522,28.85685349,61.53177261,64.99365234,61.53852081,15.3492136,61.56220627,77.01198578,61.56893539,16.91798782,61.59260178,75.61839294,61.59935379,5.597267628,61.71887589,103.6875153,61.7256012,17.19493675,61.68751907,74.40546417,61.69427109,19.61661911,61.65727234,75.35373688,61.66402054,18.50653076,61.62677002,105.5685654,61.63352203,27.99920082,61.75444031,86.98879242,61.76118469,19.40273285,61.78479004,64.70847321,61.79158401,22.35690117,61.81577301,54.83846664,61.82252121,18.86981964,61.84693527,113.8344345,61.85368729,23.19433403,
62.00166702,76.41166687,62.00841522,13.78625774,62.03160477,73.24729919,62.03835297,14.9841671,62.06177139,76.68094635,62.06852341,22.20587158,62.09312439,81.0552063,62.09987259,4.021104336,62.21929169,97.07826233,62.22603989,22.37519455,62.18979263,80.92805481,62.19654083,19.59832382,62.15860748,72.60526276,62.16535187,24.04900932,62.12808609,84.05648804,62.13483429,20.03897476,62.25637436,80.13511658,62.26310349,21.56570244,62.28645706,59.89139938,62.29320908,16.49926376,62.31743622,54.73814774,62.32418442,21.42508125,62.34760284,109.0735245,62.35435486,17.00489044,
62.50166702,70.62725067,62.50841522,21.90272903,62.53252029,65.96247864,62.53926849,19.15217018,62.56352234,76.79431915,62.57027054,18.17747116,62.59393692,88.51358032,62.60068893,10.2539835,62.72160339,85.54045868,62.72835159,22.78676033,62.69104004,77.86188507,62.69776917,23.03803825,62.66004181,65.91930389,62.66677094,15.97830105,62.62944031,87.96484375,62.63618469,24.14414406,62.75704193,88.41021729,62.76377106,21.99085426,62.78752136,61.22867966,62.79426956,23.33579063,62.81829071,45.52357483,62.82508087,27.77283669,62.84877014,101.6182785,62.85552216,21.55579948,
63.00166702,82.20838928,63.00843811,15.90684986,63.03162384,66.77637482,63.03837585,20.57195282,63.06210709,76.90639496,63.06885529,22.6221714,63.09210587,70.72026062,63.09887695,11.33148098,63.22043991,85.51957703,63.22718811,18.33664131,63.18993759,72.96153259,63.19668961,23.7167244,63.16010284,64.32091522,63.16685486,19.38023949,63.12877274,95.93889618,63.13552094,22.48291779,63.25610352,82.27832031,63.26285553,24.05412865,63.28754044,65.43865204,63.29426956,22.95288467,63.31770706,53.56144714,63.32444,19.59036064,63.34804153,104.9476395,63.35477066,20.0202446,
63.50166702,75.2124939,63.50841522,19.64910507,63.53243637,72.08836365,63.53918839,22.99324226,63.56293869,74.08544159,63.56968689,15.16863632,63.59326935,77.5141983,63.60002136,14.1135664,63.71904373,97.93775177,63.72576904,19.55103111,63.68862152,77.98767853,63.69537354,20.0328064,63.65777206,74.64722443,63.66452408,22.78780365,63.62770844,85.15136719,63.63443756,27.21893501,63.75427246,82.36604309,63.76102066,31.73088646,63.78504181,76.9892807,63.79177094,22.94032478,63.81577301,57.22362518,63.82252121,24.26399231,63.84627151,99.48391724,63.85301971,23.4902668,
64.00167084,80.43210602,64.00841522,17.72993469,64.0317688,62.13125229,64.03852081,18.34525108,64.06151581,78.51990509,64.06826782,18.67996788,64.09293365,76.26433563,64.09968567,10.98278999,64.22071075,99.6268158,64.22743988,26.47686195,64.19037628,70.08678436,64.19710541,18.73084259,64.16004181,63.26546478,64.16677094,28.11006927,64.12876892,73.43448639,64.13552094,20.41757011,64.25621033,98.47473145,64.26293945,22.30445862,64.28684998,71.74181366,64.29360199,23.58664894,64.31677246,54.1376152,64.32351685,22.22336578,64.34793854,100.6936951,64.35469055,19.5461998,
64.50167084,81.27313995,64.50841522,17.15211868,64.53244019,77.85230255,64.5391922,14.67119789,64.56360626,69.19428253,64.57035065,16.82405853,64.59394073,66.53533173,64.60068512,7.95374155,64.72193909,91.02137756,64.72868347,19.49839211,64.69160461,71.03672791,64.69835663,23.06691742,64.66093445,74.94981384,64.66768646,21.66578293,64.63053894,92.14337921,64.6372757,22.06019974,64.75827026,86.53152466,64.76502228,31.91150284,64.78837585,70.35572052,64.79510498,20.13440514,64.81904602,58.47350311,64.82576752,28.65037155,64.84976959,100.7301636,64.85652161,24.38502121,
65.00167084,78.26151276,65.00841522,17.38121414,65.03279114,62.98685074,65.03954315,18.83771896,65.06310272,75.6177597,65.06985474,15.28892231,65.09377289,73.6450882,65.10051727,6.394188881,65.22143555,84.89331055,65.22818756,19.26014519,65.19054413,77.42656708,65.19727325,22.1521759,65.16027069,84.76028442,65.16702271,19.42053413,65.12976837,94.38034058,65.13652039,26.15597916,65.25510406,86.54358673,65.26185608,23.84453773,65.28637695,70.70923615,65.29310608,24.75031471,65.31685638,62.71637344,65.32360077,25.08289719,65.34720612,111.087883,65.35393524,18.30690193,
65.50167084,82.83901215,65.50841522,19.27243805,65.53160095,67.15883636,65.53835297,14.98586941,65.5623703,64.05207062,65.56910706,16.6598835,65.59220886,63.36133957,65.59893799,12.51288319,65.71960449,82.16891479,65.72635651,15.1100502,65.68854523,70.08222961,65.69527435,18.17732811,65.65862274,67.46073914,65.66537476,21.1019783,65.6286087,92.77996063,65.63535309,21.34727859,65.75553894,89.47488403,65.7622757,20.04533386,65.78520966,68.27670288,65.79196167,20.15582848,65.81577301,60.91231537,65.82252502,27.6182003,65.84654236,95.61174011,65.85327148,18.59350204,
66.00167084,81.24967957,66.00841522,20.41247177,66.03343964,59.2504158,66.04018402,19.73001099,66.06393433,78.45819092,66.07068634,17.84547424,66.09443665,70.00869751,66.10118866,7.394486427,66.22035217,97.85549164,66.22710419,22.15974045,66.19060516,78.47927856,66.19735718,22.93306351,66.16027069,72.67321014,66.16702271,21.63104057,66.12995911,89.86239624,66.13670349,30.47024155,66.25704193,87.73614502,66.26377106,17.85737038,66.28754425,72.61380005,66.29427338,18.67005157,66.31809998,56.70964432,66.32485199,27.41230774,66.34793854,96.85713196,66.35469055,20.98082733,
66.50167084,79.8322525,66.50841522,18.53173637,66.53179169,64.45880127,66.5385437,14.53928375,66.56229401,77.33885193,66.56904602,17.15643883,66.59293365,82.74640656,66.59968567,7.303198814,66.72045898,89.07230377,66.727211,18.03525543,66.69018555,65.76160431,66.69693756,18.96367836,66.65927124,64.69268799,66.66602325,20.91061211,66.62862396,80.22465515,66.63537598,30.04485893,66.75435638,74.96277618,66.76110077,25.88133621,66.784935,72.70439148,66.7917099,20.42239952,66.81595612,68.84372711,66.82270813,26.2155838,66.84695435,103.8034592,66.85370636,18.91246796,
67.00167084,80.10146332,67.00841522,20.70240211,67.03204346,70.7621994,67.03877258,16.53791428,67.06260681,78.41072845,67.0693512,18.52188683,67.09337616,66.08483887,67.10010529,8.157377243,67.22060394,90.32085419,67.22735596,17.68988037,67.18960571,76.21632385,67.19635773,15.22705364,67.15943909,72.59470367,67.16618347,20.69034386,67.12879181,81.84906006,67.13554382,28.81086922,67.25595856,81.4932251,67.26271057,21.86627007,67.28643799,64.31436157,67.29319,23.04102516,67.31787872,60.33987808,67.32460785,24.6466465,67.347435,107.9061279,67.35418701,18.13036156,
67.50167084,79.28057098,67.50841522,20.13720512,67.53260803,71.15682983,67.53935242,19.48992157,67.56310272,69.95314789,67.56985474,15.47130775,67.5941925,80.10237122,67.60093689,11.19856644,67.72120667,104.9364243,67.72793579,21.10155106,67.69120789,80.57472229,67.69793701,17.26425743,67.66077423,75.49645233,67.66751862,19.01937103,67.63028717,89.62677002,67.63703918,26.64666367,67.75760651,102.4983444,67.76435852,16.8474102,67.78794098,67.30392456,67.79468536,19.63924217,67.81837463,50.73267746,67.82510376,21.87233162,67.84845734,108.7614059,67.85520935,20.78579521,
68.00167084,83.3571701,68.00841522,16.77910233,68.03310394,64.00379944,68.03985596,19.18379021,68.06327057,71.57224274,68.07002258,19.18409538,68.09360504,78.05820465,68.10035706,5.963968277,68.22171021,91.02256012,68.22843933,19.65466118,68.19137573,68.76802063,68.19810486,15.65322876,68.16093445,73.64825439,68.16768646,19.77182579,68.13027191,94.10236359,68.1370163,21.73019791,68.25810242,80.74203491,68.26485443,22.65714645,68.2885437,51.07439804,68.29527283,16.95847893,68.31819153,49.51740265,68.32493591,24.68108749,68.34887695,112.9530869,68.35560608,26.41042709,
68.50167084,70.15106201,68.50841522,14.74487877,68.53244019,61.21637344,68.53918457,16.84664726,68.56276703,86.16955566,68.56954193,21.69659424,68.59410858,85.64099121,68.60085297,6.435440063,68.72160339,78.39111328,68.72835541,25.54815102,68.69035339,71.64691162,68.69710541,15.97697639,68.66004181,67.11496735,68.66677094,20.02188301,68.62960815,98.86963654,68.63635254,23.4458065,68.7559433,81.09667969,68.76268768,21.75029755,68.78627014,62.58260345,68.79304504,23.35443115,68.81660461,61.28246307,68.82335663,31.96790504,68.84718323,108.6843872,68.85393524,21.48518181,
69.00167084,80.41410828,69.00841522,20.55381393,69.03327179,71.82047272,69.0400238,16.25775146,69.06343842,63.2710762,69.07019043,16.74775314,69.09410858,76.18271637,69.10085297,11.02941227,69.22026825,95.20636749,69.22702026,22.17326164,69.19043732,70.69043732,69.1971817,16.5159359,69.16011047,63.13735962,69.16685486,19.63357162,69.12971497,92.01087952,69.13643646,28.9937458,69.2559433,86.77734375,69.26268768,20.25700951,69.28610229,61.74197769,69.29286957,12.27323914,69.31710815,59.17883682,69.32385254,25.22152328,69.34827423,104.9166718,69.35501862,17.04014015,
69.50167084,76.78569031,69.50843811,27.76074982,69.53237152,79.78619385,69.53910065,16.44910431,69.5629425,71.83391571,69.56968689,19.0585537,69.59368134,72.48554993,69.60044098,10.6104784,69.72143555,100.570282,69.72818756,18.58249283,69.69059753,71.64373016,69.69735718,26.85904503,69.65987396,59.8189888,69.66660309,20.09842491,69.62976837,96.98477173,69.63652039,23.7492466,69.7559433,96.61785889,69.76268768,18.86816216,69.78627014,68.89305878,69.79301453,24.40750504,69.81660461,52.53964615,69.82335663,26.04716682,69.84777069,101.9995956,69.85452271,25.71335411,
70.00167084,78.5699234,70.00841522,16.67492867,70.03144073,60.82110596,70.03818512,20.83926582,70.06201935,75.36688995,70.06877136,16.82318497,70.09243774,75.80661011,70.09918976,9.984864235,70.21810913,95.76036835,70.22485352,18.13761139,70.18776703,70.375,70.19449615,23.29149055,70.1579361,68.9862442,70.16468811,25.27950859,70.12660217,92.69724274,70.1333313,28.48788261,70.25443268,102.9142685,70.26119232,15.38180733,70.28495789,59.29460907,70.2917099,20.84212494,70.31484985,54.94268799,70.3216095,21.60753059,70.34526825,96.10598755,70.35202026,19.55221367,
70.50167084,81.11777496,70.50841522,14.2032795,70.53269196,61.76455688,70.53943634,17.19761086,70.56412506,65.18384552,70.57087708,14.90459538,70.59476471,79.18052673,70.60152435,13.13527966,70.72227478,95.08428192,70.72901917,18.69135857,70.69143677,93.19562531,70.69818878,25.97186852,70.66096497,62.40437698,70.66770935,21.39410973,70.63002014,82.47075653,70.63676453,33.81586456,70.75827026,80.40849304,70.76502228,16.77731514,70.78877258,60.09135437,70.7955246,18.66035843,70.81943512,58.80105972,70.82618713,23.08884048,70.85010529,104.3932724,70.85684967,22.38852882,
71.00167084,77.48921967,71.00841522,22.06800079,71.0329361,71.68917084,71.03968811,19.64472771,71.06310272,69.22985077,71.06985474,18.3760891,71.09293365,82.72593689,71.0996933,12.07443619,71.2204361,87.90190887,71.22718811,22.39480782,71.19077301,72.98193359,71.1975174,21.04380417,71.16043854,68.40756989,71.16719055,27.39276314,71.12910461,89.51832581,71.13585663,29.9173069,71.25579071,97.57706451,71.26254272,18.72872543,71.2871933,63.590168,71.29393768,21.19059181,71.31793976,48.30303955,71.32469177,25.07669449,71.34777069,101.1759872,71.35452271,17.69422531,
71.50167084,76.70927429,71.50841522,14.71471024,71.53144073,66.68437195,71.53818512,16.19691467,71.56237793,71.17240143,71.56910706,20.11650467,71.592453,69.06855774,71.59921265,5.6022048,71.71860504,92.65820313,71.72535706,19.86543274,71.68762207,77.70283508,71.69437408,18.32630539,71.65693665,61.81234741,71.66368866,23.44820595,71.62734985,92.15047455,71.6341095,24.7340126,71.7541275,87.9594574,71.76087189,21.63361549,71.78445435,52.34416199,71.79121399,23.54335594,71.81562805,69.11378479,71.82237244,23.28685188,71.84612274,106.1440735,71.85287476,25.42594528,
72.00167084,87.110672,72.00841522,28.78121567,72.032547,69.66969299,72.03927612,19.0279541,72.06376648,73.30817413,72.07052612,15.37629128,72.09437561,66.09558868,72.10110474,6.957424641,72.22071075,92.57463074,72.22743988,18.43155479,72.1911087,71.90550995,72.19785309,19.48581123,72.16060638,71.82535553,72.16735077,14.47630596,72.13027191,96.6674881,72.1370163,19.55040359,72.25693512,91.77088928,72.26368713,25.19024086,72.28804779,69.64335632,72.29476929,21.05746269,72.31829071,54.04890442,72.32504272,25.4700737,72.34846497,111.0450668,72.35520935,18.9569397,
72.50167084,77.44243622,72.50841522,14.29742718,72.53302765,61.39816666,72.53977203,17.3606739,72.56310272,78.28624725,72.56985474,15.02310276,72.59337616,72.60309601,72.60010529,6.707082272,72.72151947,112.2550354,72.72827148,22.14081955,72.6917038,74.46227264,72.69844055,21.19843102,72.65977478,69.58314514,72.66651917,21.69086456,72.62927246,95.87136841,72.63601685,21.87732315,72.7559433,85.91539001,72.76268768,20.58506203,72.78593445,62.28876114,72.79268646,16.9324646,72.81559753,64.86000824,72.82235718,22.64035988,72.84660339,99.14015198,72.85335541,24.65686989,
73.00167084,70.49225616,73.00841522,19.50465202,73.03160858,68.24443054,73.03837585,16.26105881,73.06176758,68.27687836,73.06851959,18.42963028,73.09277344,66.82077026,73.09954071,8.137907028,73.2201004,89.10369873,73.22685242,25.32039452,73.19013214,69.36474609,73.19687653,24.54877281,73.159935,64.18771362,73.16669464,30.91406441,73.12943268,91.24144745,73.13619232,24.53391838,73.25476837,94.28851318,73.26152039,18.35206985,73.28593445,67.58215332,73.29268646,15.29622459,73.3167038,53.69170761,73.32344055,24.49295425,73.34693909,101.2013168,73.35368347,17.40102196,
73.50167084,67.32487488,73.50841522,17.67374611,73.53160858,64.474617,73.53835297,20.20415878,73.56221008,73.21568298,73.56893921,18.46719742,73.59210968,81.88835907,73.59885406,7.896742821,73.72093964,83.25325775,73.72768402,19.14623451,73.68929291,73.84816742,73.69604492,21.30289841,73.65927124,70.00383759,73.66602325,20.96009254,73.62843323,91.42271423,73.63518524,23.73794937,73.75710297,94.10527039,73.76384735,18.82596588,73.78726959,67.9430542,73.79402161,20.48342896,73.81737518,60.90658569,73.82410431,22.24095917,73.84762573,123.1940155,73.85437775,19.58407211,
74.00167084,79.31301117,74.00841522,14.1810627,74.03359985,65.30783844,74.0403595,16.44414139,74.06410217,82.12621307,74.07085419,18.37306786,74.09453583,66.62210083,74.10127258,8.566345215,74.22120667,89.13466644,74.22795868,21.23896027,74.19160461,79.87575531,74.19835663,17.22318077,74.16053772,80.65448761,74.16726685,20.54853821,74.13004303,95.58860779,74.13676453,23.0883503,74.25777435,82.75587463,74.26451874,24.08427048,74.28760529,62.33934784,74.29434967,20.63690758,74.31812286,54.20295334,74.32487488,27.32703781,74.34762573,105.2333527,74.35437775,21.02768517,
74.50167084,82.21652985,74.50841522,13.18132305,74.53270721,62.05053711,74.53943634,13.72890759,74.56320953,78.57458496,74.56993866,23.09344101,74.59394073,86.70505524,74.60068512,6.621684551,74.72160339,98.31285858,74.72835541,24.48111916,74.69143677,74.32119751,74.69818878,18.49378777,74.66093445,72.69761658,74.66768646,18.79219055,74.63010406,97.24313354,74.63685608,27.51551247,74.75743866,87.63166046,74.76418304,19.28464317,74.78827667,68.60379028,74.79502106,18.67201614,74.81952667,67.22763062,74.82627106,22.51461792,74.85110474,107.2486954,74.85785675,24.0228672,
75.00167084,94.7443161,75.00841522,23.02057076,75.03179169,71.12702179,75.0385437,15.78201199,75.06218719,68.19210052,75.06893921,18.43199348,75.09260559,79.50680542,75.0993576,10.22017574,75.21960449,88.65088654,75.22634888,21.54948807,75.18910217,77.93423462,75.19585419,17.73434639,75.15927124,71.0079422,75.16602325,28.04048157,75.12893677,83.72650146,75.13568878,30.97888565,75.25576782,91.3993454,75.26252747,17.59519196,75.28610229,74.02305603,75.29285431,16.9366436,75.31762695,54.84147263,75.32437134,28.05783653,75.34727478,102.0695648,75.35401917,18.23030281,
75.50167084,92.70807648,75.50841522,23.13197327,75.53226471,65.96347046,75.53902435,11.19081783,75.56376648,76.82266998,75.57052612,12.53007221,75.59394073,86.8560257,75.60068512,12.19749451,75.72020721,83.05690765,75.72693634,22.73835182,75.69037628,78.59348297,75.69710541,22.01475143,75.65921021,73.66786957,75.6659317,17.87866592,75.62809753,91.45709991,75.63485718,23.00724411,75.75637054,96.54561615,75.76309967,15.90114784,75.78735352,60.56021118,75.79410553,21.52389145,75.81771088,51.63812256,75.82445526,23.79184914,75.8478775,100.3014603,75.85462189,19.900177,
76.00167084,80.1164856,76.00841522,21.42037964,76.03310394,60.8794136,76.03984833,19.37518883,76.06337738,71.3011322,76.07009888,22.07637978,76.09337616,75.84502411,76.10010529,10.02175999,76.22187805,79.63300323,76.22860718,21.44742393,76.19120789,83.14273834,76.19794464,22.94875145,76.16087341,75.76992035,76.16760254,21.78019905,76.12993622,90.49594116,76.13668823,25.39917183,76.25737,94.96956635,76.26410675,18.3568573,76.2877121,65.15065765,76.29443359,18.78177834,76.31835175,59.62823105,76.32508087,22.29070473,76.34879303,120.7843704,76.35554504,20.35400391,
76.50167084,69.9339447,76.50841522,15.25512886,76.53318787,68.03017426,76.53993988,19.11215782,76.56343842,69.9644928,76.57019043,20.50469208,76.59353638,72.32279205,76.6002655,9.600444794,76.72143555,88.75212097,76.72818756,19.19280243,76.69043732,71.92584229,76.6971817,17.86721992,76.66020203,69.36778259,76.66693878,21.35071564,76.63010406,94.50247955,76.63685608,28.01130867,76.75710297,91.89770508,76.76384735,19.41759872,76.7873764,72.2117157,76.79410553,25.50598907,76.81793976,48.15103531,76.82469177,27.37568474,76.84812927,95.90718842,76.85487366,20.35645866,
77.00167084,81.06928253,77.00841522,15.84569359,77.03270721,62.51654816,77.03943634,20.66297531,77.06295776,70.17922211,77.06970978,17.3911953,77.09387207,77.76602173,77.1006012,8.376018524,77.21960449,94.04010773,77.22634888,20.77860069,77.18968964,67.97918701,77.19643402,21.69272804,77.15918732,71.34342957,77.1659317,23.94382095,77.12854004,86.88388824,77.13526917,23.29709435,77.25587463,89.65892792,77.26260376,17.84670448,77.28687286,65.2355957,77.29360199,15.87610912,77.31712341,53.32223511,77.32387543,23.28117371,77.34812927,107.3126297,77.35487366,21.89137459,
77.50167084,93.92913818,77.50841522,19.44405174,77.53218842,72.23764801,77.53894043,19.52723694,77.56262207,75.2337265,77.56937408,14.38379383,77.59310913,76.24069977,77.59985352,4.106430531,77.7209549,93.39654541,77.72770691,18.41084099,77.69070435,83.3946991,77.69743347,19.48341942,77.66004181,64.73002625,77.66677094,21.91501236,77.62960815,77.81281281,77.63635254,24.77970123,77.75521088,84.26672363,77.76194,18.96097374,77.78643036,51.25306702,77.79319,27.20357895,77.81643677,54.71312332,77.82318878,29.17497444,77.84671021,113.1089859,77.8534317,14.68362617,
78.00167084,83.10688782,78.00841522,19.17770576,78.0317688,75.00099182,78.03852081,24.72079468,78.06210327,70.91940308,78.06885529,16.38335037,78.09337616,74.58691406,78.10010529,8.582075119,78.21887207,98.32315063,78.2256012,19.55900002,78.18787384,79.28333282,78.19460297,15.36972904,78.15737152,70.39100647,78.16410065,23.4037838,78.12776947,83.23835754,78.13452148,26.11667633,78.25460815,77.22955322,78.26135254,16.20664406,78.284935,63.68905258,78.29169464,20.41331863,78.31559753,58.82582474,78.32235718,28.0906086,78.34593964,108.2687302,78.35268402,14.21860123,
78.50167084,80.48555756,78.50841522,17.26264,78.53218842,70.28765869,78.53894043,20.74154472,78.56343842,74.9804306,78.57019043,17.76274681,78.5942688,82.52659607,78.60102081,7.561227322,78.72104645,94.60162354,78.72776794,22.45816231,78.69043732,79.05914307,78.6971817,18.71574211,78.66043854,67.59118652,78.66719055,28.01496506,78.62976837,78.79402161,78.63652039,29.13956642,78.75720978,86.12820435,78.7639389,18.39792442,78.78760529,57.35775757,78.79434967,17.68535995,78.8181076,71.04880524,78.82485199,24.6783123,78.84827423,106.5929489,78.85501862,22.13932228,
79.00167084,87.00191498,79.00841522,21.02305603,79.03276825,65.728302,79.03952026,16.54891396,79.06260681,83.05175018,79.0693512,14.38226128,79.09394073,77.30887604,79.10068512,11.73024273,79.22120667,89.54553223,79.22793579,17.86164474,79.19043732,72.30112457,79.1971817,22.26214027,79.15977478,72.46489716,79.16651917,16.53421021,79.12962341,85.46529388,79.13637543,19.58250046,79.25676727,104.2468719,79.26351929,15.35426044,79.28787231,72.41681671,79.29460144,18.75268745,79.31926727,53.06484222,79.32601929,23.83866119,79.34903717,103.5749588,79.35579681,20.82858276,
79.50167084,71.43131256,79.50841522,19.59430313,79.5326004,71.52239227,79.53935242,14.50344181,79.56276703,72.23748779,79.56952667,21.31648254,79.59353638,83.88816833,79.6002655,4.808182716,79.71976471,89.81982422,79.72652435,16.9322834,79.68904114,88.4042511,79.69579315,17.70891571,79.65827179,77.11449432,79.6650238,21.79012299,79.62760162,92.14717865,79.63435364,24.63729858,79.75603485,105.9800034,79.76277161,16.25562668,79.78629303,67.59130859,79.79304504,17.98704338,79.81693268,49.22315979,79.82369232,20.87231445,79.84727478,109.6654968,79.85401917,14.29326916,
80.00167084,82.12815094,80.00841522,14.1857357,80.0317688,71.59077454,80.03852081,13.83716011,80.06243134,80.4622345,80.06919098,11.21615505,80.09287262,85.18745422,80.09960175,4.84785223,80.22087097,90.06781006,80.22760773,19.65353966,80.19002533,71.5741272,80.19676971,19.47688484,80.15921021,86.04104614,80.1659317,14.18689919,80.12820435,99.64971161,80.13493347,32.40156555,80.25643921,80.60653687,80.26318359,13.4714098,80.28694153,66.57415009,80.29368591,18.59587288,80.31760406,57.28410721,80.32435608,23.56845284,80.34727478,99.84359741,80.35401917,16.882967,
80.50167084,76.59023285,80.50841522,22.89785385,80.5317688,72.19839478,80.53852081,18.33437729,80.56212616,69.39777374,80.56891632,18.55447006,80.59277344,80.27610016,80.59951782,5.263834953,80.71853638,91.85622406,80.7252655,18.19292641,80.68870544,65.3193512,80.69543457,19.51685715,80.65779114,63.46447754,80.66454315,19.90773964,80.62744141,88.045784,80.63418579,21.16246033,80.75237274,90.95448303,80.75912476,17.7066288,80.78304291,67.7590332,80.78979492,18.09264565,80.81395721,51.33997345,80.82070923,23.49895287,80.8442688,107.4962997,80.85102081,21.63829231,
81.00167084,80.35063171,81.00841522,17.86467743,81.03195953,60.41973114,81.03870392,21.33268356,81.06260681,70.64823151,81.0693512,20.44021225,81.09353638,64.97628784,81.1002655,6.450424194,81.22079468,91.0944519,81.22753906,27.50137138,81.19026947,87.06609344,81.19702148,19.14805222,81.15945435,76.00182343,81.16621399,17.38088799,81.12904358,82.35545349,81.13578796,25.52071381,81.2564621,98.82559967,81.26325226,22.72020721,81.28726959,67.756073,81.29402161,18.30285072,81.31796265,49.7351799,81.32470703,24.22264481,81.34812927,109.9691849,81.35487366,18.69682312,
81.50167084,73.08136749,81.50841522,18.808815,81.53226471,58.51535416,81.53903961,27.1094799,81.56253815,71.64486694,81.56926727,13.51569557,81.59218597,69.60463715,81.59893036,12.29095268,81.71793365,98.68395996,81.7246933,16.96151161,81.68795776,72.86791992,81.69470978,18.98601151,81.65744019,80.39311218,81.66418457,19.54759789,81.62704468,98.59262085,81.6337738,27.33135223,81.75404358,98.05782318,81.76077271,23.20522118,81.78379059,70.5440979,81.7905426,19.27419281,81.81420898,59.50487137,81.82093811,25.72786903,81.84537506,101.9279175,81.85210419,20.97561646,
82.00167084,89.76735687,82.00841522,18.08646202,82.03203583,71.09260559,82.03877258,14.4751482,82.06276703,70.33300781,82.06952667,22.67133331,82.09343719,72.32009888,82.10018921,7.72486496,82.22193909,83.47903442,82.22868347,23.09641647,82.19059753,89.62861633,82.19735718,19.35882568,82.16020203,72.99659729,82.16693878,25.20270729,82.12910461,79.15633392,82.13585663,28.68196869,82.25759888,84.78339386,82.26435852,17.26974678,82.28794098,66.31654358,82.29468536,14.51357079,82.3184433,63.51240158,82.32518768,29.15775108,82.34893036,94.67076111,82.35569,18.97899055,
82.50167084,84.11914063,82.50841522,21.60025787,82.53276825,58.34955978,82.53952026,14.79182625,82.56310272,74.80845642,82.56985474,23.71628761,82.59337616,73.30636597,82.60010529,10.49841499,82.72154236,87.02056885,82.72827148,23.49071693,82.69143677,72.47212219,82.69818878,19.89009476,82.66011047,65.99369049,82.66685486,20.31428719,82.62987518,80.66998291,82.63660431,24.03441048,82.75610352,91.24829102,82.76285553,19.83900642,82.78635406,67.68370056,82.79310608,20.12469482,82.81710815,57.75045776,82.82385254,20.63385773,82.84761047,118.7672577,82.85435486,17.01699066,
83.00167084,71.36026001,83.00841522,18.86839867,83.03226471,69.33526611,83.03902435,16.15889931,83.06227112,76.45912933,83.0690155,15.39371681,83.09270477,86.48400116,83.09944153,6.146203995,83.21843719,87.49753571,83.22518921,19.33022308,83.18787384,69.77684021,83.19460297,19.52260971,83.15744019,76.47628021,83.16418457,16.19784927,83.12737274,84.55439758,83.1341095,22.56975365,83.25462341,80.04475403,83.26137543,19.9498806,83.28527069,69.14752197,83.29202271,18.04236984,83.31593323,50.43975449,83.32268524,24.42888451,83.34593964,104.8246918,83.35268402,18.88059425,
83.50167084,92.36042023,83.50841522,27.69854927,83.53362274,71.50496674,83.54037476,17.63499832,83.56327057,63.1788826,83.57002258,24.04663467,83.59377289,67.59514618,83.60051727,6.523165226,83.72154236,88.12667847,83.72827148,17.36610031,83.69059753,64.45127106,83.69735718,17.03371239,83.66053772,71.06767273,83.66726685,28.31464005,83.62976837,89.12902069,83.63652039,22.31677628,83.75710297,95.6968689,83.76384735,17.63324356,83.78743744,77.74268341,83.79418945,16.42700195,83.81771088,60.36182404,83.82444,27.21188927,83.84885406,98.07633972,83.85560608,28.46261787,
84.00167084,75.00971222,84.00841522,14.64108753,84.03285217,72.87326813,84.03960419,18.89932251,84.0629425,74.10590363,84.06968689,16.12266159,84.09377289,79.22690582,84.10051727,9.424918175,84.222435,92.59212494,84.22919464,19.8405571,84.19093323,76.27129364,84.19768524,19.44830132,84.16029358,73.94256592,84.16703796,18.55836487,84.12943268,99.77026367,84.13619232,19.64689255,84.25827026,89.50184631,84.26502228,18.42582321,84.28827667,69.78424835,84.29502106,18.30142212,84.31787109,64.3962326,84.32460022,19.01224327,84.34877014,116.4733353,84.35551453,17.92434883,
84.50167084,72.56311035,84.50841522,17.1833477,84.53321075,68.17224884,84.53993988,20.8514328,84.56362152,75.00481415,84.57038116,16.50564575,84.59394073,88.46302032,84.60070801,11.20910358,84.72120667,90.52742767,84.72793579,16.11557961,84.69104004,71.88187408,84.69779205,15.64258194,84.66060638,79.89704132,84.66735077,17.66877937,84.62976837,85.16633606,84.63652039,28.75668144,84.75759888,102.0191956,84.76435852,18.07730103,84.78801727,61.7628746,84.79476929,20.61525917,84.81910706,47.07910919,84.82585144,25.32738113,84.85054779,119.9984818,84.85726929,24.99775124,
85.00167084,82.0903244,85.00841522,22.48873711,85.03276825,71.34397888,85.03952026,15.14965343,85.06304169,74.44311523,85.06977081,19.10748482,85.09326935,83.42469788,85.10002136,6.381116867,85.22026825,84.35830688,85.22702026,20.16729736,85.19077301,73.4932785,85.1975174,19.68406487,85.15952301,68.548172,85.1662674,22.84746552,85.12904358,80.93733978,85.13577271,27.30827141,85.25576782,77.75284576,85.26252747,14.24060917,85.28743744,64.53722382,85.29418945,16.85515213,85.31726837,48.30125427,85.32402039,29.07780457,85.34762573,111.6876907,85.35437775,15.47995472,
85.50167084,82.55184174,85.50843811,19.93121529,85.53170776,63.50104523,85.53843689,18.03577042,85.56287384,72.44267273,85.56960297,17.04648972,85.59293365,74.01309967,85.5996933,11.34919167,85.7192688,90.11942291,85.72602081,13.27776814,85.68876648,69.48740387,85.69552612,11.83163261,85.65843964,63.67319107,85.66518402,22.65974236,85.62785339,90.37753296,85.63460541,25.65122795,85.75543976,95.05813599,85.76219177,22.12798691,85.78587341,53.50471878,85.79260254,21.84949875,85.81643677,75.49567413,85.82318878,20.60375023,85.8470993,114.0998611,85.85385895,18.58148766,
86.00167084,87.34343719,86.00841522,15.04902172,86.03310394,68.36112213,86.03984833,15.28607464,86.06360626,67.58043671,86.07035065,19.10868454,86.09396362,83.04802704,86.10070801,8.551687241,86.21943665,102.3720169,86.22618866,16.327425,86.18920898,75.76204681,86.19593811,22.05854416,86.15859985,78.84534454,86.1653595,16.67451859,86.128685,74.69203949,86.13544464,21.29961205,86.25510406,81.73205566,86.26185608,19.62525749,86.28687286,71.55387878,86.29360199,18.07510567,86.31777191,56.10938644,86.3245163,23.49589157,86.347435,113.8008728,86.35419464,20.40610886,
86.50167084,80.85101318,86.50841522,17.41884422,86.5322113,72.84577942,86.53894043,19.25078011,86.56246185,72.60814667,86.56920624,18.38212013,86.59352112,83.66978455,86.6002655,10.28220081,86.71894073,87.53368378,86.72568512,20.98649025,86.68860626,80.07505798,86.69535065,22.03907776,86.65776825,70.87723541,86.66452026,16.53908539,86.62729645,92.18027496,86.63404083,25.34897995,86.75493622,91.99810791,86.76168823,15.95131683,86.78543854,67.4756012,86.79219055,21.90580559,86.81535339,72.82938385,86.82210541,26.22402191,86.84609985,100.4455643,86.8528595,21.2600174,
87.00167084,78.35320282,87.00841522,18.62967491,87.03318787,72.43852234,87.03993988,16.93288422,87.06427765,70.91149139,87.07102203,21.18023872,87.09494019,80.41962433,87.10168457,9.738693237,87.22343445,91.1501236,87.23018646,20.00779152,87.19271088,71.71810913,87.19944,17.38332558,87.16143036,73.60209656,87.16819,21.59185028,87.13110352,78.73396301,87.13785553,32.47725677,87.25743866,78.92210388,87.26418304,14.58658791,87.28829193,64.04730225,87.29504395,16.44495964,87.31926727,62.64802933,87.32601929,25.53065491,87.34960175,113.057663,87.35635376,20.75422287,
87.50167084,73.37804413,87.50841522,13.15402317,87.53127289,67.16168976,87.53801727,18.35666466,87.56227112,86.89269257,87.5690155,13.29923248,87.59293365,65.20863342,87.5996933,8.399276733,87.72129059,93.54879761,87.7280426,15.50982094,87.69077301,91.92810822,87.6975174,22.20327568,87.65953827,78.43238068,87.6662674,16.04250145,87.62927246,92.21633148,87.63601685,20.22370148,87.75693512,96.40579987,87.76368713,15.64825916,87.78728485,88.01821136,87.79404449,15.1195364,87.81860352,61.0405426,87.82535553,23.14545441,87.84812927,115.5227814,87.85487366,21.1347065,
88.00167084,86.68128967,88.00841522,15.82250214,88.03210449,83.14688873,88.03884888,20.08911705,88.06210327,91.77071381,88.06885529,15.7734623,88.09254456,69.80756378,88.09926605,9.445191383,88.22060394,85.29584503,88.22734833,18.85032654,88.19013214,69.67707062,88.19687653,18.15276337,88.15893555,78.795784,88.16568756,17.84348106,88.12843323,86.10332489,88.13518524,24.64204025,88.25702667,90.0303421,88.26377106,14.78173733,88.28728485,68.29439545,88.29404449,23.29688454,88.31762695,57.93298721,88.32437134,25.20351028,88.34877014,112.3249741,88.35551453,24.32146072,
88.50167084,68.17295837,88.50841522,19.23028564,88.53160858,70.06394196,88.53835297,15.3346014,88.56210327,71.03290558,88.56885529,18.24377823,88.59260559,78.98722839,88.5993576,5.660071373,88.72068787,107.274765,88.72743988,20.18009758,88.68994141,70.65573883,88.69668579,17.75740433,88.6595993,68.94316101,88.66635895,22.38430595,88.62895203,83.86500549,88.63571167,31.687994,88.75643921,86.8901825,88.76318359,23.34796333,88.78787231,66.96710968,88.79460144,19.93915176,88.81801605,55.19355011,88.8247757,27.16805267,88.84860229,107.9321671,88.85535431,16.1788578,
89.00167084,75.97166443,89.00841522,19.50577164,89.03210449,64.59294891,89.03884888,15.71132469,89.06276703,69.13172913,89.06952667,15.05341148,89.09320831,66.03408813,89.09993744,9.889716148,89.22071075,100.3213654,89.22743988,22.77191734,89.18960571,75.44711304,89.19635773,15.62278461,89.15927124,71.95465088,89.16602325,18.18181801,89.12843323,86.17913055,89.13518524,19.18319893,89.25643921,88.67749023,89.26318359,25.39783096,89.28752136,70.63286591,89.29427338,18.83091927,89.3181076,49.50868607,89.32485199,32.19869995,89.34827423,99.98851776,89.35501862,19.13400269,
89.50167084,83.94514465,89.50841522,15.30443573,89.53276825,69.04562378,89.53952026,18.07028961,89.56343842,80.72297668,89.57019043,20.38254547,89.5942688,66.60804749,89.60102081,10.51026821,89.72112274,88.16893768,89.72787476,19.57911873,89.69026947,66.90537262,89.69702148,25.0131588,89.65943909,71.60395813,89.66618347,21.15577316,89.62809753,89.18215179,89.63485718,24.32830048,89.75670624,89.21043396,89.76343536,25.08416176,89.78752136,70.45891571,89.79427338,15.1227026,89.81793976,61.49173355,89.82469177,21.53146362,89.84877014,113.8236542,89.85551453,18.85418701,
90.00167084,89.7932663,90.00841522,18.63888168,90.03287506,58.42721176,90.03960419,12.72072506,90.06343842,71.57639313,90.07019043,17.76180267,90.09435272,76.3119278,90.10110474,7.895852566,90.22109985,99.99610138,90.2278595,19.3087883,90.19077301,82.41470337,90.1975174,19.35913849,90.16043854,72.65670013,90.16719055,16.3814888,90.12979126,91.14278412,90.13654327,28.13852692,90.25693512,94.74822998,90.26368713,17.23777199,90.28760529,66.00082397,90.29434967,20.94096184,90.31803894,54.52529144,90.3247757,29.55161858,90.34854126,112.193779,90.35527039,21.92765236,

Sample A1_Ex555_Em570,
Sample A1_Ex555_Em570
Collection Time: 07-Feb-24 1:40:07 PM
Operator Name  :
Kinetics Software Version: 1.2(146)
Parameter List :
Report Time: Wed 07 Feb 01:40:07 PM 2024
Software version: 1.2(146)
Operator:
Instrument Parameters
Instrument                        Cary Eclipse
Instrument Serial Number          MY18160001
Data mode                         Fluorescence
Ex. wavelengths (nm)              555.0000 ; 555.0000
Em. wavelengths (nm)              570.0000 ; 670.0000
Ex. Slit (nm)                     5
Em. Slit (nm)                     5
Averaging Time (s)                0.2000
Cycle time(min)                   0.5000
Stop time(min)                    90.0000
Emission filter                   Open
Excitation Filter                 Auto
PMT voltage (V)                   1000
Wellplate                         ON
Plate format                     96 Wells
Read position                    Well centre
Multi-zero                       OFF
Auto-zero                        OFF
Well                            A1
Comments:
Method Log     :
Method Name    : C:\Users\Public\Documents\Agilent\Cary Eclipse WInFLR\Default.FMKN
Date/Time stamp: 18-Oct-18 12:11:51 PM
Method Modifications:
Well plate reader Changed: 07-Feb-24 1:33:15 PM, Old:OFF, New:ON
Multiwavelength Changed: 07-Feb-24 1:33:15 PM, Old:OFF, New:ON
Excitation Wavelengths 1 Changed: 07-Feb-24 1:33:15 PM, Old:   350.0000, New:   555.0000
Emission Wavelengths 1 Changed: 07-Feb-24 1:33:15 PM, Old:   450.0000, New:   570.0000
Excitation Wavelengths 2 Changed: 07-Feb-24 1:33:15 PM, Old:   360.0000, New:   555.0000
Emission Wavelengths 2 Changed: 07-Feb-24 1:33:15 PM, Old:   460.0000, New:   670.0000
Excitation Wavelength Changed: 07-Feb-24 1:33:15 PM, Old: 400.00, New: 555.00
Emission Wavelength Changed: 07-Feb-24 1:33:15 PM, Old: 600.00, New: 570.00
Cycle Time 1 Changed: 07-Feb-24 1:33:15 PM, Old: 0.0000, New: 0.5000
Stop Time 1 Changed: 07-Feb-24 1:33:15 PM, Old: 1.0000, New:90.0000
Wellplate Samples Changed: 07-Feb-24 1:33:15 PM, Old:, New:A1;A2;A3;A4;B1;B2;B3;B4;C1;C2;C3;C4;
PMT Volts Changed: 07-Feb-24 1:34:16 PM, Old:600, New:800
Emission PMT (V): Changed: 07-Feb-24 1:34:16 PM, Old: 600, New: 800
PMT Volts Changed: 07-Feb-24 1:36:47 PM, Old:800, New:1000
Emission PMT (V): Changed: 07-Feb-24 1:36:47 PM, Old: 800, New:1000
Ave. time (s): Changed: 07-Feb-24 1:38:54 PM, Old:0.10000, New:0.20000
End Method Modifications

Sample A1_Ex555_Em670,
Sample A1_Ex555_Em670
Collection Time: 07-Feb-24 1:40:07 PM
Operator Name  :
Kinetics Software Version: 1.2(146)
Parameter List :
Report Time: Wed 07 Feb 01:40:07 PM 2024
Software version: 1.2(146)
Operator:
Instrument Parameters
Instrument                        Cary Eclipse
Instrument Serial Number          MY18160001
Data mode                         Fluorescence
Ex. wavelengths (nm)              555.0000 ; 555.0000
Em. wavelengths (nm)              570.0000 ; 670.0000
Ex. Slit (nm)                     5
Em. Slit (nm)                     5
Averaging Time (s)                0.2000
Cycle time(min)                   0.5000
Stop time(min)                    90.0000
Emission filter                   Open
Excitation Filter                 Auto
PMT voltage (V)                   1000
Wellplate                         ON
Plate format                     96 Wells
Read position                    Well centre
Multi-zero                       OFF
Auto-zero                        OFF
Well                            A1
Comments:
Method Log     :
Method Name    : C:\Users\Public\Documents\Agilent\Cary Eclipse WInFLR\Default.FMKN
Date/Time stamp: 18-Oct-18 12:11:51 PM
Method Modifications:
Well plate reader Changed: 07-Feb-24 1:33:15 PM, Old:OFF, New:ON
Multiwavelength Changed: 07-Feb-24 1:33:15 PM, Old:OFF, New:ON
Excitation Wavelengths 1 Changed: 07-Feb-24 1:33:15 PM, Old:   350.0000, New:   555.0000
Emission Wavelengths 1 Changed: 07-Feb-24 1:33:15 PM, Old:   450.0000, New:   570.0000
Excitation Wavelengths 2 Changed: 07-Feb-24 1:33:15 PM, Old:   360.0000, New:   555.0000
Emission Wavelengths 2 Changed: 07-Feb-24 1:33:15 PM, Old:   460.0000, New:   670.0000
Excitation Wavelength Changed: 07-Feb-24 1:33:15 PM, Old: 400.00, New: 555.00
Emission Wavelength Changed: 07-Feb-24 1:33:15 PM, Old: 600.00, New: 570.00
Cycle Time 1 Changed: 07-Feb-24 1:33:15 PM, Old: 0.0000, New: 0.5000
Stop Time 1 Changed: 07-Feb-24 1:33:15 PM, Old: 1.0000, New:90.0000
Wellplate Samples Changed: 07-Feb-24 1:33:15 PM, Old:, New:A1;A2;A3;A4;B1;B2;B3;B4;C1;C2;C3;C4;
PMT Volts Changed: 07-Feb-24 1:34:16 PM, Old:600, New:800
Emission PMT (V): Changed: 07-Feb-24 1:34:16 PM, Old: 600, New: 800
PMT Volts Changed: 07-Feb-24 1:36:47 PM, Old:800, New:1000
Emission PMT (V): Changed: 07-Feb-24 1:36:47 PM, Old: 800, New:1000
Ave. time (s): Changed: 07-Feb-24 1:38:54 PM, Old:0.10000, New:0.20000
End Method Modifications

Sample A2_Ex555_Em570,
Sample A2_Ex555_Em570
Collection Time: 07-Feb-24 1:40:07 PM
Operator Name  :
Kinetics Software Version: 1.2(146)
Parameter List :
Report Time: Wed 07 Feb 01:40:07 PM 2024
Software version: 1.2(146)
Operator:
Instrument Parameters
Instrument                        Cary Eclipse
Instrument Serial Number          MY18160001
Data mode                         Fluorescence
Ex. wavelengths (nm)              555.0000 ; 555.0000
Em. wavelengths (nm)              570.0000 ; 670.0000
Ex. Slit (nm)                     5
Em. Slit (nm)                     5
Averaging Time (s)                0.2000
Cycle time(min)                   0.5000
Stop time(min)                    90.0000
Emission filter                   Open
Excitation Filter                 Auto
PMT voltage (V)                   1000
Wellplate                         ON
Plate format                     96 Wells
Read position                    Well centre
Multi-zero                       OFF
Auto-zero                        OFF
Well                            A1
Comments:
Method Log     :
Method Name    : C:\Users\Public\Documents\Agilent\Cary Eclipse WInFLR\Default.FMKN
Date/Time stamp: 18-Oct-18 12:11:51 PM
Method Modifications:
Well plate reader Changed: 07-Feb-24 1:33:15 PM, Old:OFF, New:ON
Multiwavelength Changed: 07-Feb-24 1:33:15 PM, Old:OFF, New:ON
Excitation Wavelengths 1 Changed: 07-Feb-24 1:33:15 PM, Old:   350.0000, New:   555.0000
Emission Wavelengths 1 Changed: 07-Feb-24 1:33:15 PM, Old:   450.0000, New:   570.0000
Excitation Wavelengths 2 Changed: 07-Feb-24 1:33:15 PM, Old:   360.0000, New:   555.0000
Emission Wavelengths 2 Changed: 07-Feb-24 1:33:15 PM, Old:   460.0000, New:   670.0000
Excitation Wavelength Changed: 07-Feb-24 1:33:15 PM, Old: 400.00, New: 555.00
Emission Wavelength Changed: 07-Feb-24 1:33:15 PM, Old: 600.00, New: 570.00
Cycle Time 1 Changed: 07-Feb-24 1:33:15 PM, Old: 0.0000, New: 0.5000
Stop Time 1 Changed: 07-Feb-24 1:33:15 PM, Old: 1.0000, New:90.0000
Wellplate Samples Changed: 07-Feb-24 1:33:15 PM, Old:, New:A1;A2;A3;A4;B1;B2;B3;B4;C1;C2;C3;C4;
PMT Volts Changed: 07-Feb-24 1:34:16 PM, Old:600, New:800
Emission PMT (V): Changed: 07-Feb-24 1:34:16 PM, Old: 600, New: 800
PMT Volts Changed: 07-Feb-24 1:36:47 PM, Old:800, New:1000
Emission PMT (V): Changed: 07-Feb-24 1:36:47 PM, Old: 800, New:1000
Ave. time (s): Changed: 07-Feb-24 1:38:54 PM, Old:0.10000, New:0.20000
End Method Modifications

Sample A2_Ex555_Em670,
Sample A2_Ex555_Em670
Collection Time: 07-Feb-24 1:40:07 PM
Operator Name  :
Kinetics Software Version: 1.2(146)
Parameter List :
Report Time: Wed 07 Feb 01:40:07 PM 2024
Software version: 1.2(146)
Operator:
Instrument Parameters
Instrument                        Cary Eclipse
Instrument Serial Number          MY18160001
Data mode                         Fluorescence
Ex. wavelengths (nm)              555.0000 ; 555.0000
Em. wavelengths (nm)              570.0000 ; 670.0000
Ex. Slit (nm)                     5
Em. Slit (nm)                     5
Averaging Time (s)                0.2000
Cycle time(min)                   0.5000
Stop time(min)                    90.0000
Emission filter                   Open
Excitation Filter                 Auto
PMT voltage (V)                   1000
Wellplate                         ON
Plate format                     96 Wells
Read position                    Well centre
Multi-zero                       OFF
Auto-zero                        OFF
Well                            A1
Comments:
Method Log     :
Method Name    : C:\Users\Public\Documents\Agilent\Cary Eclipse WInFLR\Default.FMKN
Date/Time stamp: 18-Oct-18 12:11:51 PM
Method Modifications:
Well plate reader Changed: 07-Feb-24 1:33:15 PM, Old:OFF, New:ON
Multiwavelength Changed: 07-Feb-24 1:33:15 PM, Old:OFF, New:ON
Excitation Wavelengths 1 Changed: 07-Feb-24 1:33:15 PM, Old:   350.0000, New:   555.0000
Emission Wavelengths 1 Changed: 07-Feb-24 1:33:15 PM, Old:   450.0000, New:   570.0000
Excitation Wavelengths 2 Changed: 07-Feb-24 1:33:15 PM, Old:   360.0000, New:   555.0000
Emission Wavelengths 2 Changed: 07-Feb-24 1:33:15 PM, Old:   460.0000, New:   670.0000
Excitation Wavelength Changed: 07-Feb-24 1:33:15 PM, Old: 400.00, New: 555.00
Emission Wavelength Changed: 07-Feb-24 1:33:15 PM, Old: 600.00, New: 570.00
Cycle Time 1 Changed: 07-Feb-24 1:33:15 PM, Old: 0.0000, New: 0.5000
Stop Time 1 Changed: 07-Feb-24 1:33:15 PM, Old: 1.0000, New:90.0000
Wellplate Samples Changed: 07-Feb-24 1:33:15 PM, Old:, New:A1;A2;A3;A4;B1;B2;B3;B4;C1;C2;C3;C4;
PMT Volts Changed: 07-Feb-24 1:34:16 PM, Old:600, New:800
Emission PMT (V): Changed: 07-Feb-24 1:34:16 PM, Old: 600, New: 800
PMT Volts Changed: 07-Feb-24 1:36:47 PM, Old:800, New:1000
Emission PMT (V): Changed: 07-Feb-24 1:36:47 PM, Old: 800, New:1000
Ave. time (s): Changed: 07-Feb-24 1:38:54 PM, Old:0.10000, New:0.20000
End Method Modifications

Sample A3_Ex555_Em570,
Sample A3_Ex555_Em570
Collection Time: 07-Feb-24 1:40:07 PM
Operator Name  :
Kinetics Software Version: 1.2(146)
Parameter List :
Report Time: Wed 07 Feb 01:40:07 PM 2024
Software version: 1.2(146)
Operator:
Instrument Parameters
Instrument                        Cary Eclipse
Instrument Serial Number          MY18160001
Data mode                         Fluorescence
Ex. wavelengths (nm)              555.0000 ; 555.0000
Em. wavelengths (nm)              570.0000 ; 670.0000
Ex. Slit (nm)                     5
Em. Slit (nm)                     5
Averaging Time (s)                0.2000
Cycle time(min)                   0.5000
Stop time(min)                    90.0000
Emission filter                   Open
Excitation Filter                 Auto
PMT voltage (V)                   1000
Wellplate                         ON
Plate format                     96 Wells
Read position                    Well centre
Multi-zero                       OFF
Auto-zero                        OFF
Well                            A1
Comments:
Method Log     :
Method Name    : C:\Users\Public\Documents\Agilent\Cary Eclipse WInFLR\Default.FMKN
Date/Time stamp: 18-Oct-18 12:11:51 PM
Method Modifications:
Well plate reader Changed: 07-Feb-24 1:33:15 PM, Old:OFF, New:ON
Multiwavelength Changed: 07-Feb-24 1:33:15 PM, Old:OFF, New:ON
Excitation Wavelengths 1 Changed: 07-Feb-24 1:33:15 PM, Old:   350.0000, New:   555.0000
Emission Wavelengths 1 Changed: 07-Feb-24 1:33:15 PM, Old:   450.0000, New:   570.0000
Excitation Wavelengths 2 Changed: 07-Feb-24 1:33:15 PM, Old:   360.0000, New:   555.0000
Emission Wavelengths 2 Changed: 07-Feb-24 1:33:15 PM, Old:   460.0000, New:   670.0000
Excitation Wavelength Changed: 07-Feb-24 1:33:15 PM, Old: 400.00, New: 555.00
Emission Wavelength Changed: 07-Feb-24 1:33:15 PM, Old: 600.00, New: 570.00
Cycle Time 1 Changed: 07-Feb-24 1:33:15 PM, Old: 0.0000, New: 0.5000
Stop Time 1 Changed: 07-Feb-24 1:33:15 PM, Old: 1.0000, New:90.0000
Wellplate Samples Changed: 07-Feb-24 1:33:15 PM, Old:, New:A1;A2;A3;A4;B1;B2;B3;B4;C1;C2;C3;C4;
PMT Volts Changed: 07-Feb-24 1:34:16 PM, Old:600, New:800
Emission PMT (V): Changed: 07-Feb-24 1:34:16 PM, Old: 600, New: 800
PMT Volts Changed: 07-Feb-24 1:36:47 PM, Old:800, New:1000
Emission PMT (V): Changed: 07-Feb-24 1:36:47 PM, Old: 800, New:1000
Ave. time (s): Changed: 07-Feb-24 1:38:54 PM, Old:0.10000, New:0.20000
End Method Modifications

Sample A3_Ex555_Em670,
Sample A3_Ex555_Em670
Collection Time: 07-Feb-24 1:40:07 PM
Operator Name  :
Kinetics Software Version: 1.2(146)
Parameter List :
Report Time: Wed 07 Feb 01:40:07 PM 2024
Software version: 1.2(146)
Operator:
Instrument Parameters
Instrument                        Cary Eclipse
Instrument Serial Number          MY18160001
Data mode                         Fluorescence
Ex. wavelengths (nm)              555.0000 ; 555.0000
Em. wavelengths (nm)              570.0000 ; 670.0000
Ex. Slit (nm)                     5
Em. Slit (nm)                     5
Averaging Time (s)                0.2000
Cycle time(min)                   0.5000
Stop time(min)                    90.0000
Emission filter                   Open
Excitation Filter                 Auto
PMT voltage (V)                   1000
Wellplate                         ON
Plate format                     96 Wells
Read position                    Well centre
Multi-zero                       OFF
Auto-zero                        OFF
Well                            A1
Comments:
Method Log     :
Method Name    : C:\Users\Public\Documents\Agilent\Cary Eclipse WInFLR\Default.FMKN
Date/Time stamp: 18-Oct-18 12:11:51 PM
Method Modifications:
Well plate reader Changed: 07-Feb-24 1:33:15 PM, Old:OFF, New:ON
Multiwavelength Changed: 07-Feb-24 1:33:15 PM, Old:OFF, New:ON
Excitation Wavelengths 1 Changed: 07-Feb-24 1:33:15 PM, Old:   350.0000, New:   555.0000
Emission Wavelengths 1 Changed: 07-Feb-24 1:33:15 PM, Old:   450.0000, New:   570.0000
Excitation Wavelengths 2 Changed: 07-Feb-24 1:33:15 PM, Old:   360.0000, New:   555.0000
Emission Wavelengths 2 Changed: 07-Feb-24 1:33:15 PM, Old:   460.0000, New:   670.0000
Excitation Wavelength Changed: 07-Feb-24 1:33:15 PM, Old: 400.00, New: 555.00
Emission Wavelength Changed: 07-Feb-24 1:33:15 PM, Old: 600.00, New: 570.00
Cycle Time 1 Changed: 07-Feb-24 1:33:15 PM, Old: 0.0000, New: 0.5000
Stop Time 1 Changed: 07-Feb-24 1:33:15 PM, Old: 1.0000, New:90.0000
Wellplate Samples Changed: 07-Feb-24 1:33:15 PM, Old:, New:A1;A2;A3;A4;B1;B2;B3;B4;C1;C2;C3;C4;
PMT Volts Changed: 07-Feb-24 1:34:16 PM, Old:600, New:800
Emission PMT (V): Changed: 07-Feb-24 1:34:16 PM, Old: 600, New: 800
PMT Volts Changed: 07-Feb-24 1:36:47 PM, Old:800, New:1000
Emission PMT (V): Changed: 07-Feb-24 1:36:47 PM, Old: 800, New:1000
Ave. time (s): Changed: 07-Feb-24 1:38:54 PM, Old:0.10000, New:0.20000
End Method Modifications

Sample A4_Ex555_Em570,
Sample A4_Ex555_Em570
Collection Time: 07-Feb-24 1:40:07 PM
Operator Name  :
Kinetics Software Version: 1.2(146)
Parameter List :
Report Time: Wed 07 Feb 01:40:07 PM 2024
Software version: 1.2(146)
Operator:
Instrument Parameters
Instrument                        Cary Eclipse
Instrument Serial Number          MY18160001
Data mode                         Fluorescence
Ex. wavelengths (nm)              555.0000 ; 555.0000
Em. wavelengths (nm)              570.0000 ; 670.0000
Ex. Slit (nm)                     5
Em. Slit (nm)                     5
Averaging Time (s)                0.2000
Cycle time(min)                   0.5000
Stop time(min)                    90.0000
Emission filter                   Open
Excitation Filter                 Auto
PMT voltage (V)                   1000
Wellplate                         ON
Plate format                     96 Wells
Read position                    Well centre
Multi-zero                       OFF
Auto-zero                        OFF
Well                            A1
Comments:
Method Log     :
Method Name    : C:\Users\Public\Documents\Agilent\Cary Eclipse WInFLR\Default.FMKN
Date/Time stamp: 18-Oct-18 12:11:51 PM
Method Modifications:
Well plate reader Changed: 07-Feb-24 1:33:15 PM, Old:OFF, New:ON
Multiwavelength Changed: 07-Feb-24 1:33:15 PM, Old:OFF, New:ON
Excitation Wavelengths 1 Changed: 07-Feb-24 1:33:15 PM, Old:   350.0000, New:   555.0000
Emission Wavelengths 1 Changed: 07-Feb-24 1:33:15 PM, Old:   450.0000, New:   570.0000
Excitation Wavelengths 2 Changed: 07-Feb-24 1:33:15 PM, Old:   360.0000, New:   555.0000
Emission Wavelengths 2 Changed: 07-Feb-24 1:33:15 PM, Old:   460.0000, New:   670.0000
Excitation Wavelength Changed: 07-Feb-24 1:33:15 PM, Old: 400.00, New: 555.00
Emission Wavelength Changed: 07-Feb-24 1:33:15 PM, Old: 600.00, New: 570.00
Cycle Time 1 Changed: 07-Feb-24 1:33:15 PM, Old: 0.0000, New: 0.5000
Stop Time 1 Changed: 07-Feb-24 1:33:15 PM, Old: 1.0000, New:90.0000
Wellplate Samples Changed: 07-Feb-24 1:33:15 PM, Old:, New:A1;A2;A3;A4;B1;B2;B3;B4;C1;C2;C3;C4;
PMT Volts Changed: 07-Feb-24 1:34:16 PM, Old:600, New:800
Emission PMT (V): Changed: 07-Feb-24 1:34:16 PM, Old: 600, New: 800
PMT Volts Changed: 07-Feb-24 1:36:47 PM, Old:800, New:1000
Emission PMT (V): Changed: 07-Feb-24 1:36:47 PM, Old: 800, New:1000
Ave. time (s): Changed: 07-Feb-24 1:38:54 PM, Old:0.10000, New:0.20000
End Method Modifications

Sample A4_Ex555_Em670,
Sample A4_Ex555_Em670
Collection Time: 07-Feb-24 1:40:07 PM
Operator Name  :
Kinetics Software Version: 1.2(146)
Parameter List :
Report Time: Wed 07 Feb 01:40:07 PM 2024
Software version: 1.2(146)
Operator:
Instrument Parameters
Instrument                        Cary Eclipse
Instrument Serial Number          MY18160001
Data mode                         Fluorescence
Ex. wavelengths (nm)              555.0000 ; 555.0000
Em. wavelengths (nm)              570.0000 ; 670.0000
Ex. Slit (nm)                     5
Em. Slit (nm)                     5
Averaging Time (s)                0.2000
Cycle time(min)                   0.5000
Stop time(min)                    90.0000
Emission filter                   Open
Excitation Filter                 Auto
PMT voltage (V)                   1000
Wellplate                         ON
Plate format                     96 Wells
Read position                    Well centre
Multi-zero                       OFF
Auto-zero                        OFF
Well                            A1
Comments:
Method Log     :
Method Name    : C:\Users\Public\Documents\Agilent\Cary Eclipse WInFLR\Default.FMKN
Date/Time stamp: 18-Oct-18 12:11:51 PM
Method Modifications:
Well plate reader Changed: 07-Feb-24 1:33:15 PM, Old:OFF, New:ON
Multiwavelength Changed: 07-Feb-24 1:33:15 PM, Old:OFF, New:ON
Excitation Wavelengths 1 Changed: 07-Feb-24 1:33:15 PM, Old:   350.0000, New:   555.0000
Emission Wavelengths 1 Changed: 07-Feb-24 1:33:15 PM, Old:   450.0000, New:   570.0000
Excitation Wavelengths 2 Changed: 07-Feb-24 1:33:15 PM, Old:   360.0000, New:   555.0000
Emission Wavelengths 2 Changed: 07-Feb-24 1:33:15 PM, Old:   460.0000, New:   670.0000
Excitation Wavelength Changed: 07-Feb-24 1:33:15 PM, Old: 400.00, New: 555.00
Emission Wavelength Changed: 07-Feb-24 1:33:15 PM, Old: 600.00, New: 570.00
Cycle Time 1 Changed: 07-Feb-24 1:33:15 PM, Old: 0.0000, New: 0.5000
Stop Time 1 Changed: 07-Feb-24 1:33:15 PM, Old: 1.0000, New:90.0000
Wellplate Samples Changed: 07-Feb-24 1:33:15 PM, Old:, New:A1;A2;A3;A4;B1;B2;B3;B4;C1;C2;C3;C4;
PMT Volts Changed: 07-Feb-24 1:34:16 PM, Old:600, New:800
Emission PMT (V): Changed: 07-Feb-24 1:34:16 PM, Old: 600, New: 800
PMT Volts Changed: 07-Feb-24 1:36:47 PM, Old:800, New:1000
Emission PMT (V): Changed: 07-Feb-24 1:36:47 PM, Old: 800, New:1000
Ave. time (s): Changed: 07-Feb-24 1:38:54 PM, Old:0.10000, New:0.20000
End Method Modifications

Sample B1_Ex555_Em570,
Sample B1_Ex555_Em570
Collection Time: 07-Feb-24 1:40:07 PM
Operator Name  :
Kinetics Software Version: 1.2(146)
Parameter List :
Report Time: Wed 07 Feb 01:40:07 PM 2024
Software version: 1.2(146)
Operator:
Instrument Parameters
Instrument                        Cary Eclipse
Instrument Serial Number          MY18160001
Data mode                         Fluorescence
Ex. wavelengths (nm)              555.0000 ; 555.0000
Em. wavelengths (nm)              570.0000 ; 670.0000
Ex. Slit (nm)                     5
Em. Slit (nm)                     5
Averaging Time (s)                0.2000
Cycle time(min)                   0.5000
Stop time(min)                    90.0000
Emission filter                   Open
Excitation Filter                 Auto
PMT voltage (V)                   1000
Wellplate                         ON
Plate format                     96 Wells
Read position                    Well centre
Multi-zero                       OFF
Auto-zero                        OFF
Well                            A1
Comments:
Method Log     :
Method Name    : C:\Users\Public\Documents\Agilent\Cary Eclipse WInFLR\Default.FMKN
Date/Time stamp: 18-Oct-18 12:11:51 PM
Method Modifications:
Well plate reader Changed: 07-Feb-24 1:33:15 PM, Old:OFF, New:ON
Multiwavelength Changed: 07-Feb-24 1:33:15 PM, Old:OFF, New:ON
Excitation Wavelengths 1 Changed: 07-Feb-24 1:33:15 PM, Old:   350.0000, New:   555.0000
Emission Wavelengths 1 Changed: 07-Feb-24 1:33:15 PM, Old:   450.0000, New:   570.0000
Excitation Wavelengths 2 Changed: 07-Feb-24 1:33:15 PM, Old:   360.0000, New:   555.0000
Emission Wavelengths 2 Changed: 07-Feb-24 1:33:15 PM, Old:   460.0000, New:   670.0000
Excitation Wavelength Changed: 07-Feb-24 1:33:15 PM, Old: 400.00, New: 555.00
Emission Wavelength Changed: 07-Feb-24 1:33:15 PM, Old: 600.00, New: 570.00
Cycle Time 1 Changed: 07-Feb-24 1:33:15 PM, Old: 0.0000, New: 0.5000
Stop Time 1 Changed: 07-Feb-24 1:33:15 PM, Old: 1.0000, New:90.0000
Wellplate Samples Changed: 07-Feb-24 1:33:15 PM, Old:, New:A1;A2;A3;A4;B1;B2;B3;B4;C1;C2;C3;C4;
PMT Volts Changed: 07-Feb-24 1:34:16 PM, Old:600, New:800
Emission PMT (V): Changed: 07-Feb-24 1:34:16 PM, Old: 600, New: 800
PMT Volts Changed: 07-Feb-24 1:36:47 PM, Old:800, New:1000
Emission PMT (V): Changed: 07-Feb-24 1:36:47 PM, Old: 800, New:1000
Ave. time (s): Changed: 07-Feb-24 1:38:54 PM, Old:0.10000, New:0.20000
End Method Modifications

Sample B1_Ex555_Em670,
Sample B1_Ex555_Em670
Collection Time: 07-Feb-24 1:40:07 PM
Operator Name  :
Kinetics Software Version: 1.2(146)
Parameter List :
Report Time: Wed 07 Feb 01:40:07 PM 2024
Software version: 1.2(146)
Operator:
Instrument Parameters
Instrument                        Cary Eclipse
Instrument Serial Number          MY18160001
Data mode                         Fluorescence
Ex. wavelengths (nm)              555.0000 ; 555.0000
Em. wavelengths (nm)              570.0000 ; 670.0000
Ex. Slit (nm)                     5
Em. Slit (nm)                     5
Averaging Time (s)                0.2000
Cycle time(min)                   0.5000
Stop time(min)                    90.0000
Emission filter                   Open
Excitation Filter                 Auto
PMT voltage (V)                   1000
Wellplate                         ON
Plate format                     96 Wells
Read position                    Well centre
Multi-zero                       OFF
Auto-zero                        OFF
Well                            A1
Comments:
Method Log     :
Method Name    : C:\Users\Public\Documents\Agilent\Cary Eclipse WInFLR\Default.FMKN
Date/Time stamp: 18-Oct-18 12:11:51 PM
Method Modifications:
Well plate reader Changed: 07-Feb-24 1:33:15 PM, Old:OFF, New:ON
Multiwavelength Changed: 07-Feb-24 1:33:15 PM, Old:OFF, New:ON
Excitation Wavelengths 1 Changed: 07-Feb-24 1:33:15 PM, Old:   350.0000, New:   555.0000
Emission Wavelengths 1 Changed: 07-Feb-24 1:33:15 PM, Old:   450.0000, New:   570.0000
Excitation Wavelengths 2 Changed: 07-Feb-24 1:33:15 PM, Old:   360.0000, New:   555.0000
Emission Wavelengths 2 Changed: 07-Feb-24 1:33:15 PM, Old:   460.0000, New:   670.0000
Excitation Wavelength Changed: 07-Feb-24 1:33:15 PM, Old: 400.00, New: 555.00
Emission Wavelength Changed: 07-Feb-24 1:33:15 PM, Old: 600.00, New: 570.00
Cycle Time 1 Changed: 07-Feb-24 1:33:15 PM, Old: 0.0000, New: 0.5000
Stop Time 1 Changed: 07-Feb-24 1:33:15 PM, Old: 1.0000, New:90.0000
Wellplate Samples Changed: 07-Feb-24 1:33:15 PM, Old:, New:A1;A2;A3;A4;B1;B2;B3;B4;C1;C2;C3;C4;
PMT Volts Changed: 07-Feb-24 1:34:16 PM, Old:600, New:800
Emission PMT (V): Changed: 07-Feb-24 1:34:16 PM, Old: 600, New: 800
PMT Volts Changed: 07-Feb-24 1:36:47 PM, Old:800, New:1000
Emission PMT (V): Changed: 07-Feb-24 1:36:47 PM, Old: 800, New:1000
Ave. time (s): Changed: 07-Feb-24 1:38:54 PM, Old:0.10000, New:0.20000
End Method Modifications

Sample B2_Ex555_Em570,
Sample B2_Ex555_Em570
Collection Time: 07-Feb-24 1:40:07 PM
Operator Name  :
Kinetics Software Version: 1.2(146)
Parameter List :
Report Time: Wed 07 Feb 01:40:07 PM 2024
Software version: 1.2(146)
Operator:
Instrument Parameters
Instrument                        Cary Eclipse
Instrument Serial Number          MY18160001
Data mode                         Fluorescence
Ex. wavelengths (nm)              555.0000 ; 555.0000
Em. wavelengths (nm)              570.0000 ; 670.0000
Ex. Slit (nm)                     5
Em. Slit (nm)                     5
Averaging Time (s)                0.2000
Cycle time(min)                   0.5000
Stop time(min)                    90.0000
Emission filter                   Open
Excitation Filter                 Auto
PMT voltage (V)                   1000
Wellplate                         ON
Plate format                     96 Wells
Read position                    Well centre
Multi-zero                       OFF
Auto-zero                        OFF
Well                            A1
Comments:
Method Log     :
Method Name    : C:\Users\Public\Documents\Agilent\Cary Eclipse WInFLR\Default.FMKN
Date/Time stamp: 18-Oct-18 12:11:51 PM
Method Modifications:
Well plate reader Changed: 07-Feb-24 1:33:15 PM, Old:OFF, New:ON
Multiwavelength Changed: 07-Feb-24 1:33:15 PM, Old:OFF, New:ON
Excitation Wavelengths 1 Changed: 07-Feb-24 1:33:15 PM, Old:   350.0000, New:   555.0000
Emission Wavelengths 1 Changed: 07-Feb-24 1:33:15 PM, Old:   450.0000, New:   570.0000
Excitation Wavelengths 2 Changed: 07-Feb-24 1:33:15 PM, Old:   360.0000, New:   555.0000
Emission Wavelengths 2 Changed: 07-Feb-24 1:33:15 PM, Old:   460.0000, New:   670.0000
Excitation Wavelength Changed: 07-Feb-24 1:33:15 PM, Old: 400.00, New: 555.00
Emission Wavelength Changed: 07-Feb-24 1:33:15 PM, Old: 600.00, New: 570.00
Cycle Time 1 Changed: 07-Feb-24 1:33:15 PM, Old: 0.0000, New: 0.5000
Stop Time 1 Changed: 07-Feb-24 1:33:15 PM, Old: 1.0000, New:90.0000
Wellplate Samples Changed: 07-Feb-24 1:33:15 PM, Old:, New:A1;A2;A3;A4;B1;B2;B3;B4;C1;C2;C3;C4;
PMT Volts Changed: 07-Feb-24 1:34:16 PM, Old:600, New:800
Emission PMT (V): Changed: 07-Feb-24 1:34:16 PM, Old: 600, New: 800
PMT Volts Changed: 07-Feb-24 1:36:47 PM, Old:800, New:1000
Emission PMT (V): Changed: 07-Feb-24 1:36:47 PM, Old: 800, New:1000
Ave. time (s): Changed: 07-Feb-24 1:38:54 PM, Old:0.10000, New:0.20000
End Method Modifications

Sample B2_Ex555_Em670,
Sample B2_Ex555_Em670
Collection Time: 07-Feb-24 1:40:07 PM
Operator Name  :
Kinetics Software Version: 1.2(146)
Parameter List :
Report Time: Wed 07 Feb 01:40:07 PM 2024
Software version: 1.2(146)
Operator:
Instrument Parameters
Instrument                        Cary Eclipse
Instrument Serial Number          MY18160001
Data mode                         Fluorescence
Ex. wavelengths (nm)              555.0000 ; 555.0000
Em. wavelengths (nm)              570.0000 ; 670.0000
Ex. Slit (nm)                     5
Em. Slit (nm)                     5
Averaging Time (s)                0.2000
Cycle time(min)                   0.5000
Stop time(min)                    90.0000
Emission filter                   Open
Excitation Filter                 Auto
PMT voltage (V)                   1000
Wellplate                         ON
Plate format                     96 Wells
Read position                    Well centre
Multi-zero                       OFF
Auto-zero                        OFF
Well                            A1
Comments:
Method Log     :
Method Name    : C:\Users\Public\Documents\Agilent\Cary Eclipse WInFLR\Default.FMKN
Date/Time stamp: 18-Oct-18 12:11:51 PM
Method Modifications:
Well plate reader Changed: 07-Feb-24 1:33:15 PM, Old:OFF, New:ON
Multiwavelength Changed: 07-Feb-24 1:33:15 PM, Old:OFF, New:ON
Excitation Wavelengths 1 Changed: 07-Feb-24 1:33:15 PM, Old:   350.0000, New:   555.0000
Emission Wavelengths 1 Changed: 07-Feb-24 1:33:15 PM, Old:   450.0000, New:   570.0000
Excitation Wavelengths 2 Changed: 07-Feb-24 1:33:15 PM, Old:   360.0000, New:   555.0000
Emission Wavelengths 2 Changed: 07-Feb-24 1:33:15 PM, Old:   460.0000, New:   670.0000
Excitation Wavelength Changed: 07-Feb-24 1:33:15 PM, Old: 400.00, New: 555.00
Emission Wavelength Changed: 07-Feb-24 1:33:15 PM, Old: 600.00, New: 570.00
Cycle Time 1 Changed: 07-Feb-24 1:33:15 PM, Old: 0.0000, New: 0.5000
Stop Time 1 Changed: 07-Feb-24 1:33:15 PM, Old: 1.0000, New:90.0000
Wellplate Samples Changed: 07-Feb-24 1:33:15 PM, Old:, New:A1;A2;A3;A4;B1;B2;B3;B4;C1;C2;C3;C4;
PMT Volts Changed: 07-Feb-24 1:34:16 PM, Old:600, New:800
Emission PMT (V): Changed: 07-Feb-24 1:34:16 PM, Old: 600, New: 800
PMT Volts Changed: 07-Feb-24 1:36:47 PM, Old:800, New:1000
Emission PMT (V): Changed: 07-Feb-24 1:36:47 PM, Old: 800, New:1000
Ave. time (s): Changed: 07-Feb-24 1:38:54 PM, Old:0.10000, New:0.20000
End Method Modifications

Sample B3_Ex555_Em570,
Sample B3_Ex555_Em570
Collection Time: 07-Feb-24 1:40:07 PM
Operator Name  :
Kinetics Software Version: 1.2(146)
Parameter List :
Report Time: Wed 07 Feb 01:40:07 PM 2024
Software version: 1.2(146)
Operator:
Instrument Parameters
Instrument                        Cary Eclipse
Instrument Serial Number          MY18160001
Data mode                         Fluorescence
Ex. wavelengths (nm)              555.0000 ; 555.0000
Em. wavelengths (nm)              570.0000 ; 670.0000
Ex. Slit (nm)                     5
Em. Slit (nm)                     5
Averaging Time (s)                0.2000
Cycle time(min)                   0.5000
Stop time(min)                    90.0000
Emission filter                   Open
Excitation Filter                 Auto
PMT voltage (V)                   1000
Wellplate                         ON
Plate format                     96 Wells
Read position                    Well centre
Multi-zero                       OFF
Auto-zero                        OFF
Well                            A1
Comments:
Method Log     :
Method Name    : C:\Users\Public\Documents\Agilent\Cary Eclipse WInFLR\Default.FMKN
Date/Time stamp: 18-Oct-18 12:11:51 PM
Method Modifications:
Well plate reader Changed: 07-Feb-24 1:33:15 PM, Old:OFF, New:ON
Multiwavelength Changed: 07-Feb-24 1:33:15 PM, Old:OFF, New:ON
Excitation Wavelengths 1 Changed: 07-Feb-24 1:33:15 PM, Old:   350.0000, New:   555.0000
Emission Wavelengths 1 Changed: 07-Feb-24 1:33:15 PM, Old:   450.0000, New:   570.0000
Excitation Wavelengths 2 Changed: 07-Feb-24 1:33:15 PM, Old:   360.0000, New:   555.0000
Emission Wavelengths 2 Changed: 07-Feb-24 1:33:15 PM, Old:   460.0000, New:   670.0000
Excitation Wavelength Changed: 07-Feb-24 1:33:15 PM, Old: 400.00, New: 555.00
Emission Wavelength Changed: 07-Feb-24 1:33:15 PM, Old: 600.00, New: 570.00
Cycle Time 1 Changed: 07-Feb-24 1:33:15 PM, Old: 0.0000, New: 0.5000
Stop Time 1 Changed: 07-Feb-24 1:33:15 PM, Old: 1.0000, New:90.0000
Wellplate Samples Changed: 07-Feb-24 1:33:15 PM, Old:, New:A1;A2;A3;A4;B1;B2;B3;B4;C1;C2;C3;C4;
PMT Volts Changed: 07-Feb-24 1:34:16 PM, Old:600, New:800
Emission PMT (V): Changed: 07-Feb-24 1:34:16 PM, Old: 600, New: 800
PMT Volts Changed: 07-Feb-24 1:36:47 PM, Old:800, New:1000
Emission PMT (V): Changed: 07-Feb-24 1:36:47 PM, Old: 800, New:1000
Ave. time (s): Changed: 07-Feb-24 1:38:54 PM, Old:0.10000, New:0.20000
End Method Modifications

Sample B3_Ex555_Em670,
Sample B3_Ex555_Em670
Collection Time: 07-Feb-24 1:40:07 PM
Operator Name  :
Kinetics Software Version: 1.2(146)
Parameter List :
Report Time: Wed 07 Feb 01:40:07 PM 2024
Software version: 1.2(146)
Operator:
Instrument Parameters
Instrument                        Cary Eclipse
Instrument Serial Number          MY18160001
Data mode                         Fluorescence
Ex. wavelengths (nm)              555.0000 ; 555.0000
Em. wavelengths (nm)              570.0000 ; 670.0000
Ex. Slit (nm)                     5
Em. Slit (nm)                     5
Averaging Time (s)                0.2000
Cycle time(min)                   0.5000
Stop time(min)                    90.0000
Emission filter                   Open
Excitation Filter                 Auto
PMT voltage (V)                   1000
Wellplate                         ON
Plate format                     96 Wells
Read position                    Well centre
Multi-zero                       OFF
Auto-zero                        OFF
Well                            A1
Comments:
Method Log     :
Method Name    : C:\Users\Public\Documents\Agilent\Cary Eclipse WInFLR\Default.FMKN
Date/Time stamp: 18-Oct-18 12:11:51 PM
Method Modifications:
Well plate reader Changed: 07-Feb-24 1:33:15 PM, Old:OFF, New:ON
Multiwavelength Changed: 07-Feb-24 1:33:15 PM, Old:OFF, New:ON
Excitation Wavelengths 1 Changed: 07-Feb-24 1:33:15 PM, Old:   350.0000, New:   555.0000
Emission Wavelengths 1 Changed: 07-Feb-24 1:33:15 PM, Old:   450.0000, New:   570.0000
Excitation Wavelengths 2 Changed: 07-Feb-24 1:33:15 PM, Old:   360.0000, New:   555.0000
Emission Wavelengths 2 Changed: 07-Feb-24 1:33:15 PM, Old:   460.0000, New:   670.0000
Excitation Wavelength Changed: 07-Feb-24 1:33:15 PM, Old: 400.00, New: 555.00
Emission Wavelength Changed: 07-Feb-24 1:33:15 PM, Old: 600.00, New: 570.00
Cycle Time 1 Changed: 07-Feb-24 1:33:15 PM, Old: 0.0000, New: 0.5000
Stop Time 1 Changed: 07-Feb-24 1:33:15 PM, Old: 1.0000, New:90.0000
Wellplate Samples Changed: 07-Feb-24 1:33:15 PM, Old:, New:A1;A2;A3;A4;B1;B2;B3;B4;C1;C2;C3;C4;
PMT Volts Changed: 07-Feb-24 1:34:16 PM, Old:600, New:800
Emission PMT (V): Changed: 07-Feb-24 1:34:16 PM, Old: 600, New: 800
PMT Volts Changed: 07-Feb-24 1:36:47 PM, Old:800, New:1000
Emission PMT (V): Changed: 07-Feb-24 1:36:47 PM, Old: 800, New:1000
Ave. time (s): Changed: 07-Feb-24 1:38:54 PM, Old:0.10000, New:0.20000
End Method Modifications

Sample B4_Ex555_Em570,
Sample B4_Ex555_Em570
Collection Time: 07-Feb-24 1:40:07 PM
Operator Name  :
Kinetics Software Version: 1.2(146)
Parameter List :
Report Time: Wed 07 Feb 01:40:07 PM 2024
Software version: 1.2(146)
Operator:
Instrument Parameters
Instrument                        Cary Eclipse
Instrument Serial Number          MY18160001
Data mode                         Fluorescence
Ex. wavelengths (nm)              555.0000 ; 555.0000
Em. wavelengths (nm)              570.0000 ; 670.0000
Ex. Slit (nm)                     5
Em. Slit (nm)                     5
Averaging Time (s)                0.2000
Cycle time(min)                   0.5000
Stop time(min)                    90.0000
Emission filter                   Open
Excitation Filter                 Auto
PMT voltage (V)                   1000
Wellplate                         ON
Plate format                     96 Wells
Read position                    Well centre
Multi-zero                       OFF
Auto-zero                        OFF
Well                            A1
Comments:
Method Log     :
Method Name    : C:\Users\Public\Documents\Agilent\Cary Eclipse WInFLR\Default.FMKN
Date/Time stamp: 18-Oct-18 12:11:51 PM
Method Modifications:
Well plate reader Changed: 07-Feb-24 1:33:15 PM, Old:OFF, New:ON
Multiwavelength Changed: 07-Feb-24 1:33:15 PM, Old:OFF, New:ON
Excitation Wavelengths 1 Changed: 07-Feb-24 1:33:15 PM, Old:   350.0000, New:   555.0000
Emission Wavelengths 1 Changed: 07-Feb-24 1:33:15 PM, Old:   450.0000, New:   570.0000
Excitation Wavelengths 2 Changed: 07-Feb-24 1:33:15 PM, Old:   360.0000, New:   555.0000
Emission Wavelengths 2 Changed: 07-Feb-24 1:33:15 PM, Old:   460.0000, New:   670.0000
Excitation Wavelength Changed: 07-Feb-24 1:33:15 PM, Old: 400.00, New: 555.00
Emission Wavelength Changed: 07-Feb-24 1:33:15 PM, Old: 600.00, New: 570.00
Cycle Time 1 Changed: 07-Feb-24 1:33:15 PM, Old: 0.0000, New: 0.5000
Stop Time 1 Changed: 07-Feb-24 1:33:15 PM, Old: 1.0000, New:90.0000
Wellplate Samples Changed: 07-Feb-24 1:33:15 PM, Old:, New:A1;A2;A3;A4;B1;B2;B3;B4;C1;C2;C3;C4;
PMT Volts Changed: 07-Feb-24 1:34:16 PM, Old:600, New:800
Emission PMT (V): Changed: 07-Feb-24 1:34:16 PM, Old: 600, New: 800
PMT Volts Changed: 07-Feb-24 1:36:47 PM, Old:800, New:1000
Emission PMT (V): Changed: 07-Feb-24 1:36:47 PM, Old: 800, New:1000
Ave. time (s): Changed: 07-Feb-24 1:38:54 PM, Old:0.10000, New:0.20000
End Method Modifications

Sample B4_Ex555_Em670,
Sample B4_Ex555_Em670
Collection Time: 07-Feb-24 1:40:07 PM
Operator Name  :
Kinetics Software Version: 1.2(146)
Parameter List :
Report Time: Wed 07 Feb 01:40:07 PM 2024
Software version: 1.2(146)
Operator:
Instrument Parameters
Instrument                        Cary Eclipse
Instrument Serial Number          MY18160001
Data mode                         Fluorescence
Ex. wavelengths (nm)              555.0000 ; 555.0000
Em. wavelengths (nm)              570.0000 ; 670.0000
Ex. Slit (nm)                     5
Em. Slit (nm)                     5
Averaging Time (s)                0.2000
Cycle time(min)                   0.5000
Stop time(min)                    90.0000
Emission filter                   Open
Excitation Filter                 Auto
PMT voltage (V)                   1000
Wellplate                         ON
Plate format                     96 Wells
Read position                    Well centre
Multi-zero                       OFF
Auto-zero                        OFF
Well                            A1
Comments:
Method Log     :
Method Name    : C:\Users\Public\Documents\Agilent\Cary Eclipse WInFLR\Default.FMKN
Date/Time stamp: 18-Oct-18 12:11:51 PM
Method Modifications:
Well plate reader Changed: 07-Feb-24 1:33:15 PM, Old:OFF, New:ON
Multiwavelength Changed: 07-Feb-24 1:33:15 PM, Old:OFF, New:ON
Excitation Wavelengths 1 Changed: 07-Feb-24 1:33:15 PM, Old:   350.0000, New:   555.0000
Emission Wavelengths 1 Changed: 07-Feb-24 1:33:15 PM, Old:   450.0000, New:   570.0000
Excitation Wavelengths 2 Changed: 07-Feb-24 1:33:15 PM, Old:   360.0000, New:   555.0000
Emission Wavelengths 2 Changed: 07-Feb-24 1:33:15 PM, Old:   460.0000, New:   670.0000
Excitation Wavelength Changed: 07-Feb-24 1:33:15 PM, Old: 400.00, New: 555.00
Emission Wavelength Changed: 07-Feb-24 1:33:15 PM, Old: 600.00, New: 570.00
Cycle Time 1 Changed: 07-Feb-24 1:33:15 PM, Old: 0.0000, New: 0.5000
Stop Time 1 Changed: 07-Feb-24 1:33:15 PM, Old: 1.0000, New:90.0000
Wellplate Samples Changed: 07-Feb-24 1:33:15 PM, Old:, New:A1;A2;A3;A4;B1;B2;B3;B4;C1;C2;C3;C4;
PMT Volts Changed: 07-Feb-24 1:34:16 PM, Old:600, New:800
Emission PMT (V): Changed: 07-Feb-24 1:34:16 PM, Old: 600, New: 800
PMT Volts Changed: 07-Feb-24 1:36:47 PM, Old:800, New:1000
Emission PMT (V): Changed: 07-Feb-24 1:36:47 PM, Old: 800, New:1000
Ave. time (s): Changed: 07-Feb-24 1:38:54 PM, Old:0.10000, New:0.20000
End Method Modifications

Sample C1_Ex555_Em570,
Sample C1_Ex555_Em570
Collection Time: 07-Feb-24 1:40:07 PM
Operator Name  :
Kinetics Software Version: 1.2(146)
Parameter List :
Report Time: Wed 07 Feb 01:40:07 PM 2024
Software version: 1.2(146)
Operator:
Instrument Parameters
Instrument                        Cary Eclipse
Instrument Serial Number          MY18160001
Data mode                         Fluorescence
Ex. wavelengths (nm)              555.0000 ; 555.0000
Em. wavelengths (nm)              570.0000 ; 670.0000
Ex. Slit (nm)                     5
Em. Slit (nm)                     5
Averaging Time (s)                0.2000
Cycle time(min)                   0.5000
Stop time(min)                    90.0000
Emission filter                   Open
Excitation Filter                 Auto
PMT voltage (V)                   1000
Wellplate                         ON
Plate format                     96 Wells
Read position                    Well centre
Multi-zero                       OFF
Auto-zero                        OFF
Well                            A1
Comments:
Method Log     :
Method Name    : C:\Users\Public\Documents\Agilent\Cary Eclipse WInFLR\Default.FMKN
Date/Time stamp: 18-Oct-18 12:11:51 PM
Method Modifications:
Well plate reader Changed: 07-Feb-24 1:33:15 PM, Old:OFF, New:ON
Multiwavelength Changed: 07-Feb-24 1:33:15 PM, Old:OFF, New:ON
Excitation Wavelengths 1 Changed: 07-Feb-24 1:33:15 PM, Old:   350.0000, New:   555.0000
Emission Wavelengths 1 Changed: 07-Feb-24 1:33:15 PM, Old:   450.0000, New:   570.0000
Excitation Wavelengths 2 Changed: 07-Feb-24 1:33:15 PM, Old:   360.0000, New:   555.0000
Emission Wavelengths 2 Changed: 07-Feb-24 1:33:15 PM, Old:   460.0000, New:   670.0000
Excitation Wavelength Changed: 07-Feb-24 1:33:15 PM, Old: 400.00, New: 555.00
Emission Wavelength Changed: 07-Feb-24 1:33:15 PM, Old: 600.00, New: 570.00
Cycle Time 1 Changed: 07-Feb-24 1:33:15 PM, Old: 0.0000, New: 0.5000
Stop Time 1 Changed: 07-Feb-24 1:33:15 PM, Old: 1.0000, New:90.0000
Wellplate Samples Changed: 07-Feb-24 1:33:15 PM, Old:, New:A1;A2;A3;A4;B1;B2;B3;B4;C1;C2;C3;C4;
PMT Volts Changed: 07-Feb-24 1:34:16 PM, Old:600, New:800
Emission PMT (V): Changed: 07-Feb-24 1:34:16 PM, Old: 600, New: 800
PMT Volts Changed: 07-Feb-24 1:36:47 PM, Old:800, New:1000
Emission PMT (V): Changed: 07-Feb-24 1:36:47 PM, Old: 800, New:1000
Ave. time (s): Changed: 07-Feb-24 1:38:54 PM, Old:0.10000, New:0.20000
End Method Modifications

Sample C1_Ex555_Em670,
Sample C1_Ex555_Em670
Collection Time: 07-Feb-24 1:40:07 PM
Operator Name  :
Kinetics Software Version: 1.2(146)
Parameter List :
Report Time: Wed 07 Feb 01:40:07 PM 2024
Software version: 1.2(146)
Operator:
Instrument Parameters
Instrument                        Cary Eclipse
Instrument Serial Number          MY18160001
Data mode                         Fluorescence
Ex. wavelengths (nm)              555.0000 ; 555.0000
Em. wavelengths (nm)              570.0000 ; 670.0000
Ex. Slit (nm)                     5
Em. Slit (nm)                     5
Averaging Time (s)                0.2000
Cycle time(min)                   0.5000
Stop time(min)                    90.0000
Emission filter                   Open
Excitation Filter                 Auto
PMT voltage (V)                   1000
Wellplate                         ON
Plate format                     96 Wells
Read position                    Well centre
Multi-zero                       OFF
Auto-zero                        OFF
Well                            A1
Comments:
Method Log     :
Method Name    : C:\Users\Public\Documents\Agilent\Cary Eclipse WInFLR\Default.FMKN
Date/Time stamp: 18-Oct-18 12:11:51 PM
Method Modifications:
Well plate reader Changed: 07-Feb-24 1:33:15 PM, Old:OFF, New:ON
Multiwavelength Changed: 07-Feb-24 1:33:15 PM, Old:OFF, New:ON
Excitation Wavelengths 1 Changed: 07-Feb-24 1:33:15 PM, Old:   350.0000, New:   555.0000
Emission Wavelengths 1 Changed: 07-Feb-24 1:33:15 PM, Old:   450.0000, New:   570.0000
Excitation Wavelengths 2 Changed: 07-Feb-24 1:33:15 PM, Old:   360.0000, New:   555.0000
Emission Wavelengths 2 Changed: 07-Feb-24 1:33:15 PM, Old:   460.0000, New:   670.0000
Excitation Wavelength Changed: 07-Feb-24 1:33:15 PM, Old: 400.00, New: 555.00
Emission Wavelength Changed: 07-Feb-24 1:33:15 PM, Old: 600.00, New: 570.00
Cycle Time 1 Changed: 07-Feb-24 1:33:15 PM, Old: 0.0000, New: 0.5000
Stop Time 1 Changed: 07-Feb-24 1:33:15 PM, Old: 1.0000, New:90.0000
Wellplate Samples Changed: 07-Feb-24 1:33:15 PM, Old:, New:A1;A2;A3;A4;B1;B2;B3;B4;C1;C2;C3;C4;
PMT Volts Changed: 07-Feb-24 1:34:16 PM, Old:600, New:800
Emission PMT (V): Changed: 07-Feb-24 1:34:16 PM, Old: 600, New: 800
PMT Volts Changed: 07-Feb-24 1:36:47 PM, Old:800, New:1000
Emission PMT (V): Changed: 07-Feb-24 1:36:47 PM, Old: 800, New:1000
Ave. time (s): Changed: 07-Feb-24 1:38:54 PM, Old:0.10000, New:0.20000
End Method Modifications

Sample C2_Ex555_Em570,
Sample C2_Ex555_Em570
Collection Time: 07-Feb-24 1:40:07 PM
Operator Name  :
Kinetics Software Version: 1.2(146)
Parameter List :
Report Time: Wed 07 Feb 01:40:07 PM 2024
Software version: 1.2(146)
Operator:
Instrument Parameters
Instrument                        Cary Eclipse
Instrument Serial Number          MY18160001
Data mode                         Fluorescence
Ex. wavelengths (nm)              555.0000 ; 555.0000
Em. wavelengths (nm)              570.0000 ; 670.0000
Ex. Slit (nm)                     5
Em. Slit (nm)                     5
Averaging Time (s)                0.2000
Cycle time(min)                   0.5000
Stop time(min)                    90.0000
Emission filter                   Open
Excitation Filter                 Auto
PMT voltage (V)                   1000
Wellplate                         ON
Plate format                     96 Wells
Read position                    Well centre
Multi-zero                       OFF
Auto-zero                        OFF
Well                            A1
Comments:
Method Log     :
Method Name    : C:\Users\Public\Documents\Agilent\Cary Eclipse WInFLR\Default.FMKN
Date/Time stamp: 18-Oct-18 12:11:51 PM
Method Modifications:
Well plate reader Changed: 07-Feb-24 1:33:15 PM, Old:OFF, New:ON
Multiwavelength Changed: 07-Feb-24 1:33:15 PM, Old:OFF, New:ON
Excitation Wavelengths 1 Changed: 07-Feb-24 1:33:15 PM, Old:   350.0000, New:   555.0000
Emission Wavelengths 1 Changed: 07-Feb-24 1:33:15 PM, Old:   450.0000, New:   570.0000
Excitation Wavelengths 2 Changed: 07-Feb-24 1:33:15 PM, Old:   360.0000, New:   555.0000
Emission Wavelengths 2 Changed: 07-Feb-24 1:33:15 PM, Old:   460.0000, New:   670.0000
Excitation Wavelength Changed: 07-Feb-24 1:33:15 PM, Old: 400.00, New: 555.00
Emission Wavelength Changed: 07-Feb-24 1:33:15 PM, Old: 600.00, New: 570.00
Cycle Time 1 Changed: 07-Feb-24 1:33:15 PM, Old: 0.0000, New: 0.5000
Stop Time 1 Changed: 07-Feb-24 1:33:15 PM, Old: 1.0000, New:90.0000
Wellplate Samples Changed: 07-Feb-24 1:33:15 PM, Old:, New:A1;A2;A3;A4;B1;B2;B3;B4;C1;C2;C3;C4;
PMT Volts Changed: 07-Feb-24 1:34:16 PM, Old:600, New:800
Emission PMT (V): Changed: 07-Feb-24 1:34:16 PM, Old: 600, New: 800
PMT Volts Changed: 07-Feb-24 1:36:47 PM, Old:800, New:1000
Emission PMT (V): Changed: 07-Feb-24 1:36:47 PM, Old: 800, New:1000
Ave. time (s): Changed: 07-Feb-24 1:38:54 PM, Old:0.10000, New:0.20000
End Method Modifications

Sample C2_Ex555_Em670,
Sample C2_Ex555_Em670
Collection Time: 07-Feb-24 1:40:07 PM
Operator Name  :
Kinetics Software Version: 1.2(146)
Parameter List :
Report Time: Wed 07 Feb 01:40:07 PM 2024
Software version: 1.2(146)
Operator:
Instrument Parameters
Instrument                        Cary Eclipse
Instrument Serial Number          MY18160001
Data mode                         Fluorescence
Ex. wavelengths (nm)              555.0000 ; 555.0000
Em. wavelengths (nm)              570.0000 ; 670.0000
Ex. Slit (nm)                     5
Em. Slit (nm)                     5
Averaging Time (s)                0.2000
Cycle time(min)                   0.5000
Stop time(min)                    90.0000
Emission filter                   Open
Excitation Filter                 Auto
PMT voltage (V)                   1000
Wellplate                         ON
Plate format                     96 Wells
Read position                    Well centre
Multi-zero                       OFF
Auto-zero                        OFF
Well                            A1
Comments:
Method Log     :
Method Name    : C:\Users\Public\Documents\Agilent\Cary Eclipse WInFLR\Default.FMKN
Date/Time stamp: 18-Oct-18 12:11:51 PM
Method Modifications:
Well plate reader Changed: 07-Feb-24 1:33:15 PM, Old:OFF, New:ON
Multiwavelength Changed: 07-Feb-24 1:33:15 PM, Old:OFF, New:ON
Excitation Wavelengths 1 Changed: 07-Feb-24 1:33:15 PM, Old:   350.0000, New:   555.0000
Emission Wavelengths 1 Changed: 07-Feb-24 1:33:15 PM, Old:   450.0000, New:   570.0000
Excitation Wavelengths 2 Changed: 07-Feb-24 1:33:15 PM, Old:   360.0000, New:   555.0000
Emission Wavelengths 2 Changed: 07-Feb-24 1:33:15 PM, Old:   460.0000, New:   670.0000
Excitation Wavelength Changed: 07-Feb-24 1:33:15 PM, Old: 400.00, New: 555.00
Emission Wavelength Changed: 07-Feb-24 1:33:15 PM, Old: 600.00, New: 570.00
Cycle Time 1 Changed: 07-Feb-24 1:33:15 PM, Old: 0.0000, New: 0.5000
Stop Time 1 Changed: 07-Feb-24 1:33:15 PM, Old: 1.0000, New:90.0000
Wellplate Samples Changed: 07-Feb-24 1:33:15 PM, Old:, New:A1;A2;A3;A4;B1;B2;B3;B4;C1;C2;C3;C4;
PMT Volts Changed: 07-Feb-24 1:34:16 PM, Old:600, New:800
Emission PMT (V): Changed: 07-Feb-24 1:34:16 PM, Old: 600, New: 800
PMT Volts Changed: 07-Feb-24 1:36:47 PM, Old:800, New:1000
Emission PMT (V): Changed: 07-Feb-24 1:36:47 PM, Old: 800, New:1000
Ave. time (s): Changed: 07-Feb-24 1:38:54 PM, Old:0.10000, New:0.20000
End Method Modifications

Sample C3_Ex555_Em570,
Sample C3_Ex555_Em570
Collection Time: 07-Feb-24 1:40:07 PM
Operator Name  :
Kinetics Software Version: 1.2(146)
Parameter List :
Report Time: Wed 07 Feb 01:40:07 PM 2024
Software version: 1.2(146)
Operator:
Instrument Parameters
Instrument                        Cary Eclipse
Instrument Serial Number          MY18160001
Data mode                         Fluorescence
Ex. wavelengths (nm)              555.0000 ; 555.0000
Em. wavelengths (nm)              570.0000 ; 670.0000
Ex. Slit (nm)                     5
Em. Slit (nm)                     5
Averaging Time (s)                0.2000
Cycle time(min)                   0.5000
Stop time(min)                    90.0000
Emission filter                   Open
Excitation Filter                 Auto
PMT voltage (V)                   1000
Wellplate                         ON
Plate format                     96 Wells
Read position                    Well centre
Multi-zero                       OFF
Auto-zero                        OFF
Well                            A1
Comments:
Method Log     :
Method Name    : C:\Users\Public\Documents\Agilent\Cary Eclipse WInFLR\Default.FMKN
Date/Time stamp: 18-Oct-18 12:11:51 PM
Method Modifications:
Well plate reader Changed: 07-Feb-24 1:33:15 PM, Old:OFF, New:ON
Multiwavelength Changed: 07-Feb-24 1:33:15 PM, Old:OFF, New:ON
Excitation Wavelengths 1 Changed: 07-Feb-24 1:33:15 PM, Old:   350.0000, New:   555.0000
Emission Wavelengths 1 Changed: 07-Feb-24 1:33:15 PM, Old:   450.0000, New:   570.0000
Excitation Wavelengths 2 Changed: 07-Feb-24 1:33:15 PM, Old:   360.0000, New:   555.0000
Emission Wavelengths 2 Changed: 07-Feb-24 1:33:15 PM, Old:   460.0000, New:   670.0000
Excitation Wavelength Changed: 07-Feb-24 1:33:15 PM, Old: 400.00, New: 555.00
Emission Wavelength Changed: 07-Feb-24 1:33:15 PM, Old: 600.00, New: 570.00
Cycle Time 1 Changed: 07-Feb-24 1:33:15 PM, Old: 0.0000, New: 0.5000
Stop Time 1 Changed: 07-Feb-24 1:33:15 PM, Old: 1.0000, New:90.0000
Wellplate Samples Changed: 07-Feb-24 1:33:15 PM, Old:, New:A1;A2;A3;A4;B1;B2;B3;B4;C1;C2;C3;C4;
PMT Volts Changed: 07-Feb-24 1:34:16 PM, Old:600, New:800
Emission PMT (V): Changed: 07-Feb-24 1:34:16 PM, Old: 600, New: 800
PMT Volts Changed: 07-Feb-24 1:36:47 PM, Old:800, New:1000
Emission PMT (V): Changed: 07-Feb-24 1:36:47 PM, Old: 800, New:1000
Ave. time (s): Changed: 07-Feb-24 1:38:54 PM, Old:0.10000, New:0.20000
End Method Modifications

Sample C3_Ex555_Em670,
Sample C3_Ex555_Em670
Collection Time: 07-Feb-24 1:40:07 PM
Operator Name  :
Kinetics Software Version: 1.2(146)
Parameter List :
Report Time: Wed 07 Feb 01:40:07 PM 2024
Software version: 1.2(146)
Operator:
Instrument Parameters
Instrument                        Cary Eclipse
Instrument Serial Number          MY18160001
Data mode                         Fluorescence
Ex. wavelengths (nm)              555.0000 ; 555.0000
Em. wavelengths (nm)              570.0000 ; 670.0000
Ex. Slit (nm)                     5
Em. Slit (nm)                     5
Averaging Time (s)                0.2000
Cycle time(min)                   0.5000
Stop time(min)                    90.0000
Emission filter                   Open
Excitation Filter                 Auto
PMT voltage (V)                   1000
Wellplate                         ON
Plate format                     96 Wells
Read position                    Well centre
Multi-zero                       OFF
Auto-zero                        OFF
Well                            A1
Comments:
Method Log     :
Method Name    : C:\Users\Public\Documents\Agilent\Cary Eclipse WInFLR\Default.FMKN
Date/Time stamp: 18-Oct-18 12:11:51 PM
Method Modifications:
Well plate reader Changed: 07-Feb-24 1:33:15 PM, Old:OFF, New:ON
Multiwavelength Changed: 07-Feb-24 1:33:15 PM, Old:OFF, New:ON
Excitation Wavelengths 1 Changed: 07-Feb-24 1:33:15 PM, Old:   350.0000, New:   555.0000
Emission Wavelengths 1 Changed: 07-Feb-24 1:33:15 PM, Old:   450.0000, New:   570.0000
Excitation Wavelengths 2 Changed: 07-Feb-24 1:33:15 PM, Old:   360.0000, New:   555.0000
Emission Wavelengths 2 Changed: 07-Feb-24 1:33:15 PM, Old:   460.0000, New:   670.0000
Excitation Wavelength Changed: 07-Feb-24 1:33:15 PM, Old: 400.00, New: 555.00
Emission Wavelength Changed: 07-Feb-24 1:33:15 PM, Old: 600.00, New: 570.00
Cycle Time 1 Changed: 07-Feb-24 1:33:15 PM, Old: 0.0000, New: 0.5000
Stop Time 1 Changed: 07-Feb-24 1:33:15 PM, Old: 1.0000, New:90.0000
Wellplate Samples Changed: 07-Feb-24 1:33:15 PM, Old:, New:A1;A2;A3;A4;B1;B2;B3;B4;C1;C2;C3;C4;
PMT Volts Changed: 07-Feb-24 1:34:16 PM, Old:600, New:800
Emission PMT (V): Changed: 07-Feb-24 1:34:16 PM, Old: 600, New: 800
PMT Volts Changed: 07-Feb-24 1:36:47 PM, Old:800, New:1000
Emission PMT (V): Changed: 07-Feb-24 1:36:47 PM, Old: 800, New:1000
Ave. time (s): Changed: 07-Feb-24 1:38:54 PM, Old:0.10000, New:0.20000
End Method Modifications

Sample C4_Ex555_Em570,
Sample C4_Ex555_Em570
Collection Time: 07-Feb-24 1:40:07 PM
Operator Name  :
Kinetics Software Version: 1.2(146)
Parameter List :
Report Time: Wed 07 Feb 01:40:07 PM 2024
Software version: 1.2(146)
Operator:
Instrument Parameters
Instrument                        Cary Eclipse
Instrument Serial Number          MY18160001
Data mode                         Fluorescence
Ex. wavelengths (nm)              555.0000 ; 555.0000
Em. wavelengths (nm)              570.0000 ; 670.0000
Ex. Slit (nm)                     5
Em. Slit (nm)                     5
Averaging Time (s)                0.2000
Cycle time(min)                   0.5000
Stop time(min)                    90.0000
Emission filter                   Open
Excitation Filter                 Auto
PMT voltage (V)                   1000
Wellplate                         ON
Plate format                     96 Wells
Read position                    Well centre
Multi-zero                       OFF
Auto-zero                        OFF
Well                            A1
Comments:
Method Log     :
Method Name    : C:\Users\Public\Documents\Agilent\Cary Eclipse WInFLR\Default.FMKN
Date/Time stamp: 18-Oct-18 12:11:51 PM
Method Modifications:
Well plate reader Changed: 07-Feb-24 1:33:15 PM, Old:OFF, New:ON
Multiwavelength Changed: 07-Feb-24 1:33:15 PM, Old:OFF, New:ON
Excitation Wavelengths 1 Changed: 07-Feb-24 1:33:15 PM, Old:   350.0000, New:   555.0000
Emission Wavelengths 1 Changed: 07-Feb-24 1:33:15 PM, Old:   450.0000, New:   570.0000
Excitation Wavelengths 2 Changed: 07-Feb-24 1:33:15 PM, Old:   360.0000, New:   555.0000
Emission Wavelengths 2 Changed: 07-Feb-24 1:33:15 PM, Old:   460.0000, New:   670.0000
Excitation Wavelength Changed: 07-Feb-24 1:33:15 PM, Old: 400.00, New: 555.00
Emission Wavelength Changed: 07-Feb-24 1:33:15 PM, Old: 600.00, New: 570.00
Cycle Time 1 Changed: 07-Feb-24 1:33:15 PM, Old: 0.0000, New: 0.5000
Stop Time 1 Changed: 07-Feb-24 1:33:15 PM, Old: 1.0000, New:90.0000
Wellplate Samples Changed: 07-Feb-24 1:33:15 PM, Old:, New:A1;A2;A3;A4;B1;B2;B3;B4;C1;C2;C3;C4;
PMT Volts Changed: 07-Feb-24 1:34:16 PM, Old:600, New:800
Emission PMT (V): Changed: 07-Feb-24 1:34:16 PM, Old: 600, New: 800
PMT Volts Changed: 07-Feb-24 1:36:47 PM, Old:800, New:1000
Emission PMT (V): Changed: 07-Feb-24 1:36:47 PM, Old: 800, New:1000
Ave. time (s): Changed: 07-Feb-24 1:38:54 PM, Old:0.10000, New:0.20000
End Method Modifications

Sample C4_Ex555_Em670,
Sample C4_Ex555_Em670
Collection Time: 07-Feb-24 1:40:07 PM
Operator Name  :
Kinetics Software Version: 1.2(146)
Parameter List :
Report Time: Wed 07 Feb 01:40:07 PM 2024
Software version: 1.2(146)
Operator:
Instrument Parameters
Instrument                        Cary Eclipse
Instrument Serial Number          MY18160001
Data mode                         Fluorescence
Ex. wavelengths (nm)              555.0000 ; 555.0000
Em. wavelengths (nm)              570.0000 ; 670.0000
Ex. Slit (nm)                     5
Em. Slit (nm)                     5
Averaging Time (s)                0.2000
Cycle time(min)                   0.5000
Stop time(min)                    90.0000
Emission filter                   Open
Excitation Filter                 Auto
PMT voltage (V)                   1000
Wellplate                         ON
Plate format                     96 Wells
Read position                    Well centre
Multi-zero                       OFF
Auto-zero                        OFF
Well                            A1
Comments:
Method Log     :
Method Name    : C:\Users\Public\Documents\Agilent\Cary Eclipse WInFLR\Default.FMKN
Date/Time stamp: 18-Oct-18 12:11:51 PM
Method Modifications:
Well plate reader Changed: 07-Feb-24 1:33:15 PM, Old:OFF, New:ON
Multiwavelength Changed: 07-Feb-24 1:33:15 PM, Old:OFF, New:ON
Excitation Wavelengths 1 Changed: 07-Feb-24 1:33:15 PM, Old:   350.0000, New:   555.0000
Emission Wavelengths 1 Changed: 07-Feb-24 1:33:15 PM, Old:   450.0000, New:   570.0000
Excitation Wavelengths 2 Changed: 07-Feb-24 1:33:15 PM, Old:   360.0000, New:   555.0000
Emission Wavelengths 2 Changed: 07-Feb-24 1:33:15 PM, Old:   460.0000, New:   670.0000
Excitation Wavelength Changed: 07-Feb-24 1:33:15 PM, Old: 400.00, New: 555.00
Emission Wavelength Changed: 07-Feb-24 1:33:15 PM, Old: 600.00, New: 570.00
Cycle Time 1 Changed: 07-Feb-24 1:33:15 PM, Old: 0.0000, New: 0.5000
Stop Time 1 Changed: 07-Feb-24 1:33:15 PM, Old: 1.0000, New:90.0000
Wellplate Samples Changed: 07-Feb-24 1:33:15 PM, Old:, New:A1;A2;A3;A4;B1;B2;B3;B4;C1;C2;C3;C4;
PMT Volts Changed: 07-Feb-24 1:34:16 PM, Old:600, New:800
Emission PMT (V): Changed: 07-Feb-24 1:34:16 PM, Old: 600, New: 800
PMT Volts Changed: 07-Feb-24 1:36:47 PM, Old:800, New:1000
Emission PMT (V): Changed: 07-Feb-24 1:36:47 PM, Old: 800, New:1000
Ave. time (s): Changed: 07-Feb-24 1:38:54 PM, Old:0.10000, New:0.20000
End Method Modifications

