Sample A10,,Sample A11,,Sample A12,,Sample B10,,Sample B11,,Sample B12,,Sample C10,,Sample C11,,Sample C12,,Sample D10,,Sample D11,,Sample D12,,Sample E10,,Sample E11,,Sample E12,,Sample F10,,Sample F11,,Sample F12,,Sample G10,,Sample G11,,Sample G12,,Sample H10,,Sample H11,,Sample H12,,
Time (min),Intensity (a.u.),Time (min),Intensity (a.u.),Time (min),Intensity (a.u.),Time (min),Intensity (a.u.),Time (min),Intensity (a.u.),Time (min),Intensity (a.u.),Time (min),Intensity (a.u.),Time (min),Intensity (a.u.),Time (min),Intensity (a.u.),Time (min),Intensity (a.u.),Time (min),Intensity (a.u.),Time (min),Intensity (a.u.),Time (min),Intensity (a.u.),Time (min),Intensity (a.u.),Time (min),Intensity (a.u.),Time (min),Intensity (a.u.),Time (min),Intensity (a.u.),Time (min),Intensity (a.u.),Time (min),Intensity (a.u.),Time (min),Intensity (a.u.),Time (min),Intensity (a.u.),Time (min),Intensity (a.u.),Time (min),Intensity (a.u.),Time (min),Intensity (a.u.),
0.0008333333535,53.59516907,0.02145833336,8.476606369,0.04295833409,310.3215637,0.1091666669,51.86433029,0.08850000054,8.443695068,0.06733333319,345.4765625,0.1359999925,49.06779099,0.1559999883,8.24074173,0.1770416796,377.1049194,0.2438958287,60.68699265,0.2232500017,8.556764603,0.2024166733,305.8579407,0.2706666589,52.53380966,0.2909999788,8.275053978,0.3125,360.7672119,0.3783958554,56.52347946,0.3578958213,7.418261051,0.3368749917,316.903717,0.4034166634,57.47939682,0.4247500002,7.129725456,0.4461666644,311.9354248,0.5123333335,73.49362183,0.4913333356,7.659932613,0.4704999924,316.0684509,
1.000833273,49.4040184,1.021541715,9.441102028,1.04239583,287.3310242,1.110958338,51.54100037,1.089125037,8.072824478,1.06858325,340.2901306,1.135291696,49.12250137,1.155812502,8.428671837,1.177062511,374.7593994,1.246062517,61.97122192,1.225250006,7.855478764,1.203583241,308.8086243,1.272624969,49.27147293,1.293479204,7.605591297,1.314812422,350.8087158,1.381395817,58.40220642,1.360041738,7.574147224,1.338895798,323.8061218,1.407062531,57.34896851,1.428229094,7.191671371,1.449249983,314.584137,1.517562509,74.92956543,1.496291637,8.287249565,1.475812554,307.1348572,
2.000833273,49.39404678,2.020541668,9.323709488,2.04181242,275.9853516,2.110708475,51.90709305,2.089562416,7.994049072,2.068708181,340.1182861,2.137374878,52.54753494,2.158041716,8.040447235,2.179208279,368.3041077,2.245479107,67.41371918,2.224541664,7.582998276,2.203875065,301.6097717,2.270375013,52.77516937,2.291312456,8.631465912,2.311895847,343.5292969,2.37854147,55.5008812,2.357875109,7.743261337,2.336541653,307.0041504,2.4037292,59.05197144,2.42406249,7.537767887,2.445395947,316.8534241,2.513062477,75.84945679,2.492229223,7.749693394,2.47162509,312.8069153,
3.000833273,50.47159958,3.021979332,9.288433075,3.042479277,274.2314453,3.11156249,53.14897919,3.090562344,7.885975838,3.069562435,328.7428894,3.135729313,52.8178215,3.156895876,7.757324219,3.177395821,365.0749207,3.246416807,69.59673309,3.225125074,8.72243309,3.204458475,298.3545532,3.271208525,52.75544357,3.292041779,7.851612568,3.31272912,325.5306091,3.378208399,57.46014404,3.357562542,7.842493057,3.337229252,308.3170166,3.404895782,59.57994843,3.425708294,7.242753029,3.446541548,301.059967,3.51504159,82.44059753,3.49356246,7.63550663,3.473208427,312.6533813,
4.000833511,51.52613449,4.02112484,9.399171829,4.042562485,281.3655396,4.108541489,50.83364868,4.088208199,7.659352303,4.066625118,324.1895447,4.134729385,52.57896423,4.155395985,7.668613911,4.177062511,362.4488831,4.246145725,71.45722961,4.224874973,7.584252357,4.203291416,297.8716736,4.272375107,55.15154266,4.293208122,8.385777473,4.313874722,325.7174377,4.380541325,57.4945755,4.359375,7.035381794,4.338541508,296.2089844,4.406541348,59.09368515,4.428041458,8.091030121,4.448541641,305.0982666,4.516083241,84.94137573,4.495416641,7.676970959,4.47506237,304.4163818,
5.000833035,51.96405792,5.020874977,9.031598091,5.041875362,281.0333252,5.110062599,53.84831619,5.088729382,8.186314583,5.067895889,314.7791748,5.134062767,53.12627411,5.155229092,7.745528698,5.175916672,365.7821045,5.244708061,69.76993561,5.223708153,8.758018494,5.202562332,299.4130554,5.269395828,55.17050171,5.289729118,8.288031578,5.310708046,316.4645081,5.379125118,56.3771019,5.358624935,7.715095997,5.337291241,291.7712097,5.40554142,58.41030121,5.426874638,6.876988411,5.448145866,294.7350159,5.514874935,84.08571625,5.493708134,7.932561398,5.472479343,303.9863892,
6.000833035,53.65610123,6.021542072,8.688028336,6.041958332,284.4110107,6.110395908,53.42432022,6.089708328,8.338287354,6.068541527,319.3408203,6.136416435,53.66602325,6.157624722,7.504837513,6.178792,364.9809875,6.245707989,72.61792755,6.224708557,8.769530296,6.203541756,292.6825256,6.270395756,56.25556564,6.290395737,7.573872566,6.311979294,303.5644836,6.377708435,54.73523712,6.357562065,7.536297798,6.335875034,294.1924438,6.404229164,58.79350662,6.424874783,7.135906696,6.446208,289.0290527,6.514229298,86.20555878,6.492875099,8.050668716,6.472229004,305.8396912,
7.000833035,54.85755157,7.021458626,9.469081879,7.041916847,289.5716248,7.110312462,52.99464035,7.089395523,8.435325623,7.068875313,319.1246338,7.137041569,54.10652542,7.15739584,7.682025433,7.178562641,356.970459,7.246958256,72.94847107,7.226292133,8.43901825,7.205458641,298.1645813,7.271874905,55.47493362,7.292708397,8.007328033,7.31320858,291.8598633,7.381583214,56.14261246,7.361249924,7.495414734,7.339729309,283.4884644,7.408708096,57.86151886,7.429208279,7.642192841,7.450541496,289.4266052,7.516708374,89.27926636,7.495874882,8.185221672,7.474708557,301.4101563,
8.000833511,52.10968018,8.02112484,9.250315666,8.04145813,286.1761169,8.108562469,52.40098953,8.087229729,8.102294922,8.066896439,310.4095459,8.134916306,54.97528076,8.155124664,8.081160545,8.17647934,350.6006165,8.244750023,71.85089874,8.2240839,8.267889977,8.203395844,290.1144409,8.271416664,55.5111351,8.292082787,8.436844826,8.313458443,288.3548584,8.381541252,55.42486954,8.360375404,8.120965004,8.339374542,284.0059814,8.407917023,56.22464752,8.429291725,7.327402115,8.449791908,278.1530457,8.518312454,89.60379791,8.497125626,8.475164413,8.47647953,298.1407776,
9.000833511,54.7722168,9.021291733,9.417158127,9.042646408,291.1713867,9.110896111,52.46376038,9.089708328,8.547208786,9.069209099,307.6414795,9.135561943,52.42481995,9.156229973,8.037529945,9.176729202,348.8331604,9.244958878,73.41591644,9.224645615,8.60115242,9.203541756,286.8145752,9.272042274,56.39623642,9.29287529,7.946059227,9.313374519,287.1216736,9.379562378,56.82118607,9.359229088,7.359807491,9.337875366,277.6036072,9.404229164,55.38524246,9.425582886,6.711409569,9.445958138,289.0967102,9.513041496,91.10749817,9.491541862,7.768262863,9.470707893,298.8269348,
10.00083351,52.96395493,10.0215416,9.3400774,10.04220772,284.508728,10.11072922,52.19677353,10.08939648,7.786996365,10.06854153,304.3306885,10.13489628,55.23262787,10.15562534,7.902461052,10.17724991,352.6611328,10.24354172,71.33921051,10.22254086,8.454059601,10.20187473,291.2279053,10.27008343,57.89543533,10.29124928,8.063831329,10.31189537,282.8317871,10.3805418,55.88714981,10.359375,8.107315063,10.33804131,285.5258179,10.40520859,56.30702591,10.42556286,7.476937771,10.44672966,281.3366699,10.51291752,92.30781555,10.49179173,8.154828072,10.47125053,289.8814392,
11.00083351,53.838974,11.02204227,9.547310829,11.04304218,282.9960022,11.11089611,54.43278122,11.09041691,8.208529472,11.06958294,304.637207,11.13770866,54.73051834,11.1592083,7.769613743,11.18004131,343.8232727,11.24637413,72.4305191,11.2248745,8.229769707,11.20420837,286.1870117,11.2710619,57.341259,11.29189587,8.290088654,11.31272888,281.6782227,11.3812294,57.17682266,11.36024952,8.014341354,11.33929157,290.7084351,11.40729141,56.17757034,11.42864609,7.078355789,11.44937515,281.2611694,11.51797867,93.28575134,11.49664593,7.919327259,11.4758749,297.6841736,
12.00083351,52.49230576,12.02039623,9.34594059,12.04139614,283.0403442,12.10962486,53.71964264,12.08912468,8.119047165,12.06774998,311.300293,12.13637447,52.73075867,12.15706253,8.062916756,12.17837524,343.5422974,12.2440424,74.62000275,12.22354126,8.400230408,12.20270824,289.7160339,12.27091694,55.88617706,12.29129124,7.741459846,12.31245804,286.4362488,12.38104153,56.78877258,12.36020851,7.581235886,12.33904171,288.1365356,12.40789604,56.04454422,12.42822838,7.10804224,12.44972897,282.9144592,12.51572895,99.08135223,12.49508381,7.876072884,12.47375011,295.8434143,
13.00083351,52.18877792,13.0216465,9.505346298,13.04231262,284.4109192,13.11054134,52.21715164,13.08987522,8.548617363,13.06837463,305.2961731,13.13456249,52.42964554,13.15572929,7.574659824,13.17722893,334.4160767,13.24479198,76.89016724,13.22441673,8.832287788,13.20308304,284.1176758,13.2715416,55.76924515,13.29204178,8.066664696,13.31337452,283.5407104,13.37958336,53.86051941,13.35906315,8.07103157,13.33789539,288.7485046,13.40458393,55.39556122,13.42597961,7.717002869,13.44647884,289.7307434,13.51306248,96.27223969,13.49222946,7.848807812,13.47137451,289.0119629,
14.00083351,53.72633362,14.0213747,9.167084694,14.04170799,287.9022827,14.10875034,52.38407898,14.08706284,8.377158165,14.06672859,309.6237183,14.13537502,53.49060822,14.15670872,8.162614822,14.17787457,343.9963684,14.24431229,76.48508453,14.22329235,9.142492294,14.20208359,283.4993896,14.270895,57.9850769,14.29220772,7.71085453,14.31270885,285.8530273,14.38139534,54.22503281,14.36039639,7.834881783,14.33922958,288.6650696,14.40808296,55.38967133,14.42825031,7.643913269,14.44891644,282.4957886,14.51822948,96.43669891,14.4972086,8.429909706,14.47581291,292.3026733,
15.00083351,51.86296463,15.02108383,9.184033394,15.04162502,280.2937317,15.10920811,52.40615845,15.08870888,8.439834595,15.0680418,308.5921631,15.13570881,54.30856323,15.15672874,8.049855232,15.17787457,332.0732727,15.2435627,77.59918213,15.22270775,8.51236248,15.20170784,292.5341187,15.26845837,56.76252365,15.28962517,8.122428894,15.3101244,290.6602783,15.37870789,56.83869553,15.35787487,7.81965065,15.33670902,288.28125,15.40520859,57.01505661,15.42587471,7.051002979,15.44722939,278.1080627,15.51487541,96.15726471,15.49422932,7.326123714,15.47372913,286.4530334,
16.00083351,53.21810532,16.02189445,9.443144798,16.04220772,285.9693909,16.11006355,53.48574448,16.08922958,7.874946117,16.0687294,304.7111511,16.13472939,53.4908905,16.15556145,8.278609276,16.17687416,329.7997437,16.24339676,79.29331207,16.22206306,8.146315575,16.20156288,285.0224915,16.26997948,57.69340134,16.29104233,8.055784225,16.31197929,282.3950806,16.37764549,55.25854874,16.35687447,8.081751823,16.33654213,291.7995605,16.40420914,56.22492981,16.42495918,6.627144814,16.44606209,286.7420654,16.51456261,100.8164673,16.49308395,8.225439072,16.47272873,287.8659363,
17.00083351,52.63198853,17.02204132,9.242623329,17.04331207,284.1014404,17.10970879,53.12099457,17.08904266,8.625290871,17.06737518,303.1710815,17.13637543,54.00470352,17.15679169,7.967209339,17.17787552,327.6040955,17.24656105,77.84751892,17.22522926,8.286047935,17.20406342,279.1809082,17.27220917,56.32691574,17.29320908,9.171289444,17.31464577,286.2462463,17.38254166,56.20020294,17.36104202,8.080006599,17.34106255,288.3569946,17.4068737,55.26435089,17.4274807,7.797331333,17.44872856,278.6512756,17.51504135,100.9959335,17.49381256,7.939771652,17.47304153,285.9348145,
18.00083351,53.20315552,18.02304077,8.747182846,18.04358292,278.0761719,18.11187553,54.60116959,18.09122849,7.897034168,18.07014656,302.6294556,18.13656235,52.99966812,18.15706253,7.895293713,18.17814445,329.4573059,18.2443943,79.38357544,18.22389603,8.468265533,18.20223045,279.9875488,18.27070999,56.34557343,18.29187393,8.001878738,18.31295776,289.9726868,18.38047981,56.9191246,18.35970879,7.611236572,18.3392086,296.1377258,18.40720749,55.09174347,18.42789459,7.66930151,18.44906235,281.8599854,18.51722908,101.99646,18.49572945,7.703863144,18.47539711,284.0223694,
19.00083351,52.72720337,19.02070999,9.354908943,19.04204178,280.2878418,19.10787582,55.32156372,19.08756256,8.422539711,19.06606293,308.0957947,19.13379097,55.3279953,19.15489578,7.993467331,19.17622948,327.1546631,19.24247932,81.54451752,19.22112465,8.337776184,19.20079231,279.9055176,19.2688961,57.33558273,19.28939629,7.362110615,19.31072998,288.1190491,19.37722969,55.11822891,19.35672951,7.389257908,19.33529282,294.234375,19.40389633,57.37379074,19.42506218,7.113135815,19.44556236,279.1387634,19.5140419,100.6349487,19.49272919,7.727975368,19.47206306,284.6069946,
20.00083351,51.46298981,20.02172852,9.187717438,20.04320908,273.6403809,20.10954094,53.50619507,20.08806229,7.755070686,20.06720734,304.6599426,20.13337326,53.83215714,20.15470695,8.218880653,20.17537498,323.4642334,20.24206352,82.97128296,20.22087479,8.187188148,20.19970894,283.5796204,20.26870918,54.17466736,20.28937531,8.563250542,20.31020927,286.2098694,20.37691689,54.87496567,20.35573006,7.606176376,20.33506203,286.8500366,20.40087509,56.0557785,20.421978,7.434944153,20.44279099,287.4520264,20.51170921,102.7981567,20.49037552,8.091039658,20.46981239,286.0155945,
21.00083351,52.51422501,21.02120781,9.040691376,21.04229164,285.8554077,21.10970879,52.51683044,21.08939552,8.215085983,21.06856346,307.9017944,21.13670921,52.67412567,21.15720749,7.706717968,21.17870903,321.1506042,21.24606323,83.68075562,21.22522926,8.282989502,21.20445824,285.8717957,21.27279282,55.20769882,21.29381371,8.063506126,21.31441689,284.5777588,21.38304329,56.79141235,21.36204147,7.926399708,21.34131241,286.6999512,21.40737534,56.64960861,21.42870903,7.275996208,21.44895744,275.9659729,21.51739502,101.5170288,21.49629021,8.062645912,21.47554207,284.46521,
22.00083351,51.68229294,22.02020836,9.177950859,22.04087448,272.708252,22.10906219,52.88975143,22.08798027,8.261486053,22.06772804,307.972229,22.13564682,54.06680298,22.15706253,7.977118492,22.17804146,318.3631287,22.24487495,84.3589859,22.2233963,8.625209808,22.20270729,276.3835449,22.27054214,55.39979935,22.29187393,7.634070873,22.31281281,284.8769531,22.37939644,54.63601303,22.35837364,8.601169586,22.33754158,285.7398987,22.40641594,56.96361542,22.42658234,7.558567047,22.44795799,279.9485168,22.5163765,105.0035553,22.49487495,7.407120228,22.47454262,281.7075195,
23.00083351,52.91752243,23.02072906,9.345145226,23.04206276,282.0516968,23.10837364,52.9864502,23.0874157,8.175525665,23.06606293,306.7227173,23.13454247,53.98293304,23.15554237,7.938154221,23.1767292,328.6554871,23.24506187,87.16562653,23.22354126,8.23344326,23.20254135,275.4266968,23.269207,57.39032745,23.29037476,8.016963005,23.31181145,280.8177185,23.37841606,55.8118782,23.35781288,7.507817268,23.3361454,287.5039368,23.40320778,55.47439575,23.42370796,7.114897251,23.44487572,283.3734131,23.51289749,106.2356262,23.4923954,7.778098106,23.47122955,287.5889282,
24.00083351,53.7589798,24.02139473,9.46588707,24.04187393,285.4226685,24.11014557,52.25330353,24.08922958,8.097578049,24.0687294,307.7547302,24.13487625,54.77344894,24.15587616,7.927634716,24.17637444,316.8919067,24.24456215,86.48918915,24.22331429,7.867771149,24.20289421,270.750824,24.27095795,55.91987991,24.29208374,7.804659843,24.312397,277.7532959,24.38058281,56.0216713,24.36008263,8.266979218,24.33874893,289.4505005,24.40704155,56.53075409,24.42804146,7.719691277,24.44837379,283.1345215,24.51620865,109.2040405,24.49570847,8.001937866,24.47479248,278.0877075,
25.00083351,53.20628738,25.02156258,9.414225578,25.04239464,281.0016479,25.11087418,53.65786743,25.08989716,8.506049156,25.06889725,312.322876,25.13739586,53.29457474,25.15822983,7.978336811,25.17925072,312.4425964,25.24537468,87.30817413,25.2248764,9.200953484,25.2038765,269.2322998,25.26954079,58.0729866,25.29089546,7.183008194,25.31189537,284.5885925,25.37745857,55.50617599,25.35725021,7.915138245,25.33579063,286.8562012,25.40387535,55.34721756,25.42454147,7.565957069,25.44573021,281.0591431,25.51172829,106.6331863,25.49104118,7.704842091,25.47045898,278.7352905,
26.00083351,53.90593338,26.02106285,9.049554825,26.04187393,278.8779602,26.11041641,54.32528305,26.08922958,7.44400692,26.06858253,308.7189941,26.13531303,53.84531021,26.15597916,7.868826389,26.17720795,321.2725525,26.24256134,93.27113342,26.22239494,9.095126152,26.20189667,271.9640503,26.269207,56.99420166,26.29037476,8.253678322,26.31104088,282.2779236,26.37758446,55.75489426,26.35675049,7.577495098,26.33622932,289.7955322,26.40398026,56.66054916,26.42424965,7.44154501,26.44547844,283.9335022,26.51154137,104.663475,26.49054146,7.632804394,26.47020912,286.0409241,
27.00083351,54.34928894,27.0215416,9.771593094,27.04154205,282.9224243,27.11006355,50.22683716,27.08906174,7.973796844,27.06806183,307.0086365,27.13422775,52.58808136,27.15475082,7.506222725,27.17606163,310.0502625,27.24256134,89.75623322,27.22164536,8.808298111,27.20041656,275.4964905,27.26895714,56.34004593,27.29037476,7.902050495,27.31070709,282.1058044,27.37939644,56.50908279,27.35824966,8.01432991,27.33675003,293.2053833,27.40529251,57.35447311,27.42658234,7.883406162,27.44691658,281.9916077,27.51408195,109.9170303,27.49308205,7.826018333,27.47179222,282.0797424,
28.00083351,52.61701584,28.02145767,8.923049927,28.04231071,281.9455872,28.11022949,53.86631775,28.0892086,7.930208206,28.06887436,304.3686218,28.13495827,52.06802368,28.15629005,8.185684204,28.1774807,305.7115479,28.24554253,93.64315033,28.22437477,8.866386414,28.20354271,270.6949158,28.27179146,54.58935165,28.29258347,8.255052567,28.31356239,280.1419678,28.38245773,55.74751663,28.3609581,8.176259995,28.33995819,283.7321167,28.40648079,56.88710403,28.42791748,7.381086826,28.44854164,283.9234619,28.51506424,109.5952454,28.4938736,7.954274178,28.47323036,292.4794922,
29.00083351,55.1811676,29.02120781,9.039229393,29.0425415,281.6014404,29.11014557,52.84297562,29.08956337,7.879813194,29.06839561,307.7836914,29.13720894,52.87885666,29.1577282,7.934170723,29.17814445,301.1873474,29.2458744,92.87493896,29.22520828,8.206516266,29.20454025,271.4317322,29.27304077,56.22855377,29.29304123,8.132556915,29.31372833,282.2302856,29.37987518,56.17796707,29.35939598,7.905667782,29.33822823,287.3204041,29.40654182,54.81038666,29.42706299,7.703383923,29.44820786,276.1888123,29.51687431,112.5970383,29.49537468,7.818241596,29.47489548,281.8212585,
30.00083351,51.18955994,30.02191544,9.703069687,30.04229164,281.6620178,30.10895729,53.32110214,30.08820724,8.35895443,30.06720734,301.4936829,30.13554001,55.02327347,30.15606308,7.589268208,30.1767292,318.6240234,30.2450428,95.78607178,30.22439575,8.521713257,30.20320892,274.3591614,30.27141762,58.51439667,30.29208374,8.23214817,30.31322861,282.9800415,30.38195801,56.04224777,30.36047935,7.921138763,30.34014511,290.952301,30.40664673,56.53746033,30.42806244,7.516315937,30.44887543,278.31073,30.51462364,111.2340164,30.4935627,8.565460205,30.47304153,283.6722107,
31.00083351,54.89961624,31.02106285,9.079586983,31.04206276,286.3977356,31.10989571,53.05128479,31.08858299,8.493361473,31.06774902,309.3007202,31.13464546,54.6143837,31.15475082,7.968714237,31.17612457,309.7357788,31.2438736,97.09009552,31.2230835,8.252649307,31.20245743,270.0545044,31.27070999,56.13588333,31.29104233,7.815067768,31.31258392,280.5239258,31.37854195,56.86034012,31.3574791,8.205435753,31.33658218,289.3801575,31.40537453,53.6496315,31.4262085,7.357050896,31.44764519,278.2272339,31.51604271,111.6664963,31.49495888,7.748364925,31.47414589,281.2927246,
32.00083542,54.21516418,32.02125168,9.119953156,32.04241562,274.9894104,32.11022949,52.68631363,32.08929062,7.786997795,32.06898117,301.0722351,32.13679123,53.35613251,32.15739441,8.063941956,32.17845917,303.3512573,32.24520874,96.20178223,32.22422791,8.902667999,32.20370865,280.3048401,32.26954269,54.83006287,32.29020691,7.785179615,32.31070709,273.9851379,32.37908173,55.38486481,32.35841751,8.31965065,32.33691788,290.4335327,32.40375137,57.11462784,32.42424774,7.484087944,32.44558334,281.9295654,32.51354218,113.2651672,32.49271011,7.468064785,32.47204208,276.9873962,
33.00083542,54.66414261,33.02156067,9.592364311,33.04206467,278.67276,33.11008453,54.8200264,33.08912659,8.804437637,33.06845856,308.5360718,33.13637543,54.09402084,33.15739441,7.56905365,33.17787552,306.2500916,33.24623108,95.92204285,33.22481155,8.429154396,33.20423126,269.2835083,33.27262497,55.58633423,33.29375076,7.994533539,33.31456375,276.8945618,33.38256073,57.35030746,33.36141586,7.805915356,33.34112549,289.9179382,33.40858459,55.60706711,33.42941666,7.375078678,33.45075226,270.6104126,33.51873016,110.583313,33.49754333,7.930334568,33.47654343,274.5283203,
34.00083542,53.66912842,34.02172852,9.046368599,34.04220963,280.39328,34.10858536,53.79573441,34.08723068,8.196975708,34.06606293,311.0767212,34.13295746,51.96200562,34.15429306,8.219563484,34.17522812,299.3030701,34.2431221,98.82946777,34.22208405,7.637600422,34.20096207,272.7966919,34.26954269,54.93512344,34.29087448,8.049685478,34.31129074,284.4029236,34.37920761,53.48857498,34.3587265,7.617776871,34.3380394,286.2099915,34.40620804,56.00510025,34.42656326,7.486357212,34.4475441,278.3266602,34.51506424,108.1305389,34.49489594,7.979438782,34.4733963,278.6508789,
35.00083542,51.32633209,35.02204132,9.492711067,35.04270935,275.1887817,35.10906219,53.37787247,35.0880394,8.447356224,35.06672668,308.8742981,35.1332283,53.80809784,35.15439606,7.654092312,35.17489243,303.3245544,35.24272919,98.30348969,35.222229,8.485049248,35.20172882,279.1321411,35.26904297,57.27133179,35.28937531,8.441019058,35.31054306,276.2788086,35.37922668,54.76875305,35.35795975,7.754703999,35.3368988,289.3131409,35.40547943,55.12949753,35.42687607,7.739078045,35.44737625,278.1444092,35.51589584,109.3889389,35.49489594,8.086253166,35.47389603,282.566864,
36.00083542,52.47582245,36.02122879,9.567332268,36.04170609,279.3939819,36.11008453,53.7056427,36.08906174,7.841991425,36.06822968,302.7755432,36.13431549,55.10924911,36.15612411,8.716028214,36.1766243,299.8040466,36.24262619,101.4534073,36.22195816,9.052178383,36.20081329,277.1014404,36.26921082,57.45493317,36.28987503,8.165789604,36.31131363,280.7131653,36.37706375,54.52967453,36.35639572,8.351314545,36.33520889,283.2410583,36.40354156,54.88227463,36.42464447,7.49394083,36.44604111,276.2958069,36.51253891,107.2279205,36.49087143,8.391718864,36.47053909,276.4572754,
37.00083542,53.4727478,37.02139664,9.098316193,37.04224777,276.2644043,37.11037445,54.59719467,37.09020996,8.437113762,37.06921005,298.4822998,37.13554382,53.87086487,37.15620804,8.103934288,37.17656326,300.6831055,37.24520493,101.0504608,37.22404099,8.260314941,37.20287704,277.9738159,37.26987457,57.10970688,37.29006195,8.543602943,37.31071091,278.4835815,37.3794136,55.18809128,37.35839462,7.817671776,37.33722687,294.9085693,37.40604401,55.91267776,37.42687607,6.666025162,37.44737625,277.17099,37.51606369,108.4332581,37.4947319,8.490979195,37.47406387,280.5123901,
38.00083542,54.04508209,38.02122879,9.445635796,38.04220963,279.6799927,38.10941696,52.55723572,38.08854294,8.052016258,38.06789398,301.2273865,38.13570786,53.32303238,38.15673065,8.387783051,38.17739487,304.1555481,38.24605942,100.9588394,38.22524643,8.902622223,38.20375061,280.0677795,38.2712059,56.56654739,38.29137421,8.130476952,38.31248093,276.942688,38.38089752,54.5471344,38.359375,7.589053154,38.33856201,290.1584473,38.40691757,55.42530441,38.4275856,8.105867386,38.44824982,271.341156,38.51664734,111.1137772,38.4955864,7.877138615,38.47512436,272.3936462,
39.00083542,54.57270432,39.02187347,9.385288239,39.04262543,273.5663452,39.11106491,54.72826004,39.08987808,8.792428017,39.06939697,303.6857605,39.13520813,55.06587219,39.15620804,8.07304287,39.17654037,303.6905212,39.24547958,102.4104538,39.22414398,8.467923164,39.203125,277.7409973,39.2712059,57.26711655,39.29220963,8.368755341,39.31296158,274.0871277,39.38220978,56.90067673,39.36106491,8.138656616,39.34020996,291.848938,39.40820694,57.26386642,39.42954254,7.695690155,39.45020676,274.4735413,39.51591873,108.5029373,39.49479294,8.748434067,39.47470856,275.9198608,
40.00083542,52.69047546,40.0215416,9.281757355,40.04237366,281.9458008,40.11021042,52.93738556,40.08987808,9.13134861,40.06854248,302.5147705,40.13658524,53.7959137,40.15745926,8.726649284,40.17708206,300.4786987,40.2458725,101.5747757,40.22455978,8.345355034,40.20370865,275.3389282,40.27181244,54.91519928,40.29262543,8.188605309,40.31306076,278.3326721,40.3818779,55.04291916,40.36106491,7.692064285,40.34004211,291.760376,40.40589523,55.57986069,40.42723083,7.010587215,40.4474144,269.0526428,40.51430893,106.9984894,40.49364471,8.990718842,40.47245789,276.3041992,
41.00083542,54.23934555,41.02072906,10.32328892,41.04206085,279.3725891,41.10845947,54.29640198,41.08712387,8.579152107,41.06591797,304.9438782,41.13456345,55.5490036,41.15558243,7.644398689,41.17591476,300.3534241,41.24404144,99.12747192,41.22354507,8.680887222,41.20220947,282.098938,41.27056122,54.21220398,41.29106522,7.788490772,41.31239319,273.0944519,41.37908554,55.74066925,41.35762405,7.548098564,41.33623123,289.3744202,41.40554047,54.85946274,41.42631531,7.44884634,41.44770813,270.9204407,41.51506424,104.1387558,41.49439621,9.956928253,41.47337723,276.2750549,
42.00083542,51.57897949,42.02189636,9.828805923,42.04220963,274.1095886,42.11037445,54.69580841,42.08989716,8.540043831,42.06854248,299.7058411,42.13695908,53.19647598,42.15806198,7.201703072,42.17906189,305.6072083,42.24414444,103.0530777,42.22391891,8.554932594,42.20295715,278.1523438,42.27104187,56.09655762,42.29220963,7.711784363,42.31254196,284.2436218,42.38139725,56.12085724,42.35987473,7.972129822,42.33906174,286.1459961,42.40791702,53.69422531,42.42856598,7.547020912,42.44906235,274.4361267,42.51706314,106.3871689,42.49670792,9.30318737,42.47570801,274.9230347,
43.00083542,55.00265884,43.02231598,9.634932518,43.04295731,275.5592041,43.11162567,53.61320114,43.09039688,8.487703323,43.06931305,305.2514038,43.13806152,54.71550751,43.15872955,8.130779266,43.17939377,302.4944153,43.24729156,100.2905731,43.22624969,8.375782013,43.20579147,287.2897949,43.27228928,57.15862274,43.2927475,7.889173031,43.31487656,273.5022888,43.38072968,55.59253693,43.36039734,7.73268795,43.33937454,283.8214722,43.40739822,56.23238754,43.4287262,7.529382706,43.4497261,269.7666321,43.51731491,111.3172073,43.49674988,9.604129791,43.47541428,274.1570129,
44.00083542,54.21194458,44.02206039,8.872626305,44.04237366,269.9951782,44.11089706,51.05499268,44.08939743,8.477028847,44.06889725,298.7983398,44.13489532,52.88981247,44.15589523,8.326994896,44.17691803,303.1836243,44.24470901,104.5437241,44.22404099,9.252083778,44.20287704,281.8677063,44.26922989,55.81741333,44.29006195,8.282855034,44.31089783,276.2626038,44.3772316,55.25469971,44.355896,8.648841858,44.33556366,285.7572021,44.40364456,55.9239769,44.42448044,7.428708553,44.44564438,267.1209717,44.51437759,107.1881866,44.49337387,11.2291851,44.47220993,281.0108032,
45.00083542,54.55747604,45.02091599,9.796627998,45.04224777,269.7566223,45.10920715,53.91901398,45.08870697,8.175077438,45.06854248,306.4589844,45.13539505,53.09517288,45.15674973,7.850034237,45.17791748,306.4975586,45.24372864,104.9709778,45.2233963,8.891674042,45.20225143,278.0587158,45.2700386,56.97953033,45.29087448,8.005426407,45.31170654,275.3205872,45.3780632,54.76556778,45.35773087,8.519137383,45.33620834,284.9676208,45.40446091,54.56443024,45.42579269,7.42556715,45.44662857,268.7947083,45.5152092,107.2906342,45.49397659,11.22566605,45.47314453,277.2496643,
46.00083542,53.22299576,46.02141571,9.557888031,46.04195786,275.1585693,46.1105423,53.71897507,46.090065,8.756097794,46.06854248,308.2568359,46.13656235,53.28811264,46.15758514,8.064703941,46.17806244,299.5673828,46.24637604,101.6104507,46.22572708,8.900096893,46.20472717,274.7893372,46.27306366,56.36394119,46.29337692,8.224449158,46.31454086,283.8106384,46.38254166,53.94831467,46.36206055,8.080456734,46.34106445,290.5905457,46.40889359,55.28668594,46.42958069,7.644584656,46.45098114,271.1758423,46.51687241,111.6963577,46.49589539,12.34113026,46.47504044,270.2521973,
47.00083542,52.89944839,47.0212059,9.664613724,47.04270935,277.0794983,47.10889435,52.59998703,47.08756256,8.658845901,47.06706238,298.0207214,47.13295746,53.36236191,47.15391922,8.892041206,47.17429352,293.0234375,47.24274826,101.2983475,47.22245789,8.707770348,47.20137405,282.4174194,47.26954269,56.00785828,47.29021072,8.366716385,47.31097794,283.0257568,47.37695694,54.24357224,47.35637665,7.892438412,47.33589554,286.6106567,47.40362549,54.91366196,47.42464447,7.665708542,47.44579315,266.2632751,47.51239395,105.7912827,47.49187469,12.76602364,47.47053909,277.1365967,
48.00083542,52.59682083,48.02170944,9.558101654,48.04287338,273.1607666,48.11072922,53.1999588,48.08954239,8.479372025,48.06854248,303.5886841,48.13487625,53.53320694,48.15537643,7.65597868,48.17704391,293.908783,48.24271011,102.4524765,48.22239685,8.556821823,48.20156097,277.874176,48.26791763,55.1178627,48.28845978,8.65002346,48.3099556,282.5992432,48.37739563,53.79747009,48.35687637,7.911839485,48.33637619,288.0067139,48.40391922,55.54745483,48.42520905,7.686887741,48.4457283,272.2825623,48.51389694,107.4332962,48.49337387,13.10751057,48.47206116,277.2680969,
49.00083542,54.11662292,49.0208931,9.57217598,49.04239655,275.7305908,49.10989761,52.60788345,49.08971024,8.612255096,49.06795502,294.8780823,49.13454056,53.82170105,49.15556335,8.176070213,49.17675018,293.9260864,49.24555969,106.3283691,49.22458649,8.751599312,49.203125,281.5775452,49.27179337,57.98066711,49.29239655,8.009902,49.31289291,273.7977295,49.38154221,53.67337036,49.36071014,8.251870155,49.34004211,283.7167358,49.40822601,54.75333405,49.42839813,7.85167408,49.44945908,265.6789246,49.51808167,105.9821014,49.49687576,14.01387024,49.47570801,276.6177673,
50.00083542,53.69795609,50.0208931,10.10803795,50.04237366,276.4563293,50.10803986,54.48589706,50.08731461,9.104478836,50.0671463,303.5799866,50.1347084,53.50748444,50.15554047,7.614131927,50.17604065,297.1353455,50.24439621,104.3756104,50.22306442,9.08932972,50.20239639,285.15625,50.27108002,57.23366547,50.29156113,8.475878716,50.31256104,274.190033,50.38072968,53.70601654,50.36022949,8.478854179,50.33908463,287.6921082,50.40731049,54.76607513,50.42847824,7.781389713,50.44953918,268.6660156,50.51664734,108.2916718,50.49622726,14.54588223,50.4753952,270.5798645,
51.00083542,52.89255142,51.02081299,9.43959713,51.04191589,271.9656067,51.11047745,52.40750885,51.08930969,8.74568367,51.06871033,305.2719727,51.137146,51.55138397,51.15764618,8.002148628,51.17920685,292.5980835,51.24555969,102.5777969,51.22496033,8.607290268,51.20372772,273.9606628,51.27187347,56.77989197,51.29320908,7.778813362,51.31420898,279.7543335,51.3818779,54.84443665,51.36106491,8.23320961,51.34056473,292.8987122,51.40822601,54.35477829,51.42954254,7.658705711,51.44997787,263.4260559,51.51622772,106.5316467,51.49589539,13.81675816,51.47522736,276.9382019,
52.00083542,52.3620224,52.02222824,9.553504944,52.04320908,278.6404724,52.10908127,53.88805771,52.08841705,8.893505096,52.0672493,300.523468,52.13381195,54.28134918,52.15581131,8.177911758,52.1762886,294.9716187,52.24531174,102.3502274,52.22420502,8.808474541,52.20287704,287.4495544,52.26939774,55.1414299,52.29056549,8.927682877,52.31106186,281.2480469,52.37987518,53.43704224,52.35853958,8.066468239,52.33806229,281.4550781,52.40623093,53.17759705,52.42673111,7.929362297,52.44808197,272.0588074,52.51424789,108.3843231,52.49347687,15.32914639,52.47245789,273.0118103,
53.00083542,52.78560638,53.02106094,10.21277237,53.04139328,271.5289307,53.11008453,51.26232147,53.08945847,8.753185272,53.06798172,299.4630127,53.13637543,54.34714508,53.1577301,8.719100952,53.1787262,298.0489502,53.24520493,102.1143646,53.22373199,8.872060776,53.20287704,279.8573303,53.26921082,56.94287109,53.29037857,8.448410988,53.3115387,271.4396667,53.37739563,55.28907776,53.35675049,8.17860508,53.33554459,288.5223694,53.40362549,53.46945572,53.42481232,7.488871098,53.44545746,274.9252319,53.5140419,106.3290939,53.49254227,16.10236931,53.472229,273.8029785,
54.00083542,51.41056442,54.02164841,10.00543213,54.04195786,277.15625,54.10989761,52.35511017,54.08945847,9.128624916,54.06879044,300.3486938,54.13525009,52.98720932,54.15578842,8.014316559,54.17641449,309.0467529,54.24358368,100.6884918,54.22241592,8.588466644,54.20187759,287.0869141,54.26971054,56.95978165,54.29087448,8.163956642,54.31225204,278.4712219,54.37831116,55.98627472,54.35695648,8.741538048,54.33608246,282.1278992,54.40470886,57.48057556,54.42537308,7.408826828,54.44589615,268.0840149,54.51389694,106.0541229,54.49256134,15.68253136,54.47239685,268.1801758,
55.00083542,52.41761017,55.02039337,9.269338608,55.04170609,280.9490967,55.10773087,53.20588684,55.08673096,8.553313255,55.06606293,297.4143982,55.13412857,54.10449219,55.1553154,8.396259308,55.17579269,294.0474243,55.24506378,101.7273331,55.22370911,8.397815704,55.20239639,281.6321106,55.27087402,55.13537216,55.29198074,7.801697254,55.31245804,275.1715393,55.37931442,54.01644516,55.35853958,7.659155846,55.3380394,290.256958,55.40572739,54.8802681,55.42691803,7.151899338,55.44762421,271.8446045,55.51589584,104.1974716,55.49539566,16.58527946,55.47406387,272.2140503,
56.00083542,52.41251755,56.02039337,10.0553484,56.04172897,270.6482544,56.11037445,53.02523804,56.08930969,8.321753502,56.06814957,300.8104248,56.13487625,53.56365204,56.15545654,8.378814697,56.17670822,292.9368591,56.2447319,103.5965195,56.22412491,8.806074142,56.20289612,287.1602173,56.27129364,55.64136124,56.2924614,8.295413971,56.31308365,269.0064697,56.38095856,53.19024658,56.35981369,8.223223686,56.33939743,287.5232544,56.40554047,54.39253616,56.42670822,7.704428673,56.44789505,267.0371704,56.51537704,107.0906677,56.49491882,16.61695099,56.47341537,276.454895,
57.00083542,52.14192581,57.02156067,9.775903702,57.04206085,274.0496521,57.1082077,53.62017441,57.08722687,8.884912491,57.06606293,309.4910278,57.13456345,53.44519043,57.15554047,8.326130867,57.17589569,289.2938538,57.24445724,107.155632,57.22312546,8.740736961,57.20245743,280.9958191,57.27020645,56.72408295,57.29120636,8.220330238,57.31258011,276.9790649,57.38072968,55.88539124,57.35908127,8.454950333,57.33845901,288.2871704,57.40541458,54.55023193,57.42524719,7.262106895,57.44641495,265.2236938,57.51456451,108.2634811,57.49354172,17.98788834,57.47314453,267.6091003,
58.00083542,53.96212387,58.02156067,10.21920109,58.04287338,279.4696045,58.11062241,55.68567276,58.09037781,8.543591499,58.06922913,300.8207397,58.13703918,53.2463913,58.1577301,8.702352524,58.17914581,295.4697571,58.24689484,105.7932129,58.22637558,8.789957047,58.20554352,281.069519,58.27106094,54.86352921,58.29206085,8.586969376,58.31272888,273.8622437,58.37958145,55.96828079,58.3584137,8.601088524,58.3374176,288.3743591,58.40345764,56.19844055,58.42487335,8.108428955,58.44548035,268.1456604,58.51281357,107.9198532,58.49237442,17.93551826,58.47120667,270.7956543,
59.00083542,53.89669418,59.02222824,10.51577377,59.04270935,276.3983459,59.10887527,53.11457062,59.08789444,8.267854691,59.06656265,297.293396,59.13489532,53.38636398,59.15589523,8.524672508,59.17639542,293.0711975,59.24554062,105.0675354,59.22437286,9.419384956,59.20295715,285.5585022,59.27170944,54.16252899,59.29272842,8.001367569,59.31322861,277.2722473,59.38056183,55.39110184,59.35958099,8.198122025,59.33895493,292.1730042,59.40704346,56.20112228,59.42839813,7.867125988,59.44939804,271.1699524,59.51814651,104.9429245,59.49698257,18.09544182,59.47579193,276.7532654,
60.00083542,53.31344223,60.02181244,10.19129086,60.04308319,280.2276306,60.1114769,52.59951782,60.09087372,8.72054863,60.06947708,298.1514893,60.13854218,52.96795654,60.15872955,8.610725403,60.17956161,291.5944214,60.24641418,105.1867523,60.22524643,8.858013153,60.20412445,279.1894836,60.27254105,55.43862915,60.29314804,8.435956001,60.31481171,278.8145142,60.38072968,55.21520996,60.3605423,8.532515526,60.33939743,286.112793,60.40729141,54.01481628,60.42847824,7.748587132,60.44903946,264.0280151,60.51670837,108.3898697,60.4958725,17.5463829,60.47520828,271.1349487,
61.00083542,50.96331406,61.02170944,10.40086746,61.04312515,275.5956421,61.109375,53.28825378,61.08820724,9.258468628,61.06787491,307.444397,61.1358757,53.58540726,61.1568985,8.050732613,61.17687607,289.634552,61.24337387,104.6592102,61.22275162,9.04335022,61.20206451,279.572113,61.27006531,55.72740555,61.29041672,8.919888496,61.31108475,271.3290405,61.37804413,56.77644348,61.35704422,8.039720535,61.33595657,279.5064697,61.40456009,56.11006165,61.42539597,7.886744022,61.44604111,267.5623169,61.51406097,107.1270828,61.49324799,17.69290161,61.47241592,271.8874512,
62.00083542,53.45317459,62.02204132,10.16089439,62.04287338,272.6912842,62.10822678,54.77171326,62.08806229,8.732983589,62.06689453,300.0638428,62.13481522,53.31336975,62.15537643,8.260129929,62.17637634,289.0314331,62.24470901,105.3593597,62.22408295,9.196240425,62.20273209,276.8027954,62.27006531,56.70389938,62.29072952,8.616268158,62.31122971,272.7422485,62.3777504,55.2078743,62.35708237,8.493029594,62.33573151,279.3728333,62.40241623,54.04740906,62.42339706,7.570735455,62.44475174,266.4818115,62.51074982,107.6409683,62.48941803,17.78104591,62.46912384,272.3670654,
63.00083542,51.84317398,63.02131271,10.42325211,63.04191589,280.496521,63.1105423,52.38759613,63.08929062,8.868714333,63.06847763,298.515564,63.13703918,52.29330444,63.1577301,7.921490669,63.17906189,291.2778015,63.24672699,101.7262802,63.22606277,8.720931053,63.20520782,286.9924011,63.27341843,56.00732422,63.29454422,8.381455421,63.31554413,265.6513062,63.3832283,56.81929016,63.36274719,8.824334145,63.34189606,285.6599121,63.40995789,56.29149628,63.43120956,7.495780945,63.45206451,266.9792175,63.51924896,108.4306183,63.49891663,17.21879005,63.47756195,272.0405884,
64.0008316,55.14268494,64.02189636,10.80572796,64.0425415,269.5480652,64.1105423,52.79176712,64.08972931,8.497642517,64.06879425,302.5023499,64.13656616,53.3144989,64.15775299,8.641879082,64.17879486,292.2022095,64.24672699,105.0113297,64.22570801,9.297739029,64.20520782,278.2489929,64.27146149,55.68388367,64.29248047,8.911405563,64.31281281,273.4831848,64.38121033,56.17642212,64.36037445,8.576434135,64.33912659,280.4542236,64.40724945,53.15968323,64.42864227,7.257311821,64.44956207,273.6524658,64.51674652,110.2115021,64.49641418,16.09637451,64.47525024,270.9623108,
65.0008316,52.97579956,65.02172852,9.68288517,65.04289246,274.2704773,65.11045837,51.77685547,65.08895874,8.757246017,65.06845856,292.7683411,65.13648224,53.84822845,65.15787506,7.950678349,65.17881012,291.622467,65.24456024,102.5085068,65.22387695,8.449140549,65.20337677,282.5966492,65.2707901,54.61344528,65.29212952,7.942591667,65.31246185,281.0252075,65.37962341,55.0287056,65.35839081,7.967368603,65.33773041,279.9133606,65.40420532,55.17127609,65.42453766,8.214812279,65.44570923,261.5161438,65.51212311,108.5537567,65.49141693,16.36457634,65.47054291,272.9708557,
66.0008316,53.2363205,66.02106476,10.18443584,66.04122925,270.9425659,66.10920715,52.27888489,66.08870697,8.926987648,66.06754303,301.2661438,66.13554382,53.00259399,66.15591431,8.571138382,66.17706299,286.705719,66.24529266,105.8710098,66.22464752,8.428232193,66.20337677,283.9717407,66.27153778,55.3431282,66.2928772,7.852656841,66.31337738,270.6192322,66.38237,57.17538834,66.36164856,8.483462334,66.33972931,287.9985352,66.40673065,55.97011566,66.42806244,8.140918732,66.44839478,268.2507935,66.51689148,107.4282303,66.49539185,15.4738884,66.47492218,267.3336487,
67.0008316,52.69313431,67.02172852,9.807453156,67.04239655,269.3897705,67.11006165,52.14808655,67.08987427,9.119236946,67.06871033,300.499054,67.13462067,54.52235413,67.1552887,8.28015995,67.17664337,292.2789307,67.24281311,106.5718155,67.22220612,8.779877663,67.20121002,281.438324,67.26795959,55.36950302,67.28903961,7.95741272,67.30962372,266.4466248,67.37820435,55.7950592,67.35704041,7.795197487,67.33621216,282.0990601,67.40473175,53.11479187,67.42556,8.023776054,67.44620514,267.5097046,67.51437378,109.6152802,67.49389648,16.19448853,67.47241974,270.1550598,
68.0008316,53.69148636,68.02172852,10.15331745,68.0422287,269.7944641,68.10941315,52.60887146,68.08812714,9.565217018,68.06762695,300.1933594,68.13512421,55.92773438,68.15697479,8.49088192,68.17758179,292.3669128,68.2455368,103.6883087,68.22504425,9.243075371,68.20404053,279.9827271,68.27220917,58.06952286,68.29338837,8.545178413,68.31422424,276.0323181,68.38087463,53.95795441,68.35971069,8.232909203,68.33887482,285.4103394,68.40656281,55.3185997,68.42789459,8.184427261,68.44822693,267.5887451,68.51625061,106.3936539,68.4957962,14.65614414,68.47478485,267.6767883,
69.0008316,52.66603851,69.02206421,10.41642666,69.04320526,273.0353699,69.11141968,54.61848068,69.09098053,8.750841141,69.06958008,301.1325073,69.13771057,54.59996033,69.15904236,8.886246681,69.17937469,290.8191833,69.24755859,105.6593628,69.22689819,9.180802345,69.20572662,281.7720337,69.27372742,56.37041092,69.29489899,7.993712902,69.31546021,268.8171387,69.38375092,54.09976196,69.36256409,7.763590336,69.34220886,284.962677,69.40830994,55.31047821,69.42937469,7.906650066,69.45054626,273.0654907,69.51853943,108.834198,69.49787903,14.26049042,69.47675323,277.1914673,
70.0008316,52.01641846,70.02147675,10.69047546,70.0417099,269.2710876,70.11006165,53.85061646,70.08889771,8.309148788,70.06856537,302.6702576,70.13697815,53.7188797,70.15739441,8.616674423,70.17871094,295.8840637,70.2463913,107.5587921,70.2257309,9.574197769,70.20506287,281.2405396,70.2729187,56.27356339,70.29338837,8.213103294,70.31442261,270.9753113,70.38237,55.24320984,70.3613739,8.217386246,70.34089661,286.771637,70.4084549,55.70245361,70.42987823,7.916619778,70.45037079,267.231842,70.51598358,108.3306046,70.49541473,13.1536684,70.47492218,267.7757263,
71.0008316,52.94435883,71.02112579,10.16543007,71.04239655,272.6658325,71.11056519,54.19259644,71.08922577,8.518263817,71.06889343,302.7980042,71.13491821,53.79339981,71.15546417,8.634943008,71.17697906,290.4112854,71.2443924,102.2549438,71.22370911,8.947486877,71.20371246,275.0267944,71.27137756,57.87733078,71.29154205,8.718791008,71.31256866,269.9754028,71.38056946,54.52814865,71.359375,8.530930519,71.33887482,284.5778809,71.4045639,54.00096893,71.42589569,8.046626091,71.44589996,270.3548584,71.51412964,108.396431,71.49375153,12.73368931,71.47241974,269.4774475,
72.0008316,53.91798401,72.02053833,10.24874115,72.04248047,277.0119934,72.10839844,51.49753571,72.0872345,9.017197609,72.06703949,301.8938599,72.13508606,55.7129364,72.15670776,8.648131371,72.17753601,294.5057983,72.24275208,106.0391769,72.22257996,9.220828056,72.20156097,281.5136108,72.26804352,57.2197113,72.28903961,8.530417442,72.30937195,269.8026428,72.37756348,54.91667175,72.35707855,8.513259888,72.33589935,280.6484375,72.40395355,55.90206146,72.4254837,8.410442352,72.445755,270.3753357,72.51387787,110.9960785,72.49237823,11.52993393,72.47171021,270.4680786,
73.0008316,51.14826584,73.02046204,10.66256332,73.04145813,269.473938,73.11006165,56.13762665,73.08889771,8.921318054,73.06787109,301.4024658,73.13596344,52.73694611,73.15703583,8.806488991,73.17753601,286.8611145,73.24589539,105.2899246,73.22473145,8.233877182,73.20423126,281.4128723,73.27071381,55.24800491,73.29121399,8.712220192,73.31237793,275.0509644,73.37857819,53.87927628,73.35725403,8.121474266,73.33691406,283.0134277,73.40354156,55.44340515,73.42404175,7.919878483,73.44538116,272.031189,73.51187134,108.7242889,73.49073029,11.2418499,73.470047,270.1068115,
74.0008316,51.93082809,74.02256012,10.36555481,74.04320526,269.8497314,74.11214447,53.18055344,74.09065247,8.316008568,74.06958008,301.1527405,74.13623047,52.7809906,74.1572113,8.591585159,74.17856598,299.7617798,74.24606323,105.1925735,74.2248764,8.811311722,74.20454407,284.379425,74.27071381,55.80088043,74.2910614,9.309699059,74.31187439,264.1200562,74.37839508,54.24579239,74.3578949,8.241991997,74.3372345,283.3454285,74.4050827,53.74015808,74.42595673,8.047638893,74.44625092,270.2954712,74.51503754,108.9615479,74.49420929,11.10777569,74.4728775,265.7002258,
75.0008316,52.59583282,75.02153778,10.70825005,75.04221344,265.8481445,75.109375,54.08346558,75.08821106,9.353674889,75.06703949,299.1168823,75.13572693,53.58013153,75.15673065,8.843138695,75.17774963,289.7676086,75.24506378,105.6216736,75.2245636,8.830004692,75.20387268,277.1140137,75.27028656,56.4360733,75.2908783,8.185549736,75.31162262,271.8670959,75.37937927,54.44865417,75.35903931,8.460897446,75.33837891,280.0223083,75.40589142,54.21599197,75.42739105,8.027549744,75.44773102,267.210022,75.51598358,109.9267197,75.49512482,10.94474411,75.4747467,266.0693359,
76.0008316,51.65235138,76.02058411,10.20604515,76.04189301,271.3275757,76.10837555,53.07764053,76.08771515,8.673995972,76.0666275,298.4132385,76.13455963,53.70304871,76.15539551,8.903102875,76.17623138,287.2674255,76.24423218,104.0756607,76.22387695,8.629963875,76.20248413,276.9412842,76.26904297,55.88828659,76.29073334,8.32790184,76.31172943,272.4480591,76.37804413,54.63308716,76.35679626,8.239562988,76.3354187,280.6376648,76.40387726,54.05405426,76.42506409,8.254236221,76.44554138,267.9417114,76.51391602,106.5772324,76.49275208,10.470191,76.47162628,267.0261841,
77.0008316,51.81856537,77.02153778,9.755904198,77.0422287,271.2766724,77.1084137,53.66240692,77.0872345,8.971452713,77.06673431,295.7012939,77.13496399,54.21311569,77.15562439,8.940799713,77.17696381,285.7098694,77.2435379,105.707016,77.22220612,9.085723877,77.20172882,278.2927856,77.26756287,57.14975357,77.2885437,8.547008514,77.30970764,273.0505371,77.37622833,56.08668518,77.35489655,8.798397064,77.3342514,287.8458252,77.40058899,55.37934113,77.42089844,8.037035942,77.44206238,263.9358215,77.51087189,107.2853394,77.48970795,10.28240395,77.46862793,270.0011597,
78.0008316,52.55027771,78.02172852,10.35046291,78.04306793,270.9699707,78.10953522,54.19456482,78.08821106,8.997667313,78.06697845,299.321167,78.13504028,52.37381363,78.15639496,8.119375229,78.17672729,289.9563599,78.24564362,103.9503098,78.22470856,9.145046234,78.20348358,279.9905396,78.27104187,55.48376846,78.29154205,9.177876472,78.31204224,269.8420105,78.38041687,54.49999237,78.35973358,8.734225273,78.33872986,283.6494141,78.40520477,52.82024384,78.42620087,8.35104084,78.44670868,267.9458923,78.51528931,109.2905807,78.49423218,9.610918045,78.47275543,267.1915894,
79.0008316,52.37322235,79.02171326,10.79076576,79.04304504,271.578064,79.10887909,55.64899445,79.08804321,9.670280457,79.06754303,304.7495422,79.13558197,53.72545624,79.15664673,8.159572601,79.1778717,292.8850403,79.24471283,105.2573776,79.22422791,9.083045006,79.20353699,277.2624817,79.2712326,55.46384048,79.29173279,9.430282593,79.31306458,271.6089172,79.38156128,54.52068329,79.36006165,8.533581734,79.33942413,284.4310913,79.40591431,54.66376114,79.42629242,7.753452778,79.44754028,268.9683533,79.51574707,109.67379,79.49458313,9.219216347,79.47408295,267.259552,
80.0008316,51.09401321,80.0207901,10.31277084,80.04178619,264.6822815,80.10973358,54.46272659,80.08846283,8.922338486,80.06762695,300.8315735,80.13439941,52.27591324,80.15487671,8.218984604,80.17589569,284.9889526,80.24254608,107.593689,80.22112274,9.446588516,80.19992065,285.4132996,80.26737213,56.61483002,80.2877121,8.974793434,80.30921173,273.0834351,80.37545776,54.824543,80.35424805,8.922954559,80.33362579,283.6192017,80.39987946,55.47071457,80.42087555,8.174365044,80.44154358,269.4158325,80.50925446,109.107132,80.48891449,9.408687592,80.46789551,269.3551331,
81.0008316,53.28344727,81.0216217,10.57192135,81.04203796,263.5620422,81.10855865,52.36654282,81.08804321,9.400568008,81.06754303,298.1970215,81.13504028,53.70228958,81.15621185,8.71968174,81.17723083,284.9236145,81.24370575,106.9901581,81.22270203,8.742966652,81.20153809,279.6375122,81.26822662,57.20885086,81.28874969,8.696902275,81.31005859,273.2101746,81.37722778,53.88822937,81.3562088,8.196915627,81.33570862,279.7648315,81.4040451,53.92501831,81.42454529,7.789648056,81.44538116,265.8830566,81.51306152,109.1883774,81.49256134,9.869379997,81.47203827,271.0203857,
82.0008316,50.76813507,82.02075195,10.47399235,82.04141235,266.8291016,82.10814667,55.06657028,82.0878067,8.976660728,82.06674957,293.7077637,82.13504028,54.46887589,82.15603638,8.749361038,82.17671204,292.5630798,82.24464417,105.6372147,82.22337341,8.661442757,82.20305634,274.8690186,82.27004242,55.06906891,82.29039764,8.345629692,82.31141663,273.2442932,82.37739563,55.06380463,82.35622406,8.415005684,82.33520508,282.77948,82.40220642,52.4899826,82.42306519,7.902794361,82.44338989,264.0456848,82.51005554,113.1050568,82.48922729,9.637756348,82.46872711,264.0021057,
83.0008316,51.40780258,83.02141571,10.59398746,83.04162598,264.4276733,83.10939789,54.05834579,83.08906555,9.322060585,83.06806946,309.2555847,83.13596344,52.0074234,83.15714264,9.118131638,83.1783905,287.362854,83.24679565,104.4866562,83.22558594,8.595220566,83.20456696,282.1751099,83.27287292,54.17884064,83.2942276,8.559803009,83.31506348,271.7092896,83.38137054,55.69091415,83.36029816,7.906172276,83.33979797,290.0759277,83.40758514,56.88469315,83.42823029,8.228419304,83.44889069,258.9950562,83.51725006,111.1346893,83.49674988,9.238175392,83.47545624,266.5628662,
84.0008316,51.96432495,84.02212524,10.45987511,84.04304504,263.5994263,84.10906219,53.70714188,84.08805847,9.249360085,84.06739807,290.6617126,84.1354599,52.6553154,84.15589142,8.493322372,84.17720795,286.6265259,84.24523163,104.9496155,84.22439575,9.909809113,84.2035675,271.9764099,84.26995087,55.15847015,84.29064941,8.602185249,84.31187439,266.8587036,84.38041687,55.60671616,84.35906219,8.638623238,84.33798218,280.7039185,84.40703583,53.8388443,84.4278183,7.266237259,84.44864655,263.6577148,84.51422882,108.4892883,84.49389648,8.692305565,84.47254181,268.9201965,
85.0008316,52.64208603,85.02071381,11.2547617,85.0410614,271.03479,85.11006165,54.86746216,85.08872986,8.996922493,85.06755829,295.1166077,85.13407898,54.05909729,85.15491486,8.788683891,85.17641449,293.37146,85.24423218,107.3098679,85.22373199,9.243056297,85.20271301,275.3725281,85.27056122,54.71500778,85.29191589,8.382724762,85.31239319,272.6342773,85.38023376,55.78139114,85.35971069,8.867625237,85.33937073,276.7854309,85.40681458,55.92819595,85.42720795,8.408450127,85.44853973,260.3346863,85.51462555,110.7263336,85.49372864,8.930444717,85.47270203,265.2667847,
86.0008316,52.45743179,86.02124786,10.28613281,86.04212189,268.7981567,86.11037445,53.57981491,86.08972931,9.698001862,86.06871033,290.8522949,86.13712311,54.81031799,86.15804291,9.294014931,86.17871094,286.3152771,86.24523163,104.6424713,86.22473145,9.298809052,86.20387268,274.6573486,86.2697525,54.40862274,86.29098511,9.053118706,86.31237793,270.7298279,86.37891388,54.01049805,86.35758209,9.382336617,86.3368988,285.6685486,86.40454102,54.97254562,86.42604065,7.790136814,86.44664764,268.7138367,86.51503754,107.8424225,86.49370575,9.342923164,86.47306061,269.1004028,
87.0008316,53.2475853,87.02112579,11.2627821,87.04191589,266.6519165,87.1102066,53.2829628,87.08922577,9.397669792,87.06812286,298.9075928,87.13639069,53.82263947,87.15758514,8.865790367,87.17895508,288.9950562,87.24604797,106.1863327,87.2253952,8.789474487,87.20520782,273.9559021,87.27187347,56.77161026,87.29254913,8.186285973,87.31287384,274.2061157,87.38179779,53.85281372,87.36045837,8.730594635,87.33912659,284.4989014,87.40870667,54.40884399,87.42937469,8.188466072,87.45054626,263.8581543,87.51872253,108.2463379,87.49736786,8.897556305,87.47704315,264.2341919,
88.0008316,51.91083145,88.02179718,10.66801357,88.04297638,272.7107849,88.1110611,53.39421463,88.09056091,10.11393929,88.06937408,299.5926208,88.13772583,52.53432846,88.15908051,8.594860077,88.17958069,293.0439453,88.24772644,104.3585892,88.22720337,8.942293167,88.20589447,275.072937,88.27279663,57.46198654,88.2937088,8.792762756,88.3147049,279.5250244,88.38278961,54.23517609,88.36212921,8.213213921,88.34091949,281.0187988,88.40904236,53.90111542,88.4302063,7.90273571,88.45170593,263.041626,88.51773071,108.1934204,88.49703979,9.493182182,88.47637177,265.1851501,
89.0008316,52.93737411,89.02131653,11.31940365,89.04239655,270.908905,89.11003876,56.22592926,89.08891296,8.927853584,89.06706238,289.7242737,89.13455963,53.65058899,89.15558624,9.039032936,89.17662811,288.6619263,89.24506378,106.5254059,89.22439575,8.929760933,89.20304108,275.0568542,89.26914978,57.58768463,89.29108429,8.878806114,89.31157684,273.9404602,89.37987518,57.71825409,89.35921478,8.726928711,89.33821106,274.9338989,89.4043808,54.29681015,89.42556,8.349582672,89.44673157,265.4707031,89.51295471,112.7275543,89.49214935,8.956029892,89.47154236,261.5035706,
90.0008316,51.26388168,90.02172852,10.65515614,90.0424118,267.3178711,90.11172485,52.68055725,90.09054565,10.22135448,90.0694809,291.0852356,90.13591003,52.2543335,90.15695953,9.495009422,90.17829132,291.0500488,90.24497986,104.5694656,90.22370911,9.268950462,90.20287323,273.1409912,90.26937866,56.02635956,90.28972626,9.060364723,90.31037903,267.4488525,90.37822723,55.82101822,90.35758209,8.956582069,90.33656311,283.4141235,90.40454102,55.64249802,90.42573547,8.389673233,90.44589996,263.0683289,90.51406097,109.9456711,90.49370575,9.143667221,90.47273254,267.6927185,

Sample A10,
Sample A10
Collection Time: 12-Mar-24 12:14:48 PM
Operator Name  :
Kinetics Software Version: 1.2(146)
Parameter List :
Report Time: Tue 12 Mar 12:14:48 PM 2024
Software version: 1.2(146)
Operator:
Instrument Parameters
Instrument                        Cary Eclipse
Instrument Serial Number          MY18160001
Data mode                         Fluorescence
Ex. wavelength (nm)               493.00
Em. wavelength (nm)               517.00
Ex. Slit (nm)                     10
Em. Slit (nm)                     10
Averaging Time (s)                0.1000
Cycle time(min)                   1.0000
Stop time(min)                    90.0000
Emission filter                   Open
Excitation Filter                 Auto
PMT voltage (V)                   700
Wellplate                         ON
Plate format                     96 Wells
Read position                    Well centre
Multi-zero                       OFF
Auto-zero                        OFF
Well                            A1
Comments:
Method Log     :
Method Name    : C:\USERS\PUBLIC\DOCUMENTS\AGILENT\CARY ECLIPSE WINFLR\DEFAULT.FMKN
Date/Time stamp: 18-Oct-18 12:11:51 PM
Method Modifications:
Current Method Changed: 12-Mar-24 12:04:38 PM, Old:C:\Users\Public\Documents\Agilent\Cary Eclipse WInFLR\Default.FMKN, New:C:\USERS\PUBLIC\DOCUMENTS\AGILENT\CARY ECLIPSE WINFLR\DEFAULT.FMKN
PMT Volts Changed: 12-Mar-24 12:05:33 PM, Old:600, New:700
Well plate reader Changed: 12-Mar-24 12:05:33 PM, Old:OFF, New:ON
Excitation Wavelength Changed: 12-Mar-24 12:05:33 PM, Old: 400.00, New: 493.00
Emission Wavelength Changed: 12-Mar-24 12:05:33 PM, Old: 600.00, New: 517.00
Cycle Time 1 Changed: 12-Mar-24 12:05:33 PM, Old: 0.0000, New: 1.0000
Stop Time 1 Changed: 12-Mar-24 12:05:33 PM, Old: 1.0000, New:90.0000
Emission PMT (V): Changed: 12-Mar-24 12:05:33 PM, Old: 600, New: 700
Wellplate Samples Changed: 12-Mar-24 12:05:33 PM, Old:, New:A10;A11;A12;B10;B11;B12;C10;C11;C12;D10;D11;D12;E10;E11;E12;F10;F11;F12;G10;G11;G12;H10;H11;H12;
Ex. Slit Width (nm): Changed: 12-Mar-24 12:06:22 PM, Old:5, New:10
Em. Slit Width (nm): Changed: 12-Mar-24 12:06:22 PM, Old:5, New:10
End Method Modifications

Sample A11,
Sample A11
Collection Time: 12-Mar-24 12:14:48 PM
Operator Name  :
Kinetics Software Version: 1.2(146)
Parameter List :
Report Time: Tue 12 Mar 12:14:48 PM 2024
Software version: 1.2(146)
Operator:
Instrument Parameters
Instrument                        Cary Eclipse
Instrument Serial Number          MY18160001
Data mode                         Fluorescence
Ex. wavelength (nm)               493.00
Em. wavelength (nm)               517.00
Ex. Slit (nm)                     10
Em. Slit (nm)                     10
Averaging Time (s)                0.1000
Cycle time(min)                   1.0000
Stop time(min)                    90.0000
Emission filter                   Open
Excitation Filter                 Auto
PMT voltage (V)                   700
Wellplate                         ON
Plate format                     96 Wells
Read position                    Well centre
Multi-zero                       OFF
Auto-zero                        OFF
Well                            A1
Comments:
Method Log     :
Method Name    : C:\USERS\PUBLIC\DOCUMENTS\AGILENT\CARY ECLIPSE WINFLR\DEFAULT.FMKN
Date/Time stamp: 18-Oct-18 12:11:51 PM
Method Modifications:
Current Method Changed: 12-Mar-24 12:04:38 PM, Old:C:\Users\Public\Documents\Agilent\Cary Eclipse WInFLR\Default.FMKN, New:C:\USERS\PUBLIC\DOCUMENTS\AGILENT\CARY ECLIPSE WINFLR\DEFAULT.FMKN
PMT Volts Changed: 12-Mar-24 12:05:33 PM, Old:600, New:700
Well plate reader Changed: 12-Mar-24 12:05:33 PM, Old:OFF, New:ON
Excitation Wavelength Changed: 12-Mar-24 12:05:33 PM, Old: 400.00, New: 493.00
Emission Wavelength Changed: 12-Mar-24 12:05:33 PM, Old: 600.00, New: 517.00
Cycle Time 1 Changed: 12-Mar-24 12:05:33 PM, Old: 0.0000, New: 1.0000
Stop Time 1 Changed: 12-Mar-24 12:05:33 PM, Old: 1.0000, New:90.0000
Emission PMT (V): Changed: 12-Mar-24 12:05:33 PM, Old: 600, New: 700
Wellplate Samples Changed: 12-Mar-24 12:05:33 PM, Old:, New:A10;A11;A12;B10;B11;B12;C10;C11;C12;D10;D11;D12;E10;E11;E12;F10;F11;F12;G10;G11;G12;H10;H11;H12;
Ex. Slit Width (nm): Changed: 12-Mar-24 12:06:22 PM, Old:5, New:10
Em. Slit Width (nm): Changed: 12-Mar-24 12:06:22 PM, Old:5, New:10
End Method Modifications

Sample A12,
Sample A12
Collection Time: 12-Mar-24 12:14:48 PM
Operator Name  :
Kinetics Software Version: 1.2(146)
Parameter List :
Report Time: Tue 12 Mar 12:14:48 PM 2024
Software version: 1.2(146)
Operator:
Instrument Parameters
Instrument                        Cary Eclipse
Instrument Serial Number          MY18160001
Data mode                         Fluorescence
Ex. wavelength (nm)               493.00
Em. wavelength (nm)               517.00
Ex. Slit (nm)                     10
Em. Slit (nm)                     10
Averaging Time (s)                0.1000
Cycle time(min)                   1.0000
Stop time(min)                    90.0000
Emission filter                   Open
Excitation Filter                 Auto
PMT voltage (V)                   700
Wellplate                         ON
Plate format                     96 Wells
Read position                    Well centre
Multi-zero                       OFF
Auto-zero                        OFF
Well                            A1
Comments:
Method Log     :
Method Name    : C:\USERS\PUBLIC\DOCUMENTS\AGILENT\CARY ECLIPSE WINFLR\DEFAULT.FMKN
Date/Time stamp: 18-Oct-18 12:11:51 PM
Method Modifications:
Current Method Changed: 12-Mar-24 12:04:38 PM, Old:C:\Users\Public\Documents\Agilent\Cary Eclipse WInFLR\Default.FMKN, New:C:\USERS\PUBLIC\DOCUMENTS\AGILENT\CARY ECLIPSE WINFLR\DEFAULT.FMKN
PMT Volts Changed: 12-Mar-24 12:05:33 PM, Old:600, New:700
Well plate reader Changed: 12-Mar-24 12:05:33 PM, Old:OFF, New:ON
Excitation Wavelength Changed: 12-Mar-24 12:05:33 PM, Old: 400.00, New: 493.00
Emission Wavelength Changed: 12-Mar-24 12:05:33 PM, Old: 600.00, New: 517.00
Cycle Time 1 Changed: 12-Mar-24 12:05:33 PM, Old: 0.0000, New: 1.0000
Stop Time 1 Changed: 12-Mar-24 12:05:33 PM, Old: 1.0000, New:90.0000
Emission PMT (V): Changed: 12-Mar-24 12:05:33 PM, Old: 600, New: 700
Wellplate Samples Changed: 12-Mar-24 12:05:33 PM, Old:, New:A10;A11;A12;B10;B11;B12;C10;C11;C12;D10;D11;D12;E10;E11;E12;F10;F11;F12;G10;G11;G12;H10;H11;H12;
Ex. Slit Width (nm): Changed: 12-Mar-24 12:06:22 PM, Old:5, New:10
Em. Slit Width (nm): Changed: 12-Mar-24 12:06:22 PM, Old:5, New:10
End Method Modifications

Sample B10,
Sample B10
Collection Time: 12-Mar-24 12:14:48 PM
Operator Name  :
Kinetics Software Version: 1.2(146)
Parameter List :
Report Time: Tue 12 Mar 12:14:48 PM 2024
Software version: 1.2(146)
Operator:
Instrument Parameters
Instrument                        Cary Eclipse
Instrument Serial Number          MY18160001
Data mode                         Fluorescence
Ex. wavelength (nm)               493.00
Em. wavelength (nm)               517.00
Ex. Slit (nm)                     10
Em. Slit (nm)                     10
Averaging Time (s)                0.1000
Cycle time(min)                   1.0000
Stop time(min)                    90.0000
Emission filter                   Open
Excitation Filter                 Auto
PMT voltage (V)                   700
Wellplate                         ON
Plate format                     96 Wells
Read position                    Well centre
Multi-zero                       OFF
Auto-zero                        OFF
Well                            A1
Comments:
Method Log     :
Method Name    : C:\USERS\PUBLIC\DOCUMENTS\AGILENT\CARY ECLIPSE WINFLR\DEFAULT.FMKN
Date/Time stamp: 18-Oct-18 12:11:51 PM
Method Modifications:
Current Method Changed: 12-Mar-24 12:04:38 PM, Old:C:\Users\Public\Documents\Agilent\Cary Eclipse WInFLR\Default.FMKN, New:C:\USERS\PUBLIC\DOCUMENTS\AGILENT\CARY ECLIPSE WINFLR\DEFAULT.FMKN
PMT Volts Changed: 12-Mar-24 12:05:33 PM, Old:600, New:700
Well plate reader Changed: 12-Mar-24 12:05:33 PM, Old:OFF, New:ON
Excitation Wavelength Changed: 12-Mar-24 12:05:33 PM, Old: 400.00, New: 493.00
Emission Wavelength Changed: 12-Mar-24 12:05:33 PM, Old: 600.00, New: 517.00
Cycle Time 1 Changed: 12-Mar-24 12:05:33 PM, Old: 0.0000, New: 1.0000
Stop Time 1 Changed: 12-Mar-24 12:05:33 PM, Old: 1.0000, New:90.0000
Emission PMT (V): Changed: 12-Mar-24 12:05:33 PM, Old: 600, New: 700
Wellplate Samples Changed: 12-Mar-24 12:05:33 PM, Old:, New:A10;A11;A12;B10;B11;B12;C10;C11;C12;D10;D11;D12;E10;E11;E12;F10;F11;F12;G10;G11;G12;H10;H11;H12;
Ex. Slit Width (nm): Changed: 12-Mar-24 12:06:22 PM, Old:5, New:10
Em. Slit Width (nm): Changed: 12-Mar-24 12:06:22 PM, Old:5, New:10
End Method Modifications

Sample B11,
Sample B11
Collection Time: 12-Mar-24 12:14:48 PM
Operator Name  :
Kinetics Software Version: 1.2(146)
Parameter List :
Report Time: Tue 12 Mar 12:14:48 PM 2024
Software version: 1.2(146)
Operator:
Instrument Parameters
Instrument                        Cary Eclipse
Instrument Serial Number          MY18160001
Data mode                         Fluorescence
Ex. wavelength (nm)               493.00
Em. wavelength (nm)               517.00
Ex. Slit (nm)                     10
Em. Slit (nm)                     10
Averaging Time (s)                0.1000
Cycle time(min)                   1.0000
Stop time(min)                    90.0000
Emission filter                   Open
Excitation Filter                 Auto
PMT voltage (V)                   700
Wellplate                         ON
Plate format                     96 Wells
Read position                    Well centre
Multi-zero                       OFF
Auto-zero                        OFF
Well                            A1
Comments:
Method Log     :
Method Name    : C:\USERS\PUBLIC\DOCUMENTS\AGILENT\CARY ECLIPSE WINFLR\DEFAULT.FMKN
Date/Time stamp: 18-Oct-18 12:11:51 PM
Method Modifications:
Current Method Changed: 12-Mar-24 12:04:38 PM, Old:C:\Users\Public\Documents\Agilent\Cary Eclipse WInFLR\Default.FMKN, New:C:\USERS\PUBLIC\DOCUMENTS\AGILENT\CARY ECLIPSE WINFLR\DEFAULT.FMKN
PMT Volts Changed: 12-Mar-24 12:05:33 PM, Old:600, New:700
Well plate reader Changed: 12-Mar-24 12:05:33 PM, Old:OFF, New:ON
Excitation Wavelength Changed: 12-Mar-24 12:05:33 PM, Old: 400.00, New: 493.00
Emission Wavelength Changed: 12-Mar-24 12:05:33 PM, Old: 600.00, New: 517.00
Cycle Time 1 Changed: 12-Mar-24 12:05:33 PM, Old: 0.0000, New: 1.0000
Stop Time 1 Changed: 12-Mar-24 12:05:33 PM, Old: 1.0000, New:90.0000
Emission PMT (V): Changed: 12-Mar-24 12:05:33 PM, Old: 600, New: 700
Wellplate Samples Changed: 12-Mar-24 12:05:33 PM, Old:, New:A10;A11;A12;B10;B11;B12;C10;C11;C12;D10;D11;D12;E10;E11;E12;F10;F11;F12;G10;G11;G12;H10;H11;H12;
Ex. Slit Width (nm): Changed: 12-Mar-24 12:06:22 PM, Old:5, New:10
Em. Slit Width (nm): Changed: 12-Mar-24 12:06:22 PM, Old:5, New:10
End Method Modifications

Sample B12,
Sample B12
Collection Time: 12-Mar-24 12:14:48 PM
Operator Name  :
Kinetics Software Version: 1.2(146)
Parameter List :
Report Time: Tue 12 Mar 12:14:48 PM 2024
Software version: 1.2(146)
Operator:
Instrument Parameters
Instrument                        Cary Eclipse
Instrument Serial Number          MY18160001
Data mode                         Fluorescence
Ex. wavelength (nm)               493.00
Em. wavelength (nm)               517.00
Ex. Slit (nm)                     10
Em. Slit (nm)                     10
Averaging Time (s)                0.1000
Cycle time(min)                   1.0000
Stop time(min)                    90.0000
Emission filter                   Open
Excitation Filter                 Auto
PMT voltage (V)                   700
Wellplate                         ON
Plate format                     96 Wells
Read position                    Well centre
Multi-zero                       OFF
Auto-zero                        OFF
Well                            A1
Comments:
Method Log     :
Method Name    : C:\USERS\PUBLIC\DOCUMENTS\AGILENT\CARY ECLIPSE WINFLR\DEFAULT.FMKN
Date/Time stamp: 18-Oct-18 12:11:51 PM
Method Modifications:
Current Method Changed: 12-Mar-24 12:04:38 PM, Old:C:\Users\Public\Documents\Agilent\Cary Eclipse WInFLR\Default.FMKN, New:C:\USERS\PUBLIC\DOCUMENTS\AGILENT\CARY ECLIPSE WINFLR\DEFAULT.FMKN
PMT Volts Changed: 12-Mar-24 12:05:33 PM, Old:600, New:700
Well plate reader Changed: 12-Mar-24 12:05:33 PM, Old:OFF, New:ON
Excitation Wavelength Changed: 12-Mar-24 12:05:33 PM, Old: 400.00, New: 493.00
Emission Wavelength Changed: 12-Mar-24 12:05:33 PM, Old: 600.00, New: 517.00
Cycle Time 1 Changed: 12-Mar-24 12:05:33 PM, Old: 0.0000, New: 1.0000
Stop Time 1 Changed: 12-Mar-24 12:05:33 PM, Old: 1.0000, New:90.0000
Emission PMT (V): Changed: 12-Mar-24 12:05:33 PM, Old: 600, New: 700
Wellplate Samples Changed: 12-Mar-24 12:05:33 PM, Old:, New:A10;A11;A12;B10;B11;B12;C10;C11;C12;D10;D11;D12;E10;E11;E12;F10;F11;F12;G10;G11;G12;H10;H11;H12;
Ex. Slit Width (nm): Changed: 12-Mar-24 12:06:22 PM, Old:5, New:10
Em. Slit Width (nm): Changed: 12-Mar-24 12:06:22 PM, Old:5, New:10
End Method Modifications

Sample C10,
Sample C10
Collection Time: 12-Mar-24 12:14:48 PM
Operator Name  :
Kinetics Software Version: 1.2(146)
Parameter List :
Report Time: Tue 12 Mar 12:14:48 PM 2024
Software version: 1.2(146)
Operator:
Instrument Parameters
Instrument                        Cary Eclipse
Instrument Serial Number          MY18160001
Data mode                         Fluorescence
Ex. wavelength (nm)               493.00
Em. wavelength (nm)               517.00
Ex. Slit (nm)                     10
Em. Slit (nm)                     10
Averaging Time (s)                0.1000
Cycle time(min)                   1.0000
Stop time(min)                    90.0000
Emission filter                   Open
Excitation Filter                 Auto
PMT voltage (V)                   700
Wellplate                         ON
Plate format                     96 Wells
Read position                    Well centre
Multi-zero                       OFF
Auto-zero                        OFF
Well                            A1
Comments:
Method Log     :
Method Name    : C:\USERS\PUBLIC\DOCUMENTS\AGILENT\CARY ECLIPSE WINFLR\DEFAULT.FMKN
Date/Time stamp: 18-Oct-18 12:11:51 PM
Method Modifications:
Current Method Changed: 12-Mar-24 12:04:38 PM, Old:C:\Users\Public\Documents\Agilent\Cary Eclipse WInFLR\Default.FMKN, New:C:\USERS\PUBLIC\DOCUMENTS\AGILENT\CARY ECLIPSE WINFLR\DEFAULT.FMKN
PMT Volts Changed: 12-Mar-24 12:05:33 PM, Old:600, New:700
Well plate reader Changed: 12-Mar-24 12:05:33 PM, Old:OFF, New:ON
Excitation Wavelength Changed: 12-Mar-24 12:05:33 PM, Old: 400.00, New: 493.00
Emission Wavelength Changed: 12-Mar-24 12:05:33 PM, Old: 600.00, New: 517.00
Cycle Time 1 Changed: 12-Mar-24 12:05:33 PM, Old: 0.0000, New: 1.0000
Stop Time 1 Changed: 12-Mar-24 12:05:33 PM, Old: 1.0000, New:90.0000
Emission PMT (V): Changed: 12-Mar-24 12:05:33 PM, Old: 600, New: 700
Wellplate Samples Changed: 12-Mar-24 12:05:33 PM, Old:, New:A10;A11;A12;B10;B11;B12;C10;C11;C12;D10;D11;D12;E10;E11;E12;F10;F11;F12;G10;G11;G12;H10;H11;H12;
Ex. Slit Width (nm): Changed: 12-Mar-24 12:06:22 PM, Old:5, New:10
Em. Slit Width (nm): Changed: 12-Mar-24 12:06:22 PM, Old:5, New:10
End Method Modifications

Sample C11,
Sample C11
Collection Time: 12-Mar-24 12:14:48 PM
Operator Name  :
Kinetics Software Version: 1.2(146)
Parameter List :
Report Time: Tue 12 Mar 12:14:48 PM 2024
Software version: 1.2(146)
Operator:
Instrument Parameters
Instrument                        Cary Eclipse
Instrument Serial Number          MY18160001
Data mode                         Fluorescence
Ex. wavelength (nm)               493.00
Em. wavelength (nm)               517.00
Ex. Slit (nm)                     10
Em. Slit (nm)                     10
Averaging Time (s)                0.1000
Cycle time(min)                   1.0000
Stop time(min)                    90.0000
Emission filter                   Open
Excitation Filter                 Auto
PMT voltage (V)                   700
Wellplate                         ON
Plate format                     96 Wells
Read position                    Well centre
Multi-zero                       OFF
Auto-zero                        OFF
Well                            A1
Comments:
Method Log     :
Method Name    : C:\USERS\PUBLIC\DOCUMENTS\AGILENT\CARY ECLIPSE WINFLR\DEFAULT.FMKN
Date/Time stamp: 18-Oct-18 12:11:51 PM
Method Modifications:
Current Method Changed: 12-Mar-24 12:04:38 PM, Old:C:\Users\Public\Documents\Agilent\Cary Eclipse WInFLR\Default.FMKN, New:C:\USERS\PUBLIC\DOCUMENTS\AGILENT\CARY ECLIPSE WINFLR\DEFAULT.FMKN
PMT Volts Changed: 12-Mar-24 12:05:33 PM, Old:600, New:700
Well plate reader Changed: 12-Mar-24 12:05:33 PM, Old:OFF, New:ON
Excitation Wavelength Changed: 12-Mar-24 12:05:33 PM, Old: 400.00, New: 493.00
Emission Wavelength Changed: 12-Mar-24 12:05:33 PM, Old: 600.00, New: 517.00
Cycle Time 1 Changed: 12-Mar-24 12:05:33 PM, Old: 0.0000, New: 1.0000
Stop Time 1 Changed: 12-Mar-24 12:05:33 PM, Old: 1.0000, New:90.0000
Emission PMT (V): Changed: 12-Mar-24 12:05:33 PM, Old: 600, New: 700
Wellplate Samples Changed: 12-Mar-24 12:05:33 PM, Old:, New:A10;A11;A12;B10;B11;B12;C10;C11;C12;D10;D11;D12;E10;E11;E12;F10;F11;F12;G10;G11;G12;H10;H11;H12;
Ex. Slit Width (nm): Changed: 12-Mar-24 12:06:22 PM, Old:5, New:10
Em. Slit Width (nm): Changed: 12-Mar-24 12:06:22 PM, Old:5, New:10
End Method Modifications

Sample C12,
Sample C12
Collection Time: 12-Mar-24 12:14:48 PM
Operator Name  :
Kinetics Software Version: 1.2(146)
Parameter List :
Report Time: Tue 12 Mar 12:14:48 PM 2024
Software version: 1.2(146)
Operator:
Instrument Parameters
Instrument                        Cary Eclipse
Instrument Serial Number          MY18160001
Data mode                         Fluorescence
Ex. wavelength (nm)               493.00
Em. wavelength (nm)               517.00
Ex. Slit (nm)                     10
Em. Slit (nm)                     10
Averaging Time (s)                0.1000
Cycle time(min)                   1.0000
Stop time(min)                    90.0000
Emission filter                   Open
Excitation Filter                 Auto
PMT voltage (V)                   700
Wellplate                         ON
Plate format                     96 Wells
Read position                    Well centre
Multi-zero                       OFF
Auto-zero                        OFF
Well                            A1
Comments:
Method Log     :
Method Name    : C:\USERS\PUBLIC\DOCUMENTS\AGILENT\CARY ECLIPSE WINFLR\DEFAULT.FMKN
Date/Time stamp: 18-Oct-18 12:11:51 PM
Method Modifications:
Current Method Changed: 12-Mar-24 12:04:38 PM, Old:C:\Users\Public\Documents\Agilent\Cary Eclipse WInFLR\Default.FMKN, New:C:\USERS\PUBLIC\DOCUMENTS\AGILENT\CARY ECLIPSE WINFLR\DEFAULT.FMKN
PMT Volts Changed: 12-Mar-24 12:05:33 PM, Old:600, New:700
Well plate reader Changed: 12-Mar-24 12:05:33 PM, Old:OFF, New:ON
Excitation Wavelength Changed: 12-Mar-24 12:05:33 PM, Old: 400.00, New: 493.00
Emission Wavelength Changed: 12-Mar-24 12:05:33 PM, Old: 600.00, New: 517.00
Cycle Time 1 Changed: 12-Mar-24 12:05:33 PM, Old: 0.0000, New: 1.0000
Stop Time 1 Changed: 12-Mar-24 12:05:33 PM, Old: 1.0000, New:90.0000
Emission PMT (V): Changed: 12-Mar-24 12:05:33 PM, Old: 600, New: 700
Wellplate Samples Changed: 12-Mar-24 12:05:33 PM, Old:, New:A10;A11;A12;B10;B11;B12;C10;C11;C12;D10;D11;D12;E10;E11;E12;F10;F11;F12;G10;G11;G12;H10;H11;H12;
Ex. Slit Width (nm): Changed: 12-Mar-24 12:06:22 PM, Old:5, New:10
Em. Slit Width (nm): Changed: 12-Mar-24 12:06:22 PM, Old:5, New:10
End Method Modifications

Sample D10,
Sample D10
Collection Time: 12-Mar-24 12:14:48 PM
Operator Name  :
Kinetics Software Version: 1.2(146)
Parameter List :
Report Time: Tue 12 Mar 12:14:48 PM 2024
Software version: 1.2(146)
Operator:
Instrument Parameters
Instrument                        Cary Eclipse
Instrument Serial Number          MY18160001
Data mode                         Fluorescence
Ex. wavelength (nm)               493.00
Em. wavelength (nm)               517.00
Ex. Slit (nm)                     10
Em. Slit (nm)                     10
Averaging Time (s)                0.1000
Cycle time(min)                   1.0000
Stop time(min)                    90.0000
Emission filter                   Open
Excitation Filter                 Auto
PMT voltage (V)                   700
Wellplate                         ON
Plate format                     96 Wells
Read position                    Well centre
Multi-zero                       OFF
Auto-zero                        OFF
Well                            A1
Comments:
Method Log     :
Method Name    : C:\USERS\PUBLIC\DOCUMENTS\AGILENT\CARY ECLIPSE WINFLR\DEFAULT.FMKN
Date/Time stamp: 18-Oct-18 12:11:51 PM
Method Modifications:
Current Method Changed: 12-Mar-24 12:04:38 PM, Old:C:\Users\Public\Documents\Agilent\Cary Eclipse WInFLR\Default.FMKN, New:C:\USERS\PUBLIC\DOCUMENTS\AGILENT\CARY ECLIPSE WINFLR\DEFAULT.FMKN
PMT Volts Changed: 12-Mar-24 12:05:33 PM, Old:600, New:700
Well plate reader Changed: 12-Mar-24 12:05:33 PM, Old:OFF, New:ON
Excitation Wavelength Changed: 12-Mar-24 12:05:33 PM, Old: 400.00, New: 493.00
Emission Wavelength Changed: 12-Mar-24 12:05:33 PM, Old: 600.00, New: 517.00
Cycle Time 1 Changed: 12-Mar-24 12:05:33 PM, Old: 0.0000, New: 1.0000
Stop Time 1 Changed: 12-Mar-24 12:05:33 PM, Old: 1.0000, New:90.0000
Emission PMT (V): Changed: 12-Mar-24 12:05:33 PM, Old: 600, New: 700
Wellplate Samples Changed: 12-Mar-24 12:05:33 PM, Old:, New:A10;A11;A12;B10;B11;B12;C10;C11;C12;D10;D11;D12;E10;E11;E12;F10;F11;F12;G10;G11;G12;H10;H11;H12;
Ex. Slit Width (nm): Changed: 12-Mar-24 12:06:22 PM, Old:5, New:10
Em. Slit Width (nm): Changed: 12-Mar-24 12:06:22 PM, Old:5, New:10
End Method Modifications

Sample D11,
Sample D11
Collection Time: 12-Mar-24 12:14:48 PM
Operator Name  :
Kinetics Software Version: 1.2(146)
Parameter List :
Report Time: Tue 12 Mar 12:14:48 PM 2024
Software version: 1.2(146)
Operator:
Instrument Parameters
Instrument                        Cary Eclipse
Instrument Serial Number          MY18160001
Data mode                         Fluorescence
Ex. wavelength (nm)               493.00
Em. wavelength (nm)               517.00
Ex. Slit (nm)                     10
Em. Slit (nm)                     10
Averaging Time (s)                0.1000
Cycle time(min)                   1.0000
Stop time(min)                    90.0000
Emission filter                   Open
Excitation Filter                 Auto
PMT voltage (V)                   700
Wellplate                         ON
Plate format                     96 Wells
Read position                    Well centre
Multi-zero                       OFF
Auto-zero                        OFF
Well                            A1
Comments:
Method Log     :
Method Name    : C:\USERS\PUBLIC\DOCUMENTS\AGILENT\CARY ECLIPSE WINFLR\DEFAULT.FMKN
Date/Time stamp: 18-Oct-18 12:11:51 PM
Method Modifications:
Current Method Changed: 12-Mar-24 12:04:38 PM, Old:C:\Users\Public\Documents\Agilent\Cary Eclipse WInFLR\Default.FMKN, New:C:\USERS\PUBLIC\DOCUMENTS\AGILENT\CARY ECLIPSE WINFLR\DEFAULT.FMKN
PMT Volts Changed: 12-Mar-24 12:05:33 PM, Old:600, New:700
Well plate reader Changed: 12-Mar-24 12:05:33 PM, Old:OFF, New:ON
Excitation Wavelength Changed: 12-Mar-24 12:05:33 PM, Old: 400.00, New: 493.00
Emission Wavelength Changed: 12-Mar-24 12:05:33 PM, Old: 600.00, New: 517.00
Cycle Time 1 Changed: 12-Mar-24 12:05:33 PM, Old: 0.0000, New: 1.0000
Stop Time 1 Changed: 12-Mar-24 12:05:33 PM, Old: 1.0000, New:90.0000
Emission PMT (V): Changed: 12-Mar-24 12:05:33 PM, Old: 600, New: 700
Wellplate Samples Changed: 12-Mar-24 12:05:33 PM, Old:, New:A10;A11;A12;B10;B11;B12;C10;C11;C12;D10;D11;D12;E10;E11;E12;F10;F11;F12;G10;G11;G12;H10;H11;H12;
Ex. Slit Width (nm): Changed: 12-Mar-24 12:06:22 PM, Old:5, New:10
Em. Slit Width (nm): Changed: 12-Mar-24 12:06:22 PM, Old:5, New:10
End Method Modifications

Sample D12,
Sample D12
Collection Time: 12-Mar-24 12:14:48 PM
Operator Name  :
Kinetics Software Version: 1.2(146)
Parameter List :
Report Time: Tue 12 Mar 12:14:48 PM 2024
Software version: 1.2(146)
Operator:
Instrument Parameters
Instrument                        Cary Eclipse
Instrument Serial Number          MY18160001
Data mode                         Fluorescence
Ex. wavelength (nm)               493.00
Em. wavelength (nm)               517.00
Ex. Slit (nm)                     10
Em. Slit (nm)                     10
Averaging Time (s)                0.1000
Cycle time(min)                   1.0000
Stop time(min)                    90.0000
Emission filter                   Open
Excitation Filter                 Auto
PMT voltage (V)                   700
Wellplate                         ON
Plate format                     96 Wells
Read position                    Well centre
Multi-zero                       OFF
Auto-zero                        OFF
Well                            A1
Comments:
Method Log     :
Method Name    : C:\USERS\PUBLIC\DOCUMENTS\AGILENT\CARY ECLIPSE WINFLR\DEFAULT.FMKN
Date/Time stamp: 18-Oct-18 12:11:51 PM
Method Modifications:
Current Method Changed: 12-Mar-24 12:04:38 PM, Old:C:\Users\Public\Documents\Agilent\Cary Eclipse WInFLR\Default.FMKN, New:C:\USERS\PUBLIC\DOCUMENTS\AGILENT\CARY ECLIPSE WINFLR\DEFAULT.FMKN
PMT Volts Changed: 12-Mar-24 12:05:33 PM, Old:600, New:700
Well plate reader Changed: 12-Mar-24 12:05:33 PM, Old:OFF, New:ON
Excitation Wavelength Changed: 12-Mar-24 12:05:33 PM, Old: 400.00, New: 493.00
Emission Wavelength Changed: 12-Mar-24 12:05:33 PM, Old: 600.00, New: 517.00
Cycle Time 1 Changed: 12-Mar-24 12:05:33 PM, Old: 0.0000, New: 1.0000
Stop Time 1 Changed: 12-Mar-24 12:05:33 PM, Old: 1.0000, New:90.0000
Emission PMT (V): Changed: 12-Mar-24 12:05:33 PM, Old: 600, New: 700
Wellplate Samples Changed: 12-Mar-24 12:05:33 PM, Old:, New:A10;A11;A12;B10;B11;B12;C10;C11;C12;D10;D11;D12;E10;E11;E12;F10;F11;F12;G10;G11;G12;H10;H11;H12;
Ex. Slit Width (nm): Changed: 12-Mar-24 12:06:22 PM, Old:5, New:10
Em. Slit Width (nm): Changed: 12-Mar-24 12:06:22 PM, Old:5, New:10
End Method Modifications

Sample E10,
Sample E10
Collection Time: 12-Mar-24 12:14:48 PM
Operator Name  :
Kinetics Software Version: 1.2(146)
Parameter List :
Report Time: Tue 12 Mar 12:14:48 PM 2024
Software version: 1.2(146)
Operator:
Instrument Parameters
Instrument                        Cary Eclipse
Instrument Serial Number          MY18160001
Data mode                         Fluorescence
Ex. wavelength (nm)               493.00
Em. wavelength (nm)               517.00
Ex. Slit (nm)                     10
Em. Slit (nm)                     10
Averaging Time (s)                0.1000
Cycle time(min)                   1.0000
Stop time(min)                    90.0000
Emission filter                   Open
Excitation Filter                 Auto
PMT voltage (V)                   700
Wellplate                         ON
Plate format                     96 Wells
Read position                    Well centre
Multi-zero                       OFF
Auto-zero                        OFF
Well                            A1
Comments:
Method Log     :
Method Name    : C:\USERS\PUBLIC\DOCUMENTS\AGILENT\CARY ECLIPSE WINFLR\DEFAULT.FMKN
Date/Time stamp: 18-Oct-18 12:11:51 PM
Method Modifications:
Current Method Changed: 12-Mar-24 12:04:38 PM, Old:C:\Users\Public\Documents\Agilent\Cary Eclipse WInFLR\Default.FMKN, New:C:\USERS\PUBLIC\DOCUMENTS\AGILENT\CARY ECLIPSE WINFLR\DEFAULT.FMKN
PMT Volts Changed: 12-Mar-24 12:05:33 PM, Old:600, New:700
Well plate reader Changed: 12-Mar-24 12:05:33 PM, Old:OFF, New:ON
Excitation Wavelength Changed: 12-Mar-24 12:05:33 PM, Old: 400.00, New: 493.00
Emission Wavelength Changed: 12-Mar-24 12:05:33 PM, Old: 600.00, New: 517.00
Cycle Time 1 Changed: 12-Mar-24 12:05:33 PM, Old: 0.0000, New: 1.0000
Stop Time 1 Changed: 12-Mar-24 12:05:33 PM, Old: 1.0000, New:90.0000
Emission PMT (V): Changed: 12-Mar-24 12:05:33 PM, Old: 600, New: 700
Wellplate Samples Changed: 12-Mar-24 12:05:33 PM, Old:, New:A10;A11;A12;B10;B11;B12;C10;C11;C12;D10;D11;D12;E10;E11;E12;F10;F11;F12;G10;G11;G12;H10;H11;H12;
Ex. Slit Width (nm): Changed: 12-Mar-24 12:06:22 PM, Old:5, New:10
Em. Slit Width (nm): Changed: 12-Mar-24 12:06:22 PM, Old:5, New:10
End Method Modifications

Sample E11,
Sample E11
Collection Time: 12-Mar-24 12:14:48 PM
Operator Name  :
Kinetics Software Version: 1.2(146)
Parameter List :
Report Time: Tue 12 Mar 12:14:48 PM 2024
Software version: 1.2(146)
Operator:
Instrument Parameters
Instrument                        Cary Eclipse
Instrument Serial Number          MY18160001
Data mode                         Fluorescence
Ex. wavelength (nm)               493.00
Em. wavelength (nm)               517.00
Ex. Slit (nm)                     10
Em. Slit (nm)                     10
Averaging Time (s)                0.1000
Cycle time(min)                   1.0000
Stop time(min)                    90.0000
Emission filter                   Open
Excitation Filter                 Auto
PMT voltage (V)                   700
Wellplate                         ON
Plate format                     96 Wells
Read position                    Well centre
Multi-zero                       OFF
Auto-zero                        OFF
Well                            A1
Comments:
Method Log     :
Method Name    : C:\USERS\PUBLIC\DOCUMENTS\AGILENT\CARY ECLIPSE WINFLR\DEFAULT.FMKN
Date/Time stamp: 18-Oct-18 12:11:51 PM
Method Modifications:
Current Method Changed: 12-Mar-24 12:04:38 PM, Old:C:\Users\Public\Documents\Agilent\Cary Eclipse WInFLR\Default.FMKN, New:C:\USERS\PUBLIC\DOCUMENTS\AGILENT\CARY ECLIPSE WINFLR\DEFAULT.FMKN
PMT Volts Changed: 12-Mar-24 12:05:33 PM, Old:600, New:700
Well plate reader Changed: 12-Mar-24 12:05:33 PM, Old:OFF, New:ON
Excitation Wavelength Changed: 12-Mar-24 12:05:33 PM, Old: 400.00, New: 493.00
Emission Wavelength Changed: 12-Mar-24 12:05:33 PM, Old: 600.00, New: 517.00
Cycle Time 1 Changed: 12-Mar-24 12:05:33 PM, Old: 0.0000, New: 1.0000
Stop Time 1 Changed: 12-Mar-24 12:05:33 PM, Old: 1.0000, New:90.0000
Emission PMT (V): Changed: 12-Mar-24 12:05:33 PM, Old: 600, New: 700
Wellplate Samples Changed: 12-Mar-24 12:05:33 PM, Old:, New:A10;A11;A12;B10;B11;B12;C10;C11;C12;D10;D11;D12;E10;E11;E12;F10;F11;F12;G10;G11;G12;H10;H11;H12;
Ex. Slit Width (nm): Changed: 12-Mar-24 12:06:22 PM, Old:5, New:10
Em. Slit Width (nm): Changed: 12-Mar-24 12:06:22 PM, Old:5, New:10
End Method Modifications

Sample E12,
Sample E12
Collection Time: 12-Mar-24 12:14:48 PM
Operator Name  :
Kinetics Software Version: 1.2(146)
Parameter List :
Report Time: Tue 12 Mar 12:14:48 PM 2024
Software version: 1.2(146)
Operator:
Instrument Parameters
Instrument                        Cary Eclipse
Instrument Serial Number          MY18160001
Data mode                         Fluorescence
Ex. wavelength (nm)               493.00
Em. wavelength (nm)               517.00
Ex. Slit (nm)                     10
Em. Slit (nm)                     10
Averaging Time (s)                0.1000
Cycle time(min)                   1.0000
Stop time(min)                    90.0000
Emission filter                   Open
Excitation Filter                 Auto
PMT voltage (V)                   700
Wellplate                         ON
Plate format                     96 Wells
Read position                    Well centre
Multi-zero                       OFF
Auto-zero                        OFF
Well                            A1
Comments:
Method Log     :
Method Name    : C:\USERS\PUBLIC\DOCUMENTS\AGILENT\CARY ECLIPSE WINFLR\DEFAULT.FMKN
Date/Time stamp: 18-Oct-18 12:11:51 PM
Method Modifications:
Current Method Changed: 12-Mar-24 12:04:38 PM, Old:C:\Users\Public\Documents\Agilent\Cary Eclipse WInFLR\Default.FMKN, New:C:\USERS\PUBLIC\DOCUMENTS\AGILENT\CARY ECLIPSE WINFLR\DEFAULT.FMKN
PMT Volts Changed: 12-Mar-24 12:05:33 PM, Old:600, New:700
Well plate reader Changed: 12-Mar-24 12:05:33 PM, Old:OFF, New:ON
Excitation Wavelength Changed: 12-Mar-24 12:05:33 PM, Old: 400.00, New: 493.00
Emission Wavelength Changed: 12-Mar-24 12:05:33 PM, Old: 600.00, New: 517.00
Cycle Time 1 Changed: 12-Mar-24 12:05:33 PM, Old: 0.0000, New: 1.0000
Stop Time 1 Changed: 12-Mar-24 12:05:33 PM, Old: 1.0000, New:90.0000
Emission PMT (V): Changed: 12-Mar-24 12:05:33 PM, Old: 600, New: 700
Wellplate Samples Changed: 12-Mar-24 12:05:33 PM, Old:, New:A10;A11;A12;B10;B11;B12;C10;C11;C12;D10;D11;D12;E10;E11;E12;F10;F11;F12;G10;G11;G12;H10;H11;H12;
Ex. Slit Width (nm): Changed: 12-Mar-24 12:06:22 PM, Old:5, New:10
Em. Slit Width (nm): Changed: 12-Mar-24 12:06:22 PM, Old:5, New:10
End Method Modifications

Sample F10,
Sample F10
Collection Time: 12-Mar-24 12:14:48 PM
Operator Name  :
Kinetics Software Version: 1.2(146)
Parameter List :
Report Time: Tue 12 Mar 12:14:48 PM 2024
Software version: 1.2(146)
Operator:
Instrument Parameters
Instrument                        Cary Eclipse
Instrument Serial Number          MY18160001
Data mode                         Fluorescence
Ex. wavelength (nm)               493.00
Em. wavelength (nm)               517.00
Ex. Slit (nm)                     10
Em. Slit (nm)                     10
Averaging Time (s)                0.1000
Cycle time(min)                   1.0000
Stop time(min)                    90.0000
Emission filter                   Open
Excitation Filter                 Auto
PMT voltage (V)                   700
Wellplate                         ON
Plate format                     96 Wells
Read position                    Well centre
Multi-zero                       OFF
Auto-zero                        OFF
Well                            A1
Comments:
Method Log     :
Method Name    : C:\USERS\PUBLIC\DOCUMENTS\AGILENT\CARY ECLIPSE WINFLR\DEFAULT.FMKN
Date/Time stamp: 18-Oct-18 12:11:51 PM
Method Modifications:
Current Method Changed: 12-Mar-24 12:04:38 PM, Old:C:\Users\Public\Documents\Agilent\Cary Eclipse WInFLR\Default.FMKN, New:C:\USERS\PUBLIC\DOCUMENTS\AGILENT\CARY ECLIPSE WINFLR\DEFAULT.FMKN
PMT Volts Changed: 12-Mar-24 12:05:33 PM, Old:600, New:700
Well plate reader Changed: 12-Mar-24 12:05:33 PM, Old:OFF, New:ON
Excitation Wavelength Changed: 12-Mar-24 12:05:33 PM, Old: 400.00, New: 493.00
Emission Wavelength Changed: 12-Mar-24 12:05:33 PM, Old: 600.00, New: 517.00
Cycle Time 1 Changed: 12-Mar-24 12:05:33 PM, Old: 0.0000, New: 1.0000
Stop Time 1 Changed: 12-Mar-24 12:05:33 PM, Old: 1.0000, New:90.0000
Emission PMT (V): Changed: 12-Mar-24 12:05:33 PM, Old: 600, New: 700
Wellplate Samples Changed: 12-Mar-24 12:05:33 PM, Old:, New:A10;A11;A12;B10;B11;B12;C10;C11;C12;D10;D11;D12;E10;E11;E12;F10;F11;F12;G10;G11;G12;H10;H11;H12;
Ex. Slit Width (nm): Changed: 12-Mar-24 12:06:22 PM, Old:5, New:10
Em. Slit Width (nm): Changed: 12-Mar-24 12:06:22 PM, Old:5, New:10
End Method Modifications

Sample F11,
Sample F11
Collection Time: 12-Mar-24 12:14:48 PM
Operator Name  :
Kinetics Software Version: 1.2(146)
Parameter List :
Report Time: Tue 12 Mar 12:14:48 PM 2024
Software version: 1.2(146)
Operator:
Instrument Parameters
Instrument                        Cary Eclipse
Instrument Serial Number          MY18160001
Data mode                         Fluorescence
Ex. wavelength (nm)               493.00
Em. wavelength (nm)               517.00
Ex. Slit (nm)                     10
Em. Slit (nm)                     10
Averaging Time (s)                0.1000
Cycle time(min)                   1.0000
Stop time(min)                    90.0000
Emission filter                   Open
Excitation Filter                 Auto
PMT voltage (V)                   700
Wellplate                         ON
Plate format                     96 Wells
Read position                    Well centre
Multi-zero                       OFF
Auto-zero                        OFF
Well                            A1
Comments:
Method Log     :
Method Name    : C:\USERS\PUBLIC\DOCUMENTS\AGILENT\CARY ECLIPSE WINFLR\DEFAULT.FMKN
Date/Time stamp: 18-Oct-18 12:11:51 PM
Method Modifications:
Current Method Changed: 12-Mar-24 12:04:38 PM, Old:C:\Users\Public\Documents\Agilent\Cary Eclipse WInFLR\Default.FMKN, New:C:\USERS\PUBLIC\DOCUMENTS\AGILENT\CARY ECLIPSE WINFLR\DEFAULT.FMKN
PMT Volts Changed: 12-Mar-24 12:05:33 PM, Old:600, New:700
Well plate reader Changed: 12-Mar-24 12:05:33 PM, Old:OFF, New:ON
Excitation Wavelength Changed: 12-Mar-24 12:05:33 PM, Old: 400.00, New: 493.00
Emission Wavelength Changed: 12-Mar-24 12:05:33 PM, Old: 600.00, New: 517.00
Cycle Time 1 Changed: 12-Mar-24 12:05:33 PM, Old: 0.0000, New: 1.0000
Stop Time 1 Changed: 12-Mar-24 12:05:33 PM, Old: 1.0000, New:90.0000
Emission PMT (V): Changed: 12-Mar-24 12:05:33 PM, Old: 600, New: 700
Wellplate Samples Changed: 12-Mar-24 12:05:33 PM, Old:, New:A10;A11;A12;B10;B11;B12;C10;C11;C12;D10;D11;D12;E10;E11;E12;F10;F11;F12;G10;G11;G12;H10;H11;H12;
Ex. Slit Width (nm): Changed: 12-Mar-24 12:06:22 PM, Old:5, New:10
Em. Slit Width (nm): Changed: 12-Mar-24 12:06:22 PM, Old:5, New:10
End Method Modifications

Sample F12,
Sample F12
Collection Time: 12-Mar-24 12:14:48 PM
Operator Name  :
Kinetics Software Version: 1.2(146)
Parameter List :
Report Time: Tue 12 Mar 12:14:48 PM 2024
Software version: 1.2(146)
Operator:
Instrument Parameters
Instrument                        Cary Eclipse
Instrument Serial Number          MY18160001
Data mode                         Fluorescence
Ex. wavelength (nm)               493.00
Em. wavelength (nm)               517.00
Ex. Slit (nm)                     10
Em. Slit (nm)                     10
Averaging Time (s)                0.1000
Cycle time(min)                   1.0000
Stop time(min)                    90.0000
Emission filter                   Open
Excitation Filter                 Auto
PMT voltage (V)                   700
Wellplate                         ON
Plate format                     96 Wells
Read position                    Well centre
Multi-zero                       OFF
Auto-zero                        OFF
Well                            A1
Comments:
Method Log     :
Method Name    : C:\USERS\PUBLIC\DOCUMENTS\AGILENT\CARY ECLIPSE WINFLR\DEFAULT.FMKN
Date/Time stamp: 18-Oct-18 12:11:51 PM
Method Modifications:
Current Method Changed: 12-Mar-24 12:04:38 PM, Old:C:\Users\Public\Documents\Agilent\Cary Eclipse WInFLR\Default.FMKN, New:C:\USERS\PUBLIC\DOCUMENTS\AGILENT\CARY ECLIPSE WINFLR\DEFAULT.FMKN
PMT Volts Changed: 12-Mar-24 12:05:33 PM, Old:600, New:700
Well plate reader Changed: 12-Mar-24 12:05:33 PM, Old:OFF, New:ON
Excitation Wavelength Changed: 12-Mar-24 12:05:33 PM, Old: 400.00, New: 493.00
Emission Wavelength Changed: 12-Mar-24 12:05:33 PM, Old: 600.00, New: 517.00
Cycle Time 1 Changed: 12-Mar-24 12:05:33 PM, Old: 0.0000, New: 1.0000
Stop Time 1 Changed: 12-Mar-24 12:05:33 PM, Old: 1.0000, New:90.0000
Emission PMT (V): Changed: 12-Mar-24 12:05:33 PM, Old: 600, New: 700
Wellplate Samples Changed: 12-Mar-24 12:05:33 PM, Old:, New:A10;A11;A12;B10;B11;B12;C10;C11;C12;D10;D11;D12;E10;E11;E12;F10;F11;F12;G10;G11;G12;H10;H11;H12;
Ex. Slit Width (nm): Changed: 12-Mar-24 12:06:22 PM, Old:5, New:10
Em. Slit Width (nm): Changed: 12-Mar-24 12:06:22 PM, Old:5, New:10
End Method Modifications

Sample G10,
Sample G10
Collection Time: 12-Mar-24 12:14:48 PM
Operator Name  :
Kinetics Software Version: 1.2(146)
Parameter List :
Report Time: Tue 12 Mar 12:14:48 PM 2024
Software version: 1.2(146)
Operator:
Instrument Parameters
Instrument                        Cary Eclipse
Instrument Serial Number          MY18160001
Data mode                         Fluorescence
Ex. wavelength (nm)               493.00
Em. wavelength (nm)               517.00
Ex. Slit (nm)                     10
Em. Slit (nm)                     10
Averaging Time (s)                0.1000
Cycle time(min)                   1.0000
Stop time(min)                    90.0000
Emission filter                   Open
Excitation Filter                 Auto
PMT voltage (V)                   700
Wellplate                         ON
Plate format                     96 Wells
Read position                    Well centre
Multi-zero                       OFF
Auto-zero                        OFF
Well                            A1
Comments:
Method Log     :
Method Name    : C:\USERS\PUBLIC\DOCUMENTS\AGILENT\CARY ECLIPSE WINFLR\DEFAULT.FMKN
Date/Time stamp: 18-Oct-18 12:11:51 PM
Method Modifications:
Current Method Changed: 12-Mar-24 12:04:38 PM, Old:C:\Users\Public\Documents\Agilent\Cary Eclipse WInFLR\Default.FMKN, New:C:\USERS\PUBLIC\DOCUMENTS\AGILENT\CARY ECLIPSE WINFLR\DEFAULT.FMKN
PMT Volts Changed: 12-Mar-24 12:05:33 PM, Old:600, New:700
Well plate reader Changed: 12-Mar-24 12:05:33 PM, Old:OFF, New:ON
Excitation Wavelength Changed: 12-Mar-24 12:05:33 PM, Old: 400.00, New: 493.00
Emission Wavelength Changed: 12-Mar-24 12:05:33 PM, Old: 600.00, New: 517.00
Cycle Time 1 Changed: 12-Mar-24 12:05:33 PM, Old: 0.0000, New: 1.0000
Stop Time 1 Changed: 12-Mar-24 12:05:33 PM, Old: 1.0000, New:90.0000
Emission PMT (V): Changed: 12-Mar-24 12:05:33 PM, Old: 600, New: 700
Wellplate Samples Changed: 12-Mar-24 12:05:33 PM, Old:, New:A10;A11;A12;B10;B11;B12;C10;C11;C12;D10;D11;D12;E10;E11;E12;F10;F11;F12;G10;G11;G12;H10;H11;H12;
Ex. Slit Width (nm): Changed: 12-Mar-24 12:06:22 PM, Old:5, New:10
Em. Slit Width (nm): Changed: 12-Mar-24 12:06:22 PM, Old:5, New:10
End Method Modifications

Sample G11,
Sample G11
Collection Time: 12-Mar-24 12:14:48 PM
Operator Name  :
Kinetics Software Version: 1.2(146)
Parameter List :
Report Time: Tue 12 Mar 12:14:48 PM 2024
Software version: 1.2(146)
Operator:
Instrument Parameters
Instrument                        Cary Eclipse
Instrument Serial Number          MY18160001
Data mode                         Fluorescence
Ex. wavelength (nm)               493.00
Em. wavelength (nm)               517.00
Ex. Slit (nm)                     10
Em. Slit (nm)                     10
Averaging Time (s)                0.1000
Cycle time(min)                   1.0000
Stop time(min)                    90.0000
Emission filter                   Open
Excitation Filter                 Auto
PMT voltage (V)                   700
Wellplate                         ON
Plate format                     96 Wells
Read position                    Well centre
Multi-zero                       OFF
Auto-zero                        OFF
Well                            A1
Comments:
Method Log     :
Method Name    : C:\USERS\PUBLIC\DOCUMENTS\AGILENT\CARY ECLIPSE WINFLR\DEFAULT.FMKN
Date/Time stamp: 18-Oct-18 12:11:51 PM
Method Modifications:
Current Method Changed: 12-Mar-24 12:04:38 PM, Old:C:\Users\Public\Documents\Agilent\Cary Eclipse WInFLR\Default.FMKN, New:C:\USERS\PUBLIC\DOCUMENTS\AGILENT\CARY ECLIPSE WINFLR\DEFAULT.FMKN
PMT Volts Changed: 12-Mar-24 12:05:33 PM, Old:600, New:700
Well plate reader Changed: 12-Mar-24 12:05:33 PM, Old:OFF, New:ON
Excitation Wavelength Changed: 12-Mar-24 12:05:33 PM, Old: 400.00, New: 493.00
Emission Wavelength Changed: 12-Mar-24 12:05:33 PM, Old: 600.00, New: 517.00
Cycle Time 1 Changed: 12-Mar-24 12:05:33 PM, Old: 0.0000, New: 1.0000
Stop Time 1 Changed: 12-Mar-24 12:05:33 PM, Old: 1.0000, New:90.0000
Emission PMT (V): Changed: 12-Mar-24 12:05:33 PM, Old: 600, New: 700
Wellplate Samples Changed: 12-Mar-24 12:05:33 PM, Old:, New:A10;A11;A12;B10;B11;B12;C10;C11;C12;D10;D11;D12;E10;E11;E12;F10;F11;F12;G10;G11;G12;H10;H11;H12;
Ex. Slit Width (nm): Changed: 12-Mar-24 12:06:22 PM, Old:5, New:10
Em. Slit Width (nm): Changed: 12-Mar-24 12:06:22 PM, Old:5, New:10
End Method Modifications

Sample G12,
Sample G12
Collection Time: 12-Mar-24 12:14:48 PM
Operator Name  :
Kinetics Software Version: 1.2(146)
Parameter List :
Report Time: Tue 12 Mar 12:14:48 PM 2024
Software version: 1.2(146)
Operator:
Instrument Parameters
Instrument                        Cary Eclipse
Instrument Serial Number          MY18160001
Data mode                         Fluorescence
Ex. wavelength (nm)               493.00
Em. wavelength (nm)               517.00
Ex. Slit (nm)                     10
Em. Slit (nm)                     10
Averaging Time (s)                0.1000
Cycle time(min)                   1.0000
Stop time(min)                    90.0000
Emission filter                   Open
Excitation Filter                 Auto
PMT voltage (V)                   700
Wellplate                         ON
Plate format                     96 Wells
Read position                    Well centre
Multi-zero                       OFF
Auto-zero                        OFF
Well                            A1
Comments:
Method Log     :
Method Name    : C:\USERS\PUBLIC\DOCUMENTS\AGILENT\CARY ECLIPSE WINFLR\DEFAULT.FMKN
Date/Time stamp: 18-Oct-18 12:11:51 PM
Method Modifications:
Current Method Changed: 12-Mar-24 12:04:38 PM, Old:C:\Users\Public\Documents\Agilent\Cary Eclipse WInFLR\Default.FMKN, New:C:\USERS\PUBLIC\DOCUMENTS\AGILENT\CARY ECLIPSE WINFLR\DEFAULT.FMKN
PMT Volts Changed: 12-Mar-24 12:05:33 PM, Old:600, New:700
Well plate reader Changed: 12-Mar-24 12:05:33 PM, Old:OFF, New:ON
Excitation Wavelength Changed: 12-Mar-24 12:05:33 PM, Old: 400.00, New: 493.00
Emission Wavelength Changed: 12-Mar-24 12:05:33 PM, Old: 600.00, New: 517.00
Cycle Time 1 Changed: 12-Mar-24 12:05:33 PM, Old: 0.0000, New: 1.0000
Stop Time 1 Changed: 12-Mar-24 12:05:33 PM, Old: 1.0000, New:90.0000
Emission PMT (V): Changed: 12-Mar-24 12:05:33 PM, Old: 600, New: 700
Wellplate Samples Changed: 12-Mar-24 12:05:33 PM, Old:, New:A10;A11;A12;B10;B11;B12;C10;C11;C12;D10;D11;D12;E10;E11;E12;F10;F11;F12;G10;G11;G12;H10;H11;H12;
Ex. Slit Width (nm): Changed: 12-Mar-24 12:06:22 PM, Old:5, New:10
Em. Slit Width (nm): Changed: 12-Mar-24 12:06:22 PM, Old:5, New:10
End Method Modifications

Sample H10,
Sample H10
Collection Time: 12-Mar-24 12:14:48 PM
Operator Name  :
Kinetics Software Version: 1.2(146)
Parameter List :
Report Time: Tue 12 Mar 12:14:48 PM 2024
Software version: 1.2(146)
Operator:
Instrument Parameters
Instrument                        Cary Eclipse
Instrument Serial Number          MY18160001
Data mode                         Fluorescence
Ex. wavelength (nm)               493.00
Em. wavelength (nm)               517.00
Ex. Slit (nm)                     10
Em. Slit (nm)                     10
Averaging Time (s)                0.1000
Cycle time(min)                   1.0000
Stop time(min)                    90.0000
Emission filter                   Open
Excitation Filter                 Auto
PMT voltage (V)                   700
Wellplate                         ON
Plate format                     96 Wells
Read position                    Well centre
Multi-zero                       OFF
Auto-zero                        OFF
Well                            A1
Comments:
Method Log     :
Method Name    : C:\USERS\PUBLIC\DOCUMENTS\AGILENT\CARY ECLIPSE WINFLR\DEFAULT.FMKN
Date/Time stamp: 18-Oct-18 12:11:51 PM
Method Modifications:
Current Method Changed: 12-Mar-24 12:04:38 PM, Old:C:\Users\Public\Documents\Agilent\Cary Eclipse WInFLR\Default.FMKN, New:C:\USERS\PUBLIC\DOCUMENTS\AGILENT\CARY ECLIPSE WINFLR\DEFAULT.FMKN
PMT Volts Changed: 12-Mar-24 12:05:33 PM, Old:600, New:700
Well plate reader Changed: 12-Mar-24 12:05:33 PM, Old:OFF, New:ON
Excitation Wavelength Changed: 12-Mar-24 12:05:33 PM, Old: 400.00, New: 493.00
Emission Wavelength Changed: 12-Mar-24 12:05:33 PM, Old: 600.00, New: 517.00
Cycle Time 1 Changed: 12-Mar-24 12:05:33 PM, Old: 0.0000, New: 1.0000
Stop Time 1 Changed: 12-Mar-24 12:05:33 PM, Old: 1.0000, New:90.0000
Emission PMT (V): Changed: 12-Mar-24 12:05:33 PM, Old: 600, New: 700
Wellplate Samples Changed: 12-Mar-24 12:05:33 PM, Old:, New:A10;A11;A12;B10;B11;B12;C10;C11;C12;D10;D11;D12;E10;E11;E12;F10;F11;F12;G10;G11;G12;H10;H11;H12;
Ex. Slit Width (nm): Changed: 12-Mar-24 12:06:22 PM, Old:5, New:10
Em. Slit Width (nm): Changed: 12-Mar-24 12:06:22 PM, Old:5, New:10
End Method Modifications

Sample H11,
Sample H11
Collection Time: 12-Mar-24 12:14:48 PM
Operator Name  :
Kinetics Software Version: 1.2(146)
Parameter List :
Report Time: Tue 12 Mar 12:14:48 PM 2024
Software version: 1.2(146)
Operator:
Instrument Parameters
Instrument                        Cary Eclipse
Instrument Serial Number          MY18160001
Data mode                         Fluorescence
Ex. wavelength (nm)               493.00
Em. wavelength (nm)               517.00
Ex. Slit (nm)                     10
Em. Slit (nm)                     10
Averaging Time (s)                0.1000
Cycle time(min)                   1.0000
Stop time(min)                    90.0000
Emission filter                   Open
Excitation Filter                 Auto
PMT voltage (V)                   700
Wellplate                         ON
Plate format                     96 Wells
Read position                    Well centre
Multi-zero                       OFF
Auto-zero                        OFF
Well                            A1
Comments:
Method Log     :
Method Name    : C:\USERS\PUBLIC\DOCUMENTS\AGILENT\CARY ECLIPSE WINFLR\DEFAULT.FMKN
Date/Time stamp: 18-Oct-18 12:11:51 PM
Method Modifications:
Current Method Changed: 12-Mar-24 12:04:38 PM, Old:C:\Users\Public\Documents\Agilent\Cary Eclipse WInFLR\Default.FMKN, New:C:\USERS\PUBLIC\DOCUMENTS\AGILENT\CARY ECLIPSE WINFLR\DEFAULT.FMKN
PMT Volts Changed: 12-Mar-24 12:05:33 PM, Old:600, New:700
Well plate reader Changed: 12-Mar-24 12:05:33 PM, Old:OFF, New:ON
Excitation Wavelength Changed: 12-Mar-24 12:05:33 PM, Old: 400.00, New: 493.00
Emission Wavelength Changed: 12-Mar-24 12:05:33 PM, Old: 600.00, New: 517.00
Cycle Time 1 Changed: 12-Mar-24 12:05:33 PM, Old: 0.0000, New: 1.0000
Stop Time 1 Changed: 12-Mar-24 12:05:33 PM, Old: 1.0000, New:90.0000
Emission PMT (V): Changed: 12-Mar-24 12:05:33 PM, Old: 600, New: 700
Wellplate Samples Changed: 12-Mar-24 12:05:33 PM, Old:, New:A10;A11;A12;B10;B11;B12;C10;C11;C12;D10;D11;D12;E10;E11;E12;F10;F11;F12;G10;G11;G12;H10;H11;H12;
Ex. Slit Width (nm): Changed: 12-Mar-24 12:06:22 PM, Old:5, New:10
Em. Slit Width (nm): Changed: 12-Mar-24 12:06:22 PM, Old:5, New:10
End Method Modifications

Sample H12,
Sample H12
Collection Time: 12-Mar-24 12:14:48 PM
Operator Name  :
Kinetics Software Version: 1.2(146)
Parameter List :
Report Time: Tue 12 Mar 12:14:48 PM 2024
Software version: 1.2(146)
Operator:
Instrument Parameters
Instrument                        Cary Eclipse
Instrument Serial Number          MY18160001
Data mode                         Fluorescence
Ex. wavelength (nm)               493.00
Em. wavelength (nm)               517.00
Ex. Slit (nm)                     10
Em. Slit (nm)                     10
Averaging Time (s)                0.1000
Cycle time(min)                   1.0000
Stop time(min)                    90.0000
Emission filter                   Open
Excitation Filter                 Auto
PMT voltage (V)                   700
Wellplate                         ON
Plate format                     96 Wells
Read position                    Well centre
Multi-zero                       OFF
Auto-zero                        OFF
Well                            A1
Comments:
Method Log     :
Method Name    : C:\USERS\PUBLIC\DOCUMENTS\AGILENT\CARY ECLIPSE WINFLR\DEFAULT.FMKN
Date/Time stamp: 18-Oct-18 12:11:51 PM
Method Modifications:
Current Method Changed: 12-Mar-24 12:04:38 PM, Old:C:\Users\Public\Documents\Agilent\Cary Eclipse WInFLR\Default.FMKN, New:C:\USERS\PUBLIC\DOCUMENTS\AGILENT\CARY ECLIPSE WINFLR\DEFAULT.FMKN
PMT Volts Changed: 12-Mar-24 12:05:33 PM, Old:600, New:700
Well plate reader Changed: 12-Mar-24 12:05:33 PM, Old:OFF, New:ON
Excitation Wavelength Changed: 12-Mar-24 12:05:33 PM, Old: 400.00, New: 493.00
Emission Wavelength Changed: 12-Mar-24 12:05:33 PM, Old: 600.00, New: 517.00
Cycle Time 1 Changed: 12-Mar-24 12:05:33 PM, Old: 0.0000, New: 1.0000
Stop Time 1 Changed: 12-Mar-24 12:05:33 PM, Old: 1.0000, New:90.0000
Emission PMT (V): Changed: 12-Mar-24 12:05:33 PM, Old: 600, New: 700
Wellplate Samples Changed: 12-Mar-24 12:05:33 PM, Old:, New:A10;A11;A12;B10;B11;B12;C10;C11;C12;D10;D11;D12;E10;E11;E12;F10;F11;F12;G10;G11;G12;H10;H11;H12;
Ex. Slit Width (nm): Changed: 12-Mar-24 12:06:22 PM, Old:5, New:10
Em. Slit Width (nm): Changed: 12-Mar-24 12:06:22 PM, Old:5, New:10
End Method Modifications

