Sample A1,,Sample A2,,Sample A3,,Sample A4,,Sample A5,,Sample A6,,Sample B1,,Sample B2,,Sample B3,,Sample B4,,Sample B5,,Sample B6,,Sample C1,,Sample C2,,Sample C3,,Sample C4,,Sample C5,,Sample C6,,Sample D1,,Sample D2,,Sample D3,,Sample D4,,Sample D5,,Sample D6,,Sample E1,,Sample E2,,Sample E3,,Sample E4,,Sample E5,,Sample E6,,Sample F1,,Sample F2,,Sample F3,,Sample F4,,Sample F5,,Sample F6,,Sample G1,,Sample G2,,Sample G3,,Sample G4,,Sample G5,,Sample G6,,Sample H1,,Sample H2,,Sample H3,,Sample H4,,Sample H5,,Sample H6,,
Time (min),Intensity (a.u.),Time (min),Intensity (a.u.),Time (min),Intensity (a.u.),Time (min),Intensity (a.u.),Time (min),Intensity (a.u.),Time (min),Intensity (a.u.),Time (min),Intensity (a.u.),Time (min),Intensity (a.u.),Time (min),Intensity (a.u.),Time (min),Intensity (a.u.),Time (min),Intensity (a.u.),Time (min),Intensity (a.u.),Time (min),Intensity (a.u.),Time (min),Intensity (a.u.),Time (min),Intensity (a.u.),Time (min),Intensity (a.u.),Time (min),Intensity (a.u.),Time (min),Intensity (a.u.),Time (min),Intensity (a.u.),Time (min),Intensity (a.u.),Time (min),Intensity (a.u.),Time (min),Intensity (a.u.),Time (min),Intensity (a.u.),Time (min),Intensity (a.u.),Time (min),Intensity (a.u.),Time (min),Intensity (a.u.),Time (min),Intensity (a.u.),Time (min),Intensity (a.u.),Time (min),Intensity (a.u.),Time (min),Intensity (a.u.),Time (min),Intensity (a.u.),Time (min),Intensity (a.u.),Time (min),Intensity (a.u.),Time (min),Intensity (a.u.),Time (min),Intensity (a.u.),Time (min),Intensity (a.u.),Time (min),Intensity (a.u.),Time (min),Intensity (a.u.),Time (min),Intensity (a.u.),Time (min),Intensity (a.u.),Time (min),Intensity (a.u.),Time (min),Intensity (a.u.),Time (min),Intensity (a.u.),Time (min),Intensity (a.u.),Time (min),Intensity (a.u.),Time (min),Intensity (a.u.),Time (min),Intensity (a.u.),Time (min),Intensity (a.u.),
0.0008333333535,21.58588028,0.02141666599,9.017863274,0.04283333197,339.0456238,0.06341666728,29.90318871,0.08458332717,10.47266483,0.1055833325,176.9242554,0.2367499918,25.55096436,0.2162500024,14.0913887,0.194750011,382.2461853,0.1742499918,33.48488998,0.1528333277,11.64150238,0.1319791675,186.3228912,0.2636249959,25.15818024,0.2849583328,12.02656174,0.3054583371,356.3189392,0.3264999986,29.36286736,0.3477500081,11.37865925,0.3685833216,196.0115204,0.4977499843,31.04480553,0.4770833254,15.2012558,0.4560833275,377.7002869,0.4346666634,67.53796387,0.4144791663,11.71779633,0.3931458592,198.8468018,0.5241458416,126.8490524,0.5453125238,7.376791954,0.5666666627,97.4280014,0.5877500176,261.1401367,0.6089166403,10.41613674,0.6290833354,135.0273285,0.7604166865,128.4093018,0.7399166822,13.52834606,0.71875,97.84989166,0.6975833178,284.5197449,0.6770833135,9.068590164,0.6555000544,151.982605,0.7856666446,125.666214,0.805916667,40.12845612,0.8271249533,91.23351288,0.8477500081,253.4248199,0.8689166307,6.22917223,0.890083313,156.1058655,1.019145846,148.00737,0.9979583025,17.64852142,0.977124989,96.80913544,0.9557916522,282.6092529,0.9349166751,7.187531471,0.9144166708,154.8148346,
1.118000031,22.47219658,1.13866663,10.56826496,1.160062551,333.1730347,1.180625081,32.12829971,1.201958299,11.42490673,1.222145796,185.9067078,1.351458311,24.64977455,1.331125021,14.76395321,1.310062528,382.2625427,1.288874984,32.24171448,1.267500043,11.56897831,1.246833324,190.5412903,1.378499985,25.20585251,1.399395823,11.44153309,1.419791698,356.0541077,1.440791726,30.38196564,1.462125063,11.93880081,1.483645916,185.720993,1.612458348,33.54541397,1.591624975,14.24759674,1.570458293,359.5525513,1.550125003,60.48213959,1.528833389,10.82164288,1.507333398,195.0785217,1.637812495,125.1608582,1.658291578,7.38214159,1.679479241,94.49404144,1.700500011,250.3063354,1.721562505,10.53727055,1.742041707,140.1221924,1.870958328,129.9994812,1.850624919,13.35572433,1.829291701,96.49572754,1.808624983,286.6727295,1.788124919,9.368421555,1.767041683,151.3507996,1.89579165,124.9427795,1.916979194,37.50061417,1.938145876,89.09420776,1.95897913,263.1170959,1.979791641,6.507649899,2.000979185,149.0643005,2.130125046,146.6106262,2.10995841,18.81519127,2.0884583,94.59189606,2.0677917,289.7405396,2.046458244,6.692665577,2.02539587,156.6677094,
2.22714591,23.47393799,2.248479128,9.349889755,2.269645929,325.4888611,2.290812492,31.27422905,2.311333179,10.11277771,2.331833363,177.3367615,2.462791681,27.61725998,2.442124844,13.81578922,2.420791626,369.9144287,2.400125027,32.14101791,2.379291773,13.49705505,2.358124971,189.9790192,2.487333536,23.5918541,2.508374929,10.47775459,2.528958321,351.3457947,2.549958229,29.71341705,2.570812464,10.92574596,2.591958284,189.6986847,2.723791838,34.29019165,2.702708483,14.30483913,2.681333303,368.1481628,2.660312414,62.70413208,2.639812469,11.01011372,2.618624926,194.4554901,2.748291731,117.8496933,2.768812656,7.893123627,2.789395809,96.04618835,2.810479164,251.3486176,2.831645727,10.01290321,2.852666616,136.1248322,2.983958483,128.0463562,2.962812662,13.72539043,2.94197917,96.41295624,2.920145988,276.184082,2.899624825,8.22802639,2.879291773,150.1461639,3.010375023,127.1323547,3.031312466,39.04544449,3.052624941,89.4236145,3.073124886,262.4125671,3.094291687,7.526342392,3.114979029,141.7117767,3.246208429,155.5120697,3.224999905,20.15304184,3.203812361,94.67964935,3.183645964,288.1260071,3.162124872,7.295118809,3.141791821,149.7602997,
3.344166517,23.6729393,3.365499973,9.747135162,3.386333227,336.2145996,3.406979084,30.33577919,3.42831254,11.49394989,3.448979139,165.3527527,3.580395699,27.30835152,3.558791637,15.05321217,3.538395882,378.7744751,3.516562462,31.37055779,3.496375084,12.66067028,3.474708319,187.0549316,3.604958296,24.12386322,3.625812531,10.81641293,3.646812439,365.0926208,3.667458296,29.51656532,3.687979221,10.4496603,3.709312439,190.0057678,3.83881259,34.7853508,3.817958355,14.9358511,3.796958447,352.9026794,3.775562525,61.04933167,3.754541874,10.71546745,3.733375072,197.7085876,3.864812374,121.3124619,3.885812283,7.94772625,3.906333447,93.23253632,3.927041531,250,3.948041677,12.1249485,3.969375134,130.9247742,4.09766674,128.8616943,4.077166557,12.40940857,4.056000233,98.43949127,4.035000324,279.5218201,4.01483345,9.720469475,3.993812561,157.0647888,4.123958111,124.1815338,4.145124912,38.75320053,4.165958405,87.72251129,4.187312603,256.6614685,4.207812309,6.498068333,4.228812218,143.1759491,4.359958172,158.5010834,4.338645935,19.8812294,4.318124771,89.49295807,4.297291756,289.538269,4.276562691,6.555119038,4.255208492,152.7092285,
4.456333637,23.58595657,4.476666927,10.16915512,4.497874737,336.3549805,4.519062519,28.86137772,4.539978981,9.98045063,4.560291767,171.6500092,4.690979004,27.62968826,4.670791626,14.49571705,4.649458408,385.9727478,4.629125118,33.45370483,4.60787487,12.25971699,4.586999893,194.9419861,4.718124866,25.16956902,4.738291264,11.22086143,4.75931263,367.9398804,4.780645847,30.74075127,4.801312447,12.33358479,4.821645737,186.1693726,4.953125,37.46554947,4.932124615,14.36135674,4.910895824,351.1102295,4.890124798,56.35503769,4.869729042,13.01124191,4.84800005,182.5253296,4.979812622,120.8931046,5.000479221,8.181840897,5.021375179,91.26091766,5.042041302,241.2896423,5.06320858,12.27009487,5.084124565,131.0781708,5.215125084,124.8060837,5.194562435,13.76008034,5.173208237,94.47114563,5.152874947,286.5259399,5.131708145,9.905470848,5.110479355,147.7630005,5.241645813,127.6730576,5.262479305,41.61372375,5.283979416,86.58154297,5.304646015,265.6649475,5.324645996,7.106899738,5.345479488,144.4502411,5.476832867,158.3726501,5.456124783,19.3616581,5.434729099,89.37285614,5.413833141,298.4477539,5.393395901,5.25435257,5.371708393,151.9378967,
5.576125145,23.67167091,5.597125053,9.920890808,5.617457867,326.5725708,5.638792038,30.69498634,5.659625053,9.169896126,5.679957867,173.6579895,5.808812618,25.74907494,5.788479328,16.56695747,5.767812729,374.5471497,5.746958256,34.81305313,5.725541592,10.92027092,5.705208302,188.9224854,5.83354187,28.0669632,5.854791641,11.62289047,5.875291348,365.7677612,5.89647913,30.98535347,5.917145729,11.19187069,5.937812328,185.0897064,6.067312717,36.62730408,6.046291828,14.87173176,6.025958061,359.3791809,6.004791737,59.53471375,5.983979225,10.54486084,5.963145733,188.7313385,6.094145775,121.4649963,6.114958286,7.976426601,6.135645866,96.55704498,6.156791687,243.0680695,6.177458286,10.86956501,6.198625088,132.290741,6.329957962,130.1944733,6.30895853,12.26067352,6.287958145,97.54581451,6.266791821,270.4389648,6.246229172,8.773948669,6.225333214,144.0402222,6.356041431,126.7518692,6.377458096,39.35829926,6.398312569,90.3581543,6.418791771,257.3040771,6.440145969,6.986588001,6.461312294,143.6193695,6.590791702,154.8295441,6.569291592,19.53280258,6.548458576,89.07738495,6.527458191,286.8771057,6.507291794,6.231652737,6.485895634,155.1468201,
6.687375069,23.13757324,6.708562851,10.40195179,6.729041576,329.9691467,6.750374794,29.14664078,6.771542072,11.83810139,6.79181242,165.4245453,6.922646046,27.21037102,6.902145863,14.42149258,6.881124973,377.6395874,6.859958172,32.10984802,6.839624882,11.71794319,6.818458557,192.2373657,6.949291706,24.33831787,6.970958233,10.79107952,6.992062569,349.7028503,7.012708664,28.52630806,7.034062862,11.30976868,7.055229187,186.8149414,7.185729027,40.83407974,7.16520834,15.04873276,7.144041538,356.7701721,7.123708248,66.08348083,7.102562428,12.02440834,7.081396103,183.9600372,7.212646008,117.0690002,7.233145714,7.580458164,7.254478931,90.86849976,7.275666714,241.6394501,7.296041965,10.46030426,7.317291737,136.8648224,7.448312283,125.9179535,7.427792072,14.22619629,7.406624794,94.16336823,7.386041641,267.6354675,7.364999771,9.416539192,7.343812466,145.4273682,7.47495842,131.2263336,7.495666504,36.97761536,7.516729355,91.65021515,7.537146091,253.3725128,7.558291435,6.386590481,7.578791618,145.9746094,7.710291386,161.0169525,7.68989563,19.57328033,7.668791771,91.69054413,7.64772892,293.3823242,7.626541615,7.163550377,7.605895996,147.7544098,
7.809000015,24.13767242,7.829499722,10.84230137,7.850895882,346.822876,7.871541977,29.46643829,7.892791748,11.20240879,7.913291454,167.0761108,8.044124603,26.08556938,8.023812294,14.82516766,8.002625465,380.6984253,7.981645584,33.81592941,7.960999966,14.03600311,7.939478874,193.5206604,8.070375443,25.38397598,8.092228889,10.98733044,8.112729073,356.8799133,8.134041786,30.11575127,8.154707909,10.80337334,8.175708771,178.5195923,8.306791306,39.12132263,8.286146164,14.77718163,8.264791489,356.5660095,8.243958473,63.05416107,8.222791672,11.0160675,8.201791763,181.3888855,8.332812309,120.4596863,8.354146004,8.535987854,8.375311852,93.38033295,8.395978928,237.5335388,8.416874886,11.45934296,8.437708855,138.2588501,8.569291115,125.3162003,8.547791481,13.42848396,8.527479172,93.32775879,8.505458832,273.8812866,8.484624863,8.542830467,8.46412468,148.9154968,8.594646454,125.8585281,8.616000175,39.66563416,8.636541367,91.26716614,8.657896042,252.1296997,8.678458214,7.471490383,8.699625015,146.1233673,8.828374863,156.8374634,8.807208061,19.47375107,8.786708832,94.00719452,8.765645027,288.2234192,8.744479179,6.61760807,8.723978996,150.5198975,
8.924813271,24.19677925,8.94512558,9.000451088,8.966312408,331.5328064,8.986812592,29.43974304,9.007979393,11.01786423,9.029312134,170.4929962,9.157979012,25.4071312,9.137645721,14.54418278,9.116646767,376.9342346,9.095791817,34.8494072,9.074791908,11.36798096,9.053791046,200.2819061,9.185124397,25.07347298,9.205458641,11.62761402,9.226812363,355.394165,9.247958183,30.31388283,9.268479347,10.89657307,9.289812088,181.5636597,9.418645859,38.54777908,9.397458076,13.89338493,9.377145767,352.7683411,9.356062889,63.78800583,9.334625244,10.407094,9.314395905,178.7647552,9.44299984,119.823143,9.464166641,7.362307072,9.485291481,92.5482254,9.505458832,238.4341583,9.52664566,11.43903542,9.547541618,130.3629608,9.679146767,126.3653641,9.657645226,14.40066719,9.636979103,97.32505035,9.615958214,267.5401917,9.594290733,8.996041298,9.57412529,140.9849548,9.703000069,125.1403656,9.723896027,42.62757111,9.745125771,89.54859924,9.766312599,255.9683685,9.787312508,7.141752243,9.807979584,147.4221497,9.939499855,166.9367523,9.918478966,18.85315895,9.896978378,89.94284821,9.876479149,300.1110535,9.855312347,7.384946346,9.834291458,157.4142151,
10.0380621,24.86660385,10.05922985,10.33724022,10.08045864,335.3179932,10.10079098,29.46162605,10.12197876,10.48073006,10.14283371,165.8705292,10.27387524,25.93819046,10.25333309,14.96558762,10.2318325,376.8527222,10.21047878,34.61053848,10.19012451,12.99596596,10.16895866,192.1434326,10.29922867,27.40314293,10.31945801,11.71825314,10.3407917,356.6547241,10.36131287,29.94957352,10.3818121,10.68508816,10.40287495,186.3052063,10.5337925,40.18535233,10.51362514,14.38427639,10.49262524,363.5042419,10.47197914,66.5619278,10.45079136,12.01948833,10.42979145,180.8451996,10.56004143,117.6380539,10.58114624,7.53564167,10.60264587,90.93258667,10.62364578,239.001297,10.64466667,10.54794502,10.66533279,133.0113373,10.7962923,130.4292145,10.77495861,13.73873806,10.75445843,94.19607544,10.73329163,268.5899963,10.7127924,9.153485298,10.69162464,144.4077606,10.82033253,128.9481201,10.84164619,41.15658951,10.86214638,89.94695282,10.8835001,254.8927612,10.90454197,6.731388092,10.92504215,140.1081085,11.05616665,164.9363708,11.03499985,19.739851,11.0146246,94.33094025,10.99345779,303.4550781,10.97229195,7.75785017,10.95145893,154.0608368,
11.15266609,22.96253395,11.17333412,9.29986763,11.19387531,335.9736938,11.21539593,29.94120979,11.2359581,10.36839199,11.25697899,172.614975,11.38845825,26.812006,11.36772823,14.26947594,11.34639549,363.1507263,11.32589626,30.95250702,11.30454159,11.98456287,11.28389549,188.407608,11.41514587,23.44788742,11.43562508,10.21529007,11.4572916,345.9379272,11.47795773,30.0959053,11.49929237,11.20742702,11.51956272,183.1603546,11.6513958,42.42617798,11.62995815,15.9320755,11.60847855,362.1092224,11.58804131,65.45993805,11.56679153,12.67508221,11.5462923,181.5299377,11.67712498,119.6782608,11.69845772,7.140428066,11.71895885,94.62695313,11.73979187,234.0786438,11.76083374,10.17970562,11.78131199,138.812088,11.91283321,126.4230042,11.89197922,13.70146847,11.87097836,92.82919312,11.85029221,264.9455261,11.82879162,9.621063232,11.80845833,142.480011,11.93945789,131.1599426,11.95979214,39.58878326,11.98045826,90.32171631,12.00195789,249.7486115,12.02312565,7.651742458,12.04362488,140.0839386,12.17449951,159.7978058,12.15412521,19.00514984,12.13289547,90.24983978,12.11239624,285.8027954,12.0912075,7.430291176,12.07054138,145.8169861,
12.27329159,24.98827934,12.29447937,9.518222809,12.31531239,341.8835754,12.33597946,29.42142868,12.35716629,11.45246315,12.37833309,169.3654175,12.50747871,24.67990875,12.48645878,13.66285992,12.46529102,362.911499,12.44479179,35.02510834,12.42370796,13.15175056,12.40304184,193.1883392,12.53166676,25.53378296,12.55295849,10.71671295,12.57362461,353.3074951,12.59472942,30.1323204,12.6152916,12.2230711,12.63631248,180.8321991,12.76681232,40.15182114,12.74581337,14.87516785,12.72531223,362.438324,12.70395851,66.46848297,12.68345833,11.57174492,12.6623745,184.238205,12.79145813,122.1592331,12.81195927,8.299078941,12.83289623,94.38618469,12.85395813,235.2268677,12.87466621,12.22244835,12.89612484,135.4270325,13.02666664,124.9777145,13.00614643,12.65723228,12.98464584,96.44441986,12.96397877,264.8414917,12.94331264,9.331381798,12.92249966,144.0767365,13.05312538,127.3769455,13.07429218,40.76725769,13.09479141,86.72254944,13.11614609,256.8108215,13.13679218,6.957212925,13.15779209,138.5840912,13.28912449,175.6956635,13.26795864,19.07095718,13.24695873,94.18907928,13.22622871,289.7485046,13.20504189,8.165019989,13.18381214,151.4415741,
13.38747978,22.73209,13.40799999,11.00475979,13.42933369,336.6061401,13.44983292,30.86126137,13.47106266,11.28164387,13.49229145,164.9709625,13.62381268,25.2590847,13.60262489,14.35986137,13.58162498,373.6639404,13.56031322,32.40345001,13.53995895,11.09052849,13.51845837,199.2911835,13.64833355,26.13218307,13.66887474,10.34544563,13.69006252,345.0819702,13.71112442,28.85603523,13.73195839,11.54129696,13.75314522,182.8088226,13.88495827,39.19514084,13.86429119,15.94598007,13.84312534,358.4215088,13.82139587,69.14596558,13.80022907,11.83174896,13.77970791,189.126297,13.90897942,117.2493286,13.93064594,7.333931446,13.95147896,92.86231232,13.97214603,239.9350128,13.99314594,10.98682117,14.01345825,132.0809021,14.14262486,130.81073,14.12212563,13.29165459,14.10131264,96.79929352,14.08014584,262.06604,14.05964565,9.924780846,14.03870869,151.0360413,14.16947937,126.5341034,14.18981266,42.78617096,14.21114635,91.96177673,14.23164558,256.8936768,14.25283337,6.560302258,14.27366638,139.097641,14.40297985,166.8592987,14.38179111,19.38855553,14.36145878,91.60694122,14.34029102,287.1004333,14.31912518,8.610606194,14.29829216,148.8093719,
14.5,24.47110748,14.52120876,10.36606026,14.54222965,336.8172302,14.56306267,31.24012947,14.58429146,9.942110062,14.60479164,172.3510132,14.73679161,27.18945885,14.71529102,12.77752876,14.69466686,371.6518555,14.67364597,34.76151657,14.65231228,12.05325508,14.63114643,196.5694275,14.7631464,26.03712845,14.78381252,10.95849228,14.80499935,346.9802246,14.82604122,29.34636497,14.84645748,11.50717831,14.86747932,183.9497375,14.99920845,38.08490372,14.97839546,15.22573471,14.95689583,358.3995972,14.93629169,68.44710541,14.91470814,10.47938728,14.89416695,180.1588135,15.02379131,127.787262,15.0448122,8.25551796,15.06495857,92.0404892,15.08579159,234.6975861,15.10681248,11.52559853,15.12797928,133.0556488,15.25914574,123.9395523,15.23812485,14.89509296,15.21762466,95.02916718,15.19645786,262.0333252,15.17529202,10.12421513,15.15472889,147.4796753,15.28399944,124.7729721,15.30456257,39.90149307,15.32522869,87.17612457,15.34645748,255.6532593,15.36745834,8.065995216,15.38795853,142.7440491,15.51887512,167.1194611,15.49854088,19.94015503,15.47706318,87.20116425,15.45606327,301.473877,15.43487549,7.47947073,15.41450024,150.1456604,
15.61812496,22.05040169,15.63912487,10.66037273,15.659729,344.401825,15.6807909,30.21014595,15.70164585,11.31945515,15.72281265,167.3938446,15.85189629,27.173769,15.8307085,14.90316868,15.80966663,370.2841187,15.78920841,33.12644958,15.76787472,11.37618446,15.74737549,197.1222534,15.87831211,24.51032257,15.89947891,10.8583374,15.9199791,351.4477539,15.94120789,29.04354095,15.96166706,12.08804893,15.98281288,174.8342133,16.11379242,41.22873688,16.09314537,15.38628483,16.07214546,353.6572266,16.05064583,71.86737061,16.03014565,11.31942844,16.00933266,176.7571106,16.14014626,120.5475082,16.1607914,7.714663029,16.18212509,92.914505,16.20264626,240.0392609,16.22366714,10.60581303,16.24449921,135.9471588,16.37564659,124.3303146,16.35514641,13.91180706,16.33412552,96.0411377,16.31356239,265.6342468,16.29195786,9.179682732,16.27129173,148.4869385,16.40087509,131.1434174,16.42139626,40.72041702,16.44262505,89.77449036,16.46412468,261.1472778,16.48431206,7.582714558,16.50547981,140.9374542,16.63656235,170.3171844,16.61589622,20.26840019,16.59466743,93.05865479,16.57364655,290.1817627,16.55329132,7.259067535,16.53189659,146.6186676,
16.73450089,22.85923386,16.75600052,9.961645126,16.77666664,330.8583374,16.79800034,29.08407974,16.81912613,11.69440746,16.84004211,173.5466309,16.97131157,25.4363842,16.95064545,17.33346939,16.92964554,376.6013794,16.90847969,32.59591675,16.887146,11.08618546,16.86629105,194.4335327,16.99804115,25.52471733,17.01820946,12.76102066,17.03956223,352.9334717,17.06029129,30.51813316,17.08145714,11.53825855,17.10279083,182.5235291,17.23250008,41.07749176,17.21214676,14.60109425,17.19131279,356.6918335,17.17031288,74.11424255,17.14904213,13.69996834,17.12897873,180.0707703,17.25979233,117.5336685,17.2806263,8.178534508,17.30097771,90.27435303,17.32247925,238.5711975,17.34283257,12.67548752,17.36387444,138.3184509,17.49564552,130.1438446,17.47514725,14.88450813,17.45381355,95.53650665,17.43262482,270.2835999,17.41212654,9.668071747,17.39095879,140.1681824,17.52179146,130.2159119,17.54295921,40.71116638,17.56379128,88.18080902,17.58479118,258.9838867,17.60531235,7.280163288,17.62645912,139.660614,17.75600052,174.5581818,17.73466682,21.15606308,17.71364594,89.62528992,17.69281197,297.0965576,17.67164421,7.843547344,17.65097809,149.6468353,
17.85420799,23.77571869,17.87545776,9.508083344,17.89597893,346.4744873,17.91712379,31.61225128,17.93779182,11.71743298,17.95862389,169.1082458,18.09012413,25.47492218,18.06879044,13.54000092,18.04812431,371.9030457,18.02681351,33.75072098,18.0061264,13.07466221,17.9851265,193.266983,18.11462402,26.35144043,18.13547897,10.49142742,18.15649986,345.5305176,18.17697906,30.61250496,18.19754219,11.00013351,18.21872902,180.471817,18.34929276,41.91006088,18.32845879,14.42072296,18.30747795,357.2188416,18.28731346,75.23722076,18.26662636,12.70452309,18.24529266,174.4994354,18.37548065,116.1281738,18.39664459,8.078993797,18.41762543,90.9831543,18.43881226,240.8511047,18.45914459,11.06618977,18.48049927,137.6677246,18.6109581,122.8621445,18.59070778,14.40883732,18.56949997,95.93956757,18.5484581,266.5822449,18.52716637,10.03741932,18.50679207,148.1846924,18.63747978,128.3094177,18.65864754,39.86556625,18.67931366,92.28913116,18.7003746,260.8201904,18.72097969,8.176592827,18.7422905,138.4278259,18.87162399,165.4676208,18.85045815,20.29473877,18.82937431,87.8381958,18.8083744,290.0802612,18.7874794,7.051231861,18.76681328,142.5685272,
18.96945763,25.94302559,18.99079132,10.59912395,19.01162529,325.2286072,19.03264618,30.31535149,19.05297852,10.43983364,19.07383347,167.2154388,19.20497894,28.34596634,19.18445778,13.56229115,19.16312408,362.2588501,19.14262581,33.03096008,19.12129021,12.03169823,19.10045815,191.7327118,19.23156357,24.38830566,19.25306129,11.29741287,19.27404213,361.0595703,19.29462433,31.17099762,19.31562424,10.95773792,19.3361454,178.575058,19.46772957,38.66593552,19.44647789,15.4632349,19.42531395,354.960022,19.40412521,73.62882996,19.38329315,10.79967213,19.36287498,180.0101166,19.49262428,118.7959442,19.51279068,8.024626732,19.53379059,90.5375061,19.55481148,238.8133392,19.57597923,12.46835804,19.59679222,133.1779785,19.72787476,129.7849731,19.70666695,13.15303898,19.6858139,94.76602936,19.66531181,264.9356689,19.64364624,10.5709343,19.62299919,144.6842194,19.75212479,126.6618805,19.77312469,42.63921356,19.79414749,90.23439789,19.81514549,263.4320374,19.83597755,6.732944012,19.85731125,139.4711761,19.98597908,169.2190704,19.96581268,22.44948769,19.94462395,92.82832336,19.92395782,296.8696594,19.90254021,7.316288948,19.8813343,142.3632965,
20.08483315,25.11127663,20.10516739,11.09235001,20.12654305,333.885437,20.14762497,31.08540726,20.16795921,12.64488983,20.18862534,171.1623535,20.319561,26.49307632,20.29854202,15.47157001,20.27814484,372.8554077,20.25749969,33.0410614,20.23631096,12.62453365,20.2154789,193.0496826,20.34479141,25.76652908,20.36545753,12.00564957,20.38645744,345.3010254,20.40714455,32.3420105,20.42814445,10.79289341,20.44895744,185.6743774,20.57839584,42.15817642,20.55789566,14.33398247,20.53639603,347.3822021,20.51539421,72.39435577,20.49495888,11.01338387,20.47333336,178.3694153,20.60479164,120.8922043,20.62631226,7.637474537,20.64664459,86.89326477,20.66797829,237.0676117,20.68850136,11.79281998,20.70989609,133.2967377,20.83970833,129.0457764,20.81831169,13.15361691,20.79745865,96.57212067,20.7771244,272.8120728,20.75595856,8.794915199,20.73464584,139.4263916,20.86345863,123.9755707,20.88497925,42.19964981,20.90529251,90.17147064,20.92581177,251.0731812,20.94764519,7.479253769,20.96831322,135.7507629,21.09920883,167.4874115,21.07820892,22.5,21.05770874,92.10049438,21.03616714,292.0833435,21.01595879,6.721049309,20.9943943,146.6593933,
21.19771004,25.52101326,21.2189579,10.55716896,21.23995781,340.0698853,21.26112556,33.0689888,21.28162384,12.97753334,21.30281258,180.3997955,21.43431282,25.63835716,21.41345787,15.43600368,21.39214706,369.9496765,21.3708744,33.5344696,21.35012436,12.85984516,21.32904243,192.1717377,21.45900154,26.28727722,21.48006248,11.11306667,21.50156212,354.9106445,21.52245903,31.20352745,21.54299927,10.43874454,21.56420898,181.0542145,21.69512558,42.15937042,21.67395782,13.05201912,21.65312576,354.7157288,21.63279152,79.91047668,21.61164474,12.29050255,21.59045792,183.9450531,21.72164536,118.59198,21.7428112,8.329851151,21.76333427,91.31439972,21.78456306,246.2981567,21.80579185,11.81780243,21.82645798,133.9059906,21.95695877,124.08815,21.93597794,12.89439011,21.91581154,94.84604645,21.8949585,260.0234985,21.87414551,10.18254757,21.8531456,145.7130432,21.98348045,133.6598053,22.00554276,40.44761658,22.02616501,94.94245911,22.0466671,251.7203064,22.0671463,8.598120689,22.08847809,139.0901489,22.21862602,174.671936,22.19814682,20.65251541,22.17749977,83.25756073,22.15662384,292.358551,22.13645744,6.875416279,22.11478996,144.6418152,
22.31698036,24.73948288,22.33831215,11.38136959,22.359478,326.7646484,22.38047981,33.83347321,22.40147972,11.72339153,22.42131424,166.2508392,22.55064583,25.602211,22.52995872,15.65408897,22.50979233,381.401947,22.48829079,37.03048706,22.46664619,11.96695137,22.44714546,195.7790527,22.57689667,25.81269073,22.59831429,10.57246017,22.61879158,351.3409729,22.63931274,29.18333244,22.66097832,13.14834499,22.68139648,179.7033691,22.8102932,42.14771652,22.789814,15.07458401,22.76881218,351.4384155,22.74822998,77.93946838,22.727314,11.7106657,22.70566559,174.5138855,22.8365612,119.7197189,22.85664749,8.679274559,22.87737465,94.43556213,22.89814568,248.62117,22.91889572,11.16883087,22.94012451,134.7513733,23.06912422,123.2303696,23.04795647,13.90761757,23.02731323,95.32865906,23.00645828,263.0758972,22.98579025,8.432640076,22.96514511,139.2088013,23.09554291,126.3787918,23.11662674,43.79244995,23.13712502,91.82984161,23.15829277,253.0073853,23.17912674,7.348987103,23.20029068,137.6638641,23.32906342,174.9093781,23.30800056,20.42197037,23.28745842,89.99380493,23.26695824,306.8918457,23.24572945,8.33113575,23.22447968,147.5446167,
23.42697906,26.36089325,23.44787598,11.97135258,23.46829224,340.5044861,23.48947906,31.65219307,23.51037598,12.52418613,23.53189468,169.1562805,23.66298103,27.53448677,23.64162636,15.49138355,23.62112427,371.4248047,23.59970856,32.20378494,23.57900047,12.7840147,23.55847931,188.8688354,23.68914604,27.10630798,23.71047974,8.980929375,23.73164749,349.6956787,23.75266647,31.28720093,23.77304077,11.89887238,23.79439545,181.1396484,23.92529106,43.53975296,23.90462494,15.4726305,23.88366699,359.1112366,23.86281395,81.58285522,23.84195709,12.80726147,23.82145882,180.5245972,23.95166588,120.454422,23.97229195,7.883426666,23.99331284,90.93487549,24.01429176,239.3070526,24.03529167,11.21387672,24.05579185,136.2274323,24.18572998,126.3713226,24.16449928,15.18865967,24.1434803,95.79871368,24.1221447,259.384613,24.10179329,8.998935699,24.08054161,140.9551392,24.2103138,128.5141602,24.23139572,42.69414139,24.25245857,90.31483459,24.27283287,256.2187805,24.29395676,7.450743675,24.31431198,138.0251923,24.44533348,181.2569275,24.42445946,22.0120697,24.4032917,89.81064606,24.38279152,295.2226868,24.36166573,8.447511673,24.34062576,141.4746552,
24.54431152,23.69232368,24.56556129,9.90695858,24.58581352,334.4997559,24.60766602,33.15527725,24.62862587,12.06923962,24.64914513,169.9435577,24.78012466,26.35019112,24.75883293,14.74306011,24.73833466,365.158905,24.7174778,33.79310226,24.69631386,12.60613632,24.67531395,202.815918,24.80687523,27.60306549,24.82706261,10.68718338,24.84820747,359.6911621,24.86945724,30.32864761,24.88964653,11.68117905,24.91083336,177.9332428,25.04179001,41.83888245,25.02062607,13.70309067,24.99950027,356.3976746,24.97900009,79.19591522,24.95814705,10.99567604,24.93697929,183.8905792,25.06787491,116.210083,25.08912468,8.398397446,25.10931206,90.95562744,25.13033295,238.3745728,25.1512928,12.50471687,25.17229271,128.2694702,25.30264473,129.1356201,25.28162384,15.09820366,25.2605629,96.18312836,25.24033356,255.2723846,25.21914673,10.51697254,25.19823074,143.0857239,25.32962418,131.4218597,25.35045815,44.4484787,25.3713131,89.23577881,25.39245796,257.1136169,25.41295815,7.610707283,25.43397903,134.7580109,25.56464577,175.6699677,25.54431152,21.93888092,25.52329063,88.4054184,25.50214577,291.7281494,25.48112679,7.903561115,25.46006203,146.5793915,
25.66264725,26.47151184,25.68370819,10.49349117,25.70495796,328.3937073,25.72597885,33.03578568,25.74681282,11.96083641,25.7678318,172.7675476,25.89729118,28.19054794,25.87604141,13.35295677,25.85497856,378.95047,25.83429146,33.62488556,25.81320763,13.30080891,25.79266739,196.7610168,25.92347908,27.77484512,25.944561,11.81028652,25.96495819,345.5267334,25.98629189,30.49786568,26.00664711,11.92648792,26.02804184,177.5681152,26.15816689,43.17830276,26.13797951,13.58572865,26.1169796,357.1890564,26.09587479,80.25173187,26.07500076,13.61292458,26.05397987,185.2331085,26.18531227,120.2524872,26.20529175,8.624531746,26.22647858,91.65037537,26.24754143,237.917923,26.26795769,11.81296921,26.28929329,134.2481842,26.41745758,133.5653381,26.39712524,15.20055199,26.37600136,98.62637329,26.35481071,262.9018555,26.33472824,10.11553097,26.31364632,145.2319641,26.4421463,134.7143707,26.46345901,44.90828705,26.48379135,92.43457031,26.50497818,249.4661407,26.52637482,6.904002666,26.54647827,136.5429688,26.6760006,177.7838287,26.6549778,21.34488297,26.6342907,88.13916779,26.61322784,285.5328979,26.59222794,7.757712841,26.57114601,147.2192535,
26.77456284,25.71268845,26.79579353,11.57835484,26.81664658,332.9363098,26.83770752,31.25933838,26.85829353,11.36517429,26.878479,177.3665466,27.00797844,28.1882,26.98664474,15.52919865,26.9657917,375.1091003,26.94466782,33.85402679,26.92399979,12.07061481,26.90370941,198.6142578,27.03456306,26.68331146,27.05495834,12.2688055,27.07595825,345.8447876,27.09681129,32.06454849,27.11772919,12.74328709,27.13829231,175.4848938,27.2687912,39.94011688,27.24850082,16.52806664,27.227314,340.3374329,27.20645714,85.93323517,27.18556404,11.85295963,27.16449928,181.6232452,27.2941246,113.9556656,27.31429291,8.298863411,27.33547974,91.23420715,27.35629082,233.3122559,27.37731361,10.77245712,27.39816666,139.4662933,27.52899933,122.466156,27.50812531,15.66810703,27.487957,95.91668701,27.46583176,264.8871155,27.44564629,9.17385006,27.42431259,146.5934753,27.55545807,131.0269165,27.57670975,42.14406967,27.59779167,92.44913483,27.61864662,246.7863007,27.63862419,6.794350624,27.66033363,144.5779877,27.7889595,180.0988007,27.76870918,21.35108566,27.74764633,92.0322113,27.72647858,295.7134399,27.70529175,7.512257099,27.68479156,144.3614807,
27.88716698,24.72783852,27.90839577,11.39948654,27.92945671,336.4009094,27.94979286,32.7266922,27.97097969,12.01255703,27.99187469,175.4179077,28.1213131,27.64012146,28.1002903,14.07904911,28.07929039,373.9608459,28.0581665,33.14585495,28.03764725,12.67125034,28.01662636,199.0909576,28.14520836,25.55953217,28.16662598,11.45435619,28.18764687,345.704895,28.20783234,29.70899391,28.22906303,10.10910034,28.25012398,178.1383057,28.38095856,41.24087524,28.35983276,16.37950325,28.33881187,352.0427856,28.31833267,80.60842896,28.29731178,11.7736721,28.27631187,180.6898041,28.40539551,120.9376831,28.42662621,8.32256031,28.44695854,88.69174194,28.46816635,242.8515778,28.48854256,12.51931572,28.50995827,132.8947449,28.6390419,134.0658264,28.61883354,14.46175766,28.59762573,97.38168335,28.57645798,261.9377747,28.5560627,9.490850449,28.53514671,144.0621185,28.66431236,129.0710449,28.68523026,45.33236694,28.70662498,91.27735138,28.72698021,251.4432983,28.74833298,7.13092804,28.76845932,134.8682556,28.89814568,186.8252106,28.87729073,22.66471672,28.85666656,88.59918976,28.83579063,302.1428833,28.81472969,8.576109886,28.79366684,145.5316162,
28.9971447,27.03569031,29.01739502,9.773014069,29.03795815,323.3580017,29.05895805,32.29747391,29.07997894,12.66592693,29.10097885,171.0200806,29.23233223,26.41575432,29.21179199,15.26383495,29.19079208,369.1788025,29.16954231,33.44729996,29.14847755,14.27345753,29.12762451,193.436264,29.25845718,28.06408501,29.28016853,10.92189026,29.3012085,345.5456543,29.32145882,30.99168205,29.34264565,10.45672417,29.36304092,183.2689362,29.49297905,42.37052155,29.47197914,13.69249821,29.45079231,353.5514832,29.42966652,87.67525482,29.40881348,11.67017365,29.38764572,174.9869232,29.51929092,119.187645,29.54031181,8.055657387,29.56116676,84.26480865,29.58154106,239.1125336,29.60256386,11.546731,29.62345695,135.4481964,29.75314522,133.961853,29.73195839,15.59078789,29.71089745,99.54740143,29.69000053,271.9946594,29.66964531,10.03783131,29.64862442,139.1392975,29.77945709,129.3491058,29.80064583,45.37277985,29.82172775,91.69343567,29.84212494,256.3748779,29.86300087,7.188139439,29.88395882,140.7514038,30.0150013,176.3456268,29.99466705,22.82663918,29.97345734,89.49126434,29.95229149,298.888092,29.9311657,7.629732132,29.91014671,146.7211456,
30.11316681,26.87812233,30.13462448,11.84778976,30.15495872,333.7080688,30.17616653,31.67504501,30.19662476,12.46856594,30.21779251,168.895401,30.34729195,27.19186783,30.32620811,14.58919144,30.30583382,361.6156311,30.28447914,33.75882339,30.26329231,13.74793625,30.24233437,185.8736115,30.37354088,26.19127464,30.39479256,10.75776386,30.41514397,353.7748108,30.43639565,30.8033123,30.4574585,12.22870159,30.47879219,182.2115936,30.60812569,47.26404953,30.58631134,14.446311,30.56595802,358.7627563,30.54479218,85.20658875,30.52429199,12.42077255,30.50320816,178.1725464,30.63231277,119.0668182,30.65337563,8.675264359,30.67445946,88.19235992,30.69547844,244.0394745,30.7165432,11.21731567,30.73679161,136.3504181,30.86847878,127.9718857,30.84762573,14.15541172,30.82649994,100.6832886,30.80545807,267.0826111,30.78429222,10.42542076,30.76314545,146.5391998,30.89329147,131.7234955,30.91429329,43.87055588,30.93447876,95.18312073,30.95570946,258.2308655,30.97654152,7.915850639,30.99773026,139.1621094,31.12904167,183.2503967,31.10781288,24.09060669,31.08662605,86.32551575,31.06645966,290.9775391,31.04533195,8.782669067,31.02397919,145.389801,
31.22720718,25.84200478,31.2477932,11.88113976,31.26864624,333.4542542,31.289814,31.06303978,31.31095695,12.06568813,31.33197784,167.3090363,31.46079063,27.18810272,31.43964577,15.17549038,31.41937447,373.442688,31.39797974,32.24677658,31.37714577,12.4246788,31.3562088,192.5808563,31.48539543,27.8984375,31.50697899,10.33304119,31.5282917,356.8081665,31.54916573,33.47345352,31.569561,12.1009264,31.5907917,173.2917633,31.72262573,42.774086,31.70137596,14.13760567,31.68014526,349.2004395,31.65904045,83.4050293,31.63862419,11.51601219,31.61664581,183.1994476,31.74731255,122.6863174,31.76764488,8.092699051,31.78870773,88.56324768,31.80962563,239.8012238,31.83022881,12.38335419,31.85164642,132.4202118,31.98064613,136.1306458,31.96045685,15.70451832,31.93895912,96.28592682,31.91787529,265.2406616,31.8969593,10.87810898,31.87639618,141.7134247,32.00716782,131.6791992,32.02829361,45.43553925,32.04847717,94.53682709,32.06987381,249.3055573,32.09106064,7.842724323,32.11179352,134.2063904,32.24297714,177.0198059,32.22179031,25.64102554,32.20162582,90.68135834,32.18047714,297.727356,32.15964508,8.983552933,32.1386261,148.4436035,
32.3416481,26.98140526,32.36278915,11.03681374,32.38395691,337.1231689,32.40497971,33.6268158,32.42549896,12.92839622,32.44662476,173.1881409,32.57799911,26.97413635,32.55681229,14.91964436,32.53581238,363.4837341,32.51495743,34.61766434,32.49389648,12.48092365,32.47249985,188.2641907,32.60429001,26.61005402,32.62464523,12.6638813,32.64581299,362.2332458,32.6662941,31.60678673,32.68764496,12.01893616,32.7078743,179.1804352,32.83950043,41.44598007,32.81847763,16.81976891,32.79745865,349.1553345,32.77639389,86.29312134,32.75537491,12.02075863,32.73433304,179.3266754,32.86345673,118.7219543,32.88464737,8.74092865,32.90554047,90.49807739,32.9266243,231.8530579,32.94781113,11.15340519,32.96887589,131.9463806,33.09748077,127.9350204,33.0769577,16.35587692,33.05562592,93.37295532,33.03489685,265.5223389,33.01364517,10.48289585,32.99345779,141.2799683,33.12414551,131.5499268,33.14466858,44.33862305,33.1659584,94.62765503,33.18614578,250.5180206,33.20737457,7.346529007,33.22812653,133.6587524,33.35845566,174.0484161,33.33729172,22.88010979,33.31670761,89.26831818,33.29620743,296.7176208,33.27470779,7.693327904,33.25450134,140.905777,
33.45514679,26.45433235,33.47550201,11.07079983,33.49689484,333.2538452,33.51829147,32.54239273,33.5386467,11.37252998,33.55987549,168.0944672,33.69104385,27.12810707,33.66966629,14.39056396,33.64862442,368.9053955,33.62772751,33.14697266,33.60649872,12.8574419,33.58531189,196.8061829,33.71731186,27.14979935,33.73737717,13.37442875,33.75845718,350.1322937,33.77945709,30.74973106,33.80047989,10.85360718,33.8214798,175.1072235,33.9499588,43.24940872,33.92883301,15.76357174,33.90779114,355.8266907,33.88764572,89.43522644,33.86629105,12.69133091,33.84620667,177.2885895,33.9761467,115.004982,33.99697876,7.750695229,34.01816559,90.31132507,34.0390625,238.5284424,34.06029129,10.97742844,34.08131409,131.2144318,34.2094574,124.5556183,34.18906403,14.03573704,34.16814804,96.10821533,34.1469574,262.7750549,34.12662506,10.23171806,34.10554123,143.4481812,34.23639679,127.5345535,34.25679016,45.63104248,34.27799988,89.18264771,34.29945755,249.9408264,34.31981277,6.705783844,34.34098053,133.3684998,34.46997833,186.2462769,34.44897842,24.55381012,34.42806244,88.02268219,34.40699768,297.6843872,34.38612366,9.735884666,34.36573029,139.5672913,
34.56847763,27.69735336,34.58864594,9.961471558,34.60995865,335.9935608,34.63114548,30.99048996,34.65222931,13.19475365,34.67279053,175.8163757,34.80216599,27.04143906,34.78114319,15.83850193,34.76020813,369.2988586,34.73914337,33.20018005,34.71828842,12.63436794,34.69733429,192.1418152,34.82862473,26.01937485,34.84914398,10.85425091,34.87016678,345.665863,34.89112473,32.62994766,34.91114426,11.62759972,34.9322319,181.4010925,35.06164551,44.86987686,35.04029083,16.02272224,35.01962662,357.5839539,34.99937439,86.65589142,34.97797775,11.97604847,34.95747757,182.2499237,35.08814621,119.0482407,35.10914612,8.526727676,35.12950134,91.6975174,35.15079498,239.8690033,35.1722908,11.32239056,35.19233322,138.1070709,35.32200241,130.1048431,35.30147934,14.13371372,35.28062439,95.20715332,35.25883484,261.3935852,35.23781204,10.44247723,35.21762848,145.9453735,35.34695816,132.1639709,35.36795807,45.61640549,35.38831329,94.07403564,35.40948105,251.917572,35.43054199,7.894169331,35.45145798,139.0019989,35.58266449,175.6346588,35.56179047,25.9371891,35.5409584,89.98630524,35.51981354,295.8099976,35.49862289,8.129868507,35.47737503,143.2879333,
35.68147659,26.87116432,35.7015419,10.90560532,35.72245789,329.6086426,35.74378967,33.64967728,35.76430893,13.43959999,35.78533554,168.2208862,35.91614532,27.09288597,35.89479065,16.71562767,35.87389755,371.2158813,35.85283279,36.95337677,35.83264542,12.79350185,35.81145859,191.4267731,35.94020844,26.23265076,35.96146011,10.05051517,35.98264694,349.6780701,36.00370789,32.14121628,36.02472687,12.10730457,36.04562759,177.3596802,36.17479324,45.8730278,36.15395737,15.04568863,36.133461,345.5100098,36.11206055,90.49118805,36.0909996,12.07896042,36.06983185,178.5393219,36.20029449,119.2955475,36.22162628,8.886075974,36.24181366,88.04293823,36.2637291,243.8776855,36.28497696,10.91968536,36.30495834,130.9131012,36.4343338,127.0396271,36.41345978,15.26594067,36.39237595,98.42341614,36.37147903,269.0848389,36.35046005,10.15777493,36.32937241,141.4849854,36.46047592,134.1218872,36.48154449,44.39962387,36.50178909,94.71843719,36.52281189,246.1407318,36.54399872,6.774653912,36.56529236,134.7565002,36.69681549,179.8152466,36.67596054,22.87885857,36.6546669,95.12742615,36.63364792,297.0493774,36.61346054,8.470528603,36.59149933,144.171463,
36.79328918,26.68637657,36.81412506,10.47221661,36.83514404,323.118103,36.85614395,31.87693977,36.8775444,13.45758438,36.89879227,171.0943604,37.02789688,28.73287582,37.0066452,15.33701038,36.98614502,376.9693909,36.96495819,32.94456863,36.94445801,12.97944832,36.92333221,198.4238739,37.05429459,27.69151115,37.07466507,10.09731102,37.09583282,357.2233276,37.11695862,31.8292675,37.13829422,13.48413467,37.1584816,173.0734253,37.28995895,45.30091476,37.26895905,14.22937489,37.24779129,352.8083801,37.2265625,90.72451019,37.20614243,12.37781715,37.18514252,175.6251373,37.31681442,118.3532028,37.33750153,8.784619331,37.35845947,87.66062927,37.37862396,234.7344055,37.39981461,11.98866081,37.42083359,130.9810333,37.55150223,131.6130066,37.53131104,14.41727829,37.51029205,96.70067596,37.48920822,258.8988342,37.46831131,10.72670841,37.44695663,139.3490143,37.578125,136.7975922,37.59916687,44.53516388,37.61945724,91.26160431,37.64064407,254.6726532,37.66162491,7.910085678,37.68266678,141.5384521,37.82062531,179.487854,37.79948044,25.08511925,37.77848053,91.86650848,37.75031281,307.1684875,37.72987366,9.036909103,37.70881271,139.3037262,
37.91789627,29.99496651,37.93895721,11.55572796,37.96047592,338.2680664,37.98112488,33.14063644,38.00233078,13.73759174,38.02264404,167.1259613,38.15372849,27.903368,38.13231277,14.07537937,38.11112595,372.1616211,38.09070587,35.52971268,38.07014465,12.67483616,38.04945755,192.3067017,38.17931366,27.37446594,38.20056152,12.06789207,38.22079086,357.4627075,38.24112701,33.36468887,38.26231384,12.93966675,38.2827301,176.121994,38.41398239,43.82617188,38.39278793,15.52859974,38.37212372,353.9015503,38.35070801,89.92900848,38.33048248,12.17213726,38.30948257,175.1012878,38.44029236,120.3333588,38.46064377,8.018718719,38.4816246,92.94748688,38.50264359,232.3170166,38.52314377,10.81539631,38.54462433,133.2257843,38.67416763,129.635498,38.65383148,15.2373209,38.63314438,97.10497284,38.61204147,263.1813965,38.5909996,11.30806828,38.57033157,141.752243,38.70079422,130.4963379,38.72112656,48.42195129,38.74147797,92.07642365,38.76300049,246.0537109,38.78395844,7.790876389,38.80498123,132.9693604,38.93346024,180.0428467,38.91304016,26.11818504,38.89181137,88.79680634,38.87145996,301.3528748,38.85031509,8.59779644,38.82904053,147.8263092,
39.02979279,30.29836082,39.05096054,12.95456409,39.07131195,323.1570129,39.09214783,33.16488647,39.11356354,14.59460831,39.13396072,172.4762726,39.2644577,25.95281219,39.24320984,16.2022934,39.22249985,365.3289185,39.20180893,32.06592941,39.18078995,12.84080887,39.15950012,187.7299042,39.28847885,27.0492897,39.30983353,10.33431339,39.33012772,348.0948486,39.3511467,31.62714386,39.37147903,11.9038763,39.39247894,177.7173767,39.52362442,45.43431091,39.50273132,13.24828243,39.48133087,354.6130066,39.46097946,90.90672302,39.43997955,11.99028397,39.41947937,181.6008759,39.54996109,117.3721161,39.57033157,8.531975746,39.59098053,92.06726074,39.61204147,232.1005859,39.63264465,12.70239353,39.65381241,130.3913727,39.78312683,127.7929688,39.76281357,16.65951538,39.74131393,96.60345459,39.7209816,259.50354,39.70079422,11.69438648,39.67950058,149.7564087,39.80954361,135.3982239,39.83079147,45.03726196,39.85179138,92.71278381,39.87247849,251.0537262,39.89364243,7.583564758,39.91464615,137.1310272,40.04449844,178.0390778,40.02404022,24.23326492,40.00266647,88.95794678,39.98231125,303.5606995,39.96112442,8.916794777,39.94073105,144.0066223,
40.14245987,28.89790154,40.16350174,11.05749321,40.18462372,329.0297241,40.20512772,33.2210083,40.2256279,13.13157177,40.24679184,170.7260895,40.37779236,29.02845192,40.35706329,15.02580166,40.33597946,378.158783,40.31514359,34.7050209,40.29395676,13.54682732,40.27337646,190.6531677,40.40389252,27.7660141,40.42439651,12.99927902,40.44545746,352.3381958,40.4666481,33.93484879,40.48698044,11.50895119,40.50748062,172.2585907,40.63681412,48.33241272,40.61662674,14.13371372,40.59539413,354.9932861,40.57416534,92.2388916,40.55381393,12.3916378,40.53295898,177.7584381,40.66345978,121.2964172,40.683815,9.171435356,40.7042923,88.8249054,40.7256279,240.6634521,40.74596024,12.17363071,40.76697922,138.3971863,40.89583206,130.634964,40.87464523,16.07289124,40.85445786,99.11797333,40.83348083,262.8608093,40.81206131,11.93088055,40.79100037,146.9416351,40.92129135,130.8268738,40.94283295,46.61129761,40.96312714,94.14192963,40.98431396,254.4659729,41.00481415,7.985991478,41.02587509,141.8507538,41.15679169,178.8533478,41.13545609,25.28259277,41.11512375,83.92150879,41.09381104,303.2917175,41.07264328,8.798277855,41.05229187,147.3779602,
41.25445938,27.62284088,41.27462387,11.86245918,41.29600143,326.2022095,41.31645966,34.66098404,41.33745956,14.98366165,41.35866547,165.5621033,41.48797989,29.5649929,41.4677887,16.43915749,41.4472084,354.8320618,41.42581558,31.89103317,41.40547943,13.53457642,41.38497543,193.9888611,41.5128746,27.91909981,41.53429413,11.1787796,41.55545807,344.7996826,41.57581329,31.54224586,41.59729004,13.39392471,41.61729431,179.0010986,41.74739456,46.34210587,41.72700119,16.33753586,41.70564651,348.9144897,41.68529129,96.29158783,41.66489792,11.68817425,41.64366913,175.841568,41.77314377,123.8214264,41.79437637,8.840503693,41.81495667,90.19046783,41.83531189,228.3262024,41.85633087,11.44510746,41.87745667,131.5734406,42.0082283,127.2766724,41.98706055,16.80228233,41.96598053,99.54846191,41.94562531,260.5037842,41.92433167,10.55641651,41.90383148,141.7418213,42.03433609,127.0781784,42.05383301,46.959198,42.07431412,94.17864227,42.09547806,254.7354126,42.11589813,9.757879257,42.13695908,132.5588074,42.26681137,179.2119598,42.24629211,24.79592896,42.22520828,88.91576385,42.20397949,302.4086609,42.183815,9.371212959,42.16270828,139.6768036,
42.36512375,29.2179985,42.38531113,12.49188805,42.40614319,337.4233398,42.42733002,34.06280136,42.44789505,12.60839653,42.46912384,165.3612061,42.59745789,28.47693825,42.57633591,17.29818726,42.55597687,365.4005737,42.53481293,35.44231796,42.51462555,12.67888165,42.49372864,193.4238434,42.6238327,27.76201057,42.64437485,13.27904129,42.66512299,351.4751892,42.68614578,32.5421257,42.70649719,12.25496483,42.72745895,175.5084839,42.85822678,46.91314697,42.83683395,16.13545227,42.81631088,343.3227844,42.79579163,95.44637299,42.7743721,13.14415741,42.75400162,182.3799744,42.88366699,112.620903,42.90487289,9.121061325,42.92589569,88.89527893,42.94714737,239.8580322,42.96764755,12.9683733,42.98831558,137.2262421,43.11889648,129.6315308,43.09783554,14.32274628,43.07714462,101.6208267,43.05612564,265.5206909,43.03578949,11.36769962,43.01470947,143.3641663,43.14548111,133.1810608,43.16645813,44.78636169,43.18664551,94.47670746,43.20747757,256.454834,43.22837448,7.633779526,43.24962616,135.8070374,43.37950134,186.5750275,43.35831451,24.12145615,43.33764648,87.26074982,43.31731415,285.6882935,43.2964592,8.510193825,43.27537537,143.228775,
43.47764587,28.20079041,43.49879074,12.65478611,43.51964569,325.2864685,43.54016495,33.43944931,43.56079102,12.02639389,43.5812912,170.1630554,43.71183395,28.44275284,43.69047928,15.691329,43.6699791,367.87146,43.64995956,32.34894943,43.62879181,12.25145626,43.60749817,199.0604248,43.73579025,29.15839958,43.75695801,12.33089638,43.77747726,344.7240601,43.79854202,33.15032578,43.81912613,12.3609705,43.83979034,181.1848602,43.96904373,44.05884933,43.9487114,14.75179482,43.9271431,347.5786438,43.90681076,95.3330307,43.88614655,12.76933193,43.86512375,176.6426697,43.99564743,123.459198,44.01697922,8.28408432,44.03764725,91.38983917,44.05796051,239.2876129,44.07914734,12.96257591,44.0994606,129.7276001,44.22916794,125.3413696,44.20881271,16.55585289,44.18779373,100.645195,44.16729355,266.2347107,44.14679337,11.85071182,44.12583542,147.9438324,44.25562286,132.7598267,44.27680969,46.99380112,44.29797745,90.87988281,44.31816864,247.5449829,44.33945847,7.716590405,44.35995865,137.2652435,44.4902916,185.943512,44.46897888,25.72912407,44.44889832,87.38946533,44.42764664,291.2337036,44.40712357,8.936146736,44.38645935,149.3159943,
44.58887482,29.60065651,44.61012268,10.76865005,44.63048172,335.6345215,44.6515007,34.30155563,44.67239761,16.18881035,44.69295502,171.9437408,44.82264328,26.45827293,44.80229187,15.35528755,44.78120804,364.2633972,44.76064301,36.29576874,44.7399559,12.76910877,44.71929169,193.7028198,44.84920502,29.38323212,44.87039566,10.89903831,44.89095688,339.9884033,44.91147995,30.24536324,44.93281174,12.38986778,44.95320511,181.1337585,45.08448029,44.39270782,45.0631485,15.28863716,45.04281235,355.8157349,45.02212143,97.93161011,45.00087357,14.36735153,44.97981262,178.9051666,45.10850143,118.5984573,45.12962723,8.941176414,45.15081406,92.93495941,45.17100143,233.7202148,45.19166565,12.80202007,45.21272659,130.0726166,45.34331131,131.0965729,45.32264328,17.07547379,45.30195618,95.71756744,45.28081131,254.9663849,45.25981522,11.56855202,45.23920822,140.0302277,45.36798096,132.4871674,45.38881302,50.54835129,45.4093132,95.14655304,45.43031311,243.4153442,45.45148087,8.554668427,45.47254181,132.7523041,45.60347748,179.6773529,45.58262634,26.02318573,45.56114578,90.64265442,45.5406456,289.7603455,45.51931,8.888068199,45.49895859,143.5455322,
45.70148087,29.26477242,45.72198105,11.23963547,45.74316788,325.4214783,45.76387405,33.49426651,45.78445816,13.53838062,45.80512619,169.7956238,45.93662643,28.36203957,45.91529083,17.34736443,45.89462662,383.127533,45.87312317,34.14329147,45.85256195,12.76193047,45.83133316,194.1904297,45.96047592,28.73563194,45.98147964,11.73646259,46.00262451,339.0661926,46.02362442,32.49059296,46.04366684,12.12399483,46.06545639,180.7177124,46.19364548,45.19875336,46.1734581,15.21563911,46.15289688,351.1121521,46.13166428,99.16178131,46.11047745,12.99471378,46.08945847,175.0254059,46.22045898,122.6030502,46.24179459,8.384423256,46.26231384,87.69155121,46.28372955,239.4812927,46.30379105,13.70426178,46.32512665,133.6098633,46.453125,128.4267883,46.43279266,17.75885391,46.41137695,98.04166412,46.39097977,257.3823242,46.37031174,12.36403465,46.34895706,140.4252014,46.47949982,132.1766663,46.5009613,46.20037842,46.52131271,96.5376358,46.54256058,246.5461273,46.56279373,9.035830498,46.58398056,139.4462433,46.71212387,189.2489166,46.69172668,27.05241394,46.67055893,90.42468262,46.64947891,301.6445923,46.62914658,8.550830841,46.60853958,144.3122253,
46.80997849,30.66393471,46.83112335,12.65822792,46.85145569,330.5254822,46.87264252,32.15529251,46.89295578,13.70750427,46.91445541,168.5692444,47.04298019,29.98803711,47.02198029,16.08606529,47.00112152,367.7344666,46.98062515,34.54874039,46.95933533,12.50622654,46.93914413,192.7932129,47.0668335,27.65012932,47.08864594,12.10266972,47.10916901,352.1008911,47.12970734,34.16212845,47.15079498,12.8138485,47.17097855,179.7868042,47.30181122,45.56130981,47.28062439,16.22769928,47.26000214,337.865509,47.23897934,98.01727295,47.21845627,12.68634605,47.19795609,179.6949615,47.32648087,121.2867508,47.34679413,9.78847599,47.3681488,92.13106537,47.38854218,238.7683563,47.40962219,11.99328327,47.43072891,132.8784332,47.55939484,130.4501953,47.53900146,16.79756927,47.51764679,97.50192261,47.49645996,263.8203735,47.47603989,11.47776222,47.45464706,143.2589417,47.58562469,133.598938,47.60614395,47.36964417,47.62714386,91.50767517,47.64787674,254.7011414,47.6691246,8.457481384,47.69062424,136.9862976,47.81895828,183.8057098,47.7980423,25.67700958,47.77747726,90.88201141,47.75645828,295.4916077,47.73587799,9.812308311,47.71447754,141.608429,
47.91612625,30.78711891,47.93731308,12.8884325,47.95747757,316.6068726,47.97870636,34.63760376,47.99945831,14.89350224,48.02062607,167.834198,48.14962387,30.04008865,48.1281662,16.4000206,48.10781097,369.7695923,48.08646011,34.90432739,48.06616592,13.86003113,48.04496002,189.9710846,48.17395782,29.36935997,48.1953125,13.65108109,48.21604156,342.7202148,48.23729324,30.79279518,48.25773239,13.06978607,48.27872849,177.9690247,48.40898132,49.20909882,48.38831329,16.43575859,48.36712646,350.5840454,48.34679413,97.63458252,48.32531357,13.58114815,48.30483246,180.6118011,48.43547821,118.6360016,48.45614243,9.774646759,48.47754288,90.91156769,48.4978981,238.9695282,48.51897812,13.07715034,48.54047775,136.5379028,48.6693306,131.16539,48.64797592,16.76468086,48.62712479,99.49253845,48.60681152,259.1225586,48.58562469,11.24006653,48.5643959,139.5717468,48.69562531,135.493454,48.71662521,46.56030655,48.73698044,91.33833313,48.75754166,241.1031647,48.77889252,10.28045082,48.79931259,136.9796448,48.93022919,190.1165314,48.90854263,26.97424126,48.88766861,91.32797241,48.867836,303.8983459,48.84664536,8.896886826,48.82564545,141.9859467,
49.02764511,31.14159203,49.04829025,12.29761219,49.06981277,330.5180969,49.08964539,33.73541641,49.11037445,13.33476162,49.13095856,170.3630371,49.26179123,31.20049477,49.24039841,16.98618698,49.22020721,366.3658447,49.19914627,34.92667007,49.17795944,12.78126431,49.15733337,191.682373,49.28816605,28.07701302,49.30854034,12.93803215,49.32989502,347.5094604,49.35097885,33.44498825,49.37147903,14.38258171,49.39233398,175.7606659,49.52416611,46.26865768,49.50297928,15.09597206,49.4816246,347.0827637,49.46056366,101.306015,49.43964386,11.81768513,49.41878891,180.1760101,49.54878998,120.7518921,49.56931305,9.376099586,49.59062576,90.56185913,49.61097717,239.3802032,49.63248062,11.68597984,49.65337372,131.7974396,49.78414536,128.4815521,49.76346207,16.42634583,49.74250031,95.09411621,49.72114563,267.092041,49.69997787,11.86507416,49.67912674,142.4601898,49.81056213,130.9485931,49.83162308,49.26877213,49.85195541,96.10961151,49.87281036,248.7858887,49.89404297,9.367037773,49.91545868,136.523056,50.04489899,188.7200012,50.02383041,25.7855587,50.00231171,90.09573364,49.98197937,298.6382446,49.96081161,10.276721,49.93995667,142.419342,
50.1417923,29.73726082,50.16233444,12.11797619,50.18339539,334.3991394,50.20462799,32.78295517,50.22496033,11.79606247,50.24597931,167.9212646,50.37445831,28.88124847,50.3534584,17.6969471,50.33298111,359.6247559,50.31262589,33.55631256,50.29137421,14.01481724,50.2703743,193.3626251,50.39897919,28.5340538,50.41999817,11.45811081,50.44104004,346.5848083,50.46212387,33.49525833,50.48314667,13.53458977,50.50349808,180.2352295,50.63495636,46.34612656,50.61429214,14.47122383,50.59295654,347.7106323,50.57154083,102.6210709,50.55114746,13.10719109,50.5302887,176.2099457,50.66062546,121.7541275,50.68166351,9.509379387,50.70206451,89.85631561,50.72312546,233.0375824,50.74431229,13.17864895,50.76531219,126.9076767,50.89412308,130.1154175,50.87304306,17.16660118,50.85204315,94.85330963,50.83147812,255.4340973,50.81064606,13.09743881,50.7894783,141.8147736,50.92031097,133.3201904,50.94153976,46.4202652,50.96279144,96.18331909,50.98295975,249.4420929,51.0041275,9.388224602,51.02529144,133.7373199,51.15562439,182.8407593,51.13539505,28.22275162,51.11400223,88.74880981,51.09297943,290.1417847,51.07262421,9.355272293,51.05137634,145.4359283,
51.25289536,29.80081749,51.27396011,13.7341013,51.2949791,330.9393311,51.31549835,32.37271881,51.33662415,13.82118225,51.35699844,169.2283478,51.48829269,28.7603817,51.46746063,15.14312077,51.44633484,365.4321594,51.42529297,35.8823967,51.40496063,12.52876472,51.38387299,190.2832947,51.51220703,27.66777992,51.53312683,12.67778206,51.55412674,341.9655762,51.57545853,31.30927277,51.59595871,12.51760674,51.61731339,182.9202118,51.74845886,44.21786118,51.72754288,15.5517292,51.70647812,353.5663757,51.68564606,103.1319504,51.66445541,12.69263268,51.64395905,182.2723846,51.77314377,119.6143188,51.79320908,9.404623032,51.81431198,90.79057312,51.83516693,239.2681732,51.8563118,13.98020172,51.87762451,129.6153412,52.00904083,134.6920624,51.98766708,17.79047394,51.96731186,96.5524826,51.94612503,264.0158081,51.92512512,12.73396683,51.90387344,144.9647827,52.0337944,132.3817596,52.05429459,47.77296829,52.07533264,91.01676178,52.09656143,244.4572906,52.11779022,8.339490891,52.13798141,132.1367798,52.26747894,188.5903015,52.24731445,26.19623184,52.22606277,86.42549133,52.20516586,296.3918152,52.18429184,10.22562504,52.16329193,140.3325043,
52.36631393,29.84232712,52.38683319,11.31515503,52.4081459,329.6066589,52.42831039,34.84169006,52.44937515,13.83038139,52.47029114,164.5591736,52.60081482,27.50674248,52.58028793,17.08808327,52.5599556,370.2002258,52.53887558,34.10275269,52.51766586,13.51461792,52.49733353,198.9894409,52.6275444,30.13177681,52.64862442,11.61035347,52.6699791,346.9213867,52.69095993,34.12995529,52.71197891,12.52048683,52.7324791,183.1575165,52.86283493,47.13512802,52.84196091,15.30981159,52.820961,346.3453979,52.79914474,103.114624,52.77812576,12.88673592,52.75779343,183.9375763,52.88895798,120.3723373,52.91028976,8.490150452,52.9306221,90.78478241,52.95162201,231.7196045,52.97295761,14.46037579,52.99330902,132.7346802,53.12466812,128.3720703,53.10347748,16.24791908,53.08229065,97.91667175,53.06195831,268.3086548,53.04062653,12.4736805,53.02022934,146.5645905,53.15079498,136.8888397,53.17116547,44.61713028,53.19222641,92.1299057,53.21331406,251.8177948,53.23431396,7.972490788,53.25514603,134.4495239,53.3859787,191.8216095,53.36512375,26.93433952,53.34395599,86.1192627,53.32323074,299.5234375,53.3021431,9.286967278,53.28129196,141.6419678,
53.48331451,31.70711136,53.50431442,13.02552414,53.52470779,332.3156433,53.54595947,34.80681992,53.56629181,13.82186317,53.58714676,171.4561768,53.71720886,29.98206139,53.69614792,16.09814072,53.67498016,362.1428528,53.65395737,35.78068161,53.633461,12.94162273,53.61237335,192.8182831,53.74330902,31.40516281,53.76371002,11.42688084,53.784729,346.9917603,53.8056221,36.98316956,53.8266449,12.06580353,53.84698105,178.4274902,53.9781456,48.96682358,53.95695877,17.30430222,53.93595886,356.7064514,53.91530991,100.0210266,53.89431,12.25695229,53.8740654,179.4756927,54.00289536,122.3348465,54.02397919,9.643996239,54.04496002,91.26641083,54.06581116,232.8256226,54.08616638,13.04845047,54.10721207,136.9590302,54.23731232,132.661911,54.21629333,17.53524971,54.19529343,95.79361725,54.17403793,266.5372009,54.15281296,12.6724577,54.13179016,143.0636902,54.26166534,127.9625854,54.28204346,49.18801117,54.30295944,94.6435318,54.32414627,257.3382263,54.34499741,7.706879139,54.36573029,138.3013153,54.49733353,191.1866455,54.47645569,28.95445442,54.45512772,88.40925598,54.43479156,291.1175232,54.41366959,9.612286568,54.39264679,144.2969055,
54.59362411,28.15821457,54.6141243,12.22327137,54.63516998,322.0235596,54.65645599,34.97374725,54.67679214,15.08449841,54.69764328,167.7405548,54.82795715,28.19119644,54.80583572,17.85446358,54.78547668,364.9329834,54.76428986,36.48287201,54.7431221,13.95312405,54.72272873,195.4631958,54.85414505,30.55612755,54.87514496,12.19874382,54.89566803,359.9784241,54.91695786,35.44561005,54.93796158,12.95885086,54.95829391,174.7262268,55.08929062,47.52480316,55.06889725,16.51580048,55.0478363,338.5427551,55.02679062,99.68565369,55.00595856,14.14477921,54.98470688,174.0514374,55.11454391,122.4748459,55.13545609,9.469450951,55.15664291,92.03540039,55.17683411,233.1223602,55.19799805,13.23336029,55.21912384,133.6337128,55.35050201,129.9935913,55.32931137,16.53510857,55.30879211,99.64403534,55.28762436,257.9685669,55.26646042,12.19079494,55.24516678,138.0513458,55.37495804,133.4101257,55.39529037,45.72937393,55.41631317,92.2869873,55.43739319,243.259613,55.45779037,9.133390427,55.47898102,131.562439,55.60870743,190.7280273,55.58770752,27.31279755,55.56647873,89.62565613,55.54597855,296.4319153,55.52512741,8.470576286,55.50372696,142.864624,
55.70531464,29.37135506,55.72639465,12.88115692,55.7474556,324.8412476,55.76845551,34.14504242,55.7886467,13.74069595,55.80983353,166.7755737,55.94079208,29.87791824,55.91962433,16.26819801,55.89896011,371.0145569,55.87787628,34.55393219,55.85697937,13.22614098,55.83614349,198.8344269,55.9671669,31.13288498,55.98839569,11.54435444,56.00889587,340.7903748,56.0302887,32.82281494,56.05145645,12.16739464,56.07162857,180.299408,56.20031357,48.60235214,56.18029022,16.52613831,56.1590004,348.5133057,56.13798141,104.2660141,56.11745834,14.59164333,56.09616852,178.142868,56.22504044,120.6464005,56.24514389,9.03899765,56.26631165,90.02390289,56.28647995,233.7518158,56.30749893,11.78669739,56.32896042,125.8606491,56.45937347,129.9386597,56.4381485,17.02280807,56.41781235,99.5379715,56.39646149,273.0721436,56.37556076,14.20940208,56.35449982,144.2606049,56.48581314,133.3560944,56.50704193,46.99304199,56.52745819,90.58110809,56.54862595,243.2438965,56.56964493,9.335048676,56.58997726,130.6332703,56.71879196,186.971344,56.69770813,28.33289909,56.67664337,86.66564178,56.65614319,301.5802002,56.63579178,9.296685219,56.61473083,142.1040497,
56.81539536,33.20136261,56.83662415,13.77892017,56.85781097,328.0488586,56.8781662,34.70931244,56.89929199,14.65837193,56.92047882,171.1100006,57.04948044,30.45737267,57.02829361,17.36628532,57.00683212,365.9198608,56.98645782,34.06188583,56.96573257,13.72539139,56.94516754,193.895462,57.07579422,30.15497398,57.09612656,12.4516201,57.11764908,354.7843933,57.13866806,36.18719101,57.1590004,13.21755123,57.18031311,182.1911621,57.31229401,45.69657516,57.29056549,16.90797043,57.26966476,347.5156555,57.24862289,105.2226486,57.22745895,13.94109058,57.20671082,174.3079224,57.33637619,121.5738525,57.35762405,9.184576988,57.37812424,88.41127014,57.39912415,237.6801605,57.42031097,13.36285496,57.440979,131.0036774,57.5722084,128.7136383,57.5510025,15.9660778,57.5302887,96.48580933,57.50945663,253.7555084,57.48829269,12.85380745,57.46739578,142.2766418,57.59612656,133.7516937,57.61729431,47.65668869,57.63831329,89.20497894,57.65914536,234.9433441,57.67948151,9.19767189,57.70087433,135.1761627,57.83050156,184.9789886,57.80945587,27.83254433,57.7881279,89.02833557,57.76704025,297.1220703,57.74650192,10.10938454,57.72529221,147.6181793,
57.92656326,28.82466125,57.94762421,12.52710819,57.96895599,331.7362366,57.9891243,36.68900299,58.00981522,15.03541565,58.0308342,172.3323364,58.1613121,29.01515388,58.14081192,15.30401611,58.11981201,365.465332,58.09864426,35.86062622,58.078125,14.03127193,58.05695724,192.2558594,58.18779373,32.02366257,58.2088356,13.21906185,58.2299614,344.4950867,58.25012589,35.67787933,58.27131271,11.82182789,58.29216766,176.8069763,58.42262268,48.86492538,58.40171051,18.53666115,58.38080978,352.4369202,58.36064529,106.8861771,58.33945847,12.82648087,58.31897736,180.8373871,58.44795609,120.5261993,58.46828842,10.21018124,58.48933411,87.7460022,58.51006317,232.4400787,58.53045654,13.17171764,58.55131531,135.4862213,58.68083572,129.4859161,58.65995789,18.40304184,58.63899994,98.02230835,58.61795807,256.7993469,58.59679413,14.55328465,58.57645798,148.8792419,58.70512772,133.1748505,58.7256279,49.31425476,58.74666595,90.00736237,58.76778793,254.4878693,58.78879166,10.10992527,58.80981445,135.767868,58.94079208,190.8021851,58.9202919,28.731493,58.89879227,87.52549744,58.87831116,300.2430115,58.85712433,9.613882065,58.83662415,140.266449,
59.03881454,29.93745613,59.05966949,13.4849844,59.08106232,346.596344,59.10195541,36.36706161,59.12247849,14.49581528,59.1433754,171.9037476,59.27420807,30.13297844,59.25314713,17.96232414,59.23212433,366.5697937,59.21162415,33.1876564,59.1906662,13.65886497,59.1696434,193.5864868,59.30016708,31.34195518,59.32122803,12.27493668,59.34262848,350.1359253,59.36395645,36.97339249,59.38433456,13.157547,59.40572739,177.8318787,59.53448105,49.49450684,59.51420975,17.82512665,59.49330902,339.9832764,59.47229004,103.6919861,59.4512291,13.62643051,59.43029022,177.3591919,59.56147766,117.3394547,59.58171082,10.06041431,59.60279083,91.30335236,59.62381363,228.7559967,59.64472961,14.53126907,59.66614532,126.8839874,59.79512405,130.6292419,59.77455902,16.12192535,59.75331116,99.19735718,59.7327919,266.3061829,59.71179199,12.4532032,59.69083405,144.7218628,59.82131195,131.7859955,59.84246063,49.22304535,59.86381531,94.84721375,59.8839798,251.1373749,59.90533447,8.211633682,59.92579269,134.4573059,60.05681229,195.0647278,60.03614426,28.20974541,60.01512527,87.36592865,59.99462509,292.9618835,59.97322845,8.497106552,59.95245743,146.235611,
60.15581131,32.43886185,60.17664337,13.11415768,60.19700241,330.6221924,60.21804047,32.60642624,60.2391243,15.09795284,60.26029205,168.4793396,60.38898087,29.0823555,60.36881256,17.67171097,60.34770966,360.2781982,60.3266449,34.43241119,60.30578995,14.87460613,60.28470993,192.8380585,60.41581345,29.83376884,60.4365387,12.08880901,60.45779037,337.5962524,60.4787941,33.28046417,60.49966812,13.37204647,60.5199585,176.6259918,60.65129089,49.05328751,60.63037491,16.37583923,60.60997772,351.8390808,60.58898163,105.9754639,60.56798172,14.20447159,60.54683304,185.1294861,60.67664337,120.6922379,60.69750214,9.409457207,60.71812439,90.8034668,60.73847961,245.1405182,60.75954056,13.94453812,60.78062439,131.0042572,60.91014481,129.1137238,60.88883591,17.93064308,60.86830902,100.5856781,60.84745789,256.147583,60.82645798,13.60098553,60.80570984,142.5630341,60.93637848,130.2462158,60.95729065,48.36303711,60.97862625,95.29827881,60.99964523,243.7029266,61.02050018,8.724639893,61.04097748,130.7457733,61.17079163,195.641571,61.14953995,29.37679482,61.12864685,90.38812256,61.10746002,297.4447632,61.08646011,9.599004745,61.06606293,146.4900665,
61.26806259,34.88309479,61.28929138,13.13585186,61.31064606,338.1813354,61.33100128,33.71080399,61.35212326,13.44391346,61.37247849,173.3585815,61.50329208,30.50481796,61.4827919,16.38349533,61.46183395,358.3840942,61.440979,36.30191803,61.41979218,14.19005871,61.39945984,200.6621857,61.5284996,30.43149567,61.5496254,12.12623692,61.56981277,337.1022034,61.5909996,36.05109787,61.61229324,14.28042507,61.63266754,175.5089874,61.76333237,47.30553436,61.74231339,16.43873024,61.72179413,343.8163757,61.70070648,110.6156082,61.67948151,12.19855213,61.65929413,178.2349854,61.78845978,121.1606903,61.80931473,10.48007202,61.83033371,87.5093689,61.85145569,236.5437164,61.87229156,12.17148685,61.8931694,129.5032806,62.02479172,130.0593262,62.00333405,17.1341629,61.98229218,97.26931,61.96195984,260.5509033,61.94095993,14.27989674,61.91956329,141.6609192,62.05097961,138.388916,62.07216644,48.86802292,62.09233475,94.43489838,62.1137886,250.9635315,62.13497543,8.843287468,62.1553154,132.0173492,62.28516769,191.9215546,62.26430893,28.29815865,62.24328995,93.94026947,62.22216797,294.1578674,62.20112228,10.65954208,62.18029022,145.4947968,
62.38316727,33.17974854,62.40422821,12.42887497,62.42514801,331.6490784,62.44599915,34.07872391,62.46729279,15.30365658,62.48812485,170.931839,62.61939621,28.68108368,62.5984993,16.71575546,62.5774765,374.0616455,62.55695724,34.06074142,62.53581238,14.21101665,62.51489639,195.751358,62.64649963,30.83925629,62.66687393,12.86328125,62.68829346,329.7706299,62.70914841,35.871521,62.73033524,12.48727226,62.75139618,177.7480469,62.88054276,50.159832,62.85981369,17.9925766,62.83930969,336.8134155,62.81845856,106.0057602,62.79731369,13.88746071,62.77612305,179.2769165,62.90697861,120.7262955,62.92816544,9.716533661,62.94945908,84.44184113,62.96979141,235.7966003,62.99033356,12.63567162,63.0122261,133.8307343,63.14247894,128.9482117,63.12156296,17.97385788,63.10103989,95.62340546,63.07997894,261.8435669,63.05912781,12.28185272,63.03820801,142.3277283,63.16770935,133.5871277,63.18839645,47.75683594,63.20929337,97.01081848,63.23048019,246.1806183,63.25066757,10.12118435,63.27172852,135.850174,63.40179062,189.39711,63.38087463,28.53001976,63.35906219,90.64680481,63.33879089,297.6123657,63.31700134,10.5810709,63.29681396,145.3363495,
63.49962616,31.61307716,63.52064514,14.16048622,63.54172897,328.7268372,63.56262589,36.70837021,63.58381271,16.11712074,63.6043129,164.7408905,63.73495865,31.66306305,63.7146225,17.10185242,63.69350052,371.2660217,63.67231369,35.79810715,63.65129089,14.01630974,63.63112259,189.8938446,63.75966644,29.12771416,63.78095627,12.66134357,63.80181122,340.0849915,63.82228851,36.95771027,63.84381104,13.68534184,63.86450195,180.0305786,63.99533463,50.05643463,63.97483444,16.8137207,63.95347977,343.7226563,63.93314743,108.6532974,63.9119606,12.99222088,63.89139557,178.376709,64.02214813,122.5339584,64.04312134,9.292789459,64.06430817,87.20825958,64.08464813,236.1026154,64.10570526,13.30793476,64.12712097,131.3769226,64.2578125,129.8299866,64.23745728,17.20965385,64.21629333,99.91599274,64.19589233,258.2139587,64.17395782,13.59288025,64.15348053,142.2291718,64.28412628,137.9783325,64.30531311,48.8191452,64.32649994,94.15384674,64.34687805,246.1469574,64.36779022,9.97342205,64.38866425,134.4025421,64.51937866,191.2158508,64.49845886,30.21228218,64.47756195,85.89875793,64.45664215,292.9916382,64.43614197,8.452261925,64.41562653,143.6784515,
64.61733246,30.13747406,64.6386261,13.36461353,64.65914917,327.2096558,64.68037415,36.37171173,64.70128632,15.05033684,64.72245789,163.1479034,64.85330963,30.92333221,64.8321228,17.42577362,64.81121063,353.3937988,64.79031372,36.08882523,64.76945496,12.55337811,64.74929047,199.445694,64.87737274,31.5218277,64.89829254,13.10986233,64.91945648,355.219574,64.93997955,36.72710419,64.96097565,12.49514008,64.98206329,180.7773285,65.11283112,49.09243011,65.09195709,17.2342186,65.07112885,355.1875,65.04987335,102.2169724,65.02947998,13.93278885,65.00847626,175.2215118,65.13813019,119.765831,65.15847778,9.162650108,65.17987823,89.43891907,65.20012665,234.519104,65.22097778,14.17940807,65.24204254,131.934082,65.37289429,131.0418396,65.352005,18.69259262,65.33078766,97.48535156,65.30956268,260.7628784,65.28931427,14.48889351,65.26847839,142.4992676,65.39983368,129.3201599,65.42112732,50.48440933,65.4413147,94.13955688,65.46198273,254.4901733,65.48316956,9.290328979,65.50431061,137.010025,65.6344986,196.9786682,65.61331177,30.08874512,65.59246063,84.88195038,65.57212067,291.3340759,65.55095673,9.611194611,65.53033447,146.5121307,
65.73247528,32.17377472,65.75270844,11.91210842,65.77462769,328.8857727,65.79479218,35.75989532,65.81581116,15.53773212,65.83687592,167.1265106,65.96530914,31.13887978,65.94412231,18.35962868,65.92395782,357.500885,65.90266418,34.58013535,65.8816452,14.39925671,65.86114502,193.3831635,65.99229431,33.40073395,66.0124588,13.04899693,66.03364563,349.7111511,66.0548172,37.00414276,66.07530975,13.39214134,66.09620667,174.8158569,66.22570801,50.15079117,66.2048111,16.8290062,66.18379211,345.1753235,66.16295624,115.5119781,66.14183044,14.21112919,66.1216507,182.9650574,66.25164032,122.5674057,66.27287292,11.21364975,66.29396057,88.4230423,66.31495667,234.9836578,66.33599854,12.78589535,66.35712433,129.202713,66.48597717,127.5570984,66.46479034,18.13405418,66.44371033,95.47163391,66.42364502,256.7129211,66.40262604,12.66624451,66.38170624,144.04953,66.51229095,134.5811768,66.53330994,45.95539856,66.55437469,94.41418457,66.57489777,245.5668793,66.59579468,10.05100918,66.61656189,133.4672546,66.74822998,188.5643921,66.72731018,31.03080177,66.7062912,91.77067566,66.68522644,303.9721985,66.66431427,9.265507698,66.64347839,142.6706238,
66.84548187,32.11500168,66.86637115,13.50899792,66.88762665,339.1558838,66.90862274,36.01395798,66.92983246,15.50018501,66.95079041,164.1981049,67.08171082,31.39828491,67.06121063,18.43809128,67.03997803,371.2055359,67.01981354,35.61116409,66.99879456,14.06821156,66.97706604,195.1882172,67.10697937,30.88906097,67.12728882,13.21839046,67.14862823,356.5899353,67.16945648,37.06209946,67.19064331,13.39596748,67.21104431,175.992157,67.34262848,51.04414368,67.32154083,18.30199623,67.3004837,339.0428772,67.27928925,109.163414,67.25816345,14.11492443,67.23781586,180.0469513,67.3686676,115.4937897,67.38962555,10.45479679,67.41064453,90.93595886,67.43099976,234.7677155,67.4519577,13.6103735,67.47314453,130.2981567,67.60462952,130.6880493,67.58345795,18.69453239,67.56233215,93.6870575,67.54214478,256.9794006,67.52131653,12.42798615,67.49933624,139.9346924,67.63097382,129.4074097,67.65214539,47.35795593,67.67329407,95.81774139,67.69347382,244.279068,67.71433258,9.826272011,67.73573303,135.303299,67.86512756,192.1921082,67.84395599,30.57953072,67.82289886,89.54863739,67.80164337,297.3173828,67.78131104,10.61778641,67.76029205,145.460083,
67.96170807,30.96089172,67.98220825,13.04853725,68.00356293,323.9011536,68.02389526,36.68013,68.04545593,16.76668739,68.06595612,163.6602173,68.1953125,32.2737236,68.17512512,18.31724548,68.15379333,362.8148804,68.13262177,35.8838768,68.11166382,14.11819744,68.09131622,192.2064056,68.22245789,30.27102089,68.24264526,12.95588017,68.26395416,338.1022339,68.28433228,38.57537079,68.3056488,13.87483025,68.32614899,182.0437012,68.45748138,51.08560181,68.43662262,17.09401703,68.41548157,353.6766357,68.39412689,110.3573532,68.37395477,13.57299042,68.35270691,175.7998657,68.48371124,123.0113678,68.50479126,10.87939644,68.52629089,90.76437378,68.54646301,233.4929199,68.56797791,12.55185604,68.58821106,131.9349365,68.71781158,128.4846497,68.69714355,18.5534668,68.67612457,98.76696777,68.654953,264.2205505,68.63423157,13.60220146,68.61339569,134.1094208,68.74478912,128.7631073,68.76514435,44.84006119,68.78639221,96.72743988,68.80745697,247.7707062,68.82848358,11.20536232,68.84916687,142.5455627,68.98036957,189.4194031,68.95931244,29.78149796,68.93881226,88.8526535,68.91796112,294.9270325,68.89633179,11.33470249,68.876297,142.7243195,
69.0785675,33.4628334,69.09981537,13.48128128,69.12097931,322.2668762,69.14131165,35.3353157,69.16223145,16.46361542,69.18312073,169.1776581,69.31417084,32.02781677,69.29312134,16.87398338,69.27287292,370.1020203,69.2514801,35.86895752,69.23112488,16.22189903,69.21006012,196.5679016,69.34046173,33.10100174,69.36096191,12.75227547,69.3819809,341.4183044,69.40304565,35.64794159,69.42411804,14.12629604,69.44528961,176.4925842,69.57437134,48.99544525,69.55345917,15.93791294,69.53245544,334.0731812,69.51133728,110.7819901,69.49012756,15.2334547,69.46912384,177.6433105,69.60079193,120.2523193,69.62197876,11.14525318,69.6424942,92.46857452,69.66366577,233.5368347,69.68395996,12.56752014,69.70479584,131.9890442,69.83431244,131.7697144,69.8134613,19.94249725,69.79239655,96.55040741,69.77149963,259.7986755,69.75028992,14.91657448,69.72995758,145.8033752,69.86062622,135.5117645,69.88181305,48.0483551,69.90272522,92.28166962,69.92395782,244.9596863,69.94429779,8.223344803,69.96565247,137.1756592,70.09645844,191.8083954,70.07606506,31.93448067,70.05514526,90.04192352,70.03445435,291.5991516,70.01379395,9.961565971,69.99245453,146.3936768,
70.19345856,35.46988678,70.21431732,15.32076168,70.23537445,326.3460693,70.2564621,35.44186401,70.2776413,16.06513596,70.29798126,165.7914581,70.42871094,31.1456604,70.40729523,17.73655319,70.38697815,364.9779053,70.36598206,36.30296326,70.34481812,14.16881371,70.32454681,195.3718872,70.45266724,33.03184509,70.47414398,13.79741287,70.49478912,333.7835693,70.51539612,37.61896515,70.53649902,14.10219574,70.55698395,173.6159668,70.68645477,48.9025383,70.66531372,16.6901741,70.64414978,361.8191833,70.623703,109.9233475,70.60250092,14.86263657,70.58200073,172.2292633,70.71097565,122.3315887,70.73147583,11.3143959,70.75229645,91.03346252,70.77314758,241.9918213,70.79445648,15.18980503,70.81479645,130.7205048,70.94570923,135.780304,70.92516327,18.80522156,70.90466309,95.9956665,70.88347626,262.0149841,70.86214447,13.06284809,70.84164429,143.638382,70.97229004,132.4841766,70.99362946,47.44505692,71.01439667,92.0729599,71.03505707,240.1802979,71.05579376,10.01898289,71.0769577,128.9386902,71.20536804,195.8747253,71.18466949,29.5212841,71.16366577,86.0282135,71.14299774,296.3685608,71.12247467,10.34404659,71.10081482,145.0573273,
71.30296326,31.99085999,71.32462311,12.68403149,71.34489441,318.9864197,71.36640167,35.38235474,71.38731384,15.77914333,71.40862274,172.2596741,71.53704071,30.30383873,71.5164566,18.68838692,71.49512482,358.2131042,71.47428894,37.86511612,71.4539566,14.7119875,71.43264771,193.056778,71.5639801,33.25942612,71.58486938,14.24946785,71.60564423,354.1278992,71.6264801,38.07023239,71.64795685,12.64946365,71.66799927,173.067337,71.79947662,54.25540543,71.77831268,17.528965,71.7569809,337.2488403,71.73615265,111.8817062,71.71565247,14.33548832,71.69499969,176.8103638,71.82450104,120.302887,71.84533691,11.14602661,71.86645508,87.06497955,71.88704681,234.2944031,71.907547,12.44561672,71.92890167,128.1716003,72.05862427,134.3329926,72.03795624,17.70440674,72.01639557,95.67119598,71.99537659,261.5763245,71.97439575,13.45110893,71.95305634,146.9111633,72.08479309,130.4217224,72.10604095,48.3950386,72.12704468,96.38375854,72.14765167,253.1533508,72.1687088,10.91005802,72.18962097,133.5278473,72.31987,197.4709167,72.29898071,30.34615898,72.27781677,90.47515869,72.25731659,305.3378601,72.23681641,10.19173813,72.21581268,145.8239594,
72.41847992,33.44614792,72.43870544,13.81381416,72.46004486,340.9972534,72.48066711,36.96792603,72.50170898,17.75902939,72.52233124,172.574173,72.65348053,31.53496552,72.63231659,19.27272797,72.61164856,370.0808716,72.59031677,34.99477768,72.56964874,14.20602703,72.54881287,187.4915619,72.6778183,32.19421768,72.69864655,12.73142147,72.71983337,335.2540588,72.74104309,39.85222244,72.7614975,14.46585655,72.78266907,176.7450256,72.91466522,51.98173904,72.89366913,17.82366371,72.87289429,360.5033264,72.85129547,114.3496628,72.83004761,14.93888664,72.80956268,176.0125885,72.9393692,121.9016266,72.95981598,9.91236496,72.98081207,91.80240631,73.0018158,233.978714,73.02231598,13.33867168,73.04364777,129.3775635,73.17450714,126.1800079,73.15379333,20.82943344,73.13254547,99.57025909,73.1113739,248.3639526,73.09089661,13.61768436,73.06972504,146.0172577,73.20049286,130.401825,73.22197723,46.76295853,73.24230957,94.11323547,73.26398468,246.4214935,73.28462982,10.63436699,73.30580902,133.4186249,73.43466949,186.4806061,73.41349792,30.65743637,73.39216614,91.18177795,73.37199402,293.0367126,73.35049438,9.486650467,73.32964325,144.1302032,
73.53333282,33.31403351,73.55400085,13.59716702,73.57447815,327.6141663,73.59567261,35.20698166,73.61640167,16.62438583,73.63795471,164.9324341,73.7669754,32.87913895,73.74597931,19.04118729,73.72478485,359.9989319,73.7039566,35.41306686,73.68296051,15.19284344,73.66246033,194.9523926,73.79084015,34.11508179,73.81272888,12.55005264,73.83333588,338.4222717,73.85449982,41.22267914,73.8758316,14.10639,73.89687347,177.5164642,74.02523041,53.0354805,74.00495911,16.00900078,73.98362732,339.8855591,73.96279144,115.1060791,73.94212341,13.5537796,73.92079163,175.7937927,74.05262756,121.1237106,74.07280731,11.66354942,74.09423065,91.57033539,74.11528778,239.804245,74.13629913,12.72807693,74.15756226,129.8149719,74.28865051,135.9453735,74.26737213,18.51439857,74.24672699,99.25415802,74.22595978,253.5392609,74.20462036,14.69702053,74.18412018,143.3644867,74.31546021,130.2278595,74.33596039,48.08069992,74.35646057,96.80332184,74.37763214,249.2306824,74.39897919,12.49354744,74.41947937,136.321701,74.55088043,197.4375153,74.53037262,30.53987885,74.50948334,89.67342377,74.48847961,315.0516663,74.46729279,8.530731201,74.44595337,142.5470886,
74.64950562,34.62901306,74.66997528,13.90188122,74.69130707,329.1109009,74.71214294,35.61837006,74.73339844,16.89565086,74.75364685,162.7221832,74.88448334,31.876091,74.86328888,17.71307945,74.84248352,362.4612427,74.82221222,35.32014465,74.8013382,14.42602825,74.77999878,193.0385284,74.90929413,35.44929886,74.92979431,14.22699165,74.95097351,346.7292786,74.97162628,41.50649643,74.99211884,14.03849125,75.0136261,176.4516907,75.1439743,54.28966522,75.1233139,17.84677124,75.10248566,348.2610779,75.08164978,115.434494,75.0602951,15.86966801,75.03995514,180.0470886,75.17037964,122.5672913,75.1917038,10.52853298,75.21253967,87.52812195,75.23295593,232.4741058,75.2541275,14.46945286,75.27562714,130.1071625,75.40447235,128.0022583,75.38347626,19.06461906,75.36245728,96.60498047,75.34178925,260.5704651,75.3211441,13.50744057,75.29978943,144.3897247,75.42920685,132.4062195,75.44979095,48.17150116,75.47097778,95.97867584,75.49195862,251.7540131,75.51279449,11.13464737,75.53329468,135.1379242,75.66281128,194.3048096,75.64147949,32.21462631,75.62064362,90.34082031,75.5995636,298.3284912,75.57920837,10.00131607,75.55799866,139.9603729,
75.75914764,34.17092896,75.78014374,14.63644981,75.80037689,323.1545715,75.82170868,36.75413895,75.84220886,16.84445572,75.86370087,164.5653992,75.9931488,31.31414223,75.97232819,19.15896225,75.95081329,372.2914124,75.9306488,36.41919327,75.90947723,16.06282425,75.88831329,196.2831879,76.01747894,31.77348137,76.03865051,14.97374535,76.05945587,341.3456421,76.08045959,41.79896927,76.10112,13.88349247,76.12195587,183.011734,76.25331116,49.60121536,76.2321701,17.98107338,76.21115112,348.5921936,76.19081116,113.4913483,76.16964722,15.95553398,76.14831543,174.9410248,76.27939606,125.9949799,76.30078888,12.25127029,76.32198334,91.70037842,76.34314728,237.3266907,76.36347961,13.95001793,76.38464355,137.8936157,76.51555634,131.9366302,76.49489594,19.8456459,76.47350311,100.2281494,76.45300293,257.4660034,76.43164825,13.23261261,76.41116333,140.3310242,76.54248047,130.6478882,76.56381226,49.49061966,76.58431244,95.61320496,76.60514069,240.3762817,76.62562561,10.09848499,76.64671326,135.3304443,76.777565,193.838623,76.7564621,29.78052521,76.73587036,89.84396362,76.71481323,299.4757996,76.69364166,10.52209949,76.67295837,137.9133301,
76.87597656,35.05842972,76.89664459,13.84215546,76.91764069,323.2199707,76.9384613,34.98355484,76.95996094,17.91295624,76.98046112,162.8540192,77.11096191,32.45511627,77.0901413,18.38733673,77.0697937,354.3388977,77.04837036,37.27233124,77.02762604,14.82722759,77.00681305,192.1809387,77.13629913,32.90568542,77.15739441,13.98255444,77.17814636,338.7759399,77.19898224,43.10300446,77.21983337,14.94386101,77.24033356,177.3480988,77.37033844,52.53341675,77.34928894,19.13724709,77.328125,335.5298767,77.30778503,114.2096329,77.28656769,16.14070702,77.26487732,176.4614258,77.39489746,122.112648,77.4160614,10.94519615,77.43730927,85.96320343,77.45778656,236.6326599,77.47898102,14.32063293,77.50014496,130.0916595,77.62939453,131.1528625,77.60787964,21.10613823,77.58704376,94.67991638,77.56616974,254.6008301,77.54515076,12.61141396,77.52404022,140.6857452,77.65562439,139.2385406,77.67696381,49.22003174,77.69747925,96.33666992,77.71881866,244.061142,77.73962402,10.75737,77.75997925,130.1012268,77.88948059,192.3146057,77.86829376,34.28372574,77.84812927,86.58248901,77.82705688,302.6586609,77.80554199,11.1990633,77.78504181,138.9069977,
77.98612213,35.24324417,78.00679779,14.98184776,78.0279007,326.0423584,78.04866791,33.97454834,78.06981659,18.03482437,78.09047699,172.6640167,78.22106171,31.66298103,78.20040131,19.2647171,78.17912292,360.2718506,78.15847778,36.97828674,78.13783264,14.42997742,78.11704254,189.9569244,78.2477951,32.81561661,78.26829529,14.12341881,78.28929138,332.0423279,78.3106308,39.86382294,78.33087921,14.23506355,78.35270691,181.1362305,78.48083496,55.04271698,78.46070862,17.6234684,78.43939972,346.4345093,78.41845703,116.438179,78.39762115,15.16276169,78.37662506,180.4109802,78.50614166,124.7400742,78.52631378,10.68291569,78.54746246,91.21648407,78.56812286,237.094223,78.5892868,13.50069141,78.60996246,131.7951508,78.74062347,127.834053,78.71962738,21.48496056,78.69895935,96.99751282,78.67829132,259.8078918,78.65764618,13.7112236,78.63631439,136.4403687,78.76699829,135.4468536,78.78845978,48.57608032,78.80912018,93.68238068,78.8301239,233.9642334,78.85095978,11.41540432,78.87162018,132.2392883,79.00331116,193.6486816,78.98213196,31.99430275,78.96164703,91.18517303,78.94031525,298.6691284,78.91897583,10.55519295,78.89797974,143.4536591,
79.09989166,33.2962265,79.12129211,14.38018322,79.14196014,320.2702026,79.16262054,36.6296463,79.18395996,16.66129112,79.20497894,165.2025757,79.33545685,30.80586624,79.31479645,18.38045311,79.29439545,356.5743408,79.27320862,36.94153595,79.25197601,14.82235527,79.23081207,190.306778,79.36029816,33.83200836,79.3814621,13.73654747,79.40245819,348.2758789,79.42312622,40.83746338,79.44462585,15.41884804,79.46546173,177.3117065,79.59387207,55.05383301,79.57312775,16.51903152,79.55262756,349.1776428,79.53131866,119.3977051,79.51033783,14.48656845,79.49014282,176.5684357,79.61862946,125.7660065,79.63996124,9.906020164,79.66139221,93.28233337,79.68187714,239.5714111,79.70237732,12.90851402,79.72370911,134.8294067,79.85481262,133.5093079,79.83381653,21.14678764,79.81247711,96.10916901,79.79121399,261.0606689,79.77080536,13.93616199,79.75028992,141.4563141,79.87866974,135.8720703,79.90045929,48.06246567,79.92095184,95.70245361,79.94189453,234.5471039,79.96283722,10.88235283,79.98416138,130.4119568,80.11338043,200.9729614,80.09220886,32.88702774,80.07145691,94.68070984,80.05045319,295.8430176,80.029953,11.71120834,80.0096283,141.287323,
80.21233368,35.2078743,80.23349762,13.40412045,80.25387573,333.7812805,80.27503967,37.40830612,80.29553986,17.44791603,80.3169632,171.5074158,80.44754028,30.35177422,80.42687225,17.8968029,80.40550232,357.6577454,80.38530731,38.81054688,80.36364746,15.43886089,80.34348297,197.5933228,80.47412109,33.01849747,80.49512482,14.30879211,80.51628876,342.8818665,80.53662109,40.72340012,80.55781555,14.80561161,80.57848358,175.7986145,80.71012115,55.39049149,80.68862152,18.16513252,80.66829681,354.5223694,80.64736938,119.2606964,80.62578583,14.67277431,80.60533142,178.3134918,80.73478699,125.4004059,80.75546265,11.7809763,80.77578735,90.25669861,80.79712677,230.539917,80.81797791,14.52377701,80.83847809,125.2965012,80.96981812,130.9097595,80.9484787,20.15266418,80.92829132,100.8613892,80.90762329,263.4302673,80.88661957,13.36014175,80.86562347,148.5700684,80.99453735,133.6707458,81.01503754,51.74821091,81.03662109,93.80478668,81.05706024,237.6165619,81.07828522,11.65982628,81.09962463,134.4276733,81.22887421,195.1013489,81.2073288,32.08947372,81.18598175,90.16150665,81.16550446,308.743988,81.14498138,11.65663052,81.1236496,141.7988281,
81.32540131,37.08922577,81.34620667,13.73963833,81.36722565,321.227478,81.38761902,38.11786652,81.40879059,18.02079391,81.43013,171.1360779,81.56053925,33.59396744,81.53970337,20.07448387,81.51950073,354.6102905,81.4983139,36.81169891,81.477005,14.1832962,81.45631409,188.1919861,81.58512115,31.41537666,81.60604095,14.56556988,81.62737274,341.9286499,81.64831543,43.75111771,81.66947937,14.20581341,81.68997955,173.3457642,81.82064819,54.16477203,81.80029297,16.71286774,81.77964783,337.3283386,81.75812531,118.4384613,81.73697662,14.19997883,81.71681213,179.0308075,81.84697723,117.1194687,81.86845398,11.49636459,81.88898468,90.6158905,81.91030884,237.0545502,81.9311676,13.29038525,81.95149994,129.2414856,82.08303833,131.0601196,82.06172943,21.40726471,82.0405426,94.87581635,82.02005768,258.7272949,81.99939728,14.17609978,81.97805786,137.4478455,82.10978699,131.9137115,82.13028717,53.54439545,82.15129089,94.12586212,82.17195892,241.0357056,82.19245911,9.985448837,82.21379089,134.3905182,82.34467316,194.5122681,82.32414246,33.31037903,82.3028183,89.98329163,82.28245544,303.488678,82.26112366,10.28409767,82.24012756,145.8962555,
82.44379425,35.53497314,82.46412659,15.21505451,82.48579407,323.6059265,82.50621033,37.74194336,82.52772522,17.31049156,82.54862213,169.9236603,82.67745972,34.18473816,82.65698242,21.16581917,82.63548279,363.3340149,82.61447906,38.00616455,82.59397888,16.61137772,82.57264709,186.9398499,82.70383453,33.29341507,82.72481537,14.99607372,82.7457962,339.7607117,82.76631165,43.4479599,82.78779602,14.9672842,82.80897522,181.6090851,82.93789673,55.56427765,82.91696167,17.67593193,82.89580536,353.7918701,82.87466431,118.8188477,82.85389709,14.77377701,82.83345795,178.4108734,82.96406555,120.357872,82.98497772,12.2444973,83.00547791,94.29528046,83.02666473,235.814743,83.04814148,14.1075449,83.06912231,130.9499512,83.19728851,130.2487946,83.17646027,21.82087898,83.15579224,94.35686493,83.13514709,249.4397583,83.11396027,14.74484825,83.0933075,141.3793945,83.22389221,132.7800903,83.24495697,49.43650055,83.26631165,93.89707184,83.28747559,248.8120728,83.30796051,11.38433552,83.32862091,133.3765259,83.45796204,194.3339081,83.43695831,33.48801422,83.41645813,90.77873993,83.39528656,294.9208069,83.37462616,10.94383907,83.35380554,140.5038605,
83.55696106,37.29477692,83.57787323,15.13175011,83.59850311,323.3476868,83.61933899,39.50896072,83.64070892,18.87973213,83.66153717,165.2199554,83.79228973,33.2802124,83.77212524,17.97740936,83.7509613,359.3658752,83.73012543,36.88410187,83.7091217,17.70336151,83.68778992,195.0428925,83.81764221,34.8834343,83.83828735,14.31136513,83.85896301,341.3443909,83.87998199,44.52100754,83.90145874,14.92942524,83.92195892,171.8886108,84.05297852,55.18039322,84.03173065,18.74139404,84.01133728,346.7303772,83.9905014,123.0077896,83.96906281,15.8823061,83.94822693,186.0649414,84.07997894,121.3127594,84.10047913,10.54522133,84.12149811,84.99731445,84.14270782,242.2176361,84.1632309,13.75779915,84.18395996,132.0396423,84.31381226,131.8223419,84.29245758,21.1630764,84.27212524,97.32754517,84.25112152,256.5168762,84.22962189,14.66848278,84.20931244,141.2739258,84.34017181,133.283844,84.36164856,47.89821243,84.38204193,94.70059204,84.40320587,241.8878174,84.42370605,11.35045719,84.44545746,132.4671936,84.57597351,198.0555878,84.55480957,34.85112762,84.5334549,90.98453522,84.51295471,305.4672852,84.49214935,10.50531578,84.4709549,141.5487671,
84.67331696,36.58112335,84.69364166,16.09584427,84.7146225,326.3573608,84.73562622,37.52633286,84.75637054,18.90333748,84.77737427,167.0022736,84.90762329,31.98038483,84.88639069,20.38929749,84.86506653,358.4848022,84.84453583,38.9899826,84.82364655,16.07205963,84.80223083,187.0038605,84.93333435,34.40080261,84.95387268,15.41186905,84.97447968,334.2942505,84.99546051,44.98470306,85.0164566,14.06118584,85.03747559,174.2506866,85.16849518,56.01874924,85.14731598,19.53625298,85.12664032,342.0820007,85.10562134,118.3221054,85.08531189,15.94344902,85.063797,176.4950256,85.1926651,121.7195435,85.21366119,12.29213715,85.23506165,85.09213257,85.25629425,233.0985565,85.27696228,14.61524391,85.29795837,130.4300232,85.42887115,130.9629822,85.40766907,21.11424637,85.38664246,99.81933594,85.36617279,258.4562073,85.34467316,14.59534836,85.32433319,140.0812225,85.45529175,131.7371521,85.47612,47.49002457,85.49731445,94.46557617,85.51781464,242.5945435,85.53883362,10.97663212,85.56031036,133.6659241,85.68864441,200.4839935,85.66829681,32.52336502,85.64779663,90.80960083,85.62654114,299.0554199,85.60583496,10.0244875,85.58499908,142.1457062,
85.78712463,36.33540344,85.80796051,13.00704288,85.82828522,327.7413025,85.84931946,34.98250961,85.86995697,17.3214798,85.89131165,162.0662994,86.02112579,35.38903809,86.0009613,20.20795441,85.98047638,356.8056946,85.95881653,39.13477707,85.9383316,16.35616493,85.91770935,193.6922913,86.04614258,35.07338715,86.06730652,14.31577969,86.08828735,340.2891846,86.10897827,44.38102341,86.12971497,15.65409851,86.15089417,175.1462708,86.28195953,54.34930038,86.26112366,17.80857658,86.24028778,350.9203491,86.21912384,121.1204453,86.19762421,14.89514732,86.17745972,174.2984467,86.30812073,122.6939392,86.32878876,11.81305981,86.34947968,88.48986816,86.37012482,237.4106445,86.39128876,14.04985905,86.41178894,133.0342255,86.54381561,136.6516571,86.52272797,20.70171738,86.50133514,98.78471375,86.48014069,258.6109314,86.45949554,14.77681637,86.43814087,140.9132233,86.56796265,132.8763733,86.58850098,50.11693192,86.60973358,95.49731445,86.63139343,247.9057007,86.65181732,10.99364662,86.67272949,135.1499481,86.80397797,200.5076904,86.78329468,33.89427185,86.76161957,90.09008789,86.74098206,307.149353,86.71997833,11.25252247,86.69979095,138.0473938,
86.9006424,35.90862274,86.92195892,16.22208977,86.9419632,332.7306519,86.96279144,35.82411194,86.98406219,18.83873177,87.00489807,169.4505005,87.13623047,33.50161743,87.11546326,18.28024483,87.09412384,365.2921143,87.07346344,39.30644989,87.05212402,15.67308998,87.03162384,197.0334473,87.16096497,34.74342728,87.18173218,14.25549126,87.203125,354.0157166,87.22373199,45.37163544,87.24466705,14.55607891,87.26548004,175.4909973,87.39414978,55.4070282,87.3736496,19.56277657,87.35233307,353.7158203,87.33170319,120.4269104,87.31087494,14.97555065,87.29006195,176.2629242,87.42050171,120.9222336,87.44187927,12.47322273,87.46247864,91.89791107,87.48348236,232.1233826,87.50447845,13.69754124,87.5251236,130.4100037,87.65653992,135.4697266,87.63516235,20.1822567,87.61433411,94.21282959,87.59297943,259.0865784,87.57233429,14.0643692,87.55149841,145.1325226,87.68148041,136.3568268,87.7016449,50.08819962,87.72298431,91.86414337,87.74345398,250.2943268,87.76480865,11.41359043,87.78530884,131.2293243,87.91466522,202.0917206,87.89420319,33.17598343,87.87337494,93.52642059,87.85256195,302.9873047,87.83079529,11.12688828,87.81033325,150.9261932,
88.01331329,34.66074753,88.03437805,14.91709805,88.05483246,314.9729309,88.07564545,37.51542282,88.09714508,18.93434334,88.11797333,174.5597076,88.24887848,34.34388351,88.22763062,19.17329407,88.20666504,363.8838501,88.186203,37.70626831,88.16514587,17.1937294,88.14433289,195.8674927,88.27529144,35.35728073,88.29647827,14.12649345,88.31678772,348.9116516,88.33795929,45.21982956,88.35862732,15.07390213,88.37939453,174.8301239,88.51062775,53.02575684,88.48912811,20.26600838,88.46862793,344.3921814,88.4479599,121.3942642,88.42646027,14.28161907,88.40596008,176.3005829,88.53481293,123.4984207,88.5559845,12.66645813,88.57633209,86.77544403,88.59754181,227.3976746,88.61795807,13.40356827,88.63931274,127.017128,88.76845551,129.2386017,88.74745941,21.41802025,88.72712708,101.7968903,88.70587921,266.9760132,88.6855011,14.09454441,88.66362,144.4853516,88.7946701,129.7338409,88.8156662,48.96969604,88.8368988,93.89822388,88.85745239,242.9749146,88.87873077,11.1852684,88.89929199,135.3166199,89.03046417,190.3358612,89.0096283,32.36566544,88.98862457,90.11421967,88.96704102,307.9842834,88.94662476,10.92166996,88.92578888,144.5226593,
89.12722778,36.59671021,89.14787292,15.45660114,89.16854095,337.6101685,89.19020844,38.09678268,89.21039581,19.06695747,89.23181152,165.4627991,89.36264801,34.80725098,89.34145355,20.97884178,89.32080841,359.5823975,89.29997253,38.75327301,89.27928925,15.49714565,89.25795746,194.2384033,89.38731384,34.05224228,89.4081192,16.19202614,89.42912292,340.2477722,89.4499588,42.35439682,89.47080994,15.43541908,89.49182892,180.1777802,89.62212372,56.83010101,89.60164642,18.78214836,89.58061981,346.3242493,89.55962372,129.3893127,89.53913116,15.50843143,89.51770782,182.4440613,89.64897919,129.3968811,89.66964722,11.70840931,89.69065094,88.22427368,89.71183014,240.9790802,89.73206329,13.84594631,89.75387573,135.7207489,89.88320923,134.7782288,89.8625412,21.81514549,89.84133148,98.11658478,89.82004547,255.8881683,89.79954529,13.9880476,89.77804565,139.2769623,89.9080658,134.0558167,89.92887115,49.64747238,89.94954681,95.69812012,89.97087097,240.2881622,89.99182892,11.91331291,90.01316833,134.3925323,90.14331055,195.4847412,90.12303925,34.63728333,90.10212708,92.93000031,90.08045959,290.990509,90.06016541,11.15172195,90.03887177,140.2887268,
90.24129486,37.91894531,90.2624588,14.70395851,90.28329468,318.3161621,90.30395508,37.73487854,90.32529449,18.08931732,90.34662628,169.1994781,90.47581482,33.54529572,90.4548111,18.35697174,90.43347931,364.2053833,90.41297913,37.91334152,90.39162445,15.15231133,90.3707962,191.2314453,90.5,34.08372116,90.52137756,14.79407215,90.54196167,333.965332,90.56312561,44.84316635,90.58414459,14.80446243,90.60531616,175.4819183,90.7360611,56.99412918,90.71483612,18.92592812,90.69371033,342.4953918,90.673172,125.7582626,90.65233612,16.72289848,90.63098145,175.0611267,90.76062775,120.7913361,90.78112793,11.24060059,90.80231476,91.13519287,90.82381439,232.6857147,90.84448242,15.17861462,90.86566925,134.1077423,90.99662018,133.0217896,90.97563934,21.08417702,90.9549942,101.4418411,90.933815,259.0811768,90.91295624,15.92642975,90.89189148,144.2398376,91.02297974,133.2830048,91.04416656,48.38666916,91.06499481,95.45030212,91.08622742,243.3090057,91.1067276,12.42370319,,,,,,,,,,,,,,,

Sample A1,
Sample A1
Collection Time: 13-Mar-24 12:23:33 PM
Operator Name  :
Kinetics Software Version: 1.2(146)
Parameter List :
Report Time: Wed 13 Mar 12:23:33 PM 2024
Software version: 1.2(146)
Operator:
Instrument Parameters
Instrument                        Cary Eclipse
Instrument Serial Number          MY18160001
Data mode                         Fluorescence
Ex. wavelength (nm)               493.00
Em. wavelength (nm)               517.00
Ex. Slit (nm)                     10
Em. Slit (nm)                     10
Averaging Time (s)                0.1000
Cycle time(min)                   1.0000
Stop time(min)                    90.0000
Emission filter                   Open
Excitation Filter                 Auto
PMT voltage (V)                   700
Wellplate                         ON
Plate format                     96 Wells
Read position                    Well centre
Multi-zero                       OFF
Auto-zero                        OFF
Well                            A1
Comments:
Method Log     :
Method Name    : C:\USERS\PUBLIC\DOCUMENTS\AGILENT\CARY ECLIPSE WINFLR\DEFAULT.FMKN
Date/Time stamp: 18-Oct-18 12:11:51 PM
Method Modifications:
Current Method Changed: 13-Mar-24 12:05:14 PM, Old:C:\Users\Public\Documents\Agilent\Cary Eclipse WInFLR\Default.FMKN, New:C:\USERS\PUBLIC\DOCUMENTS\AGILENT\CARY ECLIPSE WINFLR\DEFAULT.FMKN
PMT Volts Changed: 13-Mar-24 12:06:26 PM, Old:600, New:700
Well plate reader Changed: 13-Mar-24 12:06:26 PM, Old:OFF, New:ON
Excitation Wavelength Changed: 13-Mar-24 12:06:26 PM, Old: 400.00, New: 493.00
Emission Wavelength Changed: 13-Mar-24 12:06:26 PM, Old: 600.00, New: 517.00
Ex. Slit Width (nm): Changed: 13-Mar-24 12:06:26 PM, Old:5, New:10
Em. Slit Width (nm): Changed: 13-Mar-24 12:06:26 PM, Old:5, New:10
Cycle Time 1 Changed: 13-Mar-24 12:06:26 PM, Old: 0.0000, New: 1.0000
Stop Time 1 Changed: 13-Mar-24 12:06:26 PM, Old: 1.0000, New:90.0000
Emission PMT (V): Changed: 13-Mar-24 12:06:26 PM, Old: 600, New: 700
Wellplate Samples Changed: 13-Mar-24 12:06:26 PM, Old:, New:A1;A2;A3;A4;A5;A6;B1;B2;B3;B4;B5;B6;C1;C2;C3;C4;C5;C6;D1;D2;D3;D4;D5;D6;E1;E2;E3;E4;E5;E6;F1;F2;F3;F4;F5;F6;G1;G2;G3;G4;G5;G6;H1;H2;H3;H4;H5;H6;
End Method Modifications

Sample A2,
Sample A2
Collection Time: 13-Mar-24 12:23:33 PM
Operator Name  :
Kinetics Software Version: 1.2(146)
Parameter List :
Report Time: Wed 13 Mar 12:23:33 PM 2024
Software version: 1.2(146)
Operator:
Instrument Parameters
Instrument                        Cary Eclipse
Instrument Serial Number          MY18160001
Data mode                         Fluorescence
Ex. wavelength (nm)               493.00
Em. wavelength (nm)               517.00
Ex. Slit (nm)                     10
Em. Slit (nm)                     10
Averaging Time (s)                0.1000
Cycle time(min)                   1.0000
Stop time(min)                    90.0000
Emission filter                   Open
Excitation Filter                 Auto
PMT voltage (V)                   700
Wellplate                         ON
Plate format                     96 Wells
Read position                    Well centre
Multi-zero                       OFF
Auto-zero                        OFF
Well                            A1
Comments:
Method Log     :
Method Name    : C:\USERS\PUBLIC\DOCUMENTS\AGILENT\CARY ECLIPSE WINFLR\DEFAULT.FMKN
Date/Time stamp: 18-Oct-18 12:11:51 PM
Method Modifications:
Current Method Changed: 13-Mar-24 12:05:14 PM, Old:C:\Users\Public\Documents\Agilent\Cary Eclipse WInFLR\Default.FMKN, New:C:\USERS\PUBLIC\DOCUMENTS\AGILENT\CARY ECLIPSE WINFLR\DEFAULT.FMKN
PMT Volts Changed: 13-Mar-24 12:06:26 PM, Old:600, New:700
Well plate reader Changed: 13-Mar-24 12:06:26 PM, Old:OFF, New:ON
Excitation Wavelength Changed: 13-Mar-24 12:06:26 PM, Old: 400.00, New: 493.00
Emission Wavelength Changed: 13-Mar-24 12:06:26 PM, Old: 600.00, New: 517.00
Ex. Slit Width (nm): Changed: 13-Mar-24 12:06:26 PM, Old:5, New:10
Em. Slit Width (nm): Changed: 13-Mar-24 12:06:26 PM, Old:5, New:10
Cycle Time 1 Changed: 13-Mar-24 12:06:26 PM, Old: 0.0000, New: 1.0000
Stop Time 1 Changed: 13-Mar-24 12:06:26 PM, Old: 1.0000, New:90.0000
Emission PMT (V): Changed: 13-Mar-24 12:06:26 PM, Old: 600, New: 700
Wellplate Samples Changed: 13-Mar-24 12:06:26 PM, Old:, New:A1;A2;A3;A4;A5;A6;B1;B2;B3;B4;B5;B6;C1;C2;C3;C4;C5;C6;D1;D2;D3;D4;D5;D6;E1;E2;E3;E4;E5;E6;F1;F2;F3;F4;F5;F6;G1;G2;G3;G4;G5;G6;H1;H2;H3;H4;H5;H6;
End Method Modifications

Sample A3,
Sample A3
Collection Time: 13-Mar-24 12:23:33 PM
Operator Name  :
Kinetics Software Version: 1.2(146)
Parameter List :
Report Time: Wed 13 Mar 12:23:33 PM 2024
Software version: 1.2(146)
Operator:
Instrument Parameters
Instrument                        Cary Eclipse
Instrument Serial Number          MY18160001
Data mode                         Fluorescence
Ex. wavelength (nm)               493.00
Em. wavelength (nm)               517.00
Ex. Slit (nm)                     10
Em. Slit (nm)                     10
Averaging Time (s)                0.1000
Cycle time(min)                   1.0000
Stop time(min)                    90.0000
Emission filter                   Open
Excitation Filter                 Auto
PMT voltage (V)                   700
Wellplate                         ON
Plate format                     96 Wells
Read position                    Well centre
Multi-zero                       OFF
Auto-zero                        OFF
Well                            A1
Comments:
Method Log     :
Method Name    : C:\USERS\PUBLIC\DOCUMENTS\AGILENT\CARY ECLIPSE WINFLR\DEFAULT.FMKN
Date/Time stamp: 18-Oct-18 12:11:51 PM
Method Modifications:
Current Method Changed: 13-Mar-24 12:05:14 PM, Old:C:\Users\Public\Documents\Agilent\Cary Eclipse WInFLR\Default.FMKN, New:C:\USERS\PUBLIC\DOCUMENTS\AGILENT\CARY ECLIPSE WINFLR\DEFAULT.FMKN
PMT Volts Changed: 13-Mar-24 12:06:26 PM, Old:600, New:700
Well plate reader Changed: 13-Mar-24 12:06:26 PM, Old:OFF, New:ON
Excitation Wavelength Changed: 13-Mar-24 12:06:26 PM, Old: 400.00, New: 493.00
Emission Wavelength Changed: 13-Mar-24 12:06:26 PM, Old: 600.00, New: 517.00
Ex. Slit Width (nm): Changed: 13-Mar-24 12:06:26 PM, Old:5, New:10
Em. Slit Width (nm): Changed: 13-Mar-24 12:06:26 PM, Old:5, New:10
Cycle Time 1 Changed: 13-Mar-24 12:06:26 PM, Old: 0.0000, New: 1.0000
Stop Time 1 Changed: 13-Mar-24 12:06:26 PM, Old: 1.0000, New:90.0000
Emission PMT (V): Changed: 13-Mar-24 12:06:26 PM, Old: 600, New: 700
Wellplate Samples Changed: 13-Mar-24 12:06:26 PM, Old:, New:A1;A2;A3;A4;A5;A6;B1;B2;B3;B4;B5;B6;C1;C2;C3;C4;C5;C6;D1;D2;D3;D4;D5;D6;E1;E2;E3;E4;E5;E6;F1;F2;F3;F4;F5;F6;G1;G2;G3;G4;G5;G6;H1;H2;H3;H4;H5;H6;
End Method Modifications

Sample A4,
Sample A4
Collection Time: 13-Mar-24 12:23:33 PM
Operator Name  :
Kinetics Software Version: 1.2(146)
Parameter List :
Report Time: Wed 13 Mar 12:23:33 PM 2024
Software version: 1.2(146)
Operator:
Instrument Parameters
Instrument                        Cary Eclipse
Instrument Serial Number          MY18160001
Data mode                         Fluorescence
Ex. wavelength (nm)               493.00
Em. wavelength (nm)               517.00
Ex. Slit (nm)                     10
Em. Slit (nm)                     10
Averaging Time (s)                0.1000
Cycle time(min)                   1.0000
Stop time(min)                    90.0000
Emission filter                   Open
Excitation Filter                 Auto
PMT voltage (V)                   700
Wellplate                         ON
Plate format                     96 Wells
Read position                    Well centre
Multi-zero                       OFF
Auto-zero                        OFF
Well                            A1
Comments:
Method Log     :
Method Name    : C:\USERS\PUBLIC\DOCUMENTS\AGILENT\CARY ECLIPSE WINFLR\DEFAULT.FMKN
Date/Time stamp: 18-Oct-18 12:11:51 PM
Method Modifications:
Current Method Changed: 13-Mar-24 12:05:14 PM, Old:C:\Users\Public\Documents\Agilent\Cary Eclipse WInFLR\Default.FMKN, New:C:\USERS\PUBLIC\DOCUMENTS\AGILENT\CARY ECLIPSE WINFLR\DEFAULT.FMKN
PMT Volts Changed: 13-Mar-24 12:06:26 PM, Old:600, New:700
Well plate reader Changed: 13-Mar-24 12:06:26 PM, Old:OFF, New:ON
Excitation Wavelength Changed: 13-Mar-24 12:06:26 PM, Old: 400.00, New: 493.00
Emission Wavelength Changed: 13-Mar-24 12:06:26 PM, Old: 600.00, New: 517.00
Ex. Slit Width (nm): Changed: 13-Mar-24 12:06:26 PM, Old:5, New:10
Em. Slit Width (nm): Changed: 13-Mar-24 12:06:26 PM, Old:5, New:10
Cycle Time 1 Changed: 13-Mar-24 12:06:26 PM, Old: 0.0000, New: 1.0000
Stop Time 1 Changed: 13-Mar-24 12:06:26 PM, Old: 1.0000, New:90.0000
Emission PMT (V): Changed: 13-Mar-24 12:06:26 PM, Old: 600, New: 700
Wellplate Samples Changed: 13-Mar-24 12:06:26 PM, Old:, New:A1;A2;A3;A4;A5;A6;B1;B2;B3;B4;B5;B6;C1;C2;C3;C4;C5;C6;D1;D2;D3;D4;D5;D6;E1;E2;E3;E4;E5;E6;F1;F2;F3;F4;F5;F6;G1;G2;G3;G4;G5;G6;H1;H2;H3;H4;H5;H6;
End Method Modifications

Sample A5,
Sample A5
Collection Time: 13-Mar-24 12:23:33 PM
Operator Name  :
Kinetics Software Version: 1.2(146)
Parameter List :
Report Time: Wed 13 Mar 12:23:33 PM 2024
Software version: 1.2(146)
Operator:
Instrument Parameters
Instrument                        Cary Eclipse
Instrument Serial Number          MY18160001
Data mode                         Fluorescence
Ex. wavelength (nm)               493.00
Em. wavelength (nm)               517.00
Ex. Slit (nm)                     10
Em. Slit (nm)                     10
Averaging Time (s)                0.1000
Cycle time(min)                   1.0000
Stop time(min)                    90.0000
Emission filter                   Open
Excitation Filter                 Auto
PMT voltage (V)                   700
Wellplate                         ON
Plate format                     96 Wells
Read position                    Well centre
Multi-zero                       OFF
Auto-zero                        OFF
Well                            A1
Comments:
Method Log     :
Method Name    : C:\USERS\PUBLIC\DOCUMENTS\AGILENT\CARY ECLIPSE WINFLR\DEFAULT.FMKN
Date/Time stamp: 18-Oct-18 12:11:51 PM
Method Modifications:
Current Method Changed: 13-Mar-24 12:05:14 PM, Old:C:\Users\Public\Documents\Agilent\Cary Eclipse WInFLR\Default.FMKN, New:C:\USERS\PUBLIC\DOCUMENTS\AGILENT\CARY ECLIPSE WINFLR\DEFAULT.FMKN
PMT Volts Changed: 13-Mar-24 12:06:26 PM, Old:600, New:700
Well plate reader Changed: 13-Mar-24 12:06:26 PM, Old:OFF, New:ON
Excitation Wavelength Changed: 13-Mar-24 12:06:26 PM, Old: 400.00, New: 493.00
Emission Wavelength Changed: 13-Mar-24 12:06:26 PM, Old: 600.00, New: 517.00
Ex. Slit Width (nm): Changed: 13-Mar-24 12:06:26 PM, Old:5, New:10
Em. Slit Width (nm): Changed: 13-Mar-24 12:06:26 PM, Old:5, New:10
Cycle Time 1 Changed: 13-Mar-24 12:06:26 PM, Old: 0.0000, New: 1.0000
Stop Time 1 Changed: 13-Mar-24 12:06:26 PM, Old: 1.0000, New:90.0000
Emission PMT (V): Changed: 13-Mar-24 12:06:26 PM, Old: 600, New: 700
Wellplate Samples Changed: 13-Mar-24 12:06:26 PM, Old:, New:A1;A2;A3;A4;A5;A6;B1;B2;B3;B4;B5;B6;C1;C2;C3;C4;C5;C6;D1;D2;D3;D4;D5;D6;E1;E2;E3;E4;E5;E6;F1;F2;F3;F4;F5;F6;G1;G2;G3;G4;G5;G6;H1;H2;H3;H4;H5;H6;
End Method Modifications

Sample A6,
Sample A6
Collection Time: 13-Mar-24 12:23:33 PM
Operator Name  :
Kinetics Software Version: 1.2(146)
Parameter List :
Report Time: Wed 13 Mar 12:23:33 PM 2024
Software version: 1.2(146)
Operator:
Instrument Parameters
Instrument                        Cary Eclipse
Instrument Serial Number          MY18160001
Data mode                         Fluorescence
Ex. wavelength (nm)               493.00
Em. wavelength (nm)               517.00
Ex. Slit (nm)                     10
Em. Slit (nm)                     10
Averaging Time (s)                0.1000
Cycle time(min)                   1.0000
Stop time(min)                    90.0000
Emission filter                   Open
Excitation Filter                 Auto
PMT voltage (V)                   700
Wellplate                         ON
Plate format                     96 Wells
Read position                    Well centre
Multi-zero                       OFF
Auto-zero                        OFF
Well                            A1
Comments:
Method Log     :
Method Name    : C:\USERS\PUBLIC\DOCUMENTS\AGILENT\CARY ECLIPSE WINFLR\DEFAULT.FMKN
Date/Time stamp: 18-Oct-18 12:11:51 PM
Method Modifications:
Current Method Changed: 13-Mar-24 12:05:14 PM, Old:C:\Users\Public\Documents\Agilent\Cary Eclipse WInFLR\Default.FMKN, New:C:\USERS\PUBLIC\DOCUMENTS\AGILENT\CARY ECLIPSE WINFLR\DEFAULT.FMKN
PMT Volts Changed: 13-Mar-24 12:06:26 PM, Old:600, New:700
Well plate reader Changed: 13-Mar-24 12:06:26 PM, Old:OFF, New:ON
Excitation Wavelength Changed: 13-Mar-24 12:06:26 PM, Old: 400.00, New: 493.00
Emission Wavelength Changed: 13-Mar-24 12:06:26 PM, Old: 600.00, New: 517.00
Ex. Slit Width (nm): Changed: 13-Mar-24 12:06:26 PM, Old:5, New:10
Em. Slit Width (nm): Changed: 13-Mar-24 12:06:26 PM, Old:5, New:10
Cycle Time 1 Changed: 13-Mar-24 12:06:26 PM, Old: 0.0000, New: 1.0000
Stop Time 1 Changed: 13-Mar-24 12:06:26 PM, Old: 1.0000, New:90.0000
Emission PMT (V): Changed: 13-Mar-24 12:06:26 PM, Old: 600, New: 700
Wellplate Samples Changed: 13-Mar-24 12:06:26 PM, Old:, New:A1;A2;A3;A4;A5;A6;B1;B2;B3;B4;B5;B6;C1;C2;C3;C4;C5;C6;D1;D2;D3;D4;D5;D6;E1;E2;E3;E4;E5;E6;F1;F2;F3;F4;F5;F6;G1;G2;G3;G4;G5;G6;H1;H2;H3;H4;H5;H6;
End Method Modifications

Sample B1,
Sample B1
Collection Time: 13-Mar-24 12:23:33 PM
Operator Name  :
Kinetics Software Version: 1.2(146)
Parameter List :
Report Time: Wed 13 Mar 12:23:33 PM 2024
Software version: 1.2(146)
Operator:
Instrument Parameters
Instrument                        Cary Eclipse
Instrument Serial Number          MY18160001
Data mode                         Fluorescence
Ex. wavelength (nm)               493.00
Em. wavelength (nm)               517.00
Ex. Slit (nm)                     10
Em. Slit (nm)                     10
Averaging Time (s)                0.1000
Cycle time(min)                   1.0000
Stop time(min)                    90.0000
Emission filter                   Open
Excitation Filter                 Auto
PMT voltage (V)                   700
Wellplate                         ON
Plate format                     96 Wells
Read position                    Well centre
Multi-zero                       OFF
Auto-zero                        OFF
Well                            A1
Comments:
Method Log     :
Method Name    : C:\USERS\PUBLIC\DOCUMENTS\AGILENT\CARY ECLIPSE WINFLR\DEFAULT.FMKN
Date/Time stamp: 18-Oct-18 12:11:51 PM
Method Modifications:
Current Method Changed: 13-Mar-24 12:05:14 PM, Old:C:\Users\Public\Documents\Agilent\Cary Eclipse WInFLR\Default.FMKN, New:C:\USERS\PUBLIC\DOCUMENTS\AGILENT\CARY ECLIPSE WINFLR\DEFAULT.FMKN
PMT Volts Changed: 13-Mar-24 12:06:26 PM, Old:600, New:700
Well plate reader Changed: 13-Mar-24 12:06:26 PM, Old:OFF, New:ON
Excitation Wavelength Changed: 13-Mar-24 12:06:26 PM, Old: 400.00, New: 493.00
Emission Wavelength Changed: 13-Mar-24 12:06:26 PM, Old: 600.00, New: 517.00
Ex. Slit Width (nm): Changed: 13-Mar-24 12:06:26 PM, Old:5, New:10
Em. Slit Width (nm): Changed: 13-Mar-24 12:06:26 PM, Old:5, New:10
Cycle Time 1 Changed: 13-Mar-24 12:06:26 PM, Old: 0.0000, New: 1.0000
Stop Time 1 Changed: 13-Mar-24 12:06:26 PM, Old: 1.0000, New:90.0000
Emission PMT (V): Changed: 13-Mar-24 12:06:26 PM, Old: 600, New: 700
Wellplate Samples Changed: 13-Mar-24 12:06:26 PM, Old:, New:A1;A2;A3;A4;A5;A6;B1;B2;B3;B4;B5;B6;C1;C2;C3;C4;C5;C6;D1;D2;D3;D4;D5;D6;E1;E2;E3;E4;E5;E6;F1;F2;F3;F4;F5;F6;G1;G2;G3;G4;G5;G6;H1;H2;H3;H4;H5;H6;
End Method Modifications

Sample B2,
Sample B2
Collection Time: 13-Mar-24 12:23:33 PM
Operator Name  :
Kinetics Software Version: 1.2(146)
Parameter List :
Report Time: Wed 13 Mar 12:23:33 PM 2024
Software version: 1.2(146)
Operator:
Instrument Parameters
Instrument                        Cary Eclipse
Instrument Serial Number          MY18160001
Data mode                         Fluorescence
Ex. wavelength (nm)               493.00
Em. wavelength (nm)               517.00
Ex. Slit (nm)                     10
Em. Slit (nm)                     10
Averaging Time (s)                0.1000
Cycle time(min)                   1.0000
Stop time(min)                    90.0000
Emission filter                   Open
Excitation Filter                 Auto
PMT voltage (V)                   700
Wellplate                         ON
Plate format                     96 Wells
Read position                    Well centre
Multi-zero                       OFF
Auto-zero                        OFF
Well                            A1
Comments:
Method Log     :
Method Name    : C:\USERS\PUBLIC\DOCUMENTS\AGILENT\CARY ECLIPSE WINFLR\DEFAULT.FMKN
Date/Time stamp: 18-Oct-18 12:11:51 PM
Method Modifications:
Current Method Changed: 13-Mar-24 12:05:14 PM, Old:C:\Users\Public\Documents\Agilent\Cary Eclipse WInFLR\Default.FMKN, New:C:\USERS\PUBLIC\DOCUMENTS\AGILENT\CARY ECLIPSE WINFLR\DEFAULT.FMKN
PMT Volts Changed: 13-Mar-24 12:06:26 PM, Old:600, New:700
Well plate reader Changed: 13-Mar-24 12:06:26 PM, Old:OFF, New:ON
Excitation Wavelength Changed: 13-Mar-24 12:06:26 PM, Old: 400.00, New: 493.00
Emission Wavelength Changed: 13-Mar-24 12:06:26 PM, Old: 600.00, New: 517.00
Ex. Slit Width (nm): Changed: 13-Mar-24 12:06:26 PM, Old:5, New:10
Em. Slit Width (nm): Changed: 13-Mar-24 12:06:26 PM, Old:5, New:10
Cycle Time 1 Changed: 13-Mar-24 12:06:26 PM, Old: 0.0000, New: 1.0000
Stop Time 1 Changed: 13-Mar-24 12:06:26 PM, Old: 1.0000, New:90.0000
Emission PMT (V): Changed: 13-Mar-24 12:06:26 PM, Old: 600, New: 700
Wellplate Samples Changed: 13-Mar-24 12:06:26 PM, Old:, New:A1;A2;A3;A4;A5;A6;B1;B2;B3;B4;B5;B6;C1;C2;C3;C4;C5;C6;D1;D2;D3;D4;D5;D6;E1;E2;E3;E4;E5;E6;F1;F2;F3;F4;F5;F6;G1;G2;G3;G4;G5;G6;H1;H2;H3;H4;H5;H6;
End Method Modifications

Sample B3,
Sample B3
Collection Time: 13-Mar-24 12:23:33 PM
Operator Name  :
Kinetics Software Version: 1.2(146)
Parameter List :
Report Time: Wed 13 Mar 12:23:33 PM 2024
Software version: 1.2(146)
Operator:
Instrument Parameters
Instrument                        Cary Eclipse
Instrument Serial Number          MY18160001
Data mode                         Fluorescence
Ex. wavelength (nm)               493.00
Em. wavelength (nm)               517.00
Ex. Slit (nm)                     10
Em. Slit (nm)                     10
Averaging Time (s)                0.1000
Cycle time(min)                   1.0000
Stop time(min)                    90.0000
Emission filter                   Open
Excitation Filter                 Auto
PMT voltage (V)                   700
Wellplate                         ON
Plate format                     96 Wells
Read position                    Well centre
Multi-zero                       OFF
Auto-zero                        OFF
Well                            A1
Comments:
Method Log     :
Method Name    : C:\USERS\PUBLIC\DOCUMENTS\AGILENT\CARY ECLIPSE WINFLR\DEFAULT.FMKN
Date/Time stamp: 18-Oct-18 12:11:51 PM
Method Modifications:
Current Method Changed: 13-Mar-24 12:05:14 PM, Old:C:\Users\Public\Documents\Agilent\Cary Eclipse WInFLR\Default.FMKN, New:C:\USERS\PUBLIC\DOCUMENTS\AGILENT\CARY ECLIPSE WINFLR\DEFAULT.FMKN
PMT Volts Changed: 13-Mar-24 12:06:26 PM, Old:600, New:700
Well plate reader Changed: 13-Mar-24 12:06:26 PM, Old:OFF, New:ON
Excitation Wavelength Changed: 13-Mar-24 12:06:26 PM, Old: 400.00, New: 493.00
Emission Wavelength Changed: 13-Mar-24 12:06:26 PM, Old: 600.00, New: 517.00
Ex. Slit Width (nm): Changed: 13-Mar-24 12:06:26 PM, Old:5, New:10
Em. Slit Width (nm): Changed: 13-Mar-24 12:06:26 PM, Old:5, New:10
Cycle Time 1 Changed: 13-Mar-24 12:06:26 PM, Old: 0.0000, New: 1.0000
Stop Time 1 Changed: 13-Mar-24 12:06:26 PM, Old: 1.0000, New:90.0000
Emission PMT (V): Changed: 13-Mar-24 12:06:26 PM, Old: 600, New: 700
Wellplate Samples Changed: 13-Mar-24 12:06:26 PM, Old:, New:A1;A2;A3;A4;A5;A6;B1;B2;B3;B4;B5;B6;C1;C2;C3;C4;C5;C6;D1;D2;D3;D4;D5;D6;E1;E2;E3;E4;E5;E6;F1;F2;F3;F4;F5;F6;G1;G2;G3;G4;G5;G6;H1;H2;H3;H4;H5;H6;
End Method Modifications

Sample B4,
Sample B4
Collection Time: 13-Mar-24 12:23:33 PM
Operator Name  :
Kinetics Software Version: 1.2(146)
Parameter List :
Report Time: Wed 13 Mar 12:23:33 PM 2024
Software version: 1.2(146)
Operator:
Instrument Parameters
Instrument                        Cary Eclipse
Instrument Serial Number          MY18160001
Data mode                         Fluorescence
Ex. wavelength (nm)               493.00
Em. wavelength (nm)               517.00
Ex. Slit (nm)                     10
Em. Slit (nm)                     10
Averaging Time (s)                0.1000
Cycle time(min)                   1.0000
Stop time(min)                    90.0000
Emission filter                   Open
Excitation Filter                 Auto
PMT voltage (V)                   700
Wellplate                         ON
Plate format                     96 Wells
Read position                    Well centre
Multi-zero                       OFF
Auto-zero                        OFF
Well                            A1
Comments:
Method Log     :
Method Name    : C:\USERS\PUBLIC\DOCUMENTS\AGILENT\CARY ECLIPSE WINFLR\DEFAULT.FMKN
Date/Time stamp: 18-Oct-18 12:11:51 PM
Method Modifications:
Current Method Changed: 13-Mar-24 12:05:14 PM, Old:C:\Users\Public\Documents\Agilent\Cary Eclipse WInFLR\Default.FMKN, New:C:\USERS\PUBLIC\DOCUMENTS\AGILENT\CARY ECLIPSE WINFLR\DEFAULT.FMKN
PMT Volts Changed: 13-Mar-24 12:06:26 PM, Old:600, New:700
Well plate reader Changed: 13-Mar-24 12:06:26 PM, Old:OFF, New:ON
Excitation Wavelength Changed: 13-Mar-24 12:06:26 PM, Old: 400.00, New: 493.00
Emission Wavelength Changed: 13-Mar-24 12:06:26 PM, Old: 600.00, New: 517.00
Ex. Slit Width (nm): Changed: 13-Mar-24 12:06:26 PM, Old:5, New:10
Em. Slit Width (nm): Changed: 13-Mar-24 12:06:26 PM, Old:5, New:10
Cycle Time 1 Changed: 13-Mar-24 12:06:26 PM, Old: 0.0000, New: 1.0000
Stop Time 1 Changed: 13-Mar-24 12:06:26 PM, Old: 1.0000, New:90.0000
Emission PMT (V): Changed: 13-Mar-24 12:06:26 PM, Old: 600, New: 700
Wellplate Samples Changed: 13-Mar-24 12:06:26 PM, Old:, New:A1;A2;A3;A4;A5;A6;B1;B2;B3;B4;B5;B6;C1;C2;C3;C4;C5;C6;D1;D2;D3;D4;D5;D6;E1;E2;E3;E4;E5;E6;F1;F2;F3;F4;F5;F6;G1;G2;G3;G4;G5;G6;H1;H2;H3;H4;H5;H6;
End Method Modifications

Sample B5,
Sample B5
Collection Time: 13-Mar-24 12:23:33 PM
Operator Name  :
Kinetics Software Version: 1.2(146)
Parameter List :
Report Time: Wed 13 Mar 12:23:33 PM 2024
Software version: 1.2(146)
Operator:
Instrument Parameters
Instrument                        Cary Eclipse
Instrument Serial Number          MY18160001
Data mode                         Fluorescence
Ex. wavelength (nm)               493.00
Em. wavelength (nm)               517.00
Ex. Slit (nm)                     10
Em. Slit (nm)                     10
Averaging Time (s)                0.1000
Cycle time(min)                   1.0000
Stop time(min)                    90.0000
Emission filter                   Open
Excitation Filter                 Auto
PMT voltage (V)                   700
Wellplate                         ON
Plate format                     96 Wells
Read position                    Well centre
Multi-zero                       OFF
Auto-zero                        OFF
Well                            A1
Comments:
Method Log     :
Method Name    : C:\USERS\PUBLIC\DOCUMENTS\AGILENT\CARY ECLIPSE WINFLR\DEFAULT.FMKN
Date/Time stamp: 18-Oct-18 12:11:51 PM
Method Modifications:
Current Method Changed: 13-Mar-24 12:05:14 PM, Old:C:\Users\Public\Documents\Agilent\Cary Eclipse WInFLR\Default.FMKN, New:C:\USERS\PUBLIC\DOCUMENTS\AGILENT\CARY ECLIPSE WINFLR\DEFAULT.FMKN
PMT Volts Changed: 13-Mar-24 12:06:26 PM, Old:600, New:700
Well plate reader Changed: 13-Mar-24 12:06:26 PM, Old:OFF, New:ON
Excitation Wavelength Changed: 13-Mar-24 12:06:26 PM, Old: 400.00, New: 493.00
Emission Wavelength Changed: 13-Mar-24 12:06:26 PM, Old: 600.00, New: 517.00
Ex. Slit Width (nm): Changed: 13-Mar-24 12:06:26 PM, Old:5, New:10
Em. Slit Width (nm): Changed: 13-Mar-24 12:06:26 PM, Old:5, New:10
Cycle Time 1 Changed: 13-Mar-24 12:06:26 PM, Old: 0.0000, New: 1.0000
Stop Time 1 Changed: 13-Mar-24 12:06:26 PM, Old: 1.0000, New:90.0000
Emission PMT (V): Changed: 13-Mar-24 12:06:26 PM, Old: 600, New: 700
Wellplate Samples Changed: 13-Mar-24 12:06:26 PM, Old:, New:A1;A2;A3;A4;A5;A6;B1;B2;B3;B4;B5;B6;C1;C2;C3;C4;C5;C6;D1;D2;D3;D4;D5;D6;E1;E2;E3;E4;E5;E6;F1;F2;F3;F4;F5;F6;G1;G2;G3;G4;G5;G6;H1;H2;H3;H4;H5;H6;
End Method Modifications

Sample B6,
Sample B6
Collection Time: 13-Mar-24 12:23:33 PM
Operator Name  :
Kinetics Software Version: 1.2(146)
Parameter List :
Report Time: Wed 13 Mar 12:23:33 PM 2024
Software version: 1.2(146)
Operator:
Instrument Parameters
Instrument                        Cary Eclipse
Instrument Serial Number          MY18160001
Data mode                         Fluorescence
Ex. wavelength (nm)               493.00
Em. wavelength (nm)               517.00
Ex. Slit (nm)                     10
Em. Slit (nm)                     10
Averaging Time (s)                0.1000
Cycle time(min)                   1.0000
Stop time(min)                    90.0000
Emission filter                   Open
Excitation Filter                 Auto
PMT voltage (V)                   700
Wellplate                         ON
Plate format                     96 Wells
Read position                    Well centre
Multi-zero                       OFF
Auto-zero                        OFF
Well                            A1
Comments:
Method Log     :
Method Name    : C:\USERS\PUBLIC\DOCUMENTS\AGILENT\CARY ECLIPSE WINFLR\DEFAULT.FMKN
Date/Time stamp: 18-Oct-18 12:11:51 PM
Method Modifications:
Current Method Changed: 13-Mar-24 12:05:14 PM, Old:C:\Users\Public\Documents\Agilent\Cary Eclipse WInFLR\Default.FMKN, New:C:\USERS\PUBLIC\DOCUMENTS\AGILENT\CARY ECLIPSE WINFLR\DEFAULT.FMKN
PMT Volts Changed: 13-Mar-24 12:06:26 PM, Old:600, New:700
Well plate reader Changed: 13-Mar-24 12:06:26 PM, Old:OFF, New:ON
Excitation Wavelength Changed: 13-Mar-24 12:06:26 PM, Old: 400.00, New: 493.00
Emission Wavelength Changed: 13-Mar-24 12:06:26 PM, Old: 600.00, New: 517.00
Ex. Slit Width (nm): Changed: 13-Mar-24 12:06:26 PM, Old:5, New:10
Em. Slit Width (nm): Changed: 13-Mar-24 12:06:26 PM, Old:5, New:10
Cycle Time 1 Changed: 13-Mar-24 12:06:26 PM, Old: 0.0000, New: 1.0000
Stop Time 1 Changed: 13-Mar-24 12:06:26 PM, Old: 1.0000, New:90.0000
Emission PMT (V): Changed: 13-Mar-24 12:06:26 PM, Old: 600, New: 700
Wellplate Samples Changed: 13-Mar-24 12:06:26 PM, Old:, New:A1;A2;A3;A4;A5;A6;B1;B2;B3;B4;B5;B6;C1;C2;C3;C4;C5;C6;D1;D2;D3;D4;D5;D6;E1;E2;E3;E4;E5;E6;F1;F2;F3;F4;F5;F6;G1;G2;G3;G4;G5;G6;H1;H2;H3;H4;H5;H6;
End Method Modifications

Sample C1,
Sample C1
Collection Time: 13-Mar-24 12:23:33 PM
Operator Name  :
Kinetics Software Version: 1.2(146)
Parameter List :
Report Time: Wed 13 Mar 12:23:33 PM 2024
Software version: 1.2(146)
Operator:
Instrument Parameters
Instrument                        Cary Eclipse
Instrument Serial Number          MY18160001
Data mode                         Fluorescence
Ex. wavelength (nm)               493.00
Em. wavelength (nm)               517.00
Ex. Slit (nm)                     10
Em. Slit (nm)                     10
Averaging Time (s)                0.1000
Cycle time(min)                   1.0000
Stop time(min)                    90.0000
Emission filter                   Open
Excitation Filter                 Auto
PMT voltage (V)                   700
Wellplate                         ON
Plate format                     96 Wells
Read position                    Well centre
Multi-zero                       OFF
Auto-zero                        OFF
Well                            A1
Comments:
Method Log     :
Method Name    : C:\USERS\PUBLIC\DOCUMENTS\AGILENT\CARY ECLIPSE WINFLR\DEFAULT.FMKN
Date/Time stamp: 18-Oct-18 12:11:51 PM
Method Modifications:
Current Method Changed: 13-Mar-24 12:05:14 PM, Old:C:\Users\Public\Documents\Agilent\Cary Eclipse WInFLR\Default.FMKN, New:C:\USERS\PUBLIC\DOCUMENTS\AGILENT\CARY ECLIPSE WINFLR\DEFAULT.FMKN
PMT Volts Changed: 13-Mar-24 12:06:26 PM, Old:600, New:700
Well plate reader Changed: 13-Mar-24 12:06:26 PM, Old:OFF, New:ON
Excitation Wavelength Changed: 13-Mar-24 12:06:26 PM, Old: 400.00, New: 493.00
Emission Wavelength Changed: 13-Mar-24 12:06:26 PM, Old: 600.00, New: 517.00
Ex. Slit Width (nm): Changed: 13-Mar-24 12:06:26 PM, Old:5, New:10
Em. Slit Width (nm): Changed: 13-Mar-24 12:06:26 PM, Old:5, New:10
Cycle Time 1 Changed: 13-Mar-24 12:06:26 PM, Old: 0.0000, New: 1.0000
Stop Time 1 Changed: 13-Mar-24 12:06:26 PM, Old: 1.0000, New:90.0000
Emission PMT (V): Changed: 13-Mar-24 12:06:26 PM, Old: 600, New: 700
Wellplate Samples Changed: 13-Mar-24 12:06:26 PM, Old:, New:A1;A2;A3;A4;A5;A6;B1;B2;B3;B4;B5;B6;C1;C2;C3;C4;C5;C6;D1;D2;D3;D4;D5;D6;E1;E2;E3;E4;E5;E6;F1;F2;F3;F4;F5;F6;G1;G2;G3;G4;G5;G6;H1;H2;H3;H4;H5;H6;
End Method Modifications

Sample C2,
Sample C2
Collection Time: 13-Mar-24 12:23:33 PM
Operator Name  :
Kinetics Software Version: 1.2(146)
Parameter List :
Report Time: Wed 13 Mar 12:23:33 PM 2024
Software version: 1.2(146)
Operator:
Instrument Parameters
Instrument                        Cary Eclipse
Instrument Serial Number          MY18160001
Data mode                         Fluorescence
Ex. wavelength (nm)               493.00
Em. wavelength (nm)               517.00
Ex. Slit (nm)                     10
Em. Slit (nm)                     10
Averaging Time (s)                0.1000
Cycle time(min)                   1.0000
Stop time(min)                    90.0000
Emission filter                   Open
Excitation Filter                 Auto
PMT voltage (V)                   700
Wellplate                         ON
Plate format                     96 Wells
Read position                    Well centre
Multi-zero                       OFF
Auto-zero                        OFF
Well                            A1
Comments:
Method Log     :
Method Name    : C:\USERS\PUBLIC\DOCUMENTS\AGILENT\CARY ECLIPSE WINFLR\DEFAULT.FMKN
Date/Time stamp: 18-Oct-18 12:11:51 PM
Method Modifications:
Current Method Changed: 13-Mar-24 12:05:14 PM, Old:C:\Users\Public\Documents\Agilent\Cary Eclipse WInFLR\Default.FMKN, New:C:\USERS\PUBLIC\DOCUMENTS\AGILENT\CARY ECLIPSE WINFLR\DEFAULT.FMKN
PMT Volts Changed: 13-Mar-24 12:06:26 PM, Old:600, New:700
Well plate reader Changed: 13-Mar-24 12:06:26 PM, Old:OFF, New:ON
Excitation Wavelength Changed: 13-Mar-24 12:06:26 PM, Old: 400.00, New: 493.00
Emission Wavelength Changed: 13-Mar-24 12:06:26 PM, Old: 600.00, New: 517.00
Ex. Slit Width (nm): Changed: 13-Mar-24 12:06:26 PM, Old:5, New:10
Em. Slit Width (nm): Changed: 13-Mar-24 12:06:26 PM, Old:5, New:10
Cycle Time 1 Changed: 13-Mar-24 12:06:26 PM, Old: 0.0000, New: 1.0000
Stop Time 1 Changed: 13-Mar-24 12:06:26 PM, Old: 1.0000, New:90.0000
Emission PMT (V): Changed: 13-Mar-24 12:06:26 PM, Old: 600, New: 700
Wellplate Samples Changed: 13-Mar-24 12:06:26 PM, Old:, New:A1;A2;A3;A4;A5;A6;B1;B2;B3;B4;B5;B6;C1;C2;C3;C4;C5;C6;D1;D2;D3;D4;D5;D6;E1;E2;E3;E4;E5;E6;F1;F2;F3;F4;F5;F6;G1;G2;G3;G4;G5;G6;H1;H2;H3;H4;H5;H6;
End Method Modifications

Sample C3,
Sample C3
Collection Time: 13-Mar-24 12:23:33 PM
Operator Name  :
Kinetics Software Version: 1.2(146)
Parameter List :
Report Time: Wed 13 Mar 12:23:33 PM 2024
Software version: 1.2(146)
Operator:
Instrument Parameters
Instrument                        Cary Eclipse
Instrument Serial Number          MY18160001
Data mode                         Fluorescence
Ex. wavelength (nm)               493.00
Em. wavelength (nm)               517.00
Ex. Slit (nm)                     10
Em. Slit (nm)                     10
Averaging Time (s)                0.1000
Cycle time(min)                   1.0000
Stop time(min)                    90.0000
Emission filter                   Open
Excitation Filter                 Auto
PMT voltage (V)                   700
Wellplate                         ON
Plate format                     96 Wells
Read position                    Well centre
Multi-zero                       OFF
Auto-zero                        OFF
Well                            A1
Comments:
Method Log     :
Method Name    : C:\USERS\PUBLIC\DOCUMENTS\AGILENT\CARY ECLIPSE WINFLR\DEFAULT.FMKN
Date/Time stamp: 18-Oct-18 12:11:51 PM
Method Modifications:
Current Method Changed: 13-Mar-24 12:05:14 PM, Old:C:\Users\Public\Documents\Agilent\Cary Eclipse WInFLR\Default.FMKN, New:C:\USERS\PUBLIC\DOCUMENTS\AGILENT\CARY ECLIPSE WINFLR\DEFAULT.FMKN
PMT Volts Changed: 13-Mar-24 12:06:26 PM, Old:600, New:700
Well plate reader Changed: 13-Mar-24 12:06:26 PM, Old:OFF, New:ON
Excitation Wavelength Changed: 13-Mar-24 12:06:26 PM, Old: 400.00, New: 493.00
Emission Wavelength Changed: 13-Mar-24 12:06:26 PM, Old: 600.00, New: 517.00
Ex. Slit Width (nm): Changed: 13-Mar-24 12:06:26 PM, Old:5, New:10
Em. Slit Width (nm): Changed: 13-Mar-24 12:06:26 PM, Old:5, New:10
Cycle Time 1 Changed: 13-Mar-24 12:06:26 PM, Old: 0.0000, New: 1.0000
Stop Time 1 Changed: 13-Mar-24 12:06:26 PM, Old: 1.0000, New:90.0000
Emission PMT (V): Changed: 13-Mar-24 12:06:26 PM, Old: 600, New: 700
Wellplate Samples Changed: 13-Mar-24 12:06:26 PM, Old:, New:A1;A2;A3;A4;A5;A6;B1;B2;B3;B4;B5;B6;C1;C2;C3;C4;C5;C6;D1;D2;D3;D4;D5;D6;E1;E2;E3;E4;E5;E6;F1;F2;F3;F4;F5;F6;G1;G2;G3;G4;G5;G6;H1;H2;H3;H4;H5;H6;
End Method Modifications

Sample C4,
Sample C4
Collection Time: 13-Mar-24 12:23:33 PM
Operator Name  :
Kinetics Software Version: 1.2(146)
Parameter List :
Report Time: Wed 13 Mar 12:23:33 PM 2024
Software version: 1.2(146)
Operator:
Instrument Parameters
Instrument                        Cary Eclipse
Instrument Serial Number          MY18160001
Data mode                         Fluorescence
Ex. wavelength (nm)               493.00
Em. wavelength (nm)               517.00
Ex. Slit (nm)                     10
Em. Slit (nm)                     10
Averaging Time (s)                0.1000
Cycle time(min)                   1.0000
Stop time(min)                    90.0000
Emission filter                   Open
Excitation Filter                 Auto
PMT voltage (V)                   700
Wellplate                         ON
Plate format                     96 Wells
Read position                    Well centre
Multi-zero                       OFF
Auto-zero                        OFF
Well                            A1
Comments:
Method Log     :
Method Name    : C:\USERS\PUBLIC\DOCUMENTS\AGILENT\CARY ECLIPSE WINFLR\DEFAULT.FMKN
Date/Time stamp: 18-Oct-18 12:11:51 PM
Method Modifications:
Current Method Changed: 13-Mar-24 12:05:14 PM, Old:C:\Users\Public\Documents\Agilent\Cary Eclipse WInFLR\Default.FMKN, New:C:\USERS\PUBLIC\DOCUMENTS\AGILENT\CARY ECLIPSE WINFLR\DEFAULT.FMKN
PMT Volts Changed: 13-Mar-24 12:06:26 PM, Old:600, New:700
Well plate reader Changed: 13-Mar-24 12:06:26 PM, Old:OFF, New:ON
Excitation Wavelength Changed: 13-Mar-24 12:06:26 PM, Old: 400.00, New: 493.00
Emission Wavelength Changed: 13-Mar-24 12:06:26 PM, Old: 600.00, New: 517.00
Ex. Slit Width (nm): Changed: 13-Mar-24 12:06:26 PM, Old:5, New:10
Em. Slit Width (nm): Changed: 13-Mar-24 12:06:26 PM, Old:5, New:10
Cycle Time 1 Changed: 13-Mar-24 12:06:26 PM, Old: 0.0000, New: 1.0000
Stop Time 1 Changed: 13-Mar-24 12:06:26 PM, Old: 1.0000, New:90.0000
Emission PMT (V): Changed: 13-Mar-24 12:06:26 PM, Old: 600, New: 700
Wellplate Samples Changed: 13-Mar-24 12:06:26 PM, Old:, New:A1;A2;A3;A4;A5;A6;B1;B2;B3;B4;B5;B6;C1;C2;C3;C4;C5;C6;D1;D2;D3;D4;D5;D6;E1;E2;E3;E4;E5;E6;F1;F2;F3;F4;F5;F6;G1;G2;G3;G4;G5;G6;H1;H2;H3;H4;H5;H6;
End Method Modifications

Sample C5,
Sample C5
Collection Time: 13-Mar-24 12:23:33 PM
Operator Name  :
Kinetics Software Version: 1.2(146)
Parameter List :
Report Time: Wed 13 Mar 12:23:33 PM 2024
Software version: 1.2(146)
Operator:
Instrument Parameters
Instrument                        Cary Eclipse
Instrument Serial Number          MY18160001
Data mode                         Fluorescence
Ex. wavelength (nm)               493.00
Em. wavelength (nm)               517.00
Ex. Slit (nm)                     10
Em. Slit (nm)                     10
Averaging Time (s)                0.1000
Cycle time(min)                   1.0000
Stop time(min)                    90.0000
Emission filter                   Open
Excitation Filter                 Auto
PMT voltage (V)                   700
Wellplate                         ON
Plate format                     96 Wells
Read position                    Well centre
Multi-zero                       OFF
Auto-zero                        OFF
Well                            A1
Comments:
Method Log     :
Method Name    : C:\USERS\PUBLIC\DOCUMENTS\AGILENT\CARY ECLIPSE WINFLR\DEFAULT.FMKN
Date/Time stamp: 18-Oct-18 12:11:51 PM
Method Modifications:
Current Method Changed: 13-Mar-24 12:05:14 PM, Old:C:\Users\Public\Documents\Agilent\Cary Eclipse WInFLR\Default.FMKN, New:C:\USERS\PUBLIC\DOCUMENTS\AGILENT\CARY ECLIPSE WINFLR\DEFAULT.FMKN
PMT Volts Changed: 13-Mar-24 12:06:26 PM, Old:600, New:700
Well plate reader Changed: 13-Mar-24 12:06:26 PM, Old:OFF, New:ON
Excitation Wavelength Changed: 13-Mar-24 12:06:26 PM, Old: 400.00, New: 493.00
Emission Wavelength Changed: 13-Mar-24 12:06:26 PM, Old: 600.00, New: 517.00
Ex. Slit Width (nm): Changed: 13-Mar-24 12:06:26 PM, Old:5, New:10
Em. Slit Width (nm): Changed: 13-Mar-24 12:06:26 PM, Old:5, New:10
Cycle Time 1 Changed: 13-Mar-24 12:06:26 PM, Old: 0.0000, New: 1.0000
Stop Time 1 Changed: 13-Mar-24 12:06:26 PM, Old: 1.0000, New:90.0000
Emission PMT (V): Changed: 13-Mar-24 12:06:26 PM, Old: 600, New: 700
Wellplate Samples Changed: 13-Mar-24 12:06:26 PM, Old:, New:A1;A2;A3;A4;A5;A6;B1;B2;B3;B4;B5;B6;C1;C2;C3;C4;C5;C6;D1;D2;D3;D4;D5;D6;E1;E2;E3;E4;E5;E6;F1;F2;F3;F4;F5;F6;G1;G2;G3;G4;G5;G6;H1;H2;H3;H4;H5;H6;
End Method Modifications

Sample C6,
Sample C6
Collection Time: 13-Mar-24 12:23:33 PM
Operator Name  :
Kinetics Software Version: 1.2(146)
Parameter List :
Report Time: Wed 13 Mar 12:23:33 PM 2024
Software version: 1.2(146)
Operator:
Instrument Parameters
Instrument                        Cary Eclipse
Instrument Serial Number          MY18160001
Data mode                         Fluorescence
Ex. wavelength (nm)               493.00
Em. wavelength (nm)               517.00
Ex. Slit (nm)                     10
Em. Slit (nm)                     10
Averaging Time (s)                0.1000
Cycle time(min)                   1.0000
Stop time(min)                    90.0000
Emission filter                   Open
Excitation Filter                 Auto
PMT voltage (V)                   700
Wellplate                         ON
Plate format                     96 Wells
Read position                    Well centre
Multi-zero                       OFF
Auto-zero                        OFF
Well                            A1
Comments:
Method Log     :
Method Name    : C:\USERS\PUBLIC\DOCUMENTS\AGILENT\CARY ECLIPSE WINFLR\DEFAULT.FMKN
Date/Time stamp: 18-Oct-18 12:11:51 PM
Method Modifications:
Current Method Changed: 13-Mar-24 12:05:14 PM, Old:C:\Users\Public\Documents\Agilent\Cary Eclipse WInFLR\Default.FMKN, New:C:\USERS\PUBLIC\DOCUMENTS\AGILENT\CARY ECLIPSE WINFLR\DEFAULT.FMKN
PMT Volts Changed: 13-Mar-24 12:06:26 PM, Old:600, New:700
Well plate reader Changed: 13-Mar-24 12:06:26 PM, Old:OFF, New:ON
Excitation Wavelength Changed: 13-Mar-24 12:06:26 PM, Old: 400.00, New: 493.00
Emission Wavelength Changed: 13-Mar-24 12:06:26 PM, Old: 600.00, New: 517.00
Ex. Slit Width (nm): Changed: 13-Mar-24 12:06:26 PM, Old:5, New:10
Em. Slit Width (nm): Changed: 13-Mar-24 12:06:26 PM, Old:5, New:10
Cycle Time 1 Changed: 13-Mar-24 12:06:26 PM, Old: 0.0000, New: 1.0000
Stop Time 1 Changed: 13-Mar-24 12:06:26 PM, Old: 1.0000, New:90.0000
Emission PMT (V): Changed: 13-Mar-24 12:06:26 PM, Old: 600, New: 700
Wellplate Samples Changed: 13-Mar-24 12:06:26 PM, Old:, New:A1;A2;A3;A4;A5;A6;B1;B2;B3;B4;B5;B6;C1;C2;C3;C4;C5;C6;D1;D2;D3;D4;D5;D6;E1;E2;E3;E4;E5;E6;F1;F2;F3;F4;F5;F6;G1;G2;G3;G4;G5;G6;H1;H2;H3;H4;H5;H6;
End Method Modifications

Sample D1,
Sample D1
Collection Time: 13-Mar-24 12:23:33 PM
Operator Name  :
Kinetics Software Version: 1.2(146)
Parameter List :
Report Time: Wed 13 Mar 12:23:33 PM 2024
Software version: 1.2(146)
Operator:
Instrument Parameters
Instrument                        Cary Eclipse
Instrument Serial Number          MY18160001
Data mode                         Fluorescence
Ex. wavelength (nm)               493.00
Em. wavelength (nm)               517.00
Ex. Slit (nm)                     10
Em. Slit (nm)                     10
Averaging Time (s)                0.1000
Cycle time(min)                   1.0000
Stop time(min)                    90.0000
Emission filter                   Open
Excitation Filter                 Auto
PMT voltage (V)                   700
Wellplate                         ON
Plate format                     96 Wells
Read position                    Well centre
Multi-zero                       OFF
Auto-zero                        OFF
Well                            A1
Comments:
Method Log     :
Method Name    : C:\USERS\PUBLIC\DOCUMENTS\AGILENT\CARY ECLIPSE WINFLR\DEFAULT.FMKN
Date/Time stamp: 18-Oct-18 12:11:51 PM
Method Modifications:
Current Method Changed: 13-Mar-24 12:05:14 PM, Old:C:\Users\Public\Documents\Agilent\Cary Eclipse WInFLR\Default.FMKN, New:C:\USERS\PUBLIC\DOCUMENTS\AGILENT\CARY ECLIPSE WINFLR\DEFAULT.FMKN
PMT Volts Changed: 13-Mar-24 12:06:26 PM, Old:600, New:700
Well plate reader Changed: 13-Mar-24 12:06:26 PM, Old:OFF, New:ON
Excitation Wavelength Changed: 13-Mar-24 12:06:26 PM, Old: 400.00, New: 493.00
Emission Wavelength Changed: 13-Mar-24 12:06:26 PM, Old: 600.00, New: 517.00
Ex. Slit Width (nm): Changed: 13-Mar-24 12:06:26 PM, Old:5, New:10
Em. Slit Width (nm): Changed: 13-Mar-24 12:06:26 PM, Old:5, New:10
Cycle Time 1 Changed: 13-Mar-24 12:06:26 PM, Old: 0.0000, New: 1.0000
Stop Time 1 Changed: 13-Mar-24 12:06:26 PM, Old: 1.0000, New:90.0000
Emission PMT (V): Changed: 13-Mar-24 12:06:26 PM, Old: 600, New: 700
Wellplate Samples Changed: 13-Mar-24 12:06:26 PM, Old:, New:A1;A2;A3;A4;A5;A6;B1;B2;B3;B4;B5;B6;C1;C2;C3;C4;C5;C6;D1;D2;D3;D4;D5;D6;E1;E2;E3;E4;E5;E6;F1;F2;F3;F4;F5;F6;G1;G2;G3;G4;G5;G6;H1;H2;H3;H4;H5;H6;
End Method Modifications

Sample D2,
Sample D2
Collection Time: 13-Mar-24 12:23:33 PM
Operator Name  :
Kinetics Software Version: 1.2(146)
Parameter List :
Report Time: Wed 13 Mar 12:23:33 PM 2024
Software version: 1.2(146)
Operator:
Instrument Parameters
Instrument                        Cary Eclipse
Instrument Serial Number          MY18160001
Data mode                         Fluorescence
Ex. wavelength (nm)               493.00
Em. wavelength (nm)               517.00
Ex. Slit (nm)                     10
Em. Slit (nm)                     10
Averaging Time (s)                0.1000
Cycle time(min)                   1.0000
Stop time(min)                    90.0000
Emission filter                   Open
Excitation Filter                 Auto
PMT voltage (V)                   700
Wellplate                         ON
Plate format                     96 Wells
Read position                    Well centre
Multi-zero                       OFF
Auto-zero                        OFF
Well                            A1
Comments:
Method Log     :
Method Name    : C:\USERS\PUBLIC\DOCUMENTS\AGILENT\CARY ECLIPSE WINFLR\DEFAULT.FMKN
Date/Time stamp: 18-Oct-18 12:11:51 PM
Method Modifications:
Current Method Changed: 13-Mar-24 12:05:14 PM, Old:C:\Users\Public\Documents\Agilent\Cary Eclipse WInFLR\Default.FMKN, New:C:\USERS\PUBLIC\DOCUMENTS\AGILENT\CARY ECLIPSE WINFLR\DEFAULT.FMKN
PMT Volts Changed: 13-Mar-24 12:06:26 PM, Old:600, New:700
Well plate reader Changed: 13-Mar-24 12:06:26 PM, Old:OFF, New:ON
Excitation Wavelength Changed: 13-Mar-24 12:06:26 PM, Old: 400.00, New: 493.00
Emission Wavelength Changed: 13-Mar-24 12:06:26 PM, Old: 600.00, New: 517.00
Ex. Slit Width (nm): Changed: 13-Mar-24 12:06:26 PM, Old:5, New:10
Em. Slit Width (nm): Changed: 13-Mar-24 12:06:26 PM, Old:5, New:10
Cycle Time 1 Changed: 13-Mar-24 12:06:26 PM, Old: 0.0000, New: 1.0000
Stop Time 1 Changed: 13-Mar-24 12:06:26 PM, Old: 1.0000, New:90.0000
Emission PMT (V): Changed: 13-Mar-24 12:06:26 PM, Old: 600, New: 700
Wellplate Samples Changed: 13-Mar-24 12:06:26 PM, Old:, New:A1;A2;A3;A4;A5;A6;B1;B2;B3;B4;B5;B6;C1;C2;C3;C4;C5;C6;D1;D2;D3;D4;D5;D6;E1;E2;E3;E4;E5;E6;F1;F2;F3;F4;F5;F6;G1;G2;G3;G4;G5;G6;H1;H2;H3;H4;H5;H6;
End Method Modifications

Sample D3,
Sample D3
Collection Time: 13-Mar-24 12:23:33 PM
Operator Name  :
Kinetics Software Version: 1.2(146)
Parameter List :
Report Time: Wed 13 Mar 12:23:33 PM 2024
Software version: 1.2(146)
Operator:
Instrument Parameters
Instrument                        Cary Eclipse
Instrument Serial Number          MY18160001
Data mode                         Fluorescence
Ex. wavelength (nm)               493.00
Em. wavelength (nm)               517.00
Ex. Slit (nm)                     10
Em. Slit (nm)                     10
Averaging Time (s)                0.1000
Cycle time(min)                   1.0000
Stop time(min)                    90.0000
Emission filter                   Open
Excitation Filter                 Auto
PMT voltage (V)                   700
Wellplate                         ON
Plate format                     96 Wells
Read position                    Well centre
Multi-zero                       OFF
Auto-zero                        OFF
Well                            A1
Comments:
Method Log     :
Method Name    : C:\USERS\PUBLIC\DOCUMENTS\AGILENT\CARY ECLIPSE WINFLR\DEFAULT.FMKN
Date/Time stamp: 18-Oct-18 12:11:51 PM
Method Modifications:
Current Method Changed: 13-Mar-24 12:05:14 PM, Old:C:\Users\Public\Documents\Agilent\Cary Eclipse WInFLR\Default.FMKN, New:C:\USERS\PUBLIC\DOCUMENTS\AGILENT\CARY ECLIPSE WINFLR\DEFAULT.FMKN
PMT Volts Changed: 13-Mar-24 12:06:26 PM, Old:600, New:700
Well plate reader Changed: 13-Mar-24 12:06:26 PM, Old:OFF, New:ON
Excitation Wavelength Changed: 13-Mar-24 12:06:26 PM, Old: 400.00, New: 493.00
Emission Wavelength Changed: 13-Mar-24 12:06:26 PM, Old: 600.00, New: 517.00
Ex. Slit Width (nm): Changed: 13-Mar-24 12:06:26 PM, Old:5, New:10
Em. Slit Width (nm): Changed: 13-Mar-24 12:06:26 PM, Old:5, New:10
Cycle Time 1 Changed: 13-Mar-24 12:06:26 PM, Old: 0.0000, New: 1.0000
Stop Time 1 Changed: 13-Mar-24 12:06:26 PM, Old: 1.0000, New:90.0000
Emission PMT (V): Changed: 13-Mar-24 12:06:26 PM, Old: 600, New: 700
Wellplate Samples Changed: 13-Mar-24 12:06:26 PM, Old:, New:A1;A2;A3;A4;A5;A6;B1;B2;B3;B4;B5;B6;C1;C2;C3;C4;C5;C6;D1;D2;D3;D4;D5;D6;E1;E2;E3;E4;E5;E6;F1;F2;F3;F4;F5;F6;G1;G2;G3;G4;G5;G6;H1;H2;H3;H4;H5;H6;
End Method Modifications

Sample D4,
Sample D4
Collection Time: 13-Mar-24 12:23:33 PM
Operator Name  :
Kinetics Software Version: 1.2(146)
Parameter List :
Report Time: Wed 13 Mar 12:23:33 PM 2024
Software version: 1.2(146)
Operator:
Instrument Parameters
Instrument                        Cary Eclipse
Instrument Serial Number          MY18160001
Data mode                         Fluorescence
Ex. wavelength (nm)               493.00
Em. wavelength (nm)               517.00
Ex. Slit (nm)                     10
Em. Slit (nm)                     10
Averaging Time (s)                0.1000
Cycle time(min)                   1.0000
Stop time(min)                    90.0000
Emission filter                   Open
Excitation Filter                 Auto
PMT voltage (V)                   700
Wellplate                         ON
Plate format                     96 Wells
Read position                    Well centre
Multi-zero                       OFF
Auto-zero                        OFF
Well                            A1
Comments:
Method Log     :
Method Name    : C:\USERS\PUBLIC\DOCUMENTS\AGILENT\CARY ECLIPSE WINFLR\DEFAULT.FMKN
Date/Time stamp: 18-Oct-18 12:11:51 PM
Method Modifications:
Current Method Changed: 13-Mar-24 12:05:14 PM, Old:C:\Users\Public\Documents\Agilent\Cary Eclipse WInFLR\Default.FMKN, New:C:\USERS\PUBLIC\DOCUMENTS\AGILENT\CARY ECLIPSE WINFLR\DEFAULT.FMKN
PMT Volts Changed: 13-Mar-24 12:06:26 PM, Old:600, New:700
Well plate reader Changed: 13-Mar-24 12:06:26 PM, Old:OFF, New:ON
Excitation Wavelength Changed: 13-Mar-24 12:06:26 PM, Old: 400.00, New: 493.00
Emission Wavelength Changed: 13-Mar-24 12:06:26 PM, Old: 600.00, New: 517.00
Ex. Slit Width (nm): Changed: 13-Mar-24 12:06:26 PM, Old:5, New:10
Em. Slit Width (nm): Changed: 13-Mar-24 12:06:26 PM, Old:5, New:10
Cycle Time 1 Changed: 13-Mar-24 12:06:26 PM, Old: 0.0000, New: 1.0000
Stop Time 1 Changed: 13-Mar-24 12:06:26 PM, Old: 1.0000, New:90.0000
Emission PMT (V): Changed: 13-Mar-24 12:06:26 PM, Old: 600, New: 700
Wellplate Samples Changed: 13-Mar-24 12:06:26 PM, Old:, New:A1;A2;A3;A4;A5;A6;B1;B2;B3;B4;B5;B6;C1;C2;C3;C4;C5;C6;D1;D2;D3;D4;D5;D6;E1;E2;E3;E4;E5;E6;F1;F2;F3;F4;F5;F6;G1;G2;G3;G4;G5;G6;H1;H2;H3;H4;H5;H6;
End Method Modifications

Sample D5,
Sample D5
Collection Time: 13-Mar-24 12:23:33 PM
Operator Name  :
Kinetics Software Version: 1.2(146)
Parameter List :
Report Time: Wed 13 Mar 12:23:33 PM 2024
Software version: 1.2(146)
Operator:
Instrument Parameters
Instrument                        Cary Eclipse
Instrument Serial Number          MY18160001
Data mode                         Fluorescence
Ex. wavelength (nm)               493.00
Em. wavelength (nm)               517.00
Ex. Slit (nm)                     10
Em. Slit (nm)                     10
Averaging Time (s)                0.1000
Cycle time(min)                   1.0000
Stop time(min)                    90.0000
Emission filter                   Open
Excitation Filter                 Auto
PMT voltage (V)                   700
Wellplate                         ON
Plate format                     96 Wells
Read position                    Well centre
Multi-zero                       OFF
Auto-zero                        OFF
Well                            A1
Comments:
Method Log     :
Method Name    : C:\USERS\PUBLIC\DOCUMENTS\AGILENT\CARY ECLIPSE WINFLR\DEFAULT.FMKN
Date/Time stamp: 18-Oct-18 12:11:51 PM
Method Modifications:
Current Method Changed: 13-Mar-24 12:05:14 PM, Old:C:\Users\Public\Documents\Agilent\Cary Eclipse WInFLR\Default.FMKN, New:C:\USERS\PUBLIC\DOCUMENTS\AGILENT\CARY ECLIPSE WINFLR\DEFAULT.FMKN
PMT Volts Changed: 13-Mar-24 12:06:26 PM, Old:600, New:700
Well plate reader Changed: 13-Mar-24 12:06:26 PM, Old:OFF, New:ON
Excitation Wavelength Changed: 13-Mar-24 12:06:26 PM, Old: 400.00, New: 493.00
Emission Wavelength Changed: 13-Mar-24 12:06:26 PM, Old: 600.00, New: 517.00
Ex. Slit Width (nm): Changed: 13-Mar-24 12:06:26 PM, Old:5, New:10
Em. Slit Width (nm): Changed: 13-Mar-24 12:06:26 PM, Old:5, New:10
Cycle Time 1 Changed: 13-Mar-24 12:06:26 PM, Old: 0.0000, New: 1.0000
Stop Time 1 Changed: 13-Mar-24 12:06:26 PM, Old: 1.0000, New:90.0000
Emission PMT (V): Changed: 13-Mar-24 12:06:26 PM, Old: 600, New: 700
Wellplate Samples Changed: 13-Mar-24 12:06:26 PM, Old:, New:A1;A2;A3;A4;A5;A6;B1;B2;B3;B4;B5;B6;C1;C2;C3;C4;C5;C6;D1;D2;D3;D4;D5;D6;E1;E2;E3;E4;E5;E6;F1;F2;F3;F4;F5;F6;G1;G2;G3;G4;G5;G6;H1;H2;H3;H4;H5;H6;
End Method Modifications

Sample D6,
Sample D6
Collection Time: 13-Mar-24 12:23:33 PM
Operator Name  :
Kinetics Software Version: 1.2(146)
Parameter List :
Report Time: Wed 13 Mar 12:23:33 PM 2024
Software version: 1.2(146)
Operator:
Instrument Parameters
Instrument                        Cary Eclipse
Instrument Serial Number          MY18160001
Data mode                         Fluorescence
Ex. wavelength (nm)               493.00
Em. wavelength (nm)               517.00
Ex. Slit (nm)                     10
Em. Slit (nm)                     10
Averaging Time (s)                0.1000
Cycle time(min)                   1.0000
Stop time(min)                    90.0000
Emission filter                   Open
Excitation Filter                 Auto
PMT voltage (V)                   700
Wellplate                         ON
Plate format                     96 Wells
Read position                    Well centre
Multi-zero                       OFF
Auto-zero                        OFF
Well                            A1
Comments:
Method Log     :
Method Name    : C:\USERS\PUBLIC\DOCUMENTS\AGILENT\CARY ECLIPSE WINFLR\DEFAULT.FMKN
Date/Time stamp: 18-Oct-18 12:11:51 PM
Method Modifications:
Current Method Changed: 13-Mar-24 12:05:14 PM, Old:C:\Users\Public\Documents\Agilent\Cary Eclipse WInFLR\Default.FMKN, New:C:\USERS\PUBLIC\DOCUMENTS\AGILENT\CARY ECLIPSE WINFLR\DEFAULT.FMKN
PMT Volts Changed: 13-Mar-24 12:06:26 PM, Old:600, New:700
Well plate reader Changed: 13-Mar-24 12:06:26 PM, Old:OFF, New:ON
Excitation Wavelength Changed: 13-Mar-24 12:06:26 PM, Old: 400.00, New: 493.00
Emission Wavelength Changed: 13-Mar-24 12:06:26 PM, Old: 600.00, New: 517.00
Ex. Slit Width (nm): Changed: 13-Mar-24 12:06:26 PM, Old:5, New:10
Em. Slit Width (nm): Changed: 13-Mar-24 12:06:26 PM, Old:5, New:10
Cycle Time 1 Changed: 13-Mar-24 12:06:26 PM, Old: 0.0000, New: 1.0000
Stop Time 1 Changed: 13-Mar-24 12:06:26 PM, Old: 1.0000, New:90.0000
Emission PMT (V): Changed: 13-Mar-24 12:06:26 PM, Old: 600, New: 700
Wellplate Samples Changed: 13-Mar-24 12:06:26 PM, Old:, New:A1;A2;A3;A4;A5;A6;B1;B2;B3;B4;B5;B6;C1;C2;C3;C4;C5;C6;D1;D2;D3;D4;D5;D6;E1;E2;E3;E4;E5;E6;F1;F2;F3;F4;F5;F6;G1;G2;G3;G4;G5;G6;H1;H2;H3;H4;H5;H6;
End Method Modifications

Sample E1,
Sample E1
Collection Time: 13-Mar-24 12:23:33 PM
Operator Name  :
Kinetics Software Version: 1.2(146)
Parameter List :
Report Time: Wed 13 Mar 12:23:33 PM 2024
Software version: 1.2(146)
Operator:
Instrument Parameters
Instrument                        Cary Eclipse
Instrument Serial Number          MY18160001
Data mode                         Fluorescence
Ex. wavelength (nm)               493.00
Em. wavelength (nm)               517.00
Ex. Slit (nm)                     10
Em. Slit (nm)                     10
Averaging Time (s)                0.1000
Cycle time(min)                   1.0000
Stop time(min)                    90.0000
Emission filter                   Open
Excitation Filter                 Auto
PMT voltage (V)                   700
Wellplate                         ON
Plate format                     96 Wells
Read position                    Well centre
Multi-zero                       OFF
Auto-zero                        OFF
Well                            A1
Comments:
Method Log     :
Method Name    : C:\USERS\PUBLIC\DOCUMENTS\AGILENT\CARY ECLIPSE WINFLR\DEFAULT.FMKN
Date/Time stamp: 18-Oct-18 12:11:51 PM
Method Modifications:
Current Method Changed: 13-Mar-24 12:05:14 PM, Old:C:\Users\Public\Documents\Agilent\Cary Eclipse WInFLR\Default.FMKN, New:C:\USERS\PUBLIC\DOCUMENTS\AGILENT\CARY ECLIPSE WINFLR\DEFAULT.FMKN
PMT Volts Changed: 13-Mar-24 12:06:26 PM, Old:600, New:700
Well plate reader Changed: 13-Mar-24 12:06:26 PM, Old:OFF, New:ON
Excitation Wavelength Changed: 13-Mar-24 12:06:26 PM, Old: 400.00, New: 493.00
Emission Wavelength Changed: 13-Mar-24 12:06:26 PM, Old: 600.00, New: 517.00
Ex. Slit Width (nm): Changed: 13-Mar-24 12:06:26 PM, Old:5, New:10
Em. Slit Width (nm): Changed: 13-Mar-24 12:06:26 PM, Old:5, New:10
Cycle Time 1 Changed: 13-Mar-24 12:06:26 PM, Old: 0.0000, New: 1.0000
Stop Time 1 Changed: 13-Mar-24 12:06:26 PM, Old: 1.0000, New:90.0000
Emission PMT (V): Changed: 13-Mar-24 12:06:26 PM, Old: 600, New: 700
Wellplate Samples Changed: 13-Mar-24 12:06:26 PM, Old:, New:A1;A2;A3;A4;A5;A6;B1;B2;B3;B4;B5;B6;C1;C2;C3;C4;C5;C6;D1;D2;D3;D4;D5;D6;E1;E2;E3;E4;E5;E6;F1;F2;F3;F4;F5;F6;G1;G2;G3;G4;G5;G6;H1;H2;H3;H4;H5;H6;
End Method Modifications

Sample E2,
Sample E2
Collection Time: 13-Mar-24 12:23:33 PM
Operator Name  :
Kinetics Software Version: 1.2(146)
Parameter List :
Report Time: Wed 13 Mar 12:23:33 PM 2024
Software version: 1.2(146)
Operator:
Instrument Parameters
Instrument                        Cary Eclipse
Instrument Serial Number          MY18160001
Data mode                         Fluorescence
Ex. wavelength (nm)               493.00
Em. wavelength (nm)               517.00
Ex. Slit (nm)                     10
Em. Slit (nm)                     10
Averaging Time (s)                0.1000
Cycle time(min)                   1.0000
Stop time(min)                    90.0000
Emission filter                   Open
Excitation Filter                 Auto
PMT voltage (V)                   700
Wellplate                         ON
Plate format                     96 Wells
Read position                    Well centre
Multi-zero                       OFF
Auto-zero                        OFF
Well                            A1
Comments:
Method Log     :
Method Name    : C:\USERS\PUBLIC\DOCUMENTS\AGILENT\CARY ECLIPSE WINFLR\DEFAULT.FMKN
Date/Time stamp: 18-Oct-18 12:11:51 PM
Method Modifications:
Current Method Changed: 13-Mar-24 12:05:14 PM, Old:C:\Users\Public\Documents\Agilent\Cary Eclipse WInFLR\Default.FMKN, New:C:\USERS\PUBLIC\DOCUMENTS\AGILENT\CARY ECLIPSE WINFLR\DEFAULT.FMKN
PMT Volts Changed: 13-Mar-24 12:06:26 PM, Old:600, New:700
Well plate reader Changed: 13-Mar-24 12:06:26 PM, Old:OFF, New:ON
Excitation Wavelength Changed: 13-Mar-24 12:06:26 PM, Old: 400.00, New: 493.00
Emission Wavelength Changed: 13-Mar-24 12:06:26 PM, Old: 600.00, New: 517.00
Ex. Slit Width (nm): Changed: 13-Mar-24 12:06:26 PM, Old:5, New:10
Em. Slit Width (nm): Changed: 13-Mar-24 12:06:26 PM, Old:5, New:10
Cycle Time 1 Changed: 13-Mar-24 12:06:26 PM, Old: 0.0000, New: 1.0000
Stop Time 1 Changed: 13-Mar-24 12:06:26 PM, Old: 1.0000, New:90.0000
Emission PMT (V): Changed: 13-Mar-24 12:06:26 PM, Old: 600, New: 700
Wellplate Samples Changed: 13-Mar-24 12:06:26 PM, Old:, New:A1;A2;A3;A4;A5;A6;B1;B2;B3;B4;B5;B6;C1;C2;C3;C4;C5;C6;D1;D2;D3;D4;D5;D6;E1;E2;E3;E4;E5;E6;F1;F2;F3;F4;F5;F6;G1;G2;G3;G4;G5;G6;H1;H2;H3;H4;H5;H6;
End Method Modifications

Sample E3,
Sample E3
Collection Time: 13-Mar-24 12:23:33 PM
Operator Name  :
Kinetics Software Version: 1.2(146)
Parameter List :
Report Time: Wed 13 Mar 12:23:33 PM 2024
Software version: 1.2(146)
Operator:
Instrument Parameters
Instrument                        Cary Eclipse
Instrument Serial Number          MY18160001
Data mode                         Fluorescence
Ex. wavelength (nm)               493.00
Em. wavelength (nm)               517.00
Ex. Slit (nm)                     10
Em. Slit (nm)                     10
Averaging Time (s)                0.1000
Cycle time(min)                   1.0000
Stop time(min)                    90.0000
Emission filter                   Open
Excitation Filter                 Auto
PMT voltage (V)                   700
Wellplate                         ON
Plate format                     96 Wells
Read position                    Well centre
Multi-zero                       OFF
Auto-zero                        OFF
Well                            A1
Comments:
Method Log     :
Method Name    : C:\USERS\PUBLIC\DOCUMENTS\AGILENT\CARY ECLIPSE WINFLR\DEFAULT.FMKN
Date/Time stamp: 18-Oct-18 12:11:51 PM
Method Modifications:
Current Method Changed: 13-Mar-24 12:05:14 PM, Old:C:\Users\Public\Documents\Agilent\Cary Eclipse WInFLR\Default.FMKN, New:C:\USERS\PUBLIC\DOCUMENTS\AGILENT\CARY ECLIPSE WINFLR\DEFAULT.FMKN
PMT Volts Changed: 13-Mar-24 12:06:26 PM, Old:600, New:700
Well plate reader Changed: 13-Mar-24 12:06:26 PM, Old:OFF, New:ON
Excitation Wavelength Changed: 13-Mar-24 12:06:26 PM, Old: 400.00, New: 493.00
Emission Wavelength Changed: 13-Mar-24 12:06:26 PM, Old: 600.00, New: 517.00
Ex. Slit Width (nm): Changed: 13-Mar-24 12:06:26 PM, Old:5, New:10
Em. Slit Width (nm): Changed: 13-Mar-24 12:06:26 PM, Old:5, New:10
Cycle Time 1 Changed: 13-Mar-24 12:06:26 PM, Old: 0.0000, New: 1.0000
Stop Time 1 Changed: 13-Mar-24 12:06:26 PM, Old: 1.0000, New:90.0000
Emission PMT (V): Changed: 13-Mar-24 12:06:26 PM, Old: 600, New: 700
Wellplate Samples Changed: 13-Mar-24 12:06:26 PM, Old:, New:A1;A2;A3;A4;A5;A6;B1;B2;B3;B4;B5;B6;C1;C2;C3;C4;C5;C6;D1;D2;D3;D4;D5;D6;E1;E2;E3;E4;E5;E6;F1;F2;F3;F4;F5;F6;G1;G2;G3;G4;G5;G6;H1;H2;H3;H4;H5;H6;
End Method Modifications

Sample E4,
Sample E4
Collection Time: 13-Mar-24 12:23:33 PM
Operator Name  :
Kinetics Software Version: 1.2(146)
Parameter List :
Report Time: Wed 13 Mar 12:23:33 PM 2024
Software version: 1.2(146)
Operator:
Instrument Parameters
Instrument                        Cary Eclipse
Instrument Serial Number          MY18160001
Data mode                         Fluorescence
Ex. wavelength (nm)               493.00
Em. wavelength (nm)               517.00
Ex. Slit (nm)                     10
Em. Slit (nm)                     10
Averaging Time (s)                0.1000
Cycle time(min)                   1.0000
Stop time(min)                    90.0000
Emission filter                   Open
Excitation Filter                 Auto
PMT voltage (V)                   700
Wellplate                         ON
Plate format                     96 Wells
Read position                    Well centre
Multi-zero                       OFF
Auto-zero                        OFF
Well                            A1
Comments:
Method Log     :
Method Name    : C:\USERS\PUBLIC\DOCUMENTS\AGILENT\CARY ECLIPSE WINFLR\DEFAULT.FMKN
Date/Time stamp: 18-Oct-18 12:11:51 PM
Method Modifications:
Current Method Changed: 13-Mar-24 12:05:14 PM, Old:C:\Users\Public\Documents\Agilent\Cary Eclipse WInFLR\Default.FMKN, New:C:\USERS\PUBLIC\DOCUMENTS\AGILENT\CARY ECLIPSE WINFLR\DEFAULT.FMKN
PMT Volts Changed: 13-Mar-24 12:06:26 PM, Old:600, New:700
Well plate reader Changed: 13-Mar-24 12:06:26 PM, Old:OFF, New:ON
Excitation Wavelength Changed: 13-Mar-24 12:06:26 PM, Old: 400.00, New: 493.00
Emission Wavelength Changed: 13-Mar-24 12:06:26 PM, Old: 600.00, New: 517.00
Ex. Slit Width (nm): Changed: 13-Mar-24 12:06:26 PM, Old:5, New:10
Em. Slit Width (nm): Changed: 13-Mar-24 12:06:26 PM, Old:5, New:10
Cycle Time 1 Changed: 13-Mar-24 12:06:26 PM, Old: 0.0000, New: 1.0000
Stop Time 1 Changed: 13-Mar-24 12:06:26 PM, Old: 1.0000, New:90.0000
Emission PMT (V): Changed: 13-Mar-24 12:06:26 PM, Old: 600, New: 700
Wellplate Samples Changed: 13-Mar-24 12:06:26 PM, Old:, New:A1;A2;A3;A4;A5;A6;B1;B2;B3;B4;B5;B6;C1;C2;C3;C4;C5;C6;D1;D2;D3;D4;D5;D6;E1;E2;E3;E4;E5;E6;F1;F2;F3;F4;F5;F6;G1;G2;G3;G4;G5;G6;H1;H2;H3;H4;H5;H6;
End Method Modifications

Sample E5,
Sample E5
Collection Time: 13-Mar-24 12:23:33 PM
Operator Name  :
Kinetics Software Version: 1.2(146)
Parameter List :
Report Time: Wed 13 Mar 12:23:33 PM 2024
Software version: 1.2(146)
Operator:
Instrument Parameters
Instrument                        Cary Eclipse
Instrument Serial Number          MY18160001
Data mode                         Fluorescence
Ex. wavelength (nm)               493.00
Em. wavelength (nm)               517.00
Ex. Slit (nm)                     10
Em. Slit (nm)                     10
Averaging Time (s)                0.1000
Cycle time(min)                   1.0000
Stop time(min)                    90.0000
Emission filter                   Open
Excitation Filter                 Auto
PMT voltage (V)                   700
Wellplate                         ON
Plate format                     96 Wells
Read position                    Well centre
Multi-zero                       OFF
Auto-zero                        OFF
Well                            A1
Comments:
Method Log     :
Method Name    : C:\USERS\PUBLIC\DOCUMENTS\AGILENT\CARY ECLIPSE WINFLR\DEFAULT.FMKN
Date/Time stamp: 18-Oct-18 12:11:51 PM
Method Modifications:
Current Method Changed: 13-Mar-24 12:05:14 PM, Old:C:\Users\Public\Documents\Agilent\Cary Eclipse WInFLR\Default.FMKN, New:C:\USERS\PUBLIC\DOCUMENTS\AGILENT\CARY ECLIPSE WINFLR\DEFAULT.FMKN
PMT Volts Changed: 13-Mar-24 12:06:26 PM, Old:600, New:700
Well plate reader Changed: 13-Mar-24 12:06:26 PM, Old:OFF, New:ON
Excitation Wavelength Changed: 13-Mar-24 12:06:26 PM, Old: 400.00, New: 493.00
Emission Wavelength Changed: 13-Mar-24 12:06:26 PM, Old: 600.00, New: 517.00
Ex. Slit Width (nm): Changed: 13-Mar-24 12:06:26 PM, Old:5, New:10
Em. Slit Width (nm): Changed: 13-Mar-24 12:06:26 PM, Old:5, New:10
Cycle Time 1 Changed: 13-Mar-24 12:06:26 PM, Old: 0.0000, New: 1.0000
Stop Time 1 Changed: 13-Mar-24 12:06:26 PM, Old: 1.0000, New:90.0000
Emission PMT (V): Changed: 13-Mar-24 12:06:26 PM, Old: 600, New: 700
Wellplate Samples Changed: 13-Mar-24 12:06:26 PM, Old:, New:A1;A2;A3;A4;A5;A6;B1;B2;B3;B4;B5;B6;C1;C2;C3;C4;C5;C6;D1;D2;D3;D4;D5;D6;E1;E2;E3;E4;E5;E6;F1;F2;F3;F4;F5;F6;G1;G2;G3;G4;G5;G6;H1;H2;H3;H4;H5;H6;
End Method Modifications

Sample E6,
Sample E6
Collection Time: 13-Mar-24 12:23:33 PM
Operator Name  :
Kinetics Software Version: 1.2(146)
Parameter List :
Report Time: Wed 13 Mar 12:23:33 PM 2024
Software version: 1.2(146)
Operator:
Instrument Parameters
Instrument                        Cary Eclipse
Instrument Serial Number          MY18160001
Data mode                         Fluorescence
Ex. wavelength (nm)               493.00
Em. wavelength (nm)               517.00
Ex. Slit (nm)                     10
Em. Slit (nm)                     10
Averaging Time (s)                0.1000
Cycle time(min)                   1.0000
Stop time(min)                    90.0000
Emission filter                   Open
Excitation Filter                 Auto
PMT voltage (V)                   700
Wellplate                         ON
Plate format                     96 Wells
Read position                    Well centre
Multi-zero                       OFF
Auto-zero                        OFF
Well                            A1
Comments:
Method Log     :
Method Name    : C:\USERS\PUBLIC\DOCUMENTS\AGILENT\CARY ECLIPSE WINFLR\DEFAULT.FMKN
Date/Time stamp: 18-Oct-18 12:11:51 PM
Method Modifications:
Current Method Changed: 13-Mar-24 12:05:14 PM, Old:C:\Users\Public\Documents\Agilent\Cary Eclipse WInFLR\Default.FMKN, New:C:\USERS\PUBLIC\DOCUMENTS\AGILENT\CARY ECLIPSE WINFLR\DEFAULT.FMKN
PMT Volts Changed: 13-Mar-24 12:06:26 PM, Old:600, New:700
Well plate reader Changed: 13-Mar-24 12:06:26 PM, Old:OFF, New:ON
Excitation Wavelength Changed: 13-Mar-24 12:06:26 PM, Old: 400.00, New: 493.00
Emission Wavelength Changed: 13-Mar-24 12:06:26 PM, Old: 600.00, New: 517.00
Ex. Slit Width (nm): Changed: 13-Mar-24 12:06:26 PM, Old:5, New:10
Em. Slit Width (nm): Changed: 13-Mar-24 12:06:26 PM, Old:5, New:10
Cycle Time 1 Changed: 13-Mar-24 12:06:26 PM, Old: 0.0000, New: 1.0000
Stop Time 1 Changed: 13-Mar-24 12:06:26 PM, Old: 1.0000, New:90.0000
Emission PMT (V): Changed: 13-Mar-24 12:06:26 PM, Old: 600, New: 700
Wellplate Samples Changed: 13-Mar-24 12:06:26 PM, Old:, New:A1;A2;A3;A4;A5;A6;B1;B2;B3;B4;B5;B6;C1;C2;C3;C4;C5;C6;D1;D2;D3;D4;D5;D6;E1;E2;E3;E4;E5;E6;F1;F2;F3;F4;F5;F6;G1;G2;G3;G4;G5;G6;H1;H2;H3;H4;H5;H6;
End Method Modifications

Sample F1,
Sample F1
Collection Time: 13-Mar-24 12:23:33 PM
Operator Name  :
Kinetics Software Version: 1.2(146)
Parameter List :
Report Time: Wed 13 Mar 12:23:33 PM 2024
Software version: 1.2(146)
Operator:
Instrument Parameters
Instrument                        Cary Eclipse
Instrument Serial Number          MY18160001
Data mode                         Fluorescence
Ex. wavelength (nm)               493.00
Em. wavelength (nm)               517.00
Ex. Slit (nm)                     10
Em. Slit (nm)                     10
Averaging Time (s)                0.1000
Cycle time(min)                   1.0000
Stop time(min)                    90.0000
Emission filter                   Open
Excitation Filter                 Auto
PMT voltage (V)                   700
Wellplate                         ON
Plate format                     96 Wells
Read position                    Well centre
Multi-zero                       OFF
Auto-zero                        OFF
Well                            A1
Comments:
Method Log     :
Method Name    : C:\USERS\PUBLIC\DOCUMENTS\AGILENT\CARY ECLIPSE WINFLR\DEFAULT.FMKN
Date/Time stamp: 18-Oct-18 12:11:51 PM
Method Modifications:
Current Method Changed: 13-Mar-24 12:05:14 PM, Old:C:\Users\Public\Documents\Agilent\Cary Eclipse WInFLR\Default.FMKN, New:C:\USERS\PUBLIC\DOCUMENTS\AGILENT\CARY ECLIPSE WINFLR\DEFAULT.FMKN
PMT Volts Changed: 13-Mar-24 12:06:26 PM, Old:600, New:700
Well plate reader Changed: 13-Mar-24 12:06:26 PM, Old:OFF, New:ON
Excitation Wavelength Changed: 13-Mar-24 12:06:26 PM, Old: 400.00, New: 493.00
Emission Wavelength Changed: 13-Mar-24 12:06:26 PM, Old: 600.00, New: 517.00
Ex. Slit Width (nm): Changed: 13-Mar-24 12:06:26 PM, Old:5, New:10
Em. Slit Width (nm): Changed: 13-Mar-24 12:06:26 PM, Old:5, New:10
Cycle Time 1 Changed: 13-Mar-24 12:06:26 PM, Old: 0.0000, New: 1.0000
Stop Time 1 Changed: 13-Mar-24 12:06:26 PM, Old: 1.0000, New:90.0000
Emission PMT (V): Changed: 13-Mar-24 12:06:26 PM, Old: 600, New: 700
Wellplate Samples Changed: 13-Mar-24 12:06:26 PM, Old:, New:A1;A2;A3;A4;A5;A6;B1;B2;B3;B4;B5;B6;C1;C2;C3;C4;C5;C6;D1;D2;D3;D4;D5;D6;E1;E2;E3;E4;E5;E6;F1;F2;F3;F4;F5;F6;G1;G2;G3;G4;G5;G6;H1;H2;H3;H4;H5;H6;
End Method Modifications

Sample F2,
Sample F2
Collection Time: 13-Mar-24 12:23:33 PM
Operator Name  :
Kinetics Software Version: 1.2(146)
Parameter List :
Report Time: Wed 13 Mar 12:23:33 PM 2024
Software version: 1.2(146)
Operator:
Instrument Parameters
Instrument                        Cary Eclipse
Instrument Serial Number          MY18160001
Data mode                         Fluorescence
Ex. wavelength (nm)               493.00
Em. wavelength (nm)               517.00
Ex. Slit (nm)                     10
Em. Slit (nm)                     10
Averaging Time (s)                0.1000
Cycle time(min)                   1.0000
Stop time(min)                    90.0000
Emission filter                   Open
Excitation Filter                 Auto
PMT voltage (V)                   700
Wellplate                         ON
Plate format                     96 Wells
Read position                    Well centre
Multi-zero                       OFF
Auto-zero                        OFF
Well                            A1
Comments:
Method Log     :
Method Name    : C:\USERS\PUBLIC\DOCUMENTS\AGILENT\CARY ECLIPSE WINFLR\DEFAULT.FMKN
Date/Time stamp: 18-Oct-18 12:11:51 PM
Method Modifications:
Current Method Changed: 13-Mar-24 12:05:14 PM, Old:C:\Users\Public\Documents\Agilent\Cary Eclipse WInFLR\Default.FMKN, New:C:\USERS\PUBLIC\DOCUMENTS\AGILENT\CARY ECLIPSE WINFLR\DEFAULT.FMKN
PMT Volts Changed: 13-Mar-24 12:06:26 PM, Old:600, New:700
Well plate reader Changed: 13-Mar-24 12:06:26 PM, Old:OFF, New:ON
Excitation Wavelength Changed: 13-Mar-24 12:06:26 PM, Old: 400.00, New: 493.00
Emission Wavelength Changed: 13-Mar-24 12:06:26 PM, Old: 600.00, New: 517.00
Ex. Slit Width (nm): Changed: 13-Mar-24 12:06:26 PM, Old:5, New:10
Em. Slit Width (nm): Changed: 13-Mar-24 12:06:26 PM, Old:5, New:10
Cycle Time 1 Changed: 13-Mar-24 12:06:26 PM, Old: 0.0000, New: 1.0000
Stop Time 1 Changed: 13-Mar-24 12:06:26 PM, Old: 1.0000, New:90.0000
Emission PMT (V): Changed: 13-Mar-24 12:06:26 PM, Old: 600, New: 700
Wellplate Samples Changed: 13-Mar-24 12:06:26 PM, Old:, New:A1;A2;A3;A4;A5;A6;B1;B2;B3;B4;B5;B6;C1;C2;C3;C4;C5;C6;D1;D2;D3;D4;D5;D6;E1;E2;E3;E4;E5;E6;F1;F2;F3;F4;F5;F6;G1;G2;G3;G4;G5;G6;H1;H2;H3;H4;H5;H6;
End Method Modifications

Sample F3,
Sample F3
Collection Time: 13-Mar-24 12:23:33 PM
Operator Name  :
Kinetics Software Version: 1.2(146)
Parameter List :
Report Time: Wed 13 Mar 12:23:33 PM 2024
Software version: 1.2(146)
Operator:
Instrument Parameters
Instrument                        Cary Eclipse
Instrument Serial Number          MY18160001
Data mode                         Fluorescence
Ex. wavelength (nm)               493.00
Em. wavelength (nm)               517.00
Ex. Slit (nm)                     10
Em. Slit (nm)                     10
Averaging Time (s)                0.1000
Cycle time(min)                   1.0000
Stop time(min)                    90.0000
Emission filter                   Open
Excitation Filter                 Auto
PMT voltage (V)                   700
Wellplate                         ON
Plate format                     96 Wells
Read position                    Well centre
Multi-zero                       OFF
Auto-zero                        OFF
Well                            A1
Comments:
Method Log     :
Method Name    : C:\USERS\PUBLIC\DOCUMENTS\AGILENT\CARY ECLIPSE WINFLR\DEFAULT.FMKN
Date/Time stamp: 18-Oct-18 12:11:51 PM
Method Modifications:
Current Method Changed: 13-Mar-24 12:05:14 PM, Old:C:\Users\Public\Documents\Agilent\Cary Eclipse WInFLR\Default.FMKN, New:C:\USERS\PUBLIC\DOCUMENTS\AGILENT\CARY ECLIPSE WINFLR\DEFAULT.FMKN
PMT Volts Changed: 13-Mar-24 12:06:26 PM, Old:600, New:700
Well plate reader Changed: 13-Mar-24 12:06:26 PM, Old:OFF, New:ON
Excitation Wavelength Changed: 13-Mar-24 12:06:26 PM, Old: 400.00, New: 493.00
Emission Wavelength Changed: 13-Mar-24 12:06:26 PM, Old: 600.00, New: 517.00
Ex. Slit Width (nm): Changed: 13-Mar-24 12:06:26 PM, Old:5, New:10
Em. Slit Width (nm): Changed: 13-Mar-24 12:06:26 PM, Old:5, New:10
Cycle Time 1 Changed: 13-Mar-24 12:06:26 PM, Old: 0.0000, New: 1.0000
Stop Time 1 Changed: 13-Mar-24 12:06:26 PM, Old: 1.0000, New:90.0000
Emission PMT (V): Changed: 13-Mar-24 12:06:26 PM, Old: 600, New: 700
Wellplate Samples Changed: 13-Mar-24 12:06:26 PM, Old:, New:A1;A2;A3;A4;A5;A6;B1;B2;B3;B4;B5;B6;C1;C2;C3;C4;C5;C6;D1;D2;D3;D4;D5;D6;E1;E2;E3;E4;E5;E6;F1;F2;F3;F4;F5;F6;G1;G2;G3;G4;G5;G6;H1;H2;H3;H4;H5;H6;
End Method Modifications

Sample F4,
Sample F4
Collection Time: 13-Mar-24 12:23:33 PM
Operator Name  :
Kinetics Software Version: 1.2(146)
Parameter List :
Report Time: Wed 13 Mar 12:23:33 PM 2024
Software version: 1.2(146)
Operator:
Instrument Parameters
Instrument                        Cary Eclipse
Instrument Serial Number          MY18160001
Data mode                         Fluorescence
Ex. wavelength (nm)               493.00
Em. wavelength (nm)               517.00
Ex. Slit (nm)                     10
Em. Slit (nm)                     10
Averaging Time (s)                0.1000
Cycle time(min)                   1.0000
Stop time(min)                    90.0000
Emission filter                   Open
Excitation Filter                 Auto
PMT voltage (V)                   700
Wellplate                         ON
Plate format                     96 Wells
Read position                    Well centre
Multi-zero                       OFF
Auto-zero                        OFF
Well                            A1
Comments:
Method Log     :
Method Name    : C:\USERS\PUBLIC\DOCUMENTS\AGILENT\CARY ECLIPSE WINFLR\DEFAULT.FMKN
Date/Time stamp: 18-Oct-18 12:11:51 PM
Method Modifications:
Current Method Changed: 13-Mar-24 12:05:14 PM, Old:C:\Users\Public\Documents\Agilent\Cary Eclipse WInFLR\Default.FMKN, New:C:\USERS\PUBLIC\DOCUMENTS\AGILENT\CARY ECLIPSE WINFLR\DEFAULT.FMKN
PMT Volts Changed: 13-Mar-24 12:06:26 PM, Old:600, New:700
Well plate reader Changed: 13-Mar-24 12:06:26 PM, Old:OFF, New:ON
Excitation Wavelength Changed: 13-Mar-24 12:06:26 PM, Old: 400.00, New: 493.00
Emission Wavelength Changed: 13-Mar-24 12:06:26 PM, Old: 600.00, New: 517.00
Ex. Slit Width (nm): Changed: 13-Mar-24 12:06:26 PM, Old:5, New:10
Em. Slit Width (nm): Changed: 13-Mar-24 12:06:26 PM, Old:5, New:10
Cycle Time 1 Changed: 13-Mar-24 12:06:26 PM, Old: 0.0000, New: 1.0000
Stop Time 1 Changed: 13-Mar-24 12:06:26 PM, Old: 1.0000, New:90.0000
Emission PMT (V): Changed: 13-Mar-24 12:06:26 PM, Old: 600, New: 700
Wellplate Samples Changed: 13-Mar-24 12:06:26 PM, Old:, New:A1;A2;A3;A4;A5;A6;B1;B2;B3;B4;B5;B6;C1;C2;C3;C4;C5;C6;D1;D2;D3;D4;D5;D6;E1;E2;E3;E4;E5;E6;F1;F2;F3;F4;F5;F6;G1;G2;G3;G4;G5;G6;H1;H2;H3;H4;H5;H6;
End Method Modifications

Sample F5,
Sample F5
Collection Time: 13-Mar-24 12:23:33 PM
Operator Name  :
Kinetics Software Version: 1.2(146)
Parameter List :
Report Time: Wed 13 Mar 12:23:33 PM 2024
Software version: 1.2(146)
Operator:
Instrument Parameters
Instrument                        Cary Eclipse
Instrument Serial Number          MY18160001
Data mode                         Fluorescence
Ex. wavelength (nm)               493.00
Em. wavelength (nm)               517.00
Ex. Slit (nm)                     10
Em. Slit (nm)                     10
Averaging Time (s)                0.1000
Cycle time(min)                   1.0000
Stop time(min)                    90.0000
Emission filter                   Open
Excitation Filter                 Auto
PMT voltage (V)                   700
Wellplate                         ON
Plate format                     96 Wells
Read position                    Well centre
Multi-zero                       OFF
Auto-zero                        OFF
Well                            A1
Comments:
Method Log     :
Method Name    : C:\USERS\PUBLIC\DOCUMENTS\AGILENT\CARY ECLIPSE WINFLR\DEFAULT.FMKN
Date/Time stamp: 18-Oct-18 12:11:51 PM
Method Modifications:
Current Method Changed: 13-Mar-24 12:05:14 PM, Old:C:\Users\Public\Documents\Agilent\Cary Eclipse WInFLR\Default.FMKN, New:C:\USERS\PUBLIC\DOCUMENTS\AGILENT\CARY ECLIPSE WINFLR\DEFAULT.FMKN
PMT Volts Changed: 13-Mar-24 12:06:26 PM, Old:600, New:700
Well plate reader Changed: 13-Mar-24 12:06:26 PM, Old:OFF, New:ON
Excitation Wavelength Changed: 13-Mar-24 12:06:26 PM, Old: 400.00, New: 493.00
Emission Wavelength Changed: 13-Mar-24 12:06:26 PM, Old: 600.00, New: 517.00
Ex. Slit Width (nm): Changed: 13-Mar-24 12:06:26 PM, Old:5, New:10
Em. Slit Width (nm): Changed: 13-Mar-24 12:06:26 PM, Old:5, New:10
Cycle Time 1 Changed: 13-Mar-24 12:06:26 PM, Old: 0.0000, New: 1.0000
Stop Time 1 Changed: 13-Mar-24 12:06:26 PM, Old: 1.0000, New:90.0000
Emission PMT (V): Changed: 13-Mar-24 12:06:26 PM, Old: 600, New: 700
Wellplate Samples Changed: 13-Mar-24 12:06:26 PM, Old:, New:A1;A2;A3;A4;A5;A6;B1;B2;B3;B4;B5;B6;C1;C2;C3;C4;C5;C6;D1;D2;D3;D4;D5;D6;E1;E2;E3;E4;E5;E6;F1;F2;F3;F4;F5;F6;G1;G2;G3;G4;G5;G6;H1;H2;H3;H4;H5;H6;
End Method Modifications

Sample F6,
Sample F6
Collection Time: 13-Mar-24 12:23:33 PM
Operator Name  :
Kinetics Software Version: 1.2(146)
Parameter List :
Report Time: Wed 13 Mar 12:23:33 PM 2024
Software version: 1.2(146)
Operator:
Instrument Parameters
Instrument                        Cary Eclipse
Instrument Serial Number          MY18160001
Data mode                         Fluorescence
Ex. wavelength (nm)               493.00
Em. wavelength (nm)               517.00
Ex. Slit (nm)                     10
Em. Slit (nm)                     10
Averaging Time (s)                0.1000
Cycle time(min)                   1.0000
Stop time(min)                    90.0000
Emission filter                   Open
Excitation Filter                 Auto
PMT voltage (V)                   700
Wellplate                         ON
Plate format                     96 Wells
Read position                    Well centre
Multi-zero                       OFF
Auto-zero                        OFF
Well                            A1
Comments:
Method Log     :
Method Name    : C:\USERS\PUBLIC\DOCUMENTS\AGILENT\CARY ECLIPSE WINFLR\DEFAULT.FMKN
Date/Time stamp: 18-Oct-18 12:11:51 PM
Method Modifications:
Current Method Changed: 13-Mar-24 12:05:14 PM, Old:C:\Users\Public\Documents\Agilent\Cary Eclipse WInFLR\Default.FMKN, New:C:\USERS\PUBLIC\DOCUMENTS\AGILENT\CARY ECLIPSE WINFLR\DEFAULT.FMKN
PMT Volts Changed: 13-Mar-24 12:06:26 PM, Old:600, New:700
Well plate reader Changed: 13-Mar-24 12:06:26 PM, Old:OFF, New:ON
Excitation Wavelength Changed: 13-Mar-24 12:06:26 PM, Old: 400.00, New: 493.00
Emission Wavelength Changed: 13-Mar-24 12:06:26 PM, Old: 600.00, New: 517.00
Ex. Slit Width (nm): Changed: 13-Mar-24 12:06:26 PM, Old:5, New:10
Em. Slit Width (nm): Changed: 13-Mar-24 12:06:26 PM, Old:5, New:10
Cycle Time 1 Changed: 13-Mar-24 12:06:26 PM, Old: 0.0000, New: 1.0000
Stop Time 1 Changed: 13-Mar-24 12:06:26 PM, Old: 1.0000, New:90.0000
Emission PMT (V): Changed: 13-Mar-24 12:06:26 PM, Old: 600, New: 700
Wellplate Samples Changed: 13-Mar-24 12:06:26 PM, Old:, New:A1;A2;A3;A4;A5;A6;B1;B2;B3;B4;B5;B6;C1;C2;C3;C4;C5;C6;D1;D2;D3;D4;D5;D6;E1;E2;E3;E4;E5;E6;F1;F2;F3;F4;F5;F6;G1;G2;G3;G4;G5;G6;H1;H2;H3;H4;H5;H6;
End Method Modifications

Sample G1,
Sample G1
Collection Time: 13-Mar-24 12:23:33 PM
Operator Name  :
Kinetics Software Version: 1.2(146)
Parameter List :
Report Time: Wed 13 Mar 12:23:33 PM 2024
Software version: 1.2(146)
Operator:
Instrument Parameters
Instrument                        Cary Eclipse
Instrument Serial Number          MY18160001
Data mode                         Fluorescence
Ex. wavelength (nm)               493.00
Em. wavelength (nm)               517.00
Ex. Slit (nm)                     10
Em. Slit (nm)                     10
Averaging Time (s)                0.1000
Cycle time(min)                   1.0000
Stop time(min)                    90.0000
Emission filter                   Open
Excitation Filter                 Auto
PMT voltage (V)                   700
Wellplate                         ON
Plate format                     96 Wells
Read position                    Well centre
Multi-zero                       OFF
Auto-zero                        OFF
Well                            A1
Comments:
Method Log     :
Method Name    : C:\USERS\PUBLIC\DOCUMENTS\AGILENT\CARY ECLIPSE WINFLR\DEFAULT.FMKN
Date/Time stamp: 18-Oct-18 12:11:51 PM
Method Modifications:
Current Method Changed: 13-Mar-24 12:05:14 PM, Old:C:\Users\Public\Documents\Agilent\Cary Eclipse WInFLR\Default.FMKN, New:C:\USERS\PUBLIC\DOCUMENTS\AGILENT\CARY ECLIPSE WINFLR\DEFAULT.FMKN
PMT Volts Changed: 13-Mar-24 12:06:26 PM, Old:600, New:700
Well plate reader Changed: 13-Mar-24 12:06:26 PM, Old:OFF, New:ON
Excitation Wavelength Changed: 13-Mar-24 12:06:26 PM, Old: 400.00, New: 493.00
Emission Wavelength Changed: 13-Mar-24 12:06:26 PM, Old: 600.00, New: 517.00
Ex. Slit Width (nm): Changed: 13-Mar-24 12:06:26 PM, Old:5, New:10
Em. Slit Width (nm): Changed: 13-Mar-24 12:06:26 PM, Old:5, New:10
Cycle Time 1 Changed: 13-Mar-24 12:06:26 PM, Old: 0.0000, New: 1.0000
Stop Time 1 Changed: 13-Mar-24 12:06:26 PM, Old: 1.0000, New:90.0000
Emission PMT (V): Changed: 13-Mar-24 12:06:26 PM, Old: 600, New: 700
Wellplate Samples Changed: 13-Mar-24 12:06:26 PM, Old:, New:A1;A2;A3;A4;A5;A6;B1;B2;B3;B4;B5;B6;C1;C2;C3;C4;C5;C6;D1;D2;D3;D4;D5;D6;E1;E2;E3;E4;E5;E6;F1;F2;F3;F4;F5;F6;G1;G2;G3;G4;G5;G6;H1;H2;H3;H4;H5;H6;
End Method Modifications

Sample G2,
Sample G2
Collection Time: 13-Mar-24 12:23:33 PM
Operator Name  :
Kinetics Software Version: 1.2(146)
Parameter List :
Report Time: Wed 13 Mar 12:23:33 PM 2024
Software version: 1.2(146)
Operator:
Instrument Parameters
Instrument                        Cary Eclipse
Instrument Serial Number          MY18160001
Data mode                         Fluorescence
Ex. wavelength (nm)               493.00
Em. wavelength (nm)               517.00
Ex. Slit (nm)                     10
Em. Slit (nm)                     10
Averaging Time (s)                0.1000
Cycle time(min)                   1.0000
Stop time(min)                    90.0000
Emission filter                   Open
Excitation Filter                 Auto
PMT voltage (V)                   700
Wellplate                         ON
Plate format                     96 Wells
Read position                    Well centre
Multi-zero                       OFF
Auto-zero                        OFF
Well                            A1
Comments:
Method Log     :
Method Name    : C:\USERS\PUBLIC\DOCUMENTS\AGILENT\CARY ECLIPSE WINFLR\DEFAULT.FMKN
Date/Time stamp: 18-Oct-18 12:11:51 PM
Method Modifications:
Current Method Changed: 13-Mar-24 12:05:14 PM, Old:C:\Users\Public\Documents\Agilent\Cary Eclipse WInFLR\Default.FMKN, New:C:\USERS\PUBLIC\DOCUMENTS\AGILENT\CARY ECLIPSE WINFLR\DEFAULT.FMKN
PMT Volts Changed: 13-Mar-24 12:06:26 PM, Old:600, New:700
Well plate reader Changed: 13-Mar-24 12:06:26 PM, Old:OFF, New:ON
Excitation Wavelength Changed: 13-Mar-24 12:06:26 PM, Old: 400.00, New: 493.00
Emission Wavelength Changed: 13-Mar-24 12:06:26 PM, Old: 600.00, New: 517.00
Ex. Slit Width (nm): Changed: 13-Mar-24 12:06:26 PM, Old:5, New:10
Em. Slit Width (nm): Changed: 13-Mar-24 12:06:26 PM, Old:5, New:10
Cycle Time 1 Changed: 13-Mar-24 12:06:26 PM, Old: 0.0000, New: 1.0000
Stop Time 1 Changed: 13-Mar-24 12:06:26 PM, Old: 1.0000, New:90.0000
Emission PMT (V): Changed: 13-Mar-24 12:06:26 PM, Old: 600, New: 700
Wellplate Samples Changed: 13-Mar-24 12:06:26 PM, Old:, New:A1;A2;A3;A4;A5;A6;B1;B2;B3;B4;B5;B6;C1;C2;C3;C4;C5;C6;D1;D2;D3;D4;D5;D6;E1;E2;E3;E4;E5;E6;F1;F2;F3;F4;F5;F6;G1;G2;G3;G4;G5;G6;H1;H2;H3;H4;H5;H6;
End Method Modifications

Sample G3,
Sample G3
Collection Time: 13-Mar-24 12:23:33 PM
Operator Name  :
Kinetics Software Version: 1.2(146)
Parameter List :
Report Time: Wed 13 Mar 12:23:33 PM 2024
Software version: 1.2(146)
Operator:
Instrument Parameters
Instrument                        Cary Eclipse
Instrument Serial Number          MY18160001
Data mode                         Fluorescence
Ex. wavelength (nm)               493.00
Em. wavelength (nm)               517.00
Ex. Slit (nm)                     10
Em. Slit (nm)                     10
Averaging Time (s)                0.1000
Cycle time(min)                   1.0000
Stop time(min)                    90.0000
Emission filter                   Open
Excitation Filter                 Auto
PMT voltage (V)                   700
Wellplate                         ON
Plate format                     96 Wells
Read position                    Well centre
Multi-zero                       OFF
Auto-zero                        OFF
Well                            A1
Comments:
Method Log     :
Method Name    : C:\USERS\PUBLIC\DOCUMENTS\AGILENT\CARY ECLIPSE WINFLR\DEFAULT.FMKN
Date/Time stamp: 18-Oct-18 12:11:51 PM
Method Modifications:
Current Method Changed: 13-Mar-24 12:05:14 PM, Old:C:\Users\Public\Documents\Agilent\Cary Eclipse WInFLR\Default.FMKN, New:C:\USERS\PUBLIC\DOCUMENTS\AGILENT\CARY ECLIPSE WINFLR\DEFAULT.FMKN
PMT Volts Changed: 13-Mar-24 12:06:26 PM, Old:600, New:700
Well plate reader Changed: 13-Mar-24 12:06:26 PM, Old:OFF, New:ON
Excitation Wavelength Changed: 13-Mar-24 12:06:26 PM, Old: 400.00, New: 493.00
Emission Wavelength Changed: 13-Mar-24 12:06:26 PM, Old: 600.00, New: 517.00
Ex. Slit Width (nm): Changed: 13-Mar-24 12:06:26 PM, Old:5, New:10
Em. Slit Width (nm): Changed: 13-Mar-24 12:06:26 PM, Old:5, New:10
Cycle Time 1 Changed: 13-Mar-24 12:06:26 PM, Old: 0.0000, New: 1.0000
Stop Time 1 Changed: 13-Mar-24 12:06:26 PM, Old: 1.0000, New:90.0000
Emission PMT (V): Changed: 13-Mar-24 12:06:26 PM, Old: 600, New: 700
Wellplate Samples Changed: 13-Mar-24 12:06:26 PM, Old:, New:A1;A2;A3;A4;A5;A6;B1;B2;B3;B4;B5;B6;C1;C2;C3;C4;C5;C6;D1;D2;D3;D4;D5;D6;E1;E2;E3;E4;E5;E6;F1;F2;F3;F4;F5;F6;G1;G2;G3;G4;G5;G6;H1;H2;H3;H4;H5;H6;
End Method Modifications

Sample G4,
Sample G4
Collection Time: 13-Mar-24 12:23:33 PM
Operator Name  :
Kinetics Software Version: 1.2(146)
Parameter List :
Report Time: Wed 13 Mar 12:23:33 PM 2024
Software version: 1.2(146)
Operator:
Instrument Parameters
Instrument                        Cary Eclipse
Instrument Serial Number          MY18160001
Data mode                         Fluorescence
Ex. wavelength (nm)               493.00
Em. wavelength (nm)               517.00
Ex. Slit (nm)                     10
Em. Slit (nm)                     10
Averaging Time (s)                0.1000
Cycle time(min)                   1.0000
Stop time(min)                    90.0000
Emission filter                   Open
Excitation Filter                 Auto
PMT voltage (V)                   700
Wellplate                         ON
Plate format                     96 Wells
Read position                    Well centre
Multi-zero                       OFF
Auto-zero                        OFF
Well                            A1
Comments:
Method Log     :
Method Name    : C:\USERS\PUBLIC\DOCUMENTS\AGILENT\CARY ECLIPSE WINFLR\DEFAULT.FMKN
Date/Time stamp: 18-Oct-18 12:11:51 PM
Method Modifications:
Current Method Changed: 13-Mar-24 12:05:14 PM, Old:C:\Users\Public\Documents\Agilent\Cary Eclipse WInFLR\Default.FMKN, New:C:\USERS\PUBLIC\DOCUMENTS\AGILENT\CARY ECLIPSE WINFLR\DEFAULT.FMKN
PMT Volts Changed: 13-Mar-24 12:06:26 PM, Old:600, New:700
Well plate reader Changed: 13-Mar-24 12:06:26 PM, Old:OFF, New:ON
Excitation Wavelength Changed: 13-Mar-24 12:06:26 PM, Old: 400.00, New: 493.00
Emission Wavelength Changed: 13-Mar-24 12:06:26 PM, Old: 600.00, New: 517.00
Ex. Slit Width (nm): Changed: 13-Mar-24 12:06:26 PM, Old:5, New:10
Em. Slit Width (nm): Changed: 13-Mar-24 12:06:26 PM, Old:5, New:10
Cycle Time 1 Changed: 13-Mar-24 12:06:26 PM, Old: 0.0000, New: 1.0000
Stop Time 1 Changed: 13-Mar-24 12:06:26 PM, Old: 1.0000, New:90.0000
Emission PMT (V): Changed: 13-Mar-24 12:06:26 PM, Old: 600, New: 700
Wellplate Samples Changed: 13-Mar-24 12:06:26 PM, Old:, New:A1;A2;A3;A4;A5;A6;B1;B2;B3;B4;B5;B6;C1;C2;C3;C4;C5;C6;D1;D2;D3;D4;D5;D6;E1;E2;E3;E4;E5;E6;F1;F2;F3;F4;F5;F6;G1;G2;G3;G4;G5;G6;H1;H2;H3;H4;H5;H6;
End Method Modifications

Sample G5,
Sample G5
Collection Time: 13-Mar-24 12:23:33 PM
Operator Name  :
Kinetics Software Version: 1.2(146)
Parameter List :
Report Time: Wed 13 Mar 12:23:33 PM 2024
Software version: 1.2(146)
Operator:
Instrument Parameters
Instrument                        Cary Eclipse
Instrument Serial Number          MY18160001
Data mode                         Fluorescence
Ex. wavelength (nm)               493.00
Em. wavelength (nm)               517.00
Ex. Slit (nm)                     10
Em. Slit (nm)                     10
Averaging Time (s)                0.1000
Cycle time(min)                   1.0000
Stop time(min)                    90.0000
Emission filter                   Open
Excitation Filter                 Auto
PMT voltage (V)                   700
Wellplate                         ON
Plate format                     96 Wells
Read position                    Well centre
Multi-zero                       OFF
Auto-zero                        OFF
Well                            A1
Comments:
Method Log     :
Method Name    : C:\USERS\PUBLIC\DOCUMENTS\AGILENT\CARY ECLIPSE WINFLR\DEFAULT.FMKN
Date/Time stamp: 18-Oct-18 12:11:51 PM
Method Modifications:
Current Method Changed: 13-Mar-24 12:05:14 PM, Old:C:\Users\Public\Documents\Agilent\Cary Eclipse WInFLR\Default.FMKN, New:C:\USERS\PUBLIC\DOCUMENTS\AGILENT\CARY ECLIPSE WINFLR\DEFAULT.FMKN
PMT Volts Changed: 13-Mar-24 12:06:26 PM, Old:600, New:700
Well plate reader Changed: 13-Mar-24 12:06:26 PM, Old:OFF, New:ON
Excitation Wavelength Changed: 13-Mar-24 12:06:26 PM, Old: 400.00, New: 493.00
Emission Wavelength Changed: 13-Mar-24 12:06:26 PM, Old: 600.00, New: 517.00
Ex. Slit Width (nm): Changed: 13-Mar-24 12:06:26 PM, Old:5, New:10
Em. Slit Width (nm): Changed: 13-Mar-24 12:06:26 PM, Old:5, New:10
Cycle Time 1 Changed: 13-Mar-24 12:06:26 PM, Old: 0.0000, New: 1.0000
Stop Time 1 Changed: 13-Mar-24 12:06:26 PM, Old: 1.0000, New:90.0000
Emission PMT (V): Changed: 13-Mar-24 12:06:26 PM, Old: 600, New: 700
Wellplate Samples Changed: 13-Mar-24 12:06:26 PM, Old:, New:A1;A2;A3;A4;A5;A6;B1;B2;B3;B4;B5;B6;C1;C2;C3;C4;C5;C6;D1;D2;D3;D4;D5;D6;E1;E2;E3;E4;E5;E6;F1;F2;F3;F4;F5;F6;G1;G2;G3;G4;G5;G6;H1;H2;H3;H4;H5;H6;
End Method Modifications

Sample G6,
Sample G6
Collection Time: 13-Mar-24 12:23:33 PM
Operator Name  :
Kinetics Software Version: 1.2(146)
Parameter List :
Report Time: Wed 13 Mar 12:23:33 PM 2024
Software version: 1.2(146)
Operator:
Instrument Parameters
Instrument                        Cary Eclipse
Instrument Serial Number          MY18160001
Data mode                         Fluorescence
Ex. wavelength (nm)               493.00
Em. wavelength (nm)               517.00
Ex. Slit (nm)                     10
Em. Slit (nm)                     10
Averaging Time (s)                0.1000
Cycle time(min)                   1.0000
Stop time(min)                    90.0000
Emission filter                   Open
Excitation Filter                 Auto
PMT voltage (V)                   700
Wellplate                         ON
Plate format                     96 Wells
Read position                    Well centre
Multi-zero                       OFF
Auto-zero                        OFF
Well                            A1
Comments:
Method Log     :
Method Name    : C:\USERS\PUBLIC\DOCUMENTS\AGILENT\CARY ECLIPSE WINFLR\DEFAULT.FMKN
Date/Time stamp: 18-Oct-18 12:11:51 PM
Method Modifications:
Current Method Changed: 13-Mar-24 12:05:14 PM, Old:C:\Users\Public\Documents\Agilent\Cary Eclipse WInFLR\Default.FMKN, New:C:\USERS\PUBLIC\DOCUMENTS\AGILENT\CARY ECLIPSE WINFLR\DEFAULT.FMKN
PMT Volts Changed: 13-Mar-24 12:06:26 PM, Old:600, New:700
Well plate reader Changed: 13-Mar-24 12:06:26 PM, Old:OFF, New:ON
Excitation Wavelength Changed: 13-Mar-24 12:06:26 PM, Old: 400.00, New: 493.00
Emission Wavelength Changed: 13-Mar-24 12:06:26 PM, Old: 600.00, New: 517.00
Ex. Slit Width (nm): Changed: 13-Mar-24 12:06:26 PM, Old:5, New:10
Em. Slit Width (nm): Changed: 13-Mar-24 12:06:26 PM, Old:5, New:10
Cycle Time 1 Changed: 13-Mar-24 12:06:26 PM, Old: 0.0000, New: 1.0000
Stop Time 1 Changed: 13-Mar-24 12:06:26 PM, Old: 1.0000, New:90.0000
Emission PMT (V): Changed: 13-Mar-24 12:06:26 PM, Old: 600, New: 700
Wellplate Samples Changed: 13-Mar-24 12:06:26 PM, Old:, New:A1;A2;A3;A4;A5;A6;B1;B2;B3;B4;B5;B6;C1;C2;C3;C4;C5;C6;D1;D2;D3;D4;D5;D6;E1;E2;E3;E4;E5;E6;F1;F2;F3;F4;F5;F6;G1;G2;G3;G4;G5;G6;H1;H2;H3;H4;H5;H6;
End Method Modifications

Sample H1,
Sample H1
Collection Time: 13-Mar-24 12:23:33 PM
Operator Name  :
Kinetics Software Version: 1.2(146)
Parameter List :
Report Time: Wed 13 Mar 12:23:33 PM 2024
Software version: 1.2(146)
Operator:
Instrument Parameters
Instrument                        Cary Eclipse
Instrument Serial Number          MY18160001
Data mode                         Fluorescence
Ex. wavelength (nm)               493.00
Em. wavelength (nm)               517.00
Ex. Slit (nm)                     10
Em. Slit (nm)                     10
Averaging Time (s)                0.1000
Cycle time(min)                   1.0000
Stop time(min)                    90.0000
Emission filter                   Open
Excitation Filter                 Auto
PMT voltage (V)                   700
Wellplate                         ON
Plate format                     96 Wells
Read position                    Well centre
Multi-zero                       OFF
Auto-zero                        OFF
Well                            A1
Comments:
Method Log     :
Method Name    : C:\USERS\PUBLIC\DOCUMENTS\AGILENT\CARY ECLIPSE WINFLR\DEFAULT.FMKN
Date/Time stamp: 18-Oct-18 12:11:51 PM
Method Modifications:
Current Method Changed: 13-Mar-24 12:05:14 PM, Old:C:\Users\Public\Documents\Agilent\Cary Eclipse WInFLR\Default.FMKN, New:C:\USERS\PUBLIC\DOCUMENTS\AGILENT\CARY ECLIPSE WINFLR\DEFAULT.FMKN
PMT Volts Changed: 13-Mar-24 12:06:26 PM, Old:600, New:700
Well plate reader Changed: 13-Mar-24 12:06:26 PM, Old:OFF, New:ON
Excitation Wavelength Changed: 13-Mar-24 12:06:26 PM, Old: 400.00, New: 493.00
Emission Wavelength Changed: 13-Mar-24 12:06:26 PM, Old: 600.00, New: 517.00
Ex. Slit Width (nm): Changed: 13-Mar-24 12:06:26 PM, Old:5, New:10
Em. Slit Width (nm): Changed: 13-Mar-24 12:06:26 PM, Old:5, New:10
Cycle Time 1 Changed: 13-Mar-24 12:06:26 PM, Old: 0.0000, New: 1.0000
Stop Time 1 Changed: 13-Mar-24 12:06:26 PM, Old: 1.0000, New:90.0000
Emission PMT (V): Changed: 13-Mar-24 12:06:26 PM, Old: 600, New: 700
Wellplate Samples Changed: 13-Mar-24 12:06:26 PM, Old:, New:A1;A2;A3;A4;A5;A6;B1;B2;B3;B4;B5;B6;C1;C2;C3;C4;C5;C6;D1;D2;D3;D4;D5;D6;E1;E2;E3;E4;E5;E6;F1;F2;F3;F4;F5;F6;G1;G2;G3;G4;G5;G6;H1;H2;H3;H4;H5;H6;
End Method Modifications

Sample H2,
Sample H2
Collection Time: 13-Mar-24 12:23:33 PM
Operator Name  :
Kinetics Software Version: 1.2(146)
Parameter List :
Report Time: Wed 13 Mar 12:23:33 PM 2024
Software version: 1.2(146)
Operator:
Instrument Parameters
Instrument                        Cary Eclipse
Instrument Serial Number          MY18160001
Data mode                         Fluorescence
Ex. wavelength (nm)               493.00
Em. wavelength (nm)               517.00
Ex. Slit (nm)                     10
Em. Slit (nm)                     10
Averaging Time (s)                0.1000
Cycle time(min)                   1.0000
Stop time(min)                    90.0000
Emission filter                   Open
Excitation Filter                 Auto
PMT voltage (V)                   700
Wellplate                         ON
Plate format                     96 Wells
Read position                    Well centre
Multi-zero                       OFF
Auto-zero                        OFF
Well                            A1
Comments:
Method Log     :
Method Name    : C:\USERS\PUBLIC\DOCUMENTS\AGILENT\CARY ECLIPSE WINFLR\DEFAULT.FMKN
Date/Time stamp: 18-Oct-18 12:11:51 PM
Method Modifications:
Current Method Changed: 13-Mar-24 12:05:14 PM, Old:C:\Users\Public\Documents\Agilent\Cary Eclipse WInFLR\Default.FMKN, New:C:\USERS\PUBLIC\DOCUMENTS\AGILENT\CARY ECLIPSE WINFLR\DEFAULT.FMKN
PMT Volts Changed: 13-Mar-24 12:06:26 PM, Old:600, New:700
Well plate reader Changed: 13-Mar-24 12:06:26 PM, Old:OFF, New:ON
Excitation Wavelength Changed: 13-Mar-24 12:06:26 PM, Old: 400.00, New: 493.00
Emission Wavelength Changed: 13-Mar-24 12:06:26 PM, Old: 600.00, New: 517.00
Ex. Slit Width (nm): Changed: 13-Mar-24 12:06:26 PM, Old:5, New:10
Em. Slit Width (nm): Changed: 13-Mar-24 12:06:26 PM, Old:5, New:10
Cycle Time 1 Changed: 13-Mar-24 12:06:26 PM, Old: 0.0000, New: 1.0000
Stop Time 1 Changed: 13-Mar-24 12:06:26 PM, Old: 1.0000, New:90.0000
Emission PMT (V): Changed: 13-Mar-24 12:06:26 PM, Old: 600, New: 700
Wellplate Samples Changed: 13-Mar-24 12:06:26 PM, Old:, New:A1;A2;A3;A4;A5;A6;B1;B2;B3;B4;B5;B6;C1;C2;C3;C4;C5;C6;D1;D2;D3;D4;D5;D6;E1;E2;E3;E4;E5;E6;F1;F2;F3;F4;F5;F6;G1;G2;G3;G4;G5;G6;H1;H2;H3;H4;H5;H6;
End Method Modifications

Sample H3,
Sample H3
Collection Time: 13-Mar-24 12:23:33 PM
Operator Name  :
Kinetics Software Version: 1.2(146)
Parameter List :
Report Time: Wed 13 Mar 12:23:33 PM 2024
Software version: 1.2(146)
Operator:
Instrument Parameters
Instrument                        Cary Eclipse
Instrument Serial Number          MY18160001
Data mode                         Fluorescence
Ex. wavelength (nm)               493.00
Em. wavelength (nm)               517.00
Ex. Slit (nm)                     10
Em. Slit (nm)                     10
Averaging Time (s)                0.1000
Cycle time(min)                   1.0000
Stop time(min)                    90.0000
Emission filter                   Open
Excitation Filter                 Auto
PMT voltage (V)                   700
Wellplate                         ON
Plate format                     96 Wells
Read position                    Well centre
Multi-zero                       OFF
Auto-zero                        OFF
Well                            A1
Comments:
Method Log     :
Method Name    : C:\USERS\PUBLIC\DOCUMENTS\AGILENT\CARY ECLIPSE WINFLR\DEFAULT.FMKN
Date/Time stamp: 18-Oct-18 12:11:51 PM
Method Modifications:
Current Method Changed: 13-Mar-24 12:05:14 PM, Old:C:\Users\Public\Documents\Agilent\Cary Eclipse WInFLR\Default.FMKN, New:C:\USERS\PUBLIC\DOCUMENTS\AGILENT\CARY ECLIPSE WINFLR\DEFAULT.FMKN
PMT Volts Changed: 13-Mar-24 12:06:26 PM, Old:600, New:700
Well plate reader Changed: 13-Mar-24 12:06:26 PM, Old:OFF, New:ON
Excitation Wavelength Changed: 13-Mar-24 12:06:26 PM, Old: 400.00, New: 493.00
Emission Wavelength Changed: 13-Mar-24 12:06:26 PM, Old: 600.00, New: 517.00
Ex. Slit Width (nm): Changed: 13-Mar-24 12:06:26 PM, Old:5, New:10
Em. Slit Width (nm): Changed: 13-Mar-24 12:06:26 PM, Old:5, New:10
Cycle Time 1 Changed: 13-Mar-24 12:06:26 PM, Old: 0.0000, New: 1.0000
Stop Time 1 Changed: 13-Mar-24 12:06:26 PM, Old: 1.0000, New:90.0000
Emission PMT (V): Changed: 13-Mar-24 12:06:26 PM, Old: 600, New: 700
Wellplate Samples Changed: 13-Mar-24 12:06:26 PM, Old:, New:A1;A2;A3;A4;A5;A6;B1;B2;B3;B4;B5;B6;C1;C2;C3;C4;C5;C6;D1;D2;D3;D4;D5;D6;E1;E2;E3;E4;E5;E6;F1;F2;F3;F4;F5;F6;G1;G2;G3;G4;G5;G6;H1;H2;H3;H4;H5;H6;
End Method Modifications

Sample H4,
Sample H4
Collection Time: 13-Mar-24 12:23:33 PM
Operator Name  :
Kinetics Software Version: 1.2(146)
Parameter List :
Report Time: Wed 13 Mar 12:23:33 PM 2024
Software version: 1.2(146)
Operator:
Instrument Parameters
Instrument                        Cary Eclipse
Instrument Serial Number          MY18160001
Data mode                         Fluorescence
Ex. wavelength (nm)               493.00
Em. wavelength (nm)               517.00
Ex. Slit (nm)                     10
Em. Slit (nm)                     10
Averaging Time (s)                0.1000
Cycle time(min)                   1.0000
Stop time(min)                    90.0000
Emission filter                   Open
Excitation Filter                 Auto
PMT voltage (V)                   700
Wellplate                         ON
Plate format                     96 Wells
Read position                    Well centre
Multi-zero                       OFF
Auto-zero                        OFF
Well                            A1
Comments:
Method Log     :
Method Name    : C:\USERS\PUBLIC\DOCUMENTS\AGILENT\CARY ECLIPSE WINFLR\DEFAULT.FMKN
Date/Time stamp: 18-Oct-18 12:11:51 PM
Method Modifications:
Current Method Changed: 13-Mar-24 12:05:14 PM, Old:C:\Users\Public\Documents\Agilent\Cary Eclipse WInFLR\Default.FMKN, New:C:\USERS\PUBLIC\DOCUMENTS\AGILENT\CARY ECLIPSE WINFLR\DEFAULT.FMKN
PMT Volts Changed: 13-Mar-24 12:06:26 PM, Old:600, New:700
Well plate reader Changed: 13-Mar-24 12:06:26 PM, Old:OFF, New:ON
Excitation Wavelength Changed: 13-Mar-24 12:06:26 PM, Old: 400.00, New: 493.00
Emission Wavelength Changed: 13-Mar-24 12:06:26 PM, Old: 600.00, New: 517.00
Ex. Slit Width (nm): Changed: 13-Mar-24 12:06:26 PM, Old:5, New:10
Em. Slit Width (nm): Changed: 13-Mar-24 12:06:26 PM, Old:5, New:10
Cycle Time 1 Changed: 13-Mar-24 12:06:26 PM, Old: 0.0000, New: 1.0000
Stop Time 1 Changed: 13-Mar-24 12:06:26 PM, Old: 1.0000, New:90.0000
Emission PMT (V): Changed: 13-Mar-24 12:06:26 PM, Old: 600, New: 700
Wellplate Samples Changed: 13-Mar-24 12:06:26 PM, Old:, New:A1;A2;A3;A4;A5;A6;B1;B2;B3;B4;B5;B6;C1;C2;C3;C4;C5;C6;D1;D2;D3;D4;D5;D6;E1;E2;E3;E4;E5;E6;F1;F2;F3;F4;F5;F6;G1;G2;G3;G4;G5;G6;H1;H2;H3;H4;H5;H6;
End Method Modifications

Sample H5,
Sample H5
Collection Time: 13-Mar-24 12:23:33 PM
Operator Name  :
Kinetics Software Version: 1.2(146)
Parameter List :
Report Time: Wed 13 Mar 12:23:33 PM 2024
Software version: 1.2(146)
Operator:
Instrument Parameters
Instrument                        Cary Eclipse
Instrument Serial Number          MY18160001
Data mode                         Fluorescence
Ex. wavelength (nm)               493.00
Em. wavelength (nm)               517.00
Ex. Slit (nm)                     10
Em. Slit (nm)                     10
Averaging Time (s)                0.1000
Cycle time(min)                   1.0000
Stop time(min)                    90.0000
Emission filter                   Open
Excitation Filter                 Auto
PMT voltage (V)                   700
Wellplate                         ON
Plate format                     96 Wells
Read position                    Well centre
Multi-zero                       OFF
Auto-zero                        OFF
Well                            A1
Comments:
Method Log     :
Method Name    : C:\USERS\PUBLIC\DOCUMENTS\AGILENT\CARY ECLIPSE WINFLR\DEFAULT.FMKN
Date/Time stamp: 18-Oct-18 12:11:51 PM
Method Modifications:
Current Method Changed: 13-Mar-24 12:05:14 PM, Old:C:\Users\Public\Documents\Agilent\Cary Eclipse WInFLR\Default.FMKN, New:C:\USERS\PUBLIC\DOCUMENTS\AGILENT\CARY ECLIPSE WINFLR\DEFAULT.FMKN
PMT Volts Changed: 13-Mar-24 12:06:26 PM, Old:600, New:700
Well plate reader Changed: 13-Mar-24 12:06:26 PM, Old:OFF, New:ON
Excitation Wavelength Changed: 13-Mar-24 12:06:26 PM, Old: 400.00, New: 493.00
Emission Wavelength Changed: 13-Mar-24 12:06:26 PM, Old: 600.00, New: 517.00
Ex. Slit Width (nm): Changed: 13-Mar-24 12:06:26 PM, Old:5, New:10
Em. Slit Width (nm): Changed: 13-Mar-24 12:06:26 PM, Old:5, New:10
Cycle Time 1 Changed: 13-Mar-24 12:06:26 PM, Old: 0.0000, New: 1.0000
Stop Time 1 Changed: 13-Mar-24 12:06:26 PM, Old: 1.0000, New:90.0000
Emission PMT (V): Changed: 13-Mar-24 12:06:26 PM, Old: 600, New: 700
Wellplate Samples Changed: 13-Mar-24 12:06:26 PM, Old:, New:A1;A2;A3;A4;A5;A6;B1;B2;B3;B4;B5;B6;C1;C2;C3;C4;C5;C6;D1;D2;D3;D4;D5;D6;E1;E2;E3;E4;E5;E6;F1;F2;F3;F4;F5;F6;G1;G2;G3;G4;G5;G6;H1;H2;H3;H4;H5;H6;
End Method Modifications

Sample H6,
Sample H6
Collection Time: 13-Mar-24 12:23:33 PM
Operator Name  :
Kinetics Software Version: 1.2(146)
Parameter List :
Report Time: Wed 13 Mar 12:23:33 PM 2024
Software version: 1.2(146)
Operator:
Instrument Parameters
Instrument                        Cary Eclipse
Instrument Serial Number          MY18160001
Data mode                         Fluorescence
Ex. wavelength (nm)               493.00
Em. wavelength (nm)               517.00
Ex. Slit (nm)                     10
Em. Slit (nm)                     10
Averaging Time (s)                0.1000
Cycle time(min)                   1.0000
Stop time(min)                    90.0000
Emission filter                   Open
Excitation Filter                 Auto
PMT voltage (V)                   700
Wellplate                         ON
Plate format                     96 Wells
Read position                    Well centre
Multi-zero                       OFF
Auto-zero                        OFF
Well                            A1
Comments:
Method Log     :
Method Name    : C:\USERS\PUBLIC\DOCUMENTS\AGILENT\CARY ECLIPSE WINFLR\DEFAULT.FMKN
Date/Time stamp: 18-Oct-18 12:11:51 PM
Method Modifications:
Current Method Changed: 13-Mar-24 12:05:14 PM, Old:C:\Users\Public\Documents\Agilent\Cary Eclipse WInFLR\Default.FMKN, New:C:\USERS\PUBLIC\DOCUMENTS\AGILENT\CARY ECLIPSE WINFLR\DEFAULT.FMKN
PMT Volts Changed: 13-Mar-24 12:06:26 PM, Old:600, New:700
Well plate reader Changed: 13-Mar-24 12:06:26 PM, Old:OFF, New:ON
Excitation Wavelength Changed: 13-Mar-24 12:06:26 PM, Old: 400.00, New: 493.00
Emission Wavelength Changed: 13-Mar-24 12:06:26 PM, Old: 600.00, New: 517.00
Ex. Slit Width (nm): Changed: 13-Mar-24 12:06:26 PM, Old:5, New:10
Em. Slit Width (nm): Changed: 13-Mar-24 12:06:26 PM, Old:5, New:10
Cycle Time 1 Changed: 13-Mar-24 12:06:26 PM, Old: 0.0000, New: 1.0000
Stop Time 1 Changed: 13-Mar-24 12:06:26 PM, Old: 1.0000, New:90.0000
Emission PMT (V): Changed: 13-Mar-24 12:06:26 PM, Old: 600, New: 700
Wellplate Samples Changed: 13-Mar-24 12:06:26 PM, Old:, New:A1;A2;A3;A4;A5;A6;B1;B2;B3;B4;B5;B6;C1;C2;C3;C4;C5;C6;D1;D2;D3;D4;D5;D6;E1;E2;E3;E4;E5;E6;F1;F2;F3;F4;F5;F6;G1;G2;G3;G4;G5;G6;H1;H2;H3;H4;H5;H6;
End Method Modifications

