Sample A1_Ex509_Em563,,Sample A1_Ex509_Em660,,Sample A2_Ex509_Em563,,Sample A2_Ex509_Em660,,Sample A3_Ex509_Em563,,Sample A3_Ex509_Em660,,Sample A4_Ex509_Em563,,Sample A4_Ex509_Em660,,Sample A5_Ex509_Em563,,Sample A5_Ex509_Em660,,Sample B1_Ex509_Em563,,Sample B1_Ex509_Em660,,Sample B2_Ex509_Em563,,Sample B2_Ex509_Em660,,Sample B3_Ex509_Em563,,Sample B3_Ex509_Em660,,Sample B4_Ex509_Em563,,Sample B4_Ex509_Em660,,Sample C1_Ex509_Em563,,Sample C1_Ex509_Em660,,Sample C2_Ex509_Em563,,Sample C2_Ex509_Em660,,Sample C3_Ex509_Em563,,Sample C3_Ex509_Em660,,Sample C4_Ex509_Em563,,Sample C4_Ex509_Em660,,
Time (min),Intensity (a.u.),Time (min),Intensity (a.u.),Time (min),Intensity (a.u.),Time (min),Intensity (a.u.),Time (min),Intensity (a.u.),Time (min),Intensity (a.u.),Time (min),Intensity (a.u.),Time (min),Intensity (a.u.),Time (min),Intensity (a.u.),Time (min),Intensity (a.u.),Time (min),Intensity (a.u.),Time (min),Intensity (a.u.),Time (min),Intensity (a.u.),Time (min),Intensity (a.u.),Time (min),Intensity (a.u.),Time (min),Intensity (a.u.),Time (min),Intensity (a.u.),Time (min),Intensity (a.u.),Time (min),Intensity (a.u.),Time (min),Intensity (a.u.),Time (min),Intensity (a.u.),Time (min),Intensity (a.u.),Time (min),Intensity (a.u.),Time (min),Intensity (a.u.),Time (min),Intensity (a.u.),Time (min),Intensity (a.u.),
0.001666666707,232.0373688,0.008270833641,47.07694244,0.03227083385,217.8296051,0.03889583424,45.31773376,0.0627708286,152.0587006,0.06939583272,46.52151489,0.09360416979,146.7895355,0.1002291664,55.19306564,0.1243333369,21.54146576,0.1309375018,0.8695368767,0.2510208189,208.4300537,0.2576041818,64.08613586,0.2215624899,163.4767151,0.2281666547,62.85469055,0.1916041672,155.8889618,0.1982291639,66.87206268,0.1607291698,161.0612183,0.1673333347,63.55383301,0.2856458426,207.264328,0.2922500074,58.72043991,0.3166041672,145.251358,0.3232291639,61.64083099,0.3471458554,168.5516815,0.3537500203,61.03504181,0.3777708411,152.007843,0.384395808,63.6226387,
0.5016666651,236.1433868,0.5083333254,46.80457687,0.5320624709,234.2745667,0.5387291312,47.00345612,0.5624791384,150.8604736,0.5691667199,46.12785339,0.5929791927,144.338913,0.5996457934,56.50153351,0.6240833402,21.14776802,0.6307500005,0.9680281878,0.7523124814,210.7667236,0.7589791417,66.44774628,0.7211666703,168.7956238,0.7278333306,67.69304657,0.6909791827,155.3929901,0.697645843,66.72410583,0.6600833535,163.1252594,0.6667500138,61.90355682,0.7868125439,209.5850525,0.7934791446,61.72278595,0.8170000315,137.1649475,0.8236666322,62.58706665,0.8481666446,171.4930267,0.8548333645,62.71486664,0.8784791827,148.8176422,0.885145843,64.27092743,
1.001666665,231.2241669,1.008333325,49.11788177,1.032645822,230.1875763,1.039312482,46.84236145,1.063812494,154.8117371,1.070479155,46.3787384,1.094479084,142.7614441,1.101145864,56.66571808,1.124666691,20.30391312,1.131333232,0.6871544123,1.252479196,210.0667877,1.259145856,67.12897491,1.221166611,164.3123627,1.227833271,68.47162628,1.190916657,154.6158142,1.197583437,66.42378235,1.160979152,162.1813049,1.167645812,63.66044998,1.288312554,209.342453,1.294999957,58.68319702,1.318812609,140.830719,1.32547915,63.25236893,1.34972918,173.0289001,1.356395841,64.78573608,1.380729198,151.8721008,1.387395859,67.7092514,
1.501666665,235.01474,1.508333325,49.62327576,1.533000112,229.6343994,1.539666653,48.37899399,1.563812494,155.0254059,1.570479155,45.43678284,1.593666673,142.7934418,1.600333333,55.73149872,1.624666691,21.11133385,1.631333232,0.7872439623,1.751479268,207.8279419,1.758145809,69.29641724,1.720833302,163.5852051,1.727500081,68.25011444,1.690166712,151.7450256,1.696833253,65.73946381,1.659479141,167.204834,1.666145802,62.35015488,1.786979198,203.1911316,1.79366672,58.60161209,1.81825006,135.9025726,1.82491672,64.01670074,1.848312497,171.9387817,1.854979157,63.49060822,1.878979087,154.1742249,1.885645747,67.52197266,
2.001666546,239.4163513,2.008333445,51.8069191,2.032312632,223.5875244,2.038979292,48.85451508,2.062312365,155.6013031,2.068979025,47.95450592,2.093645811,147.9351501,2.100312471,55.00893402,2.124083281,20.67717934,2.130749941,0.5847899914,2.250250101,205.4430389,2.256916523,68.28850555,2.219312429,155.6781158,2.22597909,66.77300262,2.189083338,154.8070221,2.195749998,66.78675079,2.157500029,159.7064514,2.164166689,64.27571869,2.286645651,205.3959503,2.29331255,61.07623672,2.317812681,137.3131714,2.324479103,66.91043854,2.348416567,170.0379333,2.355083227,65.77129364,2.378166676,156.377121,2.384833336,69.02461243,
2.501666784,235.6269989,2.508333445,46.88350296,2.532333374,231.7457275,2.539000034,48.58241653,2.561979055,157.2676239,2.568645716,47.10173035,2.593083382,147.0992126,2.599750042,58.11579514,2.623645782,20.56788635,2.630312681,0.7468571663,2.751479149,209.4615326,2.758145809,68.10623169,2.721166849,162.0687103,2.727833271,69.5821228,2.690083265,156.6795959,2.696749926,69.31243896,2.659979343,166.7174683,2.666645765,64.15550232,2.787312508,211.2774658,2.793979168,61.11228561,2.818416595,136.5699158,2.825083494,64.45106506,2.848750114,166.8240204,2.855416536,65.83148193,2.879895687,156.8350525,2.886520863,69.0565567,
3.001666784,235.8725128,3.008333445,47.77682877,3.033416748,226.7535553,3.040083408,48.36137009,3.063166618,157.1674347,3.069833279,47.0933342,3.094500065,146.4421387,3.101166725,55.26760483,3.125145674,21.4620285,3.131812572,0.9849561453,3.253083229,216.3287811,3.259750128,66.67967224,3.22264576,159.079895,3.22931242,70.63881683,3.191645861,156.1421661,3.198312283,67.53266144,3.161499977,167.2315826,3.168166637,61.08771896,3.289312601,210.854538,3.295979023,62.69197845,3.319416523,135.4418488,3.326083422,68.1364975,3.348895788,173.3540649,3.355562687,68.50373077,3.380333424,154.9280701,3.387000084,70.97093201,
3.501666784,238.8786774,3.508333445,47.27758026,3.531895876,238.0995789,3.538562536,49.59872055,3.562229156,160.0622253,3.568854332,47.75818253,3.593499899,145.8785858,3.600166559,54.23481369,3.624166727,21.39474297,3.630833387,0.8621246219,3.752166748,215.7237854,3.758833408,66.69345856,3.721812487,161.5794525,3.728479147,68.29919434,3.690645933,153.8621674,3.697312355,67.68178558,3.660000086,171.6186523,3.666666746,62.56589127,3.786499977,212.1408081,3.793166637,61.5319252,3.818395853,130.8330231,3.825062513,67.02526855,3.848500013,169.8857117,3.855166674,66.23124695,3.878979206,155.8974457,3.885645866,69.04997253,
4.001666546,240.3646545,4.008333206,48.80236053,4.031645775,236.7045135,4.038312435,49.4814682,4.062645912,155.8804016,4.069312572,46.37027359,4.093229294,144.3435211,4.099916458,55.58670425,4.123979092,20.35841942,4.130645752,0.763608098,4.252833366,215.0829773,4.259500027,66.55345917,4.221979141,155.0047302,4.228666782,69.89352417,4.191645622,156.298645,4.198312283,68.07330322,4.160229206,166.1080475,4.166895866,62.26070023,4.286812305,210.5255585,4.293479443,63.15647888,4.317812443,136.9364471,4.324479103,68.61349487,4.34889555,174.593277,4.35556221,72.15674591,4.379979134,158.0830231,4.386645794,69.29228973,
4.501666546,237.7408752,4.508333206,47.56130981,4.531812668,237.5063782,4.538479328,47.89215088,4.561999798,165.0246124,4.568666458,47.26524353,4.592478752,146.2643433,4.59916687,56.52263641,4.622812271,20.52386856,4.629478931,1.044501185,4.751646042,222.7991638,4.758312702,66.79615021,4.720833302,157.3694305,4.727499962,72.83956909,4.690499783,155.9810638,4.697166443,67.1214447,4.659166336,168.9716034,4.665833473,62.24667358,4.785979271,211.5744324,4.792645931,61.75096512,4.81631279,135.9316254,4.82297945,67.06539154,4.846645832,174.0387573,4.853312492,68.47264099,4.876999855,159.0905914,4.883666515,70.16172791,
5.001666546,237.0804901,5.008333206,47.78062439,5.032645702,237.1095886,5.039332867,45.53024292,5.063916683,163.8093109,5.070582867,48.49113083,5.094229221,146.2576599,5.100895882,55.86227798,5.124499798,19.75970268,5.131166458,0.6642281413,5.253062248,219.6183319,5.259728909,68.65135956,5.221895695,160.5196838,5.228583336,70.68603516,5.191479206,159.6431732,5.198166847,64.60469055,5.160645962,165.0879211,5.167312622,62.13459396,5.287750244,215.6277008,5.294416904,64.59469604,5.318166733,143.1283112,5.324833393,68.64862823,5.347666264,171.9356079,5.354333401,68.64315796,5.379312515,160.4975891,5.385979176,69.44445038,
5.501666546,237.4081268,5.508333206,47.98356628,5.531479359,233.0542755,5.538146019,47.21605301,5.562645912,159.7189941,5.569312572,47.57668304,5.593979359,149.6817474,5.600646019,55.59947586,5.624333382,19.29978943,5.630999565,0.9385243654,5.751666546,220.9100952,5.758333206,67.17347717,5.71989584,159.8829956,5.7265625,69.20037079,5.689312935,157.4600983,5.695979118,66.82000732,5.659083366,170.2886658,5.665750027,63.99851227,5.787083626,219.8922272,5.793749809,61.28027344,5.818312645,140.7145081,5.824979305,68.98888397,5.848416805,173.4993439,5.855082989,68.10328674,5.879312515,159.3053741,5.885979176,68.46930695,
6.001666546,242.8173218,6.008333206,47.24827576,6.03239584,232.5405884,6.0390625,51.12581253,6.063146114,160.0809021,6.069833279,47.68935776,6.094062328,147.1598969,6.100729465,56.01796341,6.124353886,19.17092133,6.130999565,0.634428978,6.252145767,224.673172,6.258812428,66.58102417,6.22149992,162.8830566,6.22816658,71.97212219,6.190333366,162.1795349,6.197000027,69.72769165,6.159500122,168.5942688,6.166166782,63.77932358,6.287499905,220.4311066,6.294166565,64.8807373,6.318479538,137.0565033,6.325166702,67.74187469,6.348978996,175.2060242,6.355645657,71.152771,6.379478931,161.4498596,6.386146069,73.54771423,
6.501666546,248.5166473,6.508333206,46.33895874,6.53275013,236.0188141,6.539416313,46.60889053,6.56364584,165.1190796,6.5703125,46.37166214,6.593979359,145.5949097,6.600646019,54.60451508,6.624312401,20.84091568,6.630979538,1.221143484,6.751812935,225.4297485,6.758479118,66.77250671,6.721166611,160.6614685,6.727833748,70.84119415,6.690750122,160.245163,6.697416782,66.79069519,6.659979343,165.3462067,6.666666508,63.63175964,6.787499905,221.6342773,6.794166565,66.35540771,6.81881237,140.1885986,6.825479031,72.19287872,6.848978996,170.4820709,6.855645657,71.47473907,6.878645897,158.4049835,6.885312557,71.94745636,
7.001666546,242.9865112,7.008333206,47.32277298,7.032999992,238.1662598,7.039666653,45.62483978,7.063333035,162.8026886,7.070000172,46.11679459,7.093812466,146.039978,7.100479126,55.20695877,7.124312401,20.55048943,7.130979538,0.853387177,7.251749992,229.1992798,7.258416653,68.67554474,7.221479416,156.8930817,7.228146076,71.46926117,7.190812588,161.1904907,7.197479248,66.4391098,7.15981245,171.5112152,7.166499615,64.92021942,7.286979198,222.8053589,7.293645859,66.94468689,7.317583084,134.720047,7.324249744,67.7226181,7.347895622,174.1634979,7.354562283,71.04185486,7.378333569,159.0609589,7.385000229,72.74292755,
7.501666546,240.1646118,7.508333206,46.25461578,7.533145428,231.2459412,7.539812565,47.473629,7.564146042,162.9803925,7.570812702,47.96846771,7.59525013,147.098587,7.601916313,55.65689087,7.625500202,21.32717514,7.632166386,0.777041018,7.752978802,230.4797668,7.759645462,69.10081482,7.723333359,162.4934998,7.730000019,71.09230042,7.69264555,161.8952179,7.69931221,67.52867889,7.661812305,173.6349945,7.668479443,63.1479187,7.789166927,221.7022552,7.795833111,65.33662415,7.819500446,139.7026672,7.82616663,70.85228729,7.850979328,176.9835052,7.857645512,71.08343506,7.88131237,163.6234741,7.887979031,69.48986053,
8.001667023,244.4034576,8.008333206,46.0429039,8.031416893,233.3922272,8.038083076,47.51953506,8.062333107,162.5358734,8.069000244,45.1256485,8.092499733,151.0302429,8.09916687,55.62950134,8.123167038,20.51646996,8.129833221,0.6622636318,8.249583244,227.7249603,8.256250381,65.40483856,8.218479156,163.0530548,8.225146294,73.23743439,8.188312531,160.0619507,8.194979668,67.16427612,8.157812119,174.6683502,8.164479256,61.16414261,8.284083366,225.6634979,8.290750504,64.22163391,8.314499855,137.4534454,8.321166039,67.42674255,8.345479012,175.1158447,8.352146149,70.61972046,8.375478745,166.5811768,8.382145882,71.44961548,
8.501667023,242.3785553,8.508333206,46.12741089,8.532645226,235.3064117,8.539333344,46.93819427,8.564146042,161.493988,8.570813179,44.93466187,8.59375,147.7822571,8.600417137,54.06151199,8.625,20.66757584,8.631667137,0.9173458219,8.75231266,233.4555054,8.758978844,67.25263977,8.722000122,164.4558105,8.728666306,71.69494629,8.691666603,163.0358276,8.69833374,66.08789063,8.660583496,170.5855865,8.66724968,60.81200027,8.787812233,225.428299,8.794499397,66.13771057,8.818499565,142.3896027,8.825166702,70.31504059,8.848978996,175.7847443,8.855646133,69.96546173,8.879979134,162.7428436,8.886645317,68.38192749,
9.001666069,243.7720337,9.008333206,46.63629913,9.031146049,240.1335297,9.037812233,46.66204453,9.062479973,169.8377838,9.069146156,47.65664673,9.092583656,152.361084,9.09924984,54.72945404,9.123833656,21.03870964,9.13049984,1.019989967,9.250562668,232.8028107,9.257229805,65.17710114,9.220083237,162.613266,9.22674942,68.01027679,9.189312935,161.8895264,9.195979118,63.7193985,9.158812523,172.8582611,9.16547966,63.33599854,9.284062386,227.0062561,9.290728569,63.19486237,9.3149786,138.3130035,9.321666718,66.05558014,9.345645905,180.1222992,9.352312088,70.00622559,9.376812935,164.6110687,9.383479118,70.66995239,
9.501666069,249.3687134,9.508333206,48.03342438,9.532333374,240.287384,9.539000511,46.36737061,9.562645912,168.0388184,9.569312096,44.68083191,9.59375,151.1945496,9.600417137,52.86415863,9.624333382,21.26507187,9.630999565,0.6795740724,9.751395226,230.9007111,9.758062363,66.19561768,9.720145226,161.4255371,9.726812363,69.91501617,9.689645767,168.368042,9.696312904,63.71714783,9.659833908,174.51828,9.666500092,59.13150787,9.786083221,227.0943756,9.792750359,62.66911316,9.81641674,137.4467621,9.823083878,68.12772369,9.846895218,174.4573517,9.853562355,70.99494171,9.878145218,159.8122559,9.884812355,68.26353455,
10.00166607,245.7057037,10.00833321,47.06471634,10.03197956,238.8610687,10.03864574,45.76571274,10.06264591,168.2020416,10.0693121,45.83810425,10.0926466,150.2175293,10.09931278,54.99967957,10.12366676,20.99535942,10.1303339,0.8039608002,10.25231266,240.6607513,10.25897884,65.46012878,10.22216702,164.219223,10.2288332,70.22968292,10.19116592,163.7134552,10.19783306,65.10675049,10.15999985,171.0407257,10.16666698,58.66952515,10.28781223,233.9170532,10.29447937,65.05509186,10.31814575,137.4505005,10.32481289,69.43101501,10.34947872,179.8790588,10.35614586,71.291008,10.3797493,162.9744568,10.38641644,71.10033417,
10.50166607,242.1221619,10.50833321,48.11002731,10.53166676,242.1029205,10.53833294,47.16181946,10.56208324,169.1771088,10.56875038,44.36869049,10.59233284,153.7235565,10.59899998,55.84317017,10.62239552,21.4011879,10.62906265,1.076128006,10.74947929,237.3209839,10.75614643,65.85779572,10.71797848,165.5799255,10.72464561,66.86164856,10.68772888,162.4591827,10.69439602,62.9652977,10.65697956,179.3096161,10.66364574,58.07992554,10.78458309,232.9405975,10.79124928,63.53575134,10.81516647,141.3931122,10.82183361,66.55556488,10.84566689,180.2966461,10.85233402,70.68062592,10.87531185,158.1642761,10.88197899,68.7410202,
11.00166607,247.5806122,11.00833321,46.71589661,11.03172874,243.3328247,11.03839588,44.13089752,11.06306267,166.9164124,11.0697298,42.51881409,11.09416676,152.9333038,11.10083294,53.81019211,11.12449932,22.58115578,11.13116646,0.9347299337,11.25297928,240.0317078,11.25964546,63.21734238,11.22258282,166.6313629,11.22924995,66.87525177,11.19133282,166.8256531,11.19799995,65.15522766,11.16072941,172.250824,11.16739559,58.74625778,11.28731251,235.284317,11.29397869,63.81316376,11.31764603,139.6833344,11.32431221,67.40267944,11.34858322,181.9943695,11.35525036,67.84635162,11.37872887,163.110672,11.385396,68.59885406,
11.50166607,245.4363556,11.50833321,45.19029999,11.53149986,237.8128052,11.53816605,44.18008041,11.56256199,165.9886322,11.56922913,43.01537704,11.59383297,153.5997467,11.60050011,51.78238297,11.62347889,21.44306374,11.63014603,0.8367410302,11.7518959,243.9877167,11.75856209,65.25537872,11.72141647,161.2927094,11.72808361,66.47294617,11.69081211,168.2200165,11.69747925,63.64971542,11.65964603,176.1931458,11.66631222,57.91918945,11.78814602,239.9224091,11.7948122,62.09064865,11.81849957,142.8983765,11.8251667,65.64782715,11.84983349,179.0969391,11.85650063,69.21357727,11.88047886,163.4654541,11.887146,68.11554718,
12.00166607,251.4018707,12.00833321,46.51329041,12.0322504,248.0565186,12.03891659,43.53145599,12.0625,172.8443756,12.06916714,45.01462555,12.09347916,151.9634857,12.10014534,51.50442505,12.12422848,21.11356735,12.13089561,0.6172209382,12.25300026,250.0471802,12.2596674,63.05835342,12.22247887,165.9499664,12.229146,65.73002625,12.1911459,170.891861,12.19781303,62.26652908,12.16072941,177.6791992,12.16739559,58.25027466,12.28908253,237.7847748,12.29574966,60.2341156,12.31949997,139.6764832,12.32616711,66.15328979,12.35066605,181.8871613,12.35733318,67.87037659,12.38116646,167.7414246,12.3878336,64.82595825,
12.50166607,248.2662506,12.50833321,46.00134277,12.53281212,239.0922546,12.53947926,44.43368149,12.56297874,169.8525238,12.56964588,44.9911232,12.59331226,155.6056824,12.60000038,51.01282501,12.62433338,21.9167881,12.63099957,0.9468181133,12.75224972,245.2898712,12.7589159,62.75456238,12.7218132,165.9817505,12.72847939,68.99295807,12.69033337,168.5227051,12.6970005,59.8944397,12.66022968,174.0724945,12.66689587,57.03171921,12.78831291,243.4878082,12.7949791,59.82948685,12.81949997,140.0979309,12.82616711,67.94658661,12.8499794,182.7225952,12.85666752,71.77098846,12.88064575,164.8696594,12.88731289,68.81760406,
13.00166607,251.9903717,13.00833321,44.8627739,13.03164577,243.6301117,13.03831291,42.49308014,13.06247997,173.914444,13.06914616,43.69533539,13.09256268,158.0038605,13.09922886,52.86183929,13.1239996,20.37552452,13.13066673,0.9463610053,13.25166607,253.0739594,13.25833321,60.65462494,13.22164631,162.4929962,13.22831249,62.97052002,13.1911459,173.0753326,13.19781303,60.97351837,13.16066647,177.2324829,13.16733265,56.18037796,13.28550053,241.2366943,13.29216671,61.92211914,13.31581211,142.0954437,13.32247925,65.2130661,13.34631252,187.4656677,13.35299969,68.31481934,13.37733364,167.5960541,13.38399982,68.70126343,
13.50166607,248.9477844,13.50833321,43.60402298,13.53264523,245.9680634,13.53933334,43.45810699,13.56391716,165.9922943,13.57058334,43.65299606,13.59439564,156.778183,13.60106182,49.69625854,13.62472916,22.09463692,13.63139534,0.9664628506,13.75150013,258.2640076,13.75816631,64.9539566,13.7203331,166.4009094,13.72700024,67.51817322,13.69081211,172.67099,13.69747925,58.89358521,13.65933323,174.2867432,13.66600037,55.57155228,13.7859993,244.5577087,13.79266644,58.66757965,13.81649971,141.82724,13.82316685,66.46945953,13.84781265,186.9077911,13.85447884,68.20401764,13.87797928,170.7072601,13.88464546,67.29587555,
14.00166607,249.6761932,14.00833321,44.88219833,14.03316689,246.3472595,14.03983402,44.40047455,14.0635004,172.0209351,14.07016659,41.1055336,14.09397888,156.1729736,14.10064602,48.44010925,14.12481308,21.81156158,14.13147926,0.9902158976,14.25297928,255.246048,14.25964546,62.13959122,14.22283363,165.5584106,14.22950077,62.30734253,14.1916666,170.0015259,14.19833374,60.87781525,14.161479,179.4311676,14.16814613,56.02653885,14.28666687,249.4876862,14.29333305,58.91077805,14.31764603,139.7862854,14.32431221,64.12541199,14.34889603,185.5077667,14.35556221,68.81162262,14.37914658,169.6359711,14.38581276,65.62546539,
14.50166607,247.8607025,14.50833321,43.3453331,14.53264523,247.8087463,14.53931236,45.33431244,14.56289577,169.6828766,14.56956291,44.42334366,14.59372997,156.7054749,14.60039616,50.15961456,14.62447929,20.82694054,14.63116646,0.9043408036,14.75114536,258.1769409,14.7578125,64.85274506,14.72056293,167.0729523,14.72722912,63.77475739,14.6899786,166.9942627,14.69664574,61.63675308,14.65856266,177.5692749,14.66522884,56.5017128,14.7869997,245.3690643,14.79366684,61.81591797,14.81814575,141.0318604,14.82483292,66.16940308,14.84931278,185.5158234,14.85597897,66.12393188,14.87950039,174.833374,14.88616657,63.9997406,
15.00166607,246.2330627,15.00833321,43.93537903,15.03147888,246.2736206,15.03814602,43.17122269,15.06283379,169.8785553,15.06949997,41.78322983,15.09333324,162.2926788,15.10000038,48.17090607,15.123312,23.46995163,15.12997913,0.835701108,15.2489996,262.631012,15.25566673,64.23207855,15.21781254,171.4249268,15.22447872,63.64846039,15.18747997,172.8338623,15.19416714,58.08151245,15.15664577,179.5973206,15.16331291,56.71865082,15.28406239,246.1862488,15.29072857,59.24483871,15.31533337,140.8962708,15.3220005,62.47628021,15.34497929,182.5076599,15.35164547,68.24224091,15.37547874,175.2800751,15.38216686,66.65296173,
15.50166607,252.2918854,15.50833321,41.80033493,15.53264523,243.4269562,15.53931236,43.83518982,15.56364536,180.6724548,15.5703125,41.83148193,15.59414577,157.2073975,15.60081291,50.6125679,15.62447929,23.13535881,15.63114643,0.828923583,15.75250053,265.2976685,15.75916672,60.41883087,15.72197914,167.3031616,15.72864628,62.24879074,15.69164658,174.668808,15.69831276,58.52532959,15.66050053,178.5766907,15.66716671,56.55382156,15.78681278,248.8273926,15.79347897,59.14053345,15.81681252,143.7560272,15.82347965,62.71775055,15.8473959,189.781189,15.85406303,63.66114426,15.87764549,173.059906,15.88431263,65.61763763,
16.00166702,245.1275787,16.00833321,44.85575867,16.03158379,243.7966461,16.03824997,42.36740875,16.06183434,173.0678711,16.06850052,41.5320282,16.09314537,158.6147308,16.09981346,49.05238724,16.123312,22.64248085,16.12998009,0.7604528069,16.24964523,259.7769775,16.25631142,60.92728043,16.21835518,170.0889587,16.22500038,63.81442261,16.18831253,173.8183289,16.19497871,60.26239014,16.15797997,180.0537415,16.16464615,58.04735184,16.28564644,252.6298523,16.29231262,58.65853882,16.31633377,147.1598053,16.32299995,62.84405899,16.34597969,194.2521362,16.35266685,64.13508606,16.37700081,173.71138,16.38366699,62.26080322,
16.50166702,253.5941925,16.50833321,43.55516052,16.53164482,245.8716583,16.53831291,42.23934937,16.56191635,174.744812,16.56858253,41.365345,16.59239578,157.2810364,16.59908295,47.19434357,16.62266731,23.31440926,16.6293335,0.784486413,16.75164604,258.2055359,16.75831223,59.67163849,16.7203331,168.9248352,16.72699928,64.45028687,16.69000053,176.4106598,16.69666672,60.58439636,16.65872955,181.9319458,16.66539574,55.0710907,16.78731346,249.9897003,16.79397964,59.68186188,16.81748009,142.9108734,16.82416725,62.49971771,16.84889603,189.4263611,16.85556221,65.03116608,16.87864494,177.5426941,16.88531303,64.96983337,
17.00166702,252.6939545,17.00833321,44.69426727,17.03183365,250.0881805,17.03849983,43.52426529,17.06216621,174.999649,17.0688343,41.09934616,17.09266853,155.9201355,17.09933281,50.0065918,17.12299919,23.16684914,17.12966728,0.9188532233,17.25181198,264.3249817,17.25848007,59.89412689,17.22114754,167.6315765,17.22781181,60.4972496,17.19000053,177.5204315,17.19666672,56.63596344,17.15916824,185.4360962,17.16583252,52.18896103,17.28731346,257.8822937,17.29397964,57.67487717,17.31797981,148.1006927,17.32466698,64.79464722,17.34850121,191.0601501,17.35516739,63.96050644,17.37883377,176.2762604,17.38549995,62.64993668,
17.50166702,244.8963776,17.50833321,41.59249878,17.53214455,243.9269257,17.53881264,41.74998093,17.56264687,177.4812622,17.56931114,43.73360825,17.5929985,159.5962524,17.5996666,46.57904053,17.62431145,23.02290154,17.63097954,1.017634511,17.75231361,265.4776917,17.75897789,60.29557419,17.72175026,167.5885773,17.72841644,61.66622162,17.69114494,179.4552765,17.69781303,55.9812088,17.66024971,182.129364,17.6669178,57.3896637,17.7871666,260.5527344,17.79383278,57.68177032,17.81847954,148.2415924,17.82514572,59.64602661,17.84823036,190.7025604,17.85489464,61.88832474,17.87949944,179.1246033,17.88616753,61.1891098,
18.00166702,248.9149933,18.00833321,40.96718597,18.03214455,251.7665558,18.03881264,41.73448181,18.06281281,178.0417175,18.06947899,42.35997772,18.09250069,159.4031525,18.09916496,47.85863113,18.12216568,24.33368111,18.12883377,1.0043782,18.24881172,270.3071899,18.25547981,62.59763336,18.21883392,174.6491394,18.22550011,58.63964462,18.18822861,177.1229553,18.19489479,57.92577362,18.15764618,180.7322845,18.16431236,56.05395508,18.2854805,253.5469208,18.29214668,62.18820572,18.31581306,146.5399017,18.32247925,58.93940353,18.3456459,194.9494476,18.352314,63.5676918,18.37549973,174.67276,18.38216782,64.13237762,
18.50166702,253.5652161,18.50833321,41.30078888,18.53164673,251.2328949,18.538311,42.54414749,18.56208229,173.4410248,18.56875038,40.89522171,18.59231186,158.9838257,18.59897804,46.83351517,18.62281227,23.18790436,18.62948036,1.029540181,18.75049973,271.3680725,18.75716782,60.65927124,18.71983147,173.7464447,18.72649956,57.37327194,18.68891525,176.6552429,18.69558334,55.83179092,18.65864754,184.486908,18.66531181,53.6853714,18.7840004,263.8426819,18.79066658,57.78042984,18.81514549,140.7826843,18.82181168,62.19018173,18.84581375,194.5300598,18.85247993,64.41080475,18.87549973,179.2912292,18.88216782,63.28091049,
19.00166702,248.2635193,19.00833321,43.8370018,19.03158379,245.4967041,19.03824997,42.49212646,19.06183243,173.9714813,19.06850052,41.13913727,19.09314537,161.3033295,19.09981346,46.69800186,19.12333298,24.87285995,19.13000107,0.9749398828,19.24983406,266.8843689,19.25650024,58.38790894,19.21858406,171.1098633,19.22525024,58.72026062,19.18814468,175.3007355,19.19481277,57.92650223,19.15781212,183.2192841,19.16448021,54.58668137,19.28481293,266.4290466,19.29147911,57.51094818,19.31531143,151.8803101,19.32197952,60.99193954,19.34581375,194.5742035,19.35247993,61.41355515,19.37741661,178.3321991,19.3840847,62.9988327,
19.50166702,253.3149109,19.50833321,42.1607132,19.53222847,247.5010376,19.53889656,41.21256638,19.56266594,176.2317047,19.56933403,38.3107872,19.59258461,156.5083618,19.59924889,46.06825256,19.62414551,22.76100731,19.63081169,1.026431799,19.74997902,271.5628357,19.75664711,59.37998962,19.71931076,175.1425629,19.72597885,59.43314362,19.68850136,179.2608948,19.69516563,57.19288635,19.65833282,186.2644196,19.66497993,53.76387787,19.78549957,272.2189941,19.79216766,55.16949463,19.81664658,148.7439117,19.82331276,60.2399826,19.84681129,198.8120575,19.85349846,60.04642868,19.87814522,184.7470398,19.88481331,60.42435837,
20.00166702,247.0368958,20.00833321,41.33556366,20.03149986,252.2624664,20.03814507,40.00544739,20.06183243,180.8626556,20.06850052,39.89834595,20.09197998,154.7592316,20.09864426,45.50161362,20.12322998,23.14163208,20.12989426,1.220923662,20.25014687,279.3004456,20.25681114,58.70307922,20.22031212,174.4384918,20.22698021,58.48462296,20.18931198,177.0328674,20.19598007,56.34735489,20.15891647,184.7101898,20.16558456,51.66172028,20.28391647,263.3999939,20.29058456,56.59216309,20.31350136,152.6296082,20.32016563,56.16064453,20.34399986,197.3524017,20.35066795,60.94148254,20.37516594,181.9432526,20.38183403,61.04424286,
20.50166702,249.1860352,20.50833321,41.93360519,20.53206253,246.1555176,20.53872871,43.4118576,20.56314468,175.2196198,20.56981277,40.00415421,20.59389687,159.8089142,20.60056114,45.89189529,20.62433243,24.11244202,20.63100052,0.8713225126,20.75031281,279.9367065,20.75697899,57.34059525,20.71956253,171.7852936,20.72624969,56.10432816,20.68883324,183.3589325,20.69549942,57.66213226,20.65916824,184.8694458,20.66583252,51.25891113,20.78564644,269.9864197,20.79231071,56.13697052,20.81631279,149.0809326,20.82297897,57.0621376,20.84664536,197.8339691,20.85331154,61.0034523,20.87691689,184.0662689,20.88358307,59.44829559,
21.00166702,253.2556915,21.00833321,41.25105667,21.03233147,243.668457,21.03899956,43.42679596,21.062397,177.5340118,21.06908417,37.37922668,21.0929985,157.9665985,21.0996666,46.95127487,21.12431145,25.72660065,21.13097954,0.9666170478,21.25064468,279.3398743,21.25733185,61.47903442,21.22014618,174.7433014,21.22683334,55.96002197,21.19008446,179.6629028,21.19675064,54.46661377,21.15974998,183.1318359,21.16641617,53.17795944,21.28664589,271.5578918,21.29331207,58.44798279,21.31708336,147.9572296,21.32375145,54.94583893,21.34741592,202.3733521,21.35408401,61.09544373,21.37866592,184.3361359,21.38533401,57.79016495,
21.50166702,245.3708954,21.50833321,39.83240891,21.531147,248.0136719,21.53781319,41.76504517,21.56133461,180.1892395,21.56799889,40.1679306,21.59149933,159.5180054,21.59816742,46.52490616,21.62150002,25.20907784,21.6281662,1.333820105,21.74766731,281.0491943,21.7543335,57.01336288,21.71689606,171.8729095,21.72356224,56.05787277,21.68664551,184.7900085,21.69333267,58.19340897,21.65616608,186.1537628,21.66283417,54.52524948,21.78350067,271.474884,21.79016685,56.27795792,21.81481361,153.9088745,21.82147789,56.55945587,21.84464455,199.2957764,21.85131264,60.57102203,21.87624931,184.2342072,21.8829155,58.29431915,
22.00166702,254.280838,22.00833321,41.52716827,22.03131294,253.507431,22.03798103,41.89514923,22.06206322,174.9610291,22.06875038,39.23468781,22.09250069,162.7698364,22.09916496,46.15829849,22.12316704,27.14735413,22.12983322,0.7652103305,22.25214577,283.2155151,22.25881386,58.74039459,22.22083282,175.0450134,22.22750092,56.02978134,22.19047928,177.2495575,22.19714546,56.59532547,22.1594162,181.8371887,22.16608238,51.04161072,22.28649902,275.9472656,22.29316521,56.5443573,22.31681252,146.3325195,22.3234787,56.4384079,22.34658432,197.9915466,22.3532486,60.33040237,22.37714577,182.0120087,22.38383293,58.75882339,
22.50166702,253.7928162,22.50833321,39.64923096,22.5320015,246.8371887,22.53866577,40.63286972,22.56222916,181.6415405,22.56889725,40.08373642,22.59214592,163.9432831,22.5988121,45.19427109,22.62299919,26.26182365,22.62966728,1.262840509,22.75031281,286.1693115,22.75697899,57.17929459,22.71972847,174.6257935,22.72639656,58.02898026,22.68916702,178.327774,22.69583321,54.90439606,22.65856361,185.1682434,22.66522789,51.81507492,22.78608322,271.5875244,22.7927494,55.56503296,22.81681252,153.4427032,22.82349968,57.00127792,22.84647751,200.7500916,22.8531456,61.68947983,22.87731361,187.0712738,22.88397789,59.87968063,
23.00166702,250.429657,23.00833321,40.95943069,23.03216743,254.1149292,23.03883171,41.2221756,23.06231308,179.8559723,23.06900024,38.06075287,23.09264565,161.910965,23.09931183,42.50154114,23.12364578,26.18950844,23.13031197,0.9930350184,23.2527504,285.1153259,23.25941658,57.57452393,23.22114754,177.9195709,23.22781181,53.56363297,23.190979,180.0687561,23.19764519,57.06434631,23.15949821,187.0761871,23.16616631,51.63006973,23.28674889,278.3148499,23.29341698,53.01281738,23.31731224,154.8481903,23.32397842,55.79262543,23.34764671,205.7334747,23.3543129,60.53739166,23.37783432,185.4833679,23.3844986,57.26063538,
23.50166702,247.2982025,23.50833321,41.41272736,23.53239632,250.4714966,23.53908348,39.95494461,23.56347847,181.3582001,23.57014656,38.04652405,23.59381294,163.7813416,23.60048103,43.32169342,23.624897,27.33962822,23.63156319,1.154055238,23.75272751,291.8877869,23.7593956,60.97401047,23.72231293,177.6376343,23.72897911,55.86069107,23.69164658,180.6561127,23.69833374,55.29353333,23.66033363,184.4467926,23.66699982,51.53725433,23.78798103,286.4666138,23.79464531,54.99313736,23.81889725,148.7487793,23.82556152,54.7019577,23.84931183,196.875885,23.85597992,61.11923981,23.87981224,190.7774658,23.88647842,58.57777786,
24.00166702,247.2376251,24.00833321,40.2756958,24.03164673,254.6850433,24.038311,40.58871841,24.06181145,173.6979218,24.06847954,38.13395309,24.0924778,161.5292053,24.09914589,43.02234268,24.1233139,24.95274544,24.13000107,1.049168825,24.25108147,294.0304565,24.25774956,56.93056107,24.2206459,173.3430634,24.22733307,54.57091522,24.19014549,189.622818,24.19683456,56.26190567,24.15933418,188.6886444,24.16599846,51.48404694,24.28699875,279.6870422,24.29366684,53.42837524,24.31764603,155.6061707,24.32431221,55.62459946,24.34899902,200.6688538,24.35566521,57.93183899,24.37866592,188.4612885,24.38533401,55.65567017,
24.50166702,248.4223328,24.50833321,41.26221466,24.53208351,251.3703766,24.53874969,40.41033554,24.56216621,178.1797943,24.5688343,38.67438507,24.59283257,163.0407104,24.59949875,44.07348251,24.62397957,27.63398933,24.63064575,0.8877463341,24.75083351,291.0480347,24.75749969,56.57991028,24.7206459,172.901474,24.727314,54.42335892,24.69016647,189.1195831,24.69683456,54.01124191,24.65966606,187.2755585,24.66633224,50.58293533,24.78466606,282.0709229,24.79133224,54.16571808,24.81547928,154.1918335,24.82214546,55.72486115,24.84664536,206.6697083,24.85331154,59.71804428,24.87652206,189.9593353,24.88316727,56.32951736,
25.00166702,247.4725189,25.00833321,39.87409592,25.03181076,254.3374634,25.03847885,40.56381226,25.06214523,183.004837,25.06881332,38.11799622,25.09272957,166.142807,25.09939575,46.14074707,25.12274933,26.58453369,25.12941742,1.162183642,25.25016594,295.0674133,25.25683403,55.00485992,25.21958351,174.6512451,25.22624969,54.11886215,25.1889782,183.6630859,25.19564629,56.16513824,25.15847969,190.2825165,25.16514397,52.73394394,25.28383446,280.8477173,25.29050064,52.59043503,25.31516647,154.4533234,25.32183456,52.78566742,25.34547997,202.0784302,25.35214615,57.87186432,25.37608147,191.7993011,25.38274956,54.51754761,
25.50166702,247.2189026,25.50835419,38.96959305,25.53181076,250.3687439,25.53850174,39.0892868,25.562397,175.5175934,25.56908417,38.84547424,25.59266853,162.0369263,25.59933281,45.07723999,25.62298012,28.91605186,25.62966728,1.224178195,25.75108147,292.0904236,25.75777245,56.23519516,25.72047997,179.1313171,25.72716713,54.24895096,25.68997955,184.5690613,25.69664574,55.28332138,25.65931129,189.6650391,25.66597939,48.31711578,25.78781319,284.4245605,25.79447746,53.10139084,25.81774902,150.6494293,25.82441521,54.82135773,25.84814644,207.3718567,25.85481071,54.86381149,25.87881279,192.598465,25.88547897,54.7247963,
26.00166702,249.2093201,26.00833321,39.40956497,26.03166771,248.2605743,26.03833389,37.66170883,26.06214523,179.71875,26.06881332,37.63605499,26.09197998,167.00737,26.09864426,40.96825027,26.12299919,28.0085659,26.12966728,1.115646362,26.25008392,290.4128113,26.25675011,56.9430809,26.21964455,182.3653412,26.22631264,53.71779251,26.18931198,190.4860229,26.19598007,53.97929001,26.15847969,189.9807587,26.16514397,48.55734634,26.28447914,289.0800781,26.29114532,53.41782761,26.31481361,149.2855682,26.32147789,53.58843231,26.34423065,210.6255951,26.35089493,57.37121964,26.37514687,198.4169159,26.38181114,55.81528473,
26.50166702,247.5823975,26.50833321,38.71666718,26.53197861,252.5131683,26.53864479,38.65468597,26.56231308,182.0100403,26.56897926,37.60680389,26.5924778,167.5094452,26.59914589,42.26516342,26.6234169,27.58708191,26.63008499,1.259810686,26.74931145,294.7522888,26.75597954,58.45808411,26.71850014,178.7896576,26.72516632,53.80085754,26.68864632,190.6113281,26.6953125,52.18687057,26.6570015,189.9105988,26.66366577,49.02311325,26.78502083,293.7811279,26.79166603,53.77486801,26.8156662,156.0764923,26.82233238,54.35988998,26.84581375,214.8368835,26.85247993,55.11145401,26.87622833,198.0958252,26.88289642,56.07110214,
27.00166702,245.2845001,27.00833321,37.52998734,27.03191757,249.3242035,27.03858185,39.98863602,27.06216621,176.9466248,27.06881332,39.16866684,27.09214592,162.7593994,27.0988121,42.98174667,27.12241554,28.94745445,27.12908363,1.235106349,27.24972916,296.9697266,27.25639725,55.61761093,27.21914673,175.1304321,27.225811,51.15896988,27.1889782,186.1523132,27.19564629,54.23663712,27.15831375,183.4650879,27.16497993,50.74430084,27.28341675,288.3663025,27.29008293,55.02279663,27.31489754,150.5960693,27.32156181,52.93069458,27.34514618,211.2512512,27.35181236,57.3074913,27.37614632,192.8262634,27.3828125,55.12795258,
27.50166702,243.872467,27.50833321,42.22369385,27.53281212,252.0384827,27.53948021,39.58509827,27.56298065,183.92099,27.56964493,38.89770508,27.59316635,161.3548431,27.59983253,42.44278336,27.62431145,28.53500175,27.63097954,1.207437873,27.74981308,300.2628784,27.75647926,56.45012283,27.71850014,178.189209,27.72516632,53.0343895,27.6889782,195.537735,27.69564629,54.01615906,27.65897751,193.1573181,27.6656456,49.6202774,27.78549957,296.7494202,27.79216766,53.30169296,27.81664658,156.3430176,27.82331276,52.35100937,27.8479805,213.0630493,27.85464668,56.67461395,27.878479,203.892746,27.88514519,53.35581589,
28.00166702,245.4966431,28.00833321,38.06382751,28.03306198,252.5951233,28.03973007,39.04200363,28.06283379,181.1004486,28.06949997,36.11611557,28.093647,167.8823242,28.10031319,42.12165451,28.12408257,29.55413628,28.13074875,1.238619924,28.24931145,297.4141541,28.25597954,55.8025856,28.21814537,177.8739319,28.22481346,53.03101349,28.18808365,184.7687225,28.19475174,56.12526703,28.15774918,190.6212463,28.16441727,48.552948,28.28481293,299.063324,28.29147911,52.75686646,28.31531143,155.7495117,28.3219986,50.82803345,28.34581375,211.8177643,28.35247993,56.54193878,28.37683296,198.9506683,28.38350105,54.1745224,
28.50166702,246.126709,28.50833321,39.00531769,28.53231239,248.8211975,28.53897858,37.69048691,28.56222916,181.8665619,28.56889725,38.40641785,28.59283257,165.0686798,28.59949875,41.84315491,28.62306404,30.36355019,28.62972832,1.260561943,28.75124931,310.0412292,28.7579155,56.50877762,28.71997833,176.6536713,28.7266655,51.44491959,28.68950081,190.9610748,28.69616699,54.96752167,28.65839577,193.1604767,28.66506386,48.27059555,28.78681183,302.1125793,28.79347992,52.30001068,28.81708336,156.1978607,28.82377052,55.35308838,28.84833336,215.8470001,28.85500145,56.31068039,28.87883377,204.4957123,28.88549995,54.08238983,
29.00166702,247.7923584,29.00833321,37.82928467,29.0331459,255.9119415,29.039814,37.81086349,29.06283379,183.6700897,29.06949997,36.42179108,29.09366608,161.7488098,29.10033417,44.6653862,29.12464523,31.6574173,29.13131332,1.341861606,29.25214577,306.3900146,29.25881386,55.17932892,29.22164536,177.8927002,29.22831154,48.66049957,29.1906662,191.3418579,29.19733238,54.03765106,29.16033363,190.565094,29.16699982,48.19372559,29.28714561,297.5422668,29.29381371,51.52170181,29.31781197,156.1578369,29.32448006,50.54271698,29.34897804,211.1465302,29.35564613,56.14712524,29.37948036,204.6686554,29.38614464,52.45682144,
29.50166702,244.649231,29.50833321,39.30999374,29.53247833,253.9236603,29.53914642,39.28124237,29.56281281,180.8839264,29.56947899,35.67110825,29.59331322,165.0189362,29.60000038,41.63680649,29.62364578,31.26630974,29.63031197,1.246000767,29.75164604,305.159668,29.75831223,54.60337448,29.72066689,177.0249634,29.72733307,48.6126976,29.69047928,194.6040192,29.69714546,54.19299698,29.66014671,187.8879242,29.6668129,47.38079834,29.7874794,305.6148987,29.79414749,52.31570053,29.81831169,155.7200775,29.82497978,50.63906479,29.8483963,215.9441071,29.85506248,55.87468719,29.87881279,199.5781555,29.88547897,53.74444962,
30.00166702,245.5959473,30.00833321,36.97460175,30.0328331,259.7862549,30.03949928,38.65702057,30.06298065,181.3542938,30.06964493,36.41909409,30.09381294,167.4566193,30.10048103,41.3102417,30.12483406,31.18064117,30.13150024,1.700835466,30.25250053,302.0323486,30.25914574,52.99993515,30.22208214,176.0528259,30.22875023,48.49075699,30.19091606,189.5626526,30.19758224,57.15306473,30.16064644,192.8165436,30.16731071,47.33465576,30.28683281,303.6618958,30.29349899,50.85381699,30.31708336,157.8394928,30.32375145,51.96646881,30.34683418,217.6013489,30.35349846,55.12556839,30.37797928,204.4235229,30.38464546,54.06609726,
30.50166702,244.1757965,30.50833321,39.0931015,30.53131294,253.7618256,30.53798103,39.5350647,30.56164551,185.3816376,30.56831169,34.95976257,30.59250069,169.2846527,30.59914589,42.50671005,30.62266731,33.88938522,30.6293335,1.369106412,30.74914551,304.8231506,30.75581169,54.07912445,30.71841621,176.0730438,30.7250843,49.14188004,30.68781281,197.6139832,30.69447899,56.71566391,30.65716743,188.4823303,30.66383171,47.41516876,30.78481293,305.2686462,30.79147911,50.93964005,30.81464577,153.5248108,30.82131386,51.72106934,30.84531212,219.5823669,30.85198021,53.89360046,30.87597847,204.6347656,30.88264656,55.10450745,
31.00166702,243.3165283,31.00833321,39.28280258,31.03197861,245.0679169,31.03864479,37.13853455,31.06258392,184.4939423,31.06925011,34.91720581,31.09297943,171.3488922,31.09964561,41.89743805,31.12391853,31.25812912,31.13058281,1.268822789,31.24975014,308.6902466,31.25641632,54.67495346,31.21999931,174.1292725,31.2266655,47.77793121,31.18874931,193.2436218,31.19539642,56.10510635,31.1578331,193.1141968,31.16449928,47.21807098,31.28489494,309.2190247,31.29156303,52.45269394,31.31533432,162.1633759,31.3219986,50.70936584,31.34541702,217.5604858,31.35208321,53.39987946,31.3764782,205.3356323,31.38314629,52.74878693,
31.50166702,247.1000519,31.50833321,36.49071503,31.53233147,253.3072815,31.53899956,39.02323914,31.56197929,185.0630798,31.56866646,37.30926514,31.59297943,167.4695587,31.59964561,40.0931282,31.6233139,34.67858124,31.63000107,1.584019184,31.74964523,314.5813599,31.75631332,55.02243805,31.71914673,175.8122406,31.725811,48.30652618,31.68814468,194.8316345,31.69481277,57.91521072,31.6581459,191.6692963,31.664814,47.58594131,31.78514671,309.8722229,31.7918129,55.16126251,31.81564522,150.6004486,31.82231331,52.34160995,31.8453331,220.0690002,31.85199928,53.28191757,31.87631226,207.7938232,31.88297844,52.00186157,
32.00166702,244.2355194,32.00833511,37.9586525,32.03231049,254.1377258,32.03897858,37.4300766,32.06348038,184.4984436,32.07014465,35.95822144,32.09322739,168.4239197,32.09989548,39.73571777,32.12431335,33.91834641,32.13097763,1.520228505,32.2519989,314.1192322,32.25866699,53.54904938,32.22158432,177.1134644,32.2282486,48.70243835,32.19147873,190.4070587,32.19814682,55.6541748,32.16033173,193.4321136,32.16699982,46.04994202,32.28873062,302.6525269,32.2953949,49.33252335,32.31998062,156.6457825,32.32666779,50.04948807,32.35131073,228.0053864,32.35797882,54.6413002,32.38148117,207.5181885,32.38814545,54.16242218,
32.50166702,245.8669739,32.50833511,37.81800842,32.53297806,255.5700836,32.53964615,37.95296478,32.56331253,183.3752136,32.56998062,35.94908524,32.59349823,167.232254,32.60016632,40.25283813,32.62397766,33.91781235,32.63064575,1.519756913,32.74998093,323.5552368,32.75666809,54.5422821,32.71914673,180.7626038,32.725811,49.47351074,32.6893959,193.102829,32.696064,56.80027008,32.65864563,192.7060547,32.66530991,44.88856125,32.78481293,320.6585388,32.79148102,54.51126099,32.81514359,153.0311584,32.82181168,50.13396835,32.84473038,225.9161224,32.85139465,54.02923584,32.87581253,209.1314545,32.88248062,50.12561417,
33.00166702,239.5761566,33.00833511,36.22567749,33.03264618,252.8350372,33.03931427,37.53332901,33.06372833,184.5540009,33.0704155,34.39442825,33.09483337,170.3823395,33.10149765,39.43613434,33.12548065,35.30531693,33.13214493,1.640386224,33.25331116,319.8933411,33.25997925,53.75829315,33.22289658,181.8020935,33.22956467,49.30239868,33.19264603,197.6567841,33.19931412,55.25032425,33.16097641,189.9339447,33.1676445,45.93805313,33.28764725,312.0085449,33.29431152,50.37807846,33.31858444,157.5715332,33.32524872,48.16987991,33.34899902,224.0031891,33.35566711,53.31510925,33.38031387,215.6053772,33.38697815,50.45516205,
33.50166702,243.4712372,33.50833511,38.89044571,33.53197861,248.3351135,33.5386467,38.3147049,33.56289673,183.4592438,33.569561,34.51791,33.59314728,167.3631744,33.59981155,39.92224121,33.6233139,35.24274826,33.62997818,1.677787066,33.75114441,320.9620972,33.75783157,53.87161255,33.72083282,176.5553741,33.72750092,47.40468597,33.68997955,197.6052094,33.69666672,55.91901016,33.65914536,193.2684784,33.66581345,46.49858475,33.78722763,323.0365906,33.79391861,49.15265274,33.81800079,160.8263397,33.82466507,49.4208107,33.84847641,222.556839,33.8551445,51.22473526,33.87831116,213.2301788,33.88497925,48.79695892,
34.00166702,244.4692078,34.00833511,36.11739349,34.03258133,253.5355988,34.03924942,38.78622818,34.06299973,184.9511719,34.06966782,37.6775589,34.09383392,167.9430542,34.10050201,39.51927185,34.12414551,37.76834869,34.1308136,1.873446345,34.24998093,321.3141479,34.2566452,54.18941498,34.21947861,182.3082886,34.2261467,47.45782471,34.1889801,199.8898163,34.19564438,54.27338791,34.15914536,194.7675476,34.16581345,45.91738892,34.28564453,321.8540344,34.29231262,50.16508102,34.315979,161.0054779,34.32264328,48.9887619,34.34614563,226.7709656,34.35280991,50.73910141,34.37656403,212.8585205,34.3832283,53.06734848,
34.50166702,244.3596497,34.50833511,37.35469818,34.53214645,257.9073486,34.53883362,36.96244431,34.5620842,192.1787415,34.56874847,36.2141037,34.59300232,164.7342377,34.5996666,40.27332306,34.62397766,37.95208359,34.63064957,1.87079072,34.75239563,320.1818542,34.75905991,54.79426956,34.7218132,177.2132111,34.72847748,46.15729141,34.69172668,201.9737396,34.69839859,54.09749603,34.65983582,196.1229095,34.66650009,46.66204453,34.78839493,324.3212891,34.79506302,51.47270966,34.81880951,159.197876,34.82550049,49.742836,34.84947968,226.8980408,34.85614395,53.11338806,34.88048172,216.6301117,34.887146,51.55916977,
35.00166702,238.1223755,35.00833511,36.95252228,35.03173065,246.0555573,35.03839493,35.91377258,35.06183243,188.8369141,35.06850052,34.84396362,35.09264755,170.0204468,35.09931183,40.49591064,35.12297821,38.37736893,35.1296463,1.921500683,35.24931335,320.7071533,35.25597763,55.17887878,35.21897888,181.4713593,35.22564697,47.45106125,35.18833542,201.8804932,35.19498062,54.77281952,35.15866852,198.5198517,35.16533279,43.77695465,35.28497696,325.6332397,35.29164505,50.61065292,35.31558609,159.7410736,35.32225037,47.95623016,35.34572601,224.974411,35.35239792,50.85422897,35.37581253,217.3781128,35.38248062,49.02169418,
35.50166702,242.5866089,35.50833511,37.48806,35.53174973,252.7601471,35.538414,37.4283905,35.5631485,189.9355164,35.56981277,35.50414658,35.59364319,171.2108307,35.60031509,39.52113724,35.62372971,37.29608154,35.63039398,1.751806021,35.75166702,326.7819824,35.75831223,52.378582,35.72075272,179.8661499,35.72741699,47.1751442,35.69031143,205.5787506,35.69697952,57.22965622,35.6593132,195.5799866,35.66597748,46.20576477,35.78741837,328.7088623,35.79408264,48.9549942,35.81814957,163.0356903,35.82481384,47.05184174,35.84847641,229.0459747,35.85514832,51.26161957,35.87891769,216.9732208,35.88558197,48.83105469,
36.00166702,239.2626343,36.00833511,37.27601242,36.03297806,254.3747101,36.03964615,38.6969986,36.06298065,188.5356598,36.06964493,32.92237854,36.09350204,171.8040771,36.10016632,40.13168335,36.12331009,37.33555603,36.12998199,2.10465765,36.24950027,326.0107117,36.25616837,53.18363953,36.21923065,183.599472,36.22589493,47.76397324,36.18906403,205.9372559,36.1957283,53.60254669,36.1581459,199.6717377,36.16481018,45.73209381,36.28547668,327.6677856,36.29214859,50.63302994,36.31631088,164.1828461,36.32297897,46.73087692,36.3465004,222.1164398,36.35316467,52.11388397,36.37764359,223.7048645,36.38431549,47.30516052,
36.50166702,240.4381866,36.50833511,35.68667984,36.53131104,254.0271606,36.53797913,38.13925171,36.56164551,189.5470734,36.56830978,35.62001038,36.59239578,165.0509491,36.59906387,37.95695114,36.62281036,35.65974808,36.62947845,1.632802725,36.74816513,330.4385986,36.75483322,51.87404251,36.71847916,180.5248718,36.72514725,45.78582382,36.68764496,207.2420044,36.69431305,50.94328308,36.65649796,195.0103455,36.66316605,44.48911667,36.7843132,329.1685791,36.79097748,50.8485527,36.81506348,160.172348,36.82172775,46.4112854,36.84531403,222.3347778,36.8519783,50.64517593,36.87598038,218.6021881,36.88264465,50.41681671,
37.00166702,239.5152283,37.00833511,37.05659485,37.03181076,258.8809814,37.03847885,35.19211578,37.06281281,187.9325409,37.06947708,35.31116867,37.09331131,170.1593781,37.0999794,38.78413773,37.12331009,39.49390793,37.13000107,1.420236349,37.25014496,339.3139038,37.25681305,52.60503006,37.21964645,182.9911346,37.22631454,44.92170715,37.18889618,210.0730743,37.19556046,53.03852844,37.15781403,196.5407867,37.1644783,43.41609573,37.2846489,330.0197449,37.29131317,49.02193451,37.31531143,160.7949524,37.32197952,45.77407837,37.34583282,229.9513855,37.3524971,52.32009125,37.37624741,217.5391541,37.38291931,50.3123436,
37.50166702,242.0425415,37.50833511,35.59903717,37.53281403,253.1962128,37.5394783,36.69953918,37.56264496,187.0875397,37.56933212,34.61581421,37.59347916,171.7078552,37.60014725,36.01092529,37.62447739,40.6763649,37.63114548,1.468996048,37.75006104,331.1889343,37.75672913,50.40823746,37.71981049,181.5544891,37.72648239,45.3695488,37.68916702,211.7374268,37.69583511,51.78921127,37.65841293,194.5518188,37.66508484,43.05987549,37.78575134,338.4680481,37.79241562,48.48952484,37.81624985,161.0987854,37.82291794,46.42860031,37.84624863,232.0688019,37.85291672,51.04792786,37.87666702,223.2341614,37.88333511,52.90541458,
38.00166702,237.6521454,38.00833511,34.48755646,38.03181076,253.3996735,38.03847885,36.50638199,38.06233215,196.3566895,38.06899643,34.48117828,38.09264755,171.0034332,38.09931183,37.15655518,38.12347794,41.18520737,38.13014603,1.589751005,38.25083542,336.8247375,38.25749969,52.07069016,38.22047806,185.3190308,38.22714615,45.83678436,38.18947601,208.2528992,38.19614792,52.08776093,38.15914536,195.9678192,38.16583252,43.33011246,38.28556442,337.9936218,38.2922287,50.60327911,38.31599808,159.6220398,38.32266998,45.06555557,38.34616852,232.9962311,38.35283279,49.41593933,38.37781143,221.5685883,38.38447952,49.56921005,
38.50166702,237.9284668,38.50833511,37.71281815,38.53147888,249.7283478,38.53814697,35.64474487,38.56189728,187.9267731,38.56856155,34.98018265,38.59316635,169.2834473,38.59983444,38.20832825,38.62333298,40.42313766,38.63000107,1.787853718,38.75225067,346.6062622,38.75891495,51.3285675,38.72081375,181.8910675,38.72747803,44.09004974,38.69031143,214.1484985,38.69700241,53.48484421,38.65999985,191.9817963,38.66666794,44.77088928,38.78774643,345.9911194,38.79441833,46.69387817,38.81766891,158.7765808,38.82433319,47.27476501,38.84897995,241.8078766,38.85564804,51.68643951,38.87864685,223.3024292,38.88531113,48.71422577,
39.00166702,236.9268188,39.00833511,37.46791458,39.03156281,251.8689575,39.03822708,36.82794952,39.06266785,190.7427063,39.06933212,34.90375137,39.0928154,175.8740997,39.09947968,37.36262894,39.12381363,43.1397934,39.13048172,2.037770748,39.24897766,342.6388855,39.25564957,53.35909653,39.21899796,181.2832031,39.22566605,43.8007431,39.18864822,210.1921387,39.1953125,51.20738983,39.15797806,196.157135,39.16466522,44.19377518,39.2846489,336.2243958,39.29133224,47.49987411,39.31583405,163.3851624,39.32250214,45.09920502,39.34600067,240.0678864,39.35266495,49.91905594,39.3764801,226.2852478,39.38316727,48.23134995,
39.50166702,238.3381042,39.50833511,34.96065521,39.5331459,254.0967102,39.53981018,38.24769592,39.56324768,195.9784546,39.56991959,34.45991135,39.59449768,168.4209595,39.60116959,38.24985886,39.62514496,42.82733536,39.63181305,1.624138355,39.75349808,345.1519165,39.76016998,51.26338577,39.72322845,180.8797302,39.72989655,44.94302368,39.69200134,213.2660522,39.69866562,51.258358,39.66097641,193.4391174,39.66766739,43.73546982,39.78898239,344.3980103,39.79564667,48.67150116,39.8203125,156.0187073,39.82697678,45.66571808,39.85083389,236.7114258,39.85749817,48.89418793,39.88114548,222.9216156,39.88781357,48.60553741,
40.00166702,237.7705536,40.00833511,34.22903442,40.03164291,251.6126404,40.03831482,35.23627472,40.06189728,195.0029297,40.06856155,35.60021591,40.09283447,177.8217621,40.09949875,36.88460159,40.12339783,44.00334549,40.1300621,1.610778332,40.25131607,346.1688843,40.25798035,51.5664978,40.22075272,184.1713409,40.22741699,46.23774338,40.18964386,216.4812469,40.19631195,53.77549744,40.15948105,195.198822,40.16614532,43.29288483,40.28649902,341.9399414,40.29316711,48.92698288,40.31697845,160.2436371,40.32366562,44.00568008,40.3481636,236.3639832,40.35483551,47.63679886,40.37866592,226.4548492,40.38533401,49.97509003,
40.50166702,237.549469,40.50833511,36.13356781,40.53300095,250.5661774,40.53966522,36.52605057,40.56333542,193.8514709,40.56999969,32.98809052,40.59414291,178.103241,40.60081482,36.87606049,40.62498093,43.40572357,40.6316452,2.005275965,40.75314713,340.9398499,40.75983429,52.7233963,40.72239685,179.9979858,40.72906113,41.5926857,40.6921463,210.048996,40.69881058,49.12407303,40.66158295,196.0138397,40.66825104,44.51679611,40.7886467,345.0968933,40.79531097,47.88123322,40.82008362,163.0308685,40.82674789,45.35277939,40.8503952,244.8560638,40.85706329,48.04047012,40.88147736,228.3772888,40.88814545,47.87999344,
41.00166702,230.9935913,41.00833511,36.77567291,41.03114319,252.9723663,41.03781509,35.96895218,41.06181335,197.1505127,41.06847763,33.73896408,41.0921669,175.4651337,41.09883118,38.4465065,41.12247849,44.67745209,41.12916565,1.711138964,41.25031281,346.1252136,41.25697708,50.44752884,41.21964645,176.4592133,41.22631454,43.70354462,41.18883514,220.0283966,41.19549942,52.41059113,41.1584816,196.6906128,41.16514587,46.0790863,41.2840004,355.2694397,41.29066467,45.43479538,41.31514359,163.4254761,41.32181549,43.08295441,41.34514618,238.7065277,41.35183334,49.67856216,41.3756485,231.6865082,41.38231277,46.24503708,
41.50166702,234.1057434,41.50833511,35.31622696,41.53164291,256.413147,41.53833389,35.28863907,41.56298065,197.2479858,41.56964493,34.88925552,41.59366989,175.0717163,41.60033417,36.94506836,41.62414551,46.45409012,41.63080978,1.602331996,41.75181198,345.6947937,41.75848007,52.59879303,41.7215004,174.4684143,41.72816467,45.76580048,41.69047928,212.351059,41.69714737,48.45339966,41.66031265,197.6976929,41.66698074,44.34065628,41.78781509,348.6069336,41.79447937,47.88504028,41.81814957,164.285614,41.82481384,45.85333633,41.8488121,237.661438,41.85548019,47.38665009,41.87897873,235.4010773,41.88564301,46.545578,
42.00166702,232.3417664,42.00833511,33.97755814,42.03231049,253.9037476,42.03898239,35.79944611,42.06349945,200.0977631,42.07016754,35.6666832,42.09375,170.2915802,42.10041428,36.97869873,42.12514496,43.25725174,42.13181305,2.079946518,42.253479,346.5145569,42.26014328,52.99013901,42.22331238,179.1635437,42.22998047,42.2728157,42.19266891,216.0124664,42.19933319,49.05077362,42.16241837,191.2682648,42.16908264,44.23378372,42.28881454,357.4926147,42.29547882,47.54611206,42.31941605,156.8663788,42.32608414,43.73285294,42.34975052,242.0961609,42.35641861,48.05862045,42.38014603,232.4161682,42.38681412,44.48289871,
42.50166702,232.6678162,42.50833511,34.47438812,42.53247833,255.2430573,42.53914261,35.69142151,42.56225204,193.4384918,42.56891632,33.17497635,42.59266663,173.2125702,42.5993309,35.87086868,42.62397766,46.47517014,42.63064957,2.090778828,42.75141525,354.9950256,42.75808334,53.97031784,42.7206459,177.3289337,42.72731018,43.94061279,42.68981171,217.5291443,42.69649887,47.59133148,42.65950012,200.1571503,42.6661644,41.73348999,42.78764725,354.7415771,42.79431152,48.76905441,42.81839752,159.529892,42.8250618,45.22916031,42.84858322,247.9673462,42.8552475,50.3541832,42.87866592,232.1857605,42.88533401,50.93357849,
43.00166702,229.2380524,43.00833511,33.51973343,43.03158188,255.7323608,43.03824997,35.89655685,43.06172943,196.0629425,43.06839752,33.95293045,43.09289551,170.6353912,43.09955978,36.25283051,43.12316513,43.79046631,43.12983322,2.367218018,43.25016785,355.7043762,43.25683212,53.35881424,43.21933365,184.3352661,43.22600174,41.30204773,43.18841553,220.5414276,43.19508362,49.54772186,43.15800095,193.3561401,43.16466522,42.98984528,43.28539658,354.4711914,43.29206085,48.51554871,43.3156662,161.9450073,43.32233429,43.32346725,43.34698105,239.7779999,43.35364532,48.27103043,43.37731171,239.4118958,43.3839798,45.9588089,
43.50166702,229.7151489,43.50833511,34.88942337,43.5318985,255.3668976,43.53856277,37.48071671,43.56166458,194.1830292,43.56833649,34.2996254,43.59183502,169.3479767,43.5984993,36.93242645,43.62206268,47.37391663,43.62872696,2.093271255,43.7506485,356.9238281,43.75731277,53.03936005,43.71999741,174.6567841,43.72666931,43.31184006,43.68991852,224.386795,43.69658279,49.86141968,43.65841293,195.1847382,43.66508484,44.75361252,43.78647995,360.6992798,43.79314804,48.80528259,43.8172493,158.7899475,43.82391739,44.00826645,43.84781265,243.0344543,43.85448074,47.11893845,43.8781662,244.3874359,43.88483429,45.9669342,
44.00166702,228.7637787,44.00833511,34.30295181,44.03149796,257.363678,44.03816605,34.62786865,44.06214523,197.3560028,44.06880951,34.9021225,44.09214783,176.7918854,44.0988121,37.12406158,44.12258148,46.53460312,44.12924957,2.077524662,44.25008011,351.2874756,44.25675201,53.19391632,44.21958542,176.3962097,44.22624969,43.00653839,44.18947601,224.7667694,44.19614792,47.84970856,44.15881348,198.9823608,44.16547775,43.12236786,44.2863121,359.7635498,44.29300308,48.60243988,44.31664658,168.4934845,44.32332993,42.87308502,44.34825134,248.348938,44.35491562,49.34554291,44.37783051,233.4341431,44.38450241,46.66292953,
44.50166702,230.623291,44.50833511,35.09391403,44.53147888,249.0153961,44.53814697,35.60815811,44.56197739,195.7940521,44.56866837,33.82011414,44.59231186,180.6255188,44.59899902,36.9718132,44.62347794,48.11724854,44.63014603,1.981617451,44.7511673,364.563324,44.75783157,50.81978607,44.7206459,184.1912842,44.72733307,41.55220032,44.68999863,225.7571564,44.69666672,47.08008194,44.65981293,194.6483002,44.66648102,42.70290375,44.78606415,364.1871643,44.79272842,48.7048378,44.81666565,163.7887878,44.82332993,41.67172623,44.84666824,245.2433777,44.85333252,48.96682358,44.87731171,237.5671082,44.88399887,48.03578568,
45.00166702,228.1308746,45.00833511,33.67793274,45.0328331,254.1279144,45.03950119,34.66295624,45.06299973,190.8925171,45.069664,33.0227356,45.09381104,174.7434845,45.10047913,35.67650986,45.12414551,47.98878479,45.13080978,1.834845185,45.25181198,360.9836426,45.25848007,51.37215805,45.22166824,176.2958832,45.22833252,41.49003983,45.19156265,229.4915161,45.19823074,47.11603165,45.16033554,198.6071777,45.16699982,41.74808502,45.28639603,364.5907898,45.29306412,49.23186874,45.3168335,163.4060669,45.32349777,42.61358643,45.34683609,244.0276337,45.35350037,47.9706192,45.37781143,238.9213867,45.38447952,46.38276672,
45.50166702,230.353241,45.50833511,33.79471207,45.53197861,247.070816,45.5386467,34.96886826,45.56248093,201.0694885,45.5691452,33.73033142,45.59275055,175.5181885,45.59941864,34.54184723,45.62299728,50.87081528,45.62966537,2.064594269,45.75072861,358.3031311,45.7573967,53.33600616,45.72031403,177.9334412,45.7269783,40.67043304,45.68966293,223.1908722,45.69633484,46.65487671,45.65924835,196.8781128,45.66591644,41.61941147,45.78539658,369.056488,45.79206085,46.92996597,45.81549835,162.9689941,45.82216644,41.35027313,45.84616852,253.6274261,45.85283279,46.69722748,45.87697601,244.724411,45.88364792,45.29906464,
46.00166702,224.8652039,46.00833511,36.30479813,46.03197861,258.7888489,46.0386467,35.79669571,46.06248093,202.5093994,46.06916428,32.56934357,46.09289551,171.2181244,46.09955978,35.95614624,46.12408447,46.94144821,46.13074875,1.920081615,46.2514801,370.0474548,46.25814438,51.83985901,46.2203331,183.8648529,46.22700119,42.01197815,46.19033051,226.5678253,46.19700241,46.24763107,46.15997696,195.9212799,46.16664505,41.83916855,46.2871666,371.9726563,46.29383087,49.21825409,46.31864548,166.9127655,46.32531357,40.49499893,46.3488121,249.0329437,46.35550308,46.37685013,46.37981415,238.0392303,46.38647842,47.9197464,
46.50166702,222.1450958,46.50833511,32.67868805,46.53149796,251.914856,46.53816605,33.73324585,46.56183243,204.9134827,46.56850052,33.25951385,46.59283447,170.8658752,46.59949875,35.44544601,46.62314606,50.51774597,46.62981415,2.320478916,46.74981308,366.7139282,46.75647736,53.22180939,46.71923065,183.0846558,46.72589493,39.55556488,46.68831253,230.7588654,46.69498062,46.97582245,46.6578331,196.144104,46.66450119,41.48897934,46.78591537,374.2401123,46.79258347,47.08852386,46.81606293,161.4862061,46.82273102,41.94805527,46.84633255,254.0558929,46.85300064,47.94391251,46.87733078,243.7272186,46.88399887,49.1145134,
47.00166702,223.0845184,47.00833511,33.29897308,47.03214645,249.2564697,47.03881454,35.54174423,47.06248093,206.5812683,47.0691452,35.82984161,47.09308243,175.2177124,47.09975052,35.39155579,47.12333298,49.69883728,47.13000107,2.253621101,47.25072861,359.3200684,47.2573967,52.3466568,47.22031403,180.8127441,47.2269783,41.27355576,47.19014359,229.2545166,47.19681549,46.44514465,47.15948105,194.7660217,47.16614532,40.73875809,47.28681183,376.0030518,47.2934761,46.58583069,47.31702042,165.4033051,47.32366562,42.14768219,47.34814453,251.7884674,47.35483551,46.47693253,47.37831116,240.8377228,47.38497543,46.72325516,
47.50166702,229.4980011,47.50833511,34.42630386,47.53300095,249.057312,47.53966522,36.06875992,47.56299973,206.444458,47.569664,32.58934021,47.59350204,175.2473907,47.60016632,35.23450851,47.62381363,50.236866,47.63048172,2.259475708,47.75181198,360.765625,47.75848007,50.69041443,47.7206459,179.203064,47.72731018,40.37917709,47.69014359,235.1791534,47.69681549,47.27129364,47.65950012,192.3780212,47.6661644,41.51315308,47.7863121,382.5314941,47.79298019,48.54857254,47.81616592,162.763916,47.82283401,40.87974167,47.84733582,259.5723572,47.85400009,46.72832489,47.87747955,252.9046173,47.88414764,45.48164368,
48.00166702,226.9014435,48.00833511,33.69029617,48.03131104,250.1260376,48.03797913,33.76763916,48.06216812,204.9894562,48.0688324,32.78926468,48.09275055,176.4291992,48.09941864,35.09831238,48.12316513,52.90201187,48.12983322,2.370257854,48.25131607,375.306366,48.25798035,52.93230057,48.2209816,184.7335663,48.22764587,41.0178299,48.18966293,237.2406158,48.19633484,46.44750977,48.15939713,195.7769165,48.16606522,42.5266304,48.28666687,389.7247009,48.29333496,45.75782394,48.31800079,166.5428314,48.32466507,39.76849747,48.34749985,252.0278625,48.35416794,45.60481644,48.37783051,247.0838165,48.38450241,46.05758286,
48.50166702,226.5233612,48.50833511,33.70373154,48.53297806,251.2103271,48.53964615,34.62576294,48.5631485,205.0530548,48.56981277,31.83460236,48.59266663,178.1159363,48.5993309,35.49671555,48.62349701,51.05177689,48.63016891,1.949640512,48.7514801,384.1712341,48.75814438,52.00889206,48.72050095,183.4087677,48.72716522,41.8623085,48.69064713,232.3139496,48.69731522,47.77736282,48.65924835,198.5668488,48.66591644,39.56368256,48.78764725,380.6776733,48.79431152,46.89839172,48.81830978,163.51474,48.82497787,41.18930817,48.84875107,249.0630188,48.85541534,45.72555542,48.87966537,247.1342163,48.88633347,45.2437439,
49.00166702,224.2104797,49.00833511,33.33167648,49.03158188,254.3522491,49.03824997,33.32902527,49.06283188,199.4498596,49.06949997,33.49696732,49.09247971,174.8491364,49.09914398,33.67398834,49.1234169,52.47544098,49.13008118,2.269545794,49.25099945,378.3408203,49.25766754,51.35766602,49.22008514,176.3421936,49.22674942,40.96383286,49.18950272,236.3056183,49.19616699,45.60190582,49.1593132,194.1699677,49.16597748,41.35161591,49.28689957,374.7797852,49.29356384,47.50879288,49.31706238,164.3154449,49.32374954,41.68669128,49.34764481,256.8131714,49.3543129,45.86290741,49.37883377,250.1831055,49.38549805,43.87812424,
49.50166702,222.769165,49.50833511,34.36502457,49.53331375,248.3895721,49.53997803,36.2169075,49.56348038,213.9288635,49.57014465,33.27708817,49.59397888,175.6408844,49.60064697,35.49236298,49.62422943,52.25383759,49.63089752,1.932601094,49.75216293,386.1346436,49.75883484,49.33860779,49.72164536,185.3377533,49.72831345,39.74594879,49.69156265,237.6100769,49.69823074,44.69355392,49.66014481,197.4682312,49.6668129,40.85011673,49.78766632,392.9077148,49.7943306,47.75102997,49.81897736,164.120224,49.82564545,40.0284729,49.84908295,255.0199585,49.85575104,45.02457047,49.87939453,254.8113708,49.88606262,45.10525131,
50.00166702,222.3406372,50.00833511,32.85657501,50.03164291,252.4444122,50.03831482,32.53411484,50.06197739,208.1921539,50.06864548,34.11136627,50.09241486,179.6118927,50.09908295,34.64598465,50.12366486,54.20174408,50.13033295,2.330926418,50.25114822,380.3095703,50.2578125,51.4009552,50.22014618,188.4275665,50.22681046,39.29578018,50.18997955,236.6020203,50.19664764,44.21936417,50.15950012,197.4590607,50.1661644,40.8417511,50.28675079,395.3860779,50.29341507,45.76960754,50.3172493,165.181427,50.32391739,40.40240479,50.34747696,260.8402405,50.35414505,44.16801834,50.37823105,250.3129272,50.38489532,45.3966217,
50.50166702,223.9768677,50.50833511,32.3187294,50.53247833,255.9701843,50.53914261,33.08486557,50.56298065,210.7313995,50.56964493,32.41259384,50.59397888,178.6182251,50.60064697,34.25613785,50.62391663,54.72911453,50.6305809,1.989445686,50.75175095,373.634491,50.75841522,52.05566406,50.72066498,183.28862,50.72733307,39.07520294,50.6902504,239.5288239,50.69691467,44.18599319,50.66014481,195.902771,50.6668129,39.8218956,50.78783417,390.407959,50.79447937,45.33847427,50.81864548,162.5396881,50.82531357,41.38452911,50.84883118,256.3144531,50.85548019,45.843853,50.87906265,251.160202,50.88573074,44.68888092,
51.00166702,220.5916138,51.00833511,32.46579742,51.03233337,251.0595551,51.03900146,34.81172562,51.06349945,206.4105988,51.07016754,33.34524155,51.09391785,177.8164673,51.10058212,36.48862076,51.12483215,53.99087524,51.13149643,2.44056654,51.25197601,377.9303284,51.25864792,51.44908142,51.22183609,182.0869598,51.22850037,37.97925949,51.19150162,237.6990204,51.19816589,43.49836349,51.16049957,195.0841064,51.16716766,41.4019928,51.28649902,403.7131958,51.29316711,44.97159576,51.31666565,164.5320282,51.32332993,40.29445267,51.34758377,267.1289673,51.35424805,44.37663269,51.37897873,249.0972595,51.38564301,45.10622025,
51.50166702,220.5173187,51.50833511,33.30554199,51.53181076,252.8051147,51.53847885,34.46906281,51.56281281,212.1779327,51.56947708,32.2591095,51.59224701,172.3646698,51.59891891,32.78771973,51.62347794,54.71821213,51.63014603,2.211380959,51.75197601,380.3113098,51.75864792,51.60943222,51.72164536,181.7069855,51.72831345,38.60001755,51.69031143,239.1617126,51.69697952,43.48549652,51.65981293,193.2500916,51.66648102,40.69746399,51.7874794,389.8386536,51.79414368,45.91865158,51.81830978,167.071228,51.82500076,39.7552948,51.84931183,257.5502319,51.8559761,43.39800262,51.87864685,253.6298981,51.88531113,46.14316559,
52.00166702,213.798233,52.00833511,32.35915375,52.03181076,247.9253998,52.03847885,32.97832108,52.06191635,207.5621796,52.06858444,34.2945137,52.09300232,176.0276337,52.0996666,33.67305756,52.12297821,56.59730148,52.1296463,2.588698149,52.25133514,389.3163147,52.25799942,50.0218811,52.22075272,179.1065216,52.22741699,38.80049133,52.19023132,243.4316559,52.1968956,43.00959396,52.15914536,193.8816376,52.16583252,41.43175507,52.28733444,396.9530334,52.29399872,44.88349533,52.31798172,165.5962524,52.324646,40.90692139,52.34797668,263.2711182,52.35464859,45.92341995,52.37914658,250.8779755,52.38581085,45.90673065,
52.50166702,219.1934509,52.50833511,31.9436264,52.5328331,246.2748566,52.53950119,34.38305664,52.56306076,210.9187927,52.56972885,33.24173355,52.59433365,178.5627136,52.60100174,33.85866928,52.62481308,57.75583267,52.63147736,2.502111435,52.75208282,391.947937,52.7587471,50.3079834,52.72148132,180.8655701,52.7281456,40.13168716,52.69116592,239.6442871,52.69783401,43.2585144,52.66033554,194.0474396,52.66699982,40.95412445,52.78831482,401.6701965,52.7949791,44.00831604,52.81839752,168.3187103,52.8250618,36.75442886,52.84866714,263.2232971,52.85533524,44.34179688,52.87983322,253.5810242,52.8864975,44.65732956,
53.00166702,216.5150909,53.00833511,34.69272614,53.03164291,251.379364,53.03833389,34.5740242,53.06231308,212.5633698,53.06897736,31.71101952,53.0928154,174.6875763,53.09943771,32.92705154,53.12349701,57.80731201,53.13016891,2.303124189,53.25066757,395.8471069,53.25733185,49.70944595,53.22050095,184.4892273,53.22716522,40.31946945,53.18999863,241.9272461,53.19666672,43.42443466,53.15898132,194.9558716,53.1656456,38.63928223,53.28714752,402.6900635,53.2938118,47.88923264,53.31766891,160.9430695,53.32433319,39.40607452,53.34797668,265.5870361,53.35466766,44.68384552,53.37914658,258.3963013,53.38581085,46.48529816,
53.50166702,213.3940887,53.50833511,32.64896774,53.53247833,253.3406982,53.53916931,33.11326981,53.56289291,211.0559387,53.56956482,32.05796051,53.59456253,175.2881622,53.60123062,35.58777618,53.62472916,58.57797241,53.63139725,2.333045721,53.75281143,392.711853,53.75947952,49.64228058,53.72233582,178.7091675,53.72900009,40.67298508,53.69206238,242.4036865,53.69873047,44.81401443,53.66141891,197.2703857,53.66808319,41.64648056,53.78847885,409.907959,53.79514694,45.95281219,53.81880951,159.6035767,53.82550049,40.54191589,53.84947968,261.0867615,53.85614395,44.68887711,53.88041687,255.7912445,53.88710403,46.3631134,
54.00166702,210.8000336,54.00833511,34.71524429,54.03214645,249.9514771,54.03881454,31.77057648,54.0625,215.8708496,54.06916428,32.81347275,54.09283447,176.303772,54.09949875,33.56874084,54.12397766,57.21501541,54.13064957,2.951756716,54.25139618,400.716217,54.25806046,48.97773361,54.2206459,180.1541901,54.22733307,38.09762955,54.19014359,245.9409637,54.19681549,41.50946808,54.16016769,195.1355896,54.16683197,39.38943863,54.28705978,404.5048523,54.29375076,44.10354996,54.31800079,170.1446533,54.32466507,39.39642715,54.34833145,261.2185669,54.35499954,45.34265518,54.37916565,250.7520599,54.38582993,44.58782196,
54.50166702,217.5496674,54.50833511,30.70094109,54.5331459,252.4468231,54.53981018,34.26954651,54.56381607,210.8764954,54.57048035,33.55834961,54.59408188,176.2294464,54.60074997,32.63529968,54.62491989,59.79018402,54.63158417,2.258700848,54.75233078,394.3463135,54.75899887,49.20240021,54.72174835,184.7684479,54.72841644,36.54415131,54.690979,248.1295319,54.69764328,43.8290329,54.66047668,198.7449799,54.66716766,40.25587845,54.78883362,411.0647278,54.79549789,44.35053253,54.819664,157.014389,54.82633591,39.27301788,54.84947968,271.4831238,54.85614395,44.39959335,54.88056183,258.499054,54.8872261,45.46060181,
55.00166702,216.6591492,55.00833511,31.47677422,55.03158188,248.8349457,55.03824997,33.43052673,55.06166458,213.9422607,55.06833649,31.63629723,55.09116745,180.8850708,55.09783554,34.20524979,55.12133408,61.10379791,55.12799835,2.340670586,55.24931335,402.6204224,55.25597763,50.30945206,55.21831131,180.513504,55.22499847,37.76269913,55.18798065,248.7761993,55.19464493,44.10565948,55.1568985,194.6345673,55.16356277,40.48657227,55.28381348,416.9259033,55.29047775,47.17642975,55.31431198,166.478363,55.32098007,40.03468323,55.34464645,267.9506836,55.35131454,45.88463593,55.3764801,261.4702148,55.38314438,44.0430069,
55.50166702,211.2701874,55.50833511,30.93942451,55.5334816,252.6765747,55.54014587,33.00009918,55.56358337,217.3756866,55.57025146,33.15256119,55.59381104,180.1017761,55.60047913,32.10536957,55.62414551,60.35634613,55.63080978,2.821152687,55.75166702,399.8970642,55.75833511,49.00431824,55.7218132,182.1802216,55.72847748,38.2546196,55.69131088,246.2107544,55.69797897,42.28754044,55.66033554,196.2340698,55.66699982,41.67869949,55.78808212,412.2760925,55.79475021,45.80518723,55.81833649,165.0675507,55.82500076,37.98554611,55.84916687,269.4709167,55.85583496,43.86365891,55.87981415,262.5400391,55.88647842,44.24263763,
56.00166702,208.0494537,56.00831223,31.31402969,56.03183365,251.4999542,56.03850174,34.18854523,56.06316757,217.3366547,56.06983185,31.49440193,56.0928154,180.2815704,56.09947968,34.49530029,56.12314606,61.87426758,56.12981415,2.626368761,56.25214386,408.2116089,56.25881195,50.45478058,56.22183609,185.8516083,56.22850037,37.78747177,56.19116592,244.6155396,56.19783401,44.15738297,56.15898132,193.2545471,56.1656456,41.85312271,56.28733444,415.7068481,56.29399872,45.80423737,56.31847763,165.6641541,56.32514572,38.83997726,56.34891891,270.6653442,56.35558319,44.04113007,56.37939453,261.0820618,56.38606262,45.09303284,
56.50166702,209.7161102,56.50833511,32.41059875,56.53174973,252.6245728,56.538414,32.2154274,56.56200027,219.0603638,56.56866837,32.04283524,56.59275055,176.3412476,56.59941864,34.38646698,56.62266922,61.53019333,56.6293335,2.152902126,56.75098038,405.2520142,56.75764465,45.85636902,56.7202301,187.2699585,56.72689438,36.50367737,56.68981171,256.331604,56.6964798,42.36802673,56.65914536,193.0983429,56.66581345,42.57766342,56.78649902,418.9533386,56.79316711,48.28042984,56.8171463,163.0657043,56.82381058,39.99155807,56.8483963,275.2877502,56.85506058,45.17817688,56.87883377,258.6274109,56.88549805,44.02973938,
57.00166702,201.541687,57.00833511,32.03710938,57.03231049,250.9417877,57.03898239,33.5344162,57.06225204,221.1030579,57.06891632,30.96274567,57.09300232,180.4609833,57.0996666,34.51048279,57.12331009,62.42619705,57.12998199,2.556687593,57.25214386,405.4391785,57.25881195,49.83722305,57.22174835,186.9139862,57.22841644,37.26362228,57.19016647,249.6179962,57.19683456,44.27856827,57.15966797,197.3139648,57.16633224,41.76246643,57.28814697,412.7276611,57.29481125,45.03604126,57.31850052,162.8976898,57.32516861,38.0961647,57.34908295,273.2643127,57.35575104,44.54957199,57.37914658,259.9144592,57.38581085,44.06770325,
57.50166702,208.0713806,57.50833511,30.74471283,57.53264618,254.3461914,57.53931046,33.90047073,57.5631485,221.3237152,57.56981277,32.76615524,57.59308243,180.6695709,57.59975052,34.06517029,57.62422943,59.43321609,57.63089752,2.490457773,57.75349808,411.6282654,57.76016998,47.95676422,57.72264481,188.8664551,57.72933197,39.55684662,57.69131088,250.8875122,57.69797897,40.91760254,57.66014481,194.6964722,57.6668129,39.98533249,57.78814697,420.1054382,57.79481125,43.77301407,57.81783295,167.7548676,57.82450104,39.39093781,57.84864426,274.3605652,57.85533524,46.57555389,57.87981415,259.1665649,57.88647842,42.66000748,
58.00166702,207.643692,58.00833511,31.77674484,58.03331375,251.5905762,58.03997803,33.14471054,58.06364822,221.9400482,58.0703125,31.15444374,58.09350204,182.2758026,58.10016632,33.93233109,58.12433243,64.6125412,58.13100052,2.597954512,58.25364685,416.3434143,58.26031113,45.81139374,58.22297668,186.8026428,58.22964859,37.79374695,58.1921463,250.0363312,58.19881058,42.48433304,58.16083145,195.8909149,58.16749954,37.5730896,58.28733444,421.9867249,58.29399872,47.27209473,58.3171463,157.944809,58.32381058,39.24781418,58.34797668,278.0160217,58.35464859,43.62905884,58.37773132,265.0977173,58.38441467,44.09741974,
58.50166702,206.8493195,58.50833511,30.67026138,58.53297806,249.050827,58.53964615,33.43843079,58.56283188,223.1348877,58.56949997,32.28176117,58.59381104,179.9355621,58.60050201,33.11494064,58.62483215,63.59101868,58.63149643,2.572326899,58.75314713,418.1680298,58.75981522,48.19288635,58.72224808,184.44664,58.72891998,37.62664413,58.69108582,256.7616577,58.69775009,42.15023422,58.6606636,194.5884552,58.66733551,37.77352524,58.78705978,430.6660156,58.79372787,44.84501266,58.81764603,166.7910156,58.82433319,38.00894165,58.84841537,272.1028748,58.85508347,44.33973694,58.87897873,260.6690674,58.88564301,43.68758392,
59.00166702,207.8638153,59.00833511,31.93445969,59.03131104,247.9392242,59.03800201,33.87102509,59.0625,224.224411,59.06916428,32.27317429,59.09297943,177.0096588,59.0996666,31.48565483,59.12447739,65.61628723,59.13114548,2.73991394,59.25181198,410.72052,59.25849915,45.29918671,59.2209816,188.363205,59.22764587,36.8372345,59.19047928,251.4635925,59.19714737,40.93662643,59.15991592,195.9399567,59.16658401,39.12622452,59.28614426,429.9519958,59.29283524,44.91500854,59.31681442,171.404892,59.3234787,37.82650757,59.34764481,272.7195129,59.3543129,45.02759552,59.37781143,264.844696,59.38447952,43.60152817,
59.50166702,201.3106842,59.50833511,31.46520996,59.53231049,248.9624634,59.53898239,33.29185104,59.56214523,226.9681854,59.56880951,33.78521729,59.5928154,182.0427551,59.59949875,33.04956055,59.62364578,66.38555908,59.63031387,2.947869539,59.7518959,417.5960999,59.75856018,47.51649094,59.7218132,186.9333954,59.72847748,36.99949265,59.69039536,256.864624,59.69706345,42.47089767,59.6596489,195.3541412,59.66631317,37.72335052,59.78666687,438.6803894,59.79333496,45.61465073,59.81666565,167.932312,59.82332993,37.18837738,59.84797668,281.322876,59.85464859,44.186409,59.87797928,265.8068237,59.88466644,43.53463745,
60.00166702,199.858429,60.00833511,30.56770515,60.03197861,249.8070679,60.03866959,31.48590088,60.06298065,227.0804749,60.06964493,32.88855362,60.09366989,176.7130585,60.10033417,32.80681992,60.12358475,69.72572327,60.13024902,2.873882532,60.25281143,419.2623596,60.25947952,48.10388565,60.22224808,184.9721222,60.22891998,34.53742981,60.19133377,257.8658447,60.19799805,40.90634537,60.16033554,195.0901642,60.16699982,40.89109421,60.28850174,442.5031738,60.29516602,44.91353607,60.31931305,170.2094116,60.32600021,39.14748383,60.35016632,274.4919739,60.3568306,44.19904709,60.38114548,268.6951904,60.38781357,43.01094818,
60.50166702,199.9673767,60.50833511,30.85525322,60.53289413,247.6770782,60.53956223,33.74242783,60.56298065,227.0137634,60.56964493,32.17790604,60.59383011,178.4325562,60.60050201,33.53813171,60.62508011,65.69430542,60.63175201,3.102320671,60.75031281,424.4439087,60.75697708,48.49901962,60.71931076,187.7865143,60.72597885,37.91213608,60.68950272,259.1643066,60.69616699,40.94500732,60.65881348,192.023941,60.66547775,40.33790207,60.78689957,440.3895264,60.79356384,46.20218277,60.8172493,166.1620178,60.82391739,39.32136154,60.84758377,278.2306824,60.85424805,44.31463623,60.87831116,273.4917297,60.88497543,43.99816513,
61.00166702,204.0630798,61.00833511,30.46676064,61.03214645,250.919281,61.03881454,31.76645279,61.06248093,220.4069214,61.06916428,32.87220383,61.09381104,182.7249451,61.10047913,33.31721878,61.12397766,71.54371643,61.13066864,2.666484594,61.25241852,427.8551331,61.25908279,46.18873978,61.22216797,182.4501038,61.22883224,37.25994492,61.19131088,258.1691589,61.19797897,43.17523193,61.16064453,191.0393982,61.16731262,37.41623688,61.28883362,440.7298584,61.29547882,46.13185883,61.31964493,167.3855743,61.32631302,39.89745331,61.35031509,289.0410767,61.35697937,43.53461075,61.38008118,266.4060974,61.38675308,43.78421021,
61.50166702,203.9463806,61.50833511,31.86965752,61.53197861,254.2420349,61.5386467,33.30200577,61.56131363,225.6359406,61.56798172,30.05252647,61.59174728,183.7987213,61.59841537,33.26070023,61.62297821,70.58081055,61.6296463,3.47760129,61.7488327,429.5648499,61.75550079,47.23538971,61.71850204,183.0058594,61.72516632,37.22630692,61.68799973,259.2670288,61.694664,37.4548912,61.65749741,202.1337891,61.66416931,40.49848557,61.78508377,444.0147095,61.79174805,47.15032196,61.815979,165.2949219,61.82264328,37.38814926,61.84614563,279.6836853,61.85280991,43.83351898,61.87700272,268.2526855,61.88366699,41.59020996,
62.00166702,201.8942261,62.00833511,31.51524353,62.0328331,243.7521362,62.03950119,30.85089302,62.06348038,229.5475311,62.07014465,33.1734314,62.09397888,178.7095337,62.10064697,31.86572266,62.12447739,69.84608459,62.13114548,2.792141676,62.25264359,429.3473816,62.25931549,48.01792526,62.22198105,187.5345764,62.2286644,36.23036194,62.19131088,264.3527832,62.19799805,39.83608246,62.16031265,194.6759491,62.16699982,37.65992737,62.28681183,440.6860962,62.2934761,45.60926819,62.31847763,165.9187317,62.32514572,36.60697556,62.34906387,283.9122925,62.35572815,41.65390778,62.37931442,266.1184082,62.3859787,43.04488373,
62.50166702,202.3839111,62.50833511,28.36128426,62.53266525,250.1004333,62.53933334,30.928545,62.56381607,229.5115356,62.57048035,33.74978638,62.59397888,180.0733032,62.60064697,32.41718674,62.62447739,71.71432495,62.63114548,2.567352772,62.75397873,424.1578979,62.76064301,48.75472641,62.72314453,185.1766205,62.72981262,36.12293625,62.69122696,266.6262207,62.69789505,41.17287827,62.66116714,192.6390076,62.66783524,39.91072083,62.78973007,445.8974915,62.79641342,45.09471893,62.82014465,172.5079041,62.82680893,37.59605789,62.8511467,285.4468689,62.85781097,43.62680817,62.88231277,267.6020203,62.88898087,41.45978928,
63.00166702,200.6029053,63.00833511,30.26122665,63.03197861,247.7483368,63.0386467,32.99572372,63.06200027,228.917923,63.06866837,31.4905529,63.09276962,173.638382,63.09943771,32.35652924,63.12314606,70.51213837,63.12981415,2.671594381,63.25216293,435.819519,63.25883484,48.61801529,63.2221489,190.1381836,63.22881317,38.62664795,63.19131088,264.0817871,63.19797897,40.0253067,63.16014481,195.9685364,63.16683197,36.53557968,63.28898239,460.6318359,63.29564667,44.96307373,63.3188324,168.8185883,63.32550049,36.13036346,63.35064697,276.4398193,63.35731125,43.95869064,63.38048172,267.2867126,63.387146,42.02970886,
63.50166702,203.4155121,63.50833511,30.87290955,63.53316498,247.7993011,63.53983307,32.38456345,63.56316757,234.666214,63.56983185,33.07204056,63.59414291,176.6174011,63.60081482,32.67832947,63.62431335,73.83076477,63.63097763,2.69824338,63.75114822,438.2600098,63.7578125,45.65822601,63.72041702,188.9998627,63.72710419,37.37533569,63.69031143,271.080719,63.69697952,41.39996338,63.65866852,194.9915009,63.66533279,39.77891541,63.78833389,453.8160706,63.79499817,45.60719299,63.81850052,165.4281616,63.82516861,36.66961288,63.8493309,288.5324707,63.85600281,42.41983795,63.88014603,266.0767822,63.88681412,44.17575836,
64.00167084,203.4531097,64.0083313,30.43264961,64.03181458,242.195755,64.03848267,33.29507446,64.06147766,234.2776337,64.06816864,31.29321671,64.09283447,177.5157013,64.09950256,31.92874336,64.12314606,74.21537781,64.12981415,2.732978344,64.24949646,427.7342834,64.25617218,45.29730988,64.21914673,191.3302002,64.22581482,37.24625397,64.18798065,262.5084839,64.19464874,39.62105942,64.15699768,199.0867615,64.16366577,39.26532745,64.28447723,455.1661377,64.29114532,45.07826233,64.31547546,168.1650391,64.32215118,36.73482513,64.34532928,293.7018127,64.352005,41.82332611,64.37650299,269.0840759,64.38316345,43.25951385,
64.50167084,198.8879395,64.5083313,32.71015167,64.53182983,252.5072937,64.53849792,33.8980751,64.56316376,229.3805084,64.56983185,31.33076477,64.59349823,183.080368,64.60016632,31.90638542,64.62472534,73.83301544,64.63139343,2.942735195,64.75249481,438.582489,64.75917053,48.20964432,64.72264099,186.4460754,64.72931671,35.7102623,64.69148254,267.1539612,64.69814301,40.77262115,64.66064453,195.3359222,64.66731262,40.12273026,64.78874969,456.8288574,64.79541779,47.69935226,64.81980896,168.7738953,64.82648468,37.13123703,64.85083771,285.2045288,64.85749817,44.92710495,64.88181305,267.4017029,64.88848114,43.9981041,
65.00167084,194.8254852,65.0083313,31.18741226,65.03147888,249.2355499,65.03814697,34.64151382,65.0625,230.5517731,65.06916809,30.90017319,65.09283447,173.8137665,65.09950256,30.35801315,65.12374878,76.75457001,65.13041687,2.909909487,65.25114441,440.6820068,65.2578125,46.04233551,65.22025299,189.233078,65.22691345,35.96915817,65.1894989,264.9351807,65.19616699,41.73200607,65.15881348,189.8518219,65.16548157,38.19327927,65.28491974,454.4735413,65.29158783,44.39296722,65.31564331,168.5913696,65.3223114,38.61422729,65.34648132,296.5691528,65.35314178,41.03124237,65.37733459,268.2818909,65.38400269,41.54517365,
65.50167084,194.1722107,65.5083313,30.27416611,65.53298187,249.6455688,65.53964233,33.7762146,65.56331635,238.5649567,65.56997681,32.0346756,65.59383392,176.7754364,65.60050201,31.9789505,65.62464905,77.42456055,65.63130951,2.861190081,65.75167084,433.8663635,65.7583313,49.10076141,65.72150421,189.9206543,65.72816467,33.11621094,65.69049835,271.7036438,65.69716644,40.31772232,65.66017151,197.6217651,65.66683197,39.67236328,65.78848267,463.0990295,65.79514313,44.89655304,65.8183136,163.817749,65.82498169,35.44082642,65.84814453,288.6184692,65.85483551,44.25450134,65.8788147,270.092804,65.88547516,44.96057892,
66.00167084,196.8457642,66.0083313,29.9808979,66.03275299,240.750824,66.03941345,31.75443077,66.06331635,234.6807861,66.06997681,32.54579544,66.09397888,180.7867737,66.10064697,31.00385475,66.12497711,76.36933136,66.1316452,2.728614569,66.25247955,433.0959778,66.25914764,45.1517334,66.22197723,186.0199585,66.22864532,36.76511002,66.19174957,275.3788757,66.19841766,39.8561058,66.16091919,193.8126984,66.16757965,39.03543472,66.2890625,457.9067383,66.29575348,43.8830986,66.32014465,167.5134583,66.32681274,39.03623581,66.35014343,294.5850525,66.35681152,43.73622513,66.38114166,267.9914246,66.38780975,42.09331512,
66.50167084,200.0899048,66.5083313,30.58908463,66.53156281,248.175415,66.5382309,33.13265228,66.56281281,235.1270752,66.5694809,32.08506393,66.59364319,176.8719025,66.60031128,31.15026093,66.62397766,78.38163757,66.63064575,2.957199335,66.75014496,442.5796509,66.75682831,46.06076813,66.71908569,183.0572205,66.72574615,35.1883812,66.68914032,272.4138794,66.69581604,39.58102798,66.65782928,200.9245605,66.664505,39.76357269,66.78452301,460.7606812,66.79116821,45.94208527,66.81558228,164.6188965,66.82225037,36.1008873,66.84681702,301.9343567,66.85347748,44.35979843,66.87731171,269.007782,66.8839798,41.89601135,
67.00167084,198.270401,67.0083313,28.93186188,67.03264618,247.7139587,67.03931427,32.2923317,67.06331635,244.8625336,67.06997681,32.98494339,67.09414673,181.6308899,67.10081482,31.16290665,67.12449646,79.39466858,67.13117218,3.274628401,67.25164032,450.7493896,67.25831604,44.48806,67.22083282,191.2189941,67.22750092,35.0668869,67.19033051,272.863739,67.1969986,39.44412231,67.15881348,201.782486,67.16548157,39.11797714,67.28598022,468.3978271,67.29264832,44.55591202,67.31648254,165.6255798,67.32314301,35.72185135,67.34733582,303.3066101,67.35399628,42.8679657,67.37766266,270.7692566,67.38433075,42.63032532,
67.50167084,202.1948395,67.5083313,29.23723984,67.53097534,242.3238373,67.53764343,31.67307663,67.56116486,238.7667236,67.56783295,32.10398483,67.59191132,179.9506683,67.59858704,31.62183571,67.62281036,77.90566254,67.62947845,2.921813965,67.75099945,452.5141602,67.75766754,46.40739059,67.71997833,191.4724274,67.72666931,34.84565353,67.68947601,278.8704224,67.6961441,39.7900238,67.65883636,192.8812561,67.66549683,36.39535522,67.78697968,475.8283386,67.79367065,44.31616592,67.81749725,169.9968719,67.82416534,36.82650757,67.84841919,292.1165161,67.85510254,44.17122269,67.87931061,269.6064758,67.8859787,43.09668732,
68.00167084,193.257431,68.0083313,30.71857643,68.03250122,254.1577759,68.03916931,31.69234848,68.06331635,236.1064148,68.06997681,31.02487946,68.09414673,177.5376892,68.10081482,30.30331421,68.1241684,80.79837799,68.13083649,3.204390526,68.25281525,443.7987061,68.25948334,47.43679428,68.22233582,187.3859863,68.22899628,36.18467712,68.19164276,277.833313,68.19831085,40.82509613,68.16030884,193.2418976,68.16699982,39.65819931,68.28683472,476.3548889,68.29349518,44.44454956,68.31733704,167.1555176,68.3239975,36.6687851,68.34798431,299.7125549,68.35464478,44.43902588,68.37864685,273.5860901,68.38530731,42.38714981,
68.50167084,199.652298,68.5083313,28.67863083,68.53281403,249.0402832,68.53947449,30.78218269,68.56381226,237.3588409,68.57047272,31.34456635,68.59358978,179.1190186,68.60025024,30.78704453,68.6244812,87.08887482,68.63114166,3.751513481,68.75348663,450.5818787,68.76014709,46.60058594,68.72257996,191.4537354,68.72924805,36.46873093,68.69164276,275.29599,68.69833374,39.79914856,68.66049957,197.2987976,68.66716003,37.99462509,68.79000092,472.2533569,68.79666138,47.28517151,68.82016754,168.5650635,68.826828,36.78637314,68.85081482,307.3094177,68.85747528,42.13740158,68.88147736,268.2839966,68.88814545,41.54015732,
69.00167084,199.0106049,69.0083313,29.42731476,69.03147888,251.8292084,69.03813934,33.16922379,69.0619812,239.5781097,69.06867218,33.18952179,69.09249878,176.6629944,69.09916687,32.1092186,69.12374878,107.9430161,69.13041687,3.380551577,69.25197601,450.1552734,69.2586441,47.59025574,69.22067261,192.1537018,69.22733307,35.21103668,69.19081116,279.7441711,69.19747925,40.27257538,69.15925598,199.4910736,69.16591644,37.00629807,69.28781128,475.9891357,69.29450226,44.48564529,69.31900024,167.8887939,69.32566833,33.27934265,69.34906769,296.4316406,69.35572815,43.70778656,69.38041687,265.2943115,69.38708496,42.02662659,
69.50167084,201.4061279,69.5083313,29.30770302,69.53247833,246.0675812,69.53914642,30.78037071,69.56324768,239.5573578,69.56991577,31.52622986,69.59314728,183.9939575,69.59981537,31.90104675,69.62433624,91.56246185,69.6309967,3.018871307,69.7511673,441.8614807,69.75783539,45.36100006,69.72031403,190.7164764,69.72697449,34.45158768,69.68965149,284.8995056,69.69631195,40.28387833,69.65930939,193.9054413,69.66598511,36.38898087,69.78581238,471.5385742,69.79248047,45.50285339,69.8156662,170.5119476,69.82233429,36.75505447,69.84656525,302.9594727,69.85323334,43.09487534,69.87797546,273.1604309,69.88464355,41.28278351,
70.00167084,190.3556366,70.0083313,28.34875488,70.03191376,246.1027832,70.03858185,32.83335495,70.06191254,237.5509338,70.06858826,31.03817558,70.09230804,181.6309814,70.09898376,31.38631248,70.12332916,54.54595947,70.12999725,2.062090158,70.25174713,458.9694519,70.25841522,44.63974762,70.22067261,183.6955261,70.22733307,34.62982178,70.19065094,287.1470947,70.1973114,39.79298782,70.15975189,196.3368988,70.16641235,37.06135941,70.28797913,476.7708435,70.29464722,43.50566101,70.3184967,164.3666687,70.32514954,37.13986206,70.34899902,300.2253113,70.35566711,43.54907608,70.37898254,269.3589783,70.38564301,43.19484329,
70.50167084,198.080658,70.5083313,27.91769218,70.53266907,247.6403961,70.53932953,31.52030373,70.56289673,243.1079865,70.56956482,31.77146912,70.59397888,184.9199219,70.60063934,31.42264557,70.62497711,34.07147217,70.6316452,1.255472064,70.75256348,453.7754517,70.75923157,47.43368912,70.72197723,194.104538,70.72864532,34.50624084,70.69148254,278.7254639,70.69814301,39.99441147,70.66072845,196.68927,70.6674118,36.87138748,70.78700256,485.1706543,70.79367065,43.71802521,70.81800079,166.1277924,70.82466888,34.68392944,70.84963989,303.3019714,70.85631561,42.23466873,70.87931061,274.5054626,70.8859787,40.56519699,
71.00167084,195.8298035,71.0083313,29.32912064,71.03114319,249.4648743,71.03781128,32.6461792,71.06181335,245.3829956,71.06848145,32.08372116,71.09266663,182.8448792,71.09933472,31.49436378,71.1233139,28.05666161,71.12998199,1.100241065,71.24964142,457.2045593,71.25631714,47.88218689,71.21848297,196.805069,71.22514343,34.35424423,71.18839264,286.1452942,71.19506073,39.0578804,71.15781403,193.3508301,71.16447449,37.48789597,71.28333282,484.7854919,71.29000092,46.264534,71.31389618,164.307373,71.32056427,36.98926926,71.34497833,303.552002,71.35166931,41.48464584,71.37597656,267.1727905,71.38265228,41.05986786,
71.50167084,191.743866,71.5083313,30.10860634,71.53198242,243.1794434,71.53865051,29.23330116,71.56233978,245.4388885,71.56900024,30.80125999,71.59223175,185.3663177,71.59889221,31.40889931,71.62373352,26.48978806,71.63039398,1.000968933,71.74898529,450.2617493,71.75564575,44.52623367,71.71897888,186.4798126,71.72563934,34.29650879,71.68864441,281.1925354,71.6953125,36.78250885,71.65808105,201.6585846,71.66474915,37.17957306,71.78414917,479.8679199,71.79080963,43.75860596,71.81433105,167.6735229,71.82099915,35.98736954,71.84449768,306.4944763,71.85116577,43.04802322,71.87558746,277.8451538,71.88224792,40.53042221,
72.00167084,190.8091278,72.0083313,29.35526848,72.03181458,242.4275513,72.03847504,32.22593307,72.06264496,242.9387512,72.06931305,30.58648109,72.0933075,180.2217255,72.09993744,31.3338604,72.12414551,24.75068283,72.1308136,1.014569998,72.24950409,468.3337097,72.25617218,43.50112152,72.21914673,193.5569916,72.22581482,34.0678978,72.1889801,283.355896,72.19564819,39.81766129,72.15822601,198.0677185,72.1648941,36.84801102,72.28583527,483.0949707,72.29249573,44.10176849,72.31630707,168.3065033,72.32299805,34.8556633,72.34750366,310.381134,72.35416412,41.68664551,72.37731171,268.1216736,72.3839798,39.29169083,
72.50167084,190.6745605,72.5083313,31.13637924,72.53247833,245.2716827,72.53914642,30.03988838,72.5633316,248.3522339,72.56999969,31.60684967,72.59355927,184.2006989,72.60022736,28.98794937,72.62480927,24.29918861,72.63147736,0.9232854247,72.75156403,459.5621643,72.75822449,43.37535858,72.72064972,188.7644958,72.72731018,35.73209381,72.68906403,292.1153259,72.69572449,38.52013779,72.65849304,197.7812653,72.66516876,37.97217178,72.78581238,480.2917175,72.79248047,45.70044327,72.81598663,168.8139038,72.82266235,35.49552155,72.84731293,306.1624146,72.85398102,43.88042831,72.87781525,271.9248047,72.88448334,41.54273605,
73.00167084,185.8590851,73.0083313,30.49902153,73.03314972,240.7532196,73.03981018,31.64359093,73.06298065,250.7590942,73.06967163,30.81062698,73.09381866,185.6334534,73.10047913,30.68678284,73.12450409,25.04588509,73.13117218,0.9905757904,73.25281525,468.6052551,73.25948334,44.4818573,73.22172546,195.9049072,73.22839355,33.84247208,73.19166565,291.6603088,73.19833374,37.79265213,73.16081238,199.81987,73.16748047,36.42026901,73.28865051,487.569397,73.29533386,47.54327011,73.31931305,169.8429108,73.32597351,35.22623825,73.3500824,307.049469,73.35674286,43.40055084,73.38131714,269.9127808,73.3879776,40.85409927,
73.50167084,192.4699402,73.5083313,30.90649414,73.53164673,239.6312103,73.53831482,31.45859718,73.5619812,252.3635559,73.56864166,30.98843193,73.59289551,188.8069458,73.5995636,30.57669258,73.62281036,25.31675529,73.62947845,0.7694696188,73.75164032,464.8674316,73.75830841,44.73420715,73.72147369,192.0336914,73.72814941,33.54737091,73.69017029,292.5751648,73.69683075,38.09830475,73.66000366,198.1659851,73.66666412,37.58818436,73.78842163,492.8478088,73.79508209,43.5320015,73.81897736,165.8721924,73.82564545,32.9806366,73.84898376,305.3675537,73.85564423,40.73003769,73.87980652,272.1131592,73.88648224,40.53468323,
74.00167084,191.5628052,74.0083313,29.52941704,74.03214264,246.5020599,74.03883362,29.1192646,74.06230927,246.6198273,74.06897736,31.85922241,74.0933075,178.277298,74.09997559,30.70070267,74.12414551,22.83282471,74.1308136,0.9791368842,74.25025177,471.7159119,74.25691986,45.58525085,74.21956635,192.6929016,74.22622681,35.08685303,74.18899536,286.9493713,74.19567108,38.792099,74.15833282,199.0168915,74.16500092,34.95094299,74.28648376,492.1022339,74.29314423,43.70046616,74.31708527,170.8103333,74.32374573,35.72846222,74.34814453,308.0866394,74.35481262,41.98915482,74.37914276,274.7796326,74.38581848,42.28297806,
74.50167084,187.0649872,74.5083313,30.4072113,74.53281403,254.0084076,74.53947449,31.24748993,74.56316376,251.13237,74.56983185,32.20396805,74.59397888,187.6811523,74.60063934,31.84123993,74.62450409,24.50130653,74.63117218,1.018562555,74.75348663,466.661438,74.76014709,46.13497925,74.72197723,192.5130463,74.72866821,35.63960266,74.69130707,287.5005798,74.69798279,37.22369385,74.66072845,197.1978302,74.66739655,38.29412842,74.78681946,484.2846375,74.79347992,44.50538254,74.81800079,163.0899963,74.82466888,35.60361481,74.84841156,308.5243225,74.85508728,44.94615173,74.87880707,267.8943176,74.88549805,38.96393585,
75.00167084,191.5861053,75.0083313,28.60430336,75.03283691,245.9515991,75.039505,30.29169083,75.06383514,247.8667297,75.07050323,32.0858078,75.09366608,184.5888519,75.10033417,32.04191589,75.125,25.62392807,75.13166809,1.209862828,75.25231171,476.0731812,75.2589798,44.61800385,75.22114563,192.4836121,75.22781372,34.35846329,75.19022369,293.4249573,75.19689941,40.13938141,75.15906525,199.0792236,75.16573334,35.5368576,75.28824615,503.9075623,75.29491425,46.70080948,75.31931305,167.9623718,75.32597351,33.69792557,75.35031128,303.0867004,75.35697937,43.74516678,75.38031769,268.9577942,75.38697815,40.49084091,
75.50167084,192.137619,75.5083313,29.94231033,75.53297424,244.5476227,75.53964996,31.84589386,75.56364441,252.6654663,75.5703125,31.25478745,75.59381866,186.7767029,75.60047913,31.40665627,75.62516022,25.91692162,75.63183594,0.929376483,75.75331116,462.755188,75.75997925,47.0745697,75.72248077,194.2654572,75.72914124,34.32978821,75.6921463,293.9556274,75.69881439,37.16931915,75.66075134,202.4726563,75.6674118,37.22524261,75.78775024,502.1411133,75.79441833,42.78497314,75.81730652,170.243515,75.82398224,34.66407013,75.84798431,313.4014282,75.85464478,42.30208588,75.87866974,269.6802673,75.88533783,42.10296249,
76.00167084,198.3276978,76.0083313,30.09594154,76.03330994,246.463913,76.03998566,31.26865959,76.06331635,258.3666687,76.06997681,29.19387817,76.09349823,181.1807709,76.10016632,30.75167656,76.12514496,24.19208145,76.13181305,0.8452348113,76.25297546,477.5291138,76.25964355,46.05284882,76.22241974,193.1112823,76.22908783,34.90875626,76.19230652,297.144928,76.19898224,40.76363373,76.16048431,205.4411774,76.16714478,36.04156876,76.28689575,500.0115662,76.29356384,47.39038849,76.31814575,169.614563,76.32481384,36.71871567,76.34807587,309.250824,76.35475159,43.65895081,76.37864685,268.2215881,76.38530731,40.13319397,
76.50167084,187.6070404,76.5083313,30.17047691,76.53247833,248.4546661,76.53914642,30.98333931,76.56364441,250.4671478,76.5703125,30.3044548,76.59431458,183.0875397,76.60097504,31.54303932,76.62514496,24.71645546,76.63181305,1.087971568,76.75333405,473.3282776,76.76000214,47.69379044,76.72225189,193.2987213,76.72891235,34.19449234,76.69239807,293.918335,76.69906616,35.87165833,76.66075134,196.96521,76.6674118,37.35467529,76.78974915,499.5441284,76.79641724,45.16580963,76.81983185,165.7218781,76.82649994,34.78093338,76.85092163,318.5454102,76.85758209,41.21067047,76.8816452,272.1816406,76.88831329,41.19192505,
77.00167084,187.1481934,77.0083313,30.15036774,77.03247833,246.6304932,77.03914642,32.20008087,77.0625,257.3151855,77.06916809,31.39094925,77.09372711,187.7638092,77.1003952,30.2502861,77.1244812,24.60998917,77.13114166,0.7529723048,77.25167084,472.4835815,77.2583313,46.15942764,77.22166443,195.2493896,77.22834015,34.58921432,77.19114685,294.7180176,77.19780731,38.05851746,77.16049957,199.5911865,77.16716003,36.80584717,77.28831482,498.780365,77.29497528,43.88910294,77.31967163,168.3600464,77.32633209,34.47086716,77.34963989,310.7728577,77.35631561,41.88440323,77.3801651,276.5684509,77.38683319,40.80853653,
77.50167084,196.1472321,77.5083313,28.14131546,77.53281403,242.9411621,77.53947449,30.14535332,77.56447601,260.5862427,77.5711441,30.98692513,77.59474945,185.7128143,77.60141754,29.63292694,77.62564087,25.5301075,77.63231659,1.131900191,77.75366974,484.4909058,77.76033783,44.49465561,77.72314453,195.3627167,77.72981262,33.78859711,77.69173431,294.9654236,77.69839478,37.90347672,77.66156769,199.1468201,77.66822815,34.37511444,77.78981018,504.6965027,77.79647827,43.02659607,77.81981659,171.2706909,77.82648468,34.8452301,77.85083008,323.9928589,77.8575058,42.45204163,77.88131714,267.3237,77.8879776,41.69966888,
78.00167084,192.9037476,78.0083313,29.31099319,78.03147888,249.8213196,78.03813934,30.64953232,78.06283569,252.3981323,78.06949615,31.17934036,78.09325409,182.2841187,78.09992218,32.28451538,78.12380981,25.9192791,78.13047791,0.8518505096,78.2519989,473.5392456,78.25866699,46.77308655,78.22131348,192.0666504,78.22798157,33.92254257,78.18997955,302.9833984,78.1966629,40.35561371,78.15989685,196.8024597,78.16655731,35.79801559,78.28766632,513.0246582,78.29433441,44.56240082,78.31908417,166.0332794,78.32575226,33.79692078,78.34947968,314.3954163,78.35617065,42.79550171,78.38083649,270.1872253,78.38749695,41.27022552,
78.50167084,198.9670715,78.5083313,29.27451706,78.53181458,245.4051666,78.53847504,29.06000137,78.56266022,250.424469,78.56933594,32.57065201,78.59439087,186.1333466,78.60106659,31.16860008,78.62514496,25.07661057,78.63181305,1.129223704,78.75149536,486.5733643,78.75817108,44.22791672,78.72083282,202.1869354,78.72750092,33.60712814,78.69031525,297.5448303,78.69698334,37.3058548,78.65925598,200.991684,78.66591644,37.15880585,78.78764343,511.3594666,78.79431152,45.30670929,78.81800079,170.8433838,78.82466888,34.61189651,78.84874725,317.3023071,78.85542297,41.7431488,78.87947845,269.8495178,78.8861618,40.92378235,
79.00167084,192.1124573,79.0083313,29.91351128,79.03217316,242.444809,79.03883362,30.56403923,79.06208801,260.0302124,79.06874847,30.14714432,79.09297943,186.6108246,79.09963989,30.57742691,79.12332916,25.1260128,79.12999725,0.8214427829,79.2518158,483.1257324,79.25847626,45.47211456,79.22147369,194.903595,79.22814941,33.55335999,79.19055939,306.2600403,79.19723511,37.83563614,79.15947723,202.1956787,79.16614532,35.79447174,79.28666687,507.2411804,79.29333496,42.96512604,79.31691742,168.0919495,79.32358551,33.34043121,79.34798431,323.1258545,79.35464478,41.81693649,79.37800598,269.8362732,79.38466644,39.30734253,
79.50167084,195.2236633,79.5083313,27.99270058,79.53247833,240.1176605,79.53914642,31.63221169,79.56264496,256.3721313,79.56933594,32.56092834,79.59349823,187.4050598,79.60016632,29.60156822,79.62414551,25.06727982,79.6308136,0.8800433278,79.75097656,493.5198669,79.75765228,42.95978165,79.71897888,194.7850952,79.72563934,33.21412659,79.6889801,302.7980652,79.69564819,39.20722961,79.65797424,198.9490509,79.66464996,36.05308151,79.78666687,507.48526,79.79333496,42.90620041,79.81681061,169.3917389,79.8234787,33.27226639,79.84831238,321.8520203,79.85498047,44.26832199,79.87882996,269.3909302,79.88549805,41.68800354,
80.00167084,195.3640442,80.0083313,27.70867729,80.03297424,241.8774109,80.03964996,29.68909645,80.06299591,257.7226563,80.06967163,32.00801086,80.09366608,184.4656525,80.10033417,29.99068069,80.12425232,24.57316208,80.13091278,1.17442441,80.25216675,490.1134644,80.25882721,44.98206711,80.22164917,197.1873016,80.22830963,35.52398682,80.19164276,312.6481323,80.19831848,36.91031647,80.16016388,206.4260406,80.16683197,37.23143387,80.28847504,513.0938721,80.29515076,43.62276459,80.32015228,168.1789551,80.32681274,33.43156815,80.35031128,315.6596069,80.35697937,43.59640503,80.38050079,263.5778198,80.38716888,42.10782242,
80.50167084,187.1956329,80.5083313,27.86854935,80.53191376,245.5701599,80.53858185,30.2399826,80.56230927,261.0827942,80.56897736,30.78655815,80.59281158,186.7987213,80.59947968,28.62163353,80.62314606,24.82950211,80.62980652,0.8852315545,80.75108337,499.9580383,80.75777435,42.36555862,80.72047424,195.1947021,80.72714996,33.92819977,80.69031525,308.5207214,80.69698334,37.65074158,80.65930939,202.8356323,80.66600037,36.09054184,80.78548431,519.031311,80.79214478,45.92609787,80.81531525,173.0281982,80.82198334,34.97706985,80.84614563,312.6319275,80.85281372,41.55323029,80.87664032,266.6006775,80.88330841,41.33673859,
81.00167084,194.7216797,81.0083313,28.08408737,81.03233337,250.1350708,81.03899384,30.97651863,81.06264496,263.3291016,81.06931305,33.27309418,81.0933075,187.031311,81.09997559,30.6844101,81.12407684,25.24097252,81.13075256,0.989253521,81.25064087,490.7669678,81.25733185,45.12444687,81.21997833,196.374115,81.22666931,33.37335968,81.1894989,308.3869934,81.19616699,35.32735443,81.15947723,199.8095245,81.16614532,36.35169983,81.28683472,514.2208252,81.29349518,44.85551071,81.31841278,173.1000671,81.32508087,33.75849152,81.34864807,319.8923035,81.35533142,41.66530991,81.37998199,262.7875366,81.38664246,40.16770172,
81.50167084,194.6046448,81.5083313,29.11450577,81.53364563,242.2328644,81.54031372,30.26673126,81.56455994,271.7615662,81.57123566,30.60549164,81.59497833,192.6875763,81.60164642,31.39643669,81.62514496,25.56421852,81.63181305,1.006864905,81.75233459,497.8074951,81.75900269,45.11257935,81.72142029,196.0343018,81.72808075,32.57133865,81.69091797,310.57547,81.69758606,38.46278763,81.65933228,205.981781,81.66600037,36.62400818,81.78630829,523.4163818,81.79297638,44.29655075,81.81681061,169.0150452,81.8234787,34.0569191,81.84748077,320.6755981,81.85414124,44.04393768,81.87848663,264.2723999,81.88514709,40.65723038,
82.00167084,196.550415,82.0083313,28.92565918,82.03214264,241.2659302,82.03881073,30.34061241,82.06233978,270.85672,82.06900024,30.60915756,82.09375,193.5180054,82.10041809,31.07486343,82.1244812,25.51145935,82.13114166,0.7684053183,82.25231171,500.985199,82.2589798,44.57299042,82.2213974,195.739563,82.22805786,32.45376587,82.19130707,302.8670959,82.19798279,37.51860809,82.16081238,206.6379395,82.16748047,37.14371872,82.28916931,518.6282349,82.29582977,44.26756668,82.32033539,170.3687134,82.32700348,34.30391693,82.35066986,330.502594,82.35733032,43.38532257,82.38114166,267.6913757,82.38780975,41.30101013,
82.50167084,191.0855103,82.5083313,29.31154442,82.53231812,249.7925873,82.53897858,32.11011505,82.56314087,265.5327759,82.56981659,30.34516144,82.59366608,187.8525696,82.60033417,29.84829521,82.62339783,24.33863449,82.63005829,1.14078927,82.74950409,493.2469482,82.75617218,41.82881165,82.71914673,199.5658417,82.72581482,33.06212997,82.68864441,304.9759827,82.6953125,37.07079315,82.65750122,201.8329773,82.66416931,35.72593689,82.78575134,515.0339355,82.7924118,44.05270386,82.81550598,169.815567,82.82216644,32.8835907,82.84666443,320.926178,82.85334015,43.26302338,82.87741852,261.0018616,82.88407898,41.37654877,
83.00167084,196.0937653,83.0083313,29.20690918,83.03166199,241.2220154,83.03833008,29.68875504,83.06247711,264.1822205,83.0691452,30.41580009,83.09264374,186.7236786,83.09931946,28.76417542,83.12232971,26.04050064,83.12900543,0.9340829849,83.24983978,498.6837463,83.25650024,44.50469208,83.21864319,197.3757019,83.22531128,33.19038391,83.18864441,313.0341492,83.1953125,37.87615204,83.15783691,202.7078552,83.164505,35.33969498,83.28566742,515.8410645,83.29233551,44.42261505,83.31630707,172.1405945,83.32298279,34.48291397,83.34647369,322.6716614,83.35314941,43.86144638,83.37664032,261.5733337,83.38330841,38.70849991,
83.50167084,194.9173737,83.5083313,27.44493675,83.53264618,242.4888,83.53932953,30.56432152,83.56331635,260.9338074,83.56997681,29.98029137,83.59441376,188.70224,83.60108185,31.59236908,83.625,25.71308136,83.63166809,0.8109773397,83.75281525,503.2780762,83.75948334,45.66350937,83.72216797,194.4909668,83.72880554,33.67183304,83.69148254,313.004303,83.69814301,37.86029816,83.66072845,208.2051086,83.66739655,36.09624481,83.78831482,524.7877808,83.79497528,45.25829315,83.8191452,170.6123047,83.82581329,33.308918,83.8489151,330.4741821,83.85558319,42.71891403,83.87966156,262.3077698,83.88633728,40.52986908,
84.00167084,187.9081421,84.0083313,29.05154991,84.03264618,245.2546234,84.03931427,31.2655201,84.06299591,264.9864807,84.06967163,31.67551041,84.09349823,189.6941986,84.10016632,32.26456451,84.12398529,24.02064896,84.13064575,1.052049041,84.25164032,507.5855103,84.25830841,43.16176224,84.22183228,200.9026031,84.22850037,34.03509903,84.19050598,315.6882935,84.19716644,39.47920227,84.16030884,204.5421906,84.16697693,35.80184937,84.28708649,528.1470947,84.29374695,44.75517654,84.31783295,167.4564209,84.32450104,34.11493683,84.34780884,331.4680481,84.35447693,42.76664352,84.37831116,259.4917297,84.38497925,40.63269806,
84.50167084,188.2147064,84.5083313,28.56555557,84.53224945,247.2889557,84.53891754,30.28294945,84.56281281,269.1722107,84.5694809,30.84366226,84.59308624,187.7110596,84.5997467,30.62593651,84.62414551,25.7589817,84.6308136,1.124345064,84.75197601,505.039093,84.7586441,42.73958588,84.72122955,196.8969574,84.72789764,29.47740746,84.69106293,321.219574,84.69773102,37.1437912,84.65973663,207.8435822,84.66639709,36.39769745,84.78781128,529.1699829,84.79447937,41.91780472,84.81806946,172.1491547,84.82472992,32.68776703,84.84950256,326.3848572,84.85617065,41.3962059,84.87898254,259.9866333,84.88564301,39.27199936,
85.00167084,192.7533417,85.0083313,25.69050789,85.03164673,242.5214691,85.03831482,30.23072815,85.06208801,263.4783325,85.06874847,30.06897736,85.09297943,189.375351,85.09963989,29.6923027,85.12281036,26.48610497,85.12947845,1.017691135,85.25049591,506.7914734,85.25717163,46.13318634,85.2202301,200.2075348,85.22689819,32.83067703,85.18917084,325.440094,85.1958313,36.97953796,85.15874481,205.6160583,85.1654129,35.81794739,85.28433228,523.527771,85.29100037,42.81388474,85.31531525,166.3690643,85.32198334,33.63148117,85.34608459,324.5028381,85.35275269,40.42545319,85.37597656,263.932373,85.38265228,38.90716171,
85.50167084,191.6007233,85.5083313,27.81157875,85.53164673,241.1851959,85.53833008,30.4925518,85.5619812,274.9764099,85.56867218,30.3989296,85.59225464,187.8693542,85.5989151,31.91578293,85.62306213,24.2471714,85.62973022,0.9284699559,85.7518158,513.277771,85.75847626,42.94589996,85.72067261,198.7637634,85.72733307,33.8734436,85.69017029,318.8943481,85.69683075,36.41523361,85.65872955,203.384613,85.66539764,37.61126709,85.78675079,530.4120483,85.79341888,41.8830986,85.81826782,175.1512146,85.82493591,33.85687256,85.84841156,338.2816772,85.85508728,41.40095901,85.87864685,261.0459595,85.88530731,39.04321289,
86.00167084,192.5473175,86.0083313,28.37802505,86.03181458,249.3429565,86.03849792,31.10809517,86.06233978,279.542511,86.06900024,30.23574829,86.09364319,192.5173492,86.10031128,30.62142754,86.12332916,25.11513329,86.12999725,1.029517412,86.24974823,499.9601135,86.25641632,42.82993698,86.21864319,195.8545685,86.22531128,32.58182526,86.1886673,311.4017944,86.19533539,36.93307114,86.15783691,209.9373169,86.164505,36.12870407,86.28548431,527.8062134,86.29219055,42.75883865,86.31583405,171.3126526,86.32250214,32.73325348,86.34680939,333.3118286,86.35348511,41.63736343,86.37716675,263.3862,86.38382721,39.69546509,
86.50167084,189.4113312,86.5083313,28.74086571,86.53164673,251.2490387,86.53831482,31.30533981,86.56264496,275.8998413,86.56933594,31.41180801,86.59364319,189.6223297,86.60031128,30.60892296,86.6244812,25.53800011,86.63114166,1.167160749,86.75048065,513.609436,86.75714874,42.98803711,86.71914673,202.6063232,86.72581482,32.76455688,86.68899536,328.5364685,86.69567108,37.00960541,86.65830994,211.1891327,86.66500092,35.56765366,86.78598022,531.3847046,86.79264069,42.18980408,86.81700134,166.8009796,86.8236618,33.82153702,86.84664917,333.7295532,86.85334015,40.5138855,86.87731171,265.0145569,86.8839798,38.49404144,
87.00167084,188.683197,87.0083313,26.93649292,87.03189087,238.3987274,87.03856659,30.14561462,87.06214142,276.2250977,87.0688324,30.2232132,87.09297943,194.217041,87.09963989,31.08265114,87.12307739,24.26664162,87.12975311,1.092600226,87.25133514,516.9906616,87.25800323,43.93297958,87.22047424,198.1602173,87.22714996,32.50392532,87.18981171,321.8372803,87.1964798,37.77052689,87.15914917,212.7478943,87.16580963,34.0774231,87.28700256,535.7956543,87.29367065,45.58394241,87.31814575,169.0640259,87.32481384,34.09173203,87.34889221,331.2413635,87.35556793,41.24201965,87.37939453,263.96521,87.38606262,38.48480225,
87.50167084,192.0272064,87.5083313,28.59291267,87.53247833,243.8233795,87.53916931,29.57977104,87.56298065,278.762085,87.56967163,31.60144043,87.59366608,192.8986206,87.60033417,31.04299927,87.62480927,24.24629211,87.63147736,0.9107556343,87.75291443,509.530304,87.75959015,43.12110901,87.72255707,202.4433289,87.72923279,31.55800629,87.69158173,322.6314087,87.69824982,36.15438843,87.66030884,203.8761749,87.66699982,35.16506958,87.78998566,537.090332,87.79664612,43.98400116,87.82099915,169.5030518,87.82766724,33.76086044,87.85140228,332.4961853,87.85806274,40.75117111,87.88240051,256.682373,87.88906097,37.45569992,
88.00167084,189.4358521,88.0083313,27.37714577,88.0324173,247.1983948,88.03908539,28.45549583,88.06324768,275.0362244,88.06991577,30.60910225,88.09348297,195.7200623,88.10014343,29.35106468,88.12431335,24.83883667,88.13098145,0.9656192064,88.2518158,507.1922607,88.25849915,43.45736313,88.22164917,200.9680176,88.22830963,32.52967453,88.19047546,323.9059143,88.19714355,36.18221664,88.15933228,211.0467224,88.16600037,37.04088593,88.28808594,542.6238403,88.29475403,43.23716736,88.31881714,172.4712067,88.3254776,33.80646896,88.34950256,338.9945068,88.35617065,40.34038544,88.38064575,257.0870667,88.38731384,38.18712234,
88.50167084,185.6669922,88.5083313,27.24647331,88.53214264,244.9313965,88.53881073,29.63082314,88.56283569,276.0867004,88.56949615,29.55503464,88.59348297,192.0158844,88.60014343,30.9522934,88.62398529,25.39232254,88.63064575,0.7474501133,88.7518158,515.0142212,88.75847626,44.0967865,88.72147369,198.6793671,88.72814941,32.56753159,88.69025421,328.1811829,88.69691467,37.61944962,88.66023254,209.7106781,88.66689301,35.41472244,88.78747559,545.8753052,88.79415131,45.13171768,88.81781769,173.4754333,88.82447815,33.30242157,88.84914398,345.9596863,88.85581207,38.24214554,88.87989807,258.3890076,88.88656616,37.1301384,
89.00167084,193.9350891,89.0083313,29.26381111,89.03164673,242.679184,89.03831482,28.80688858,89.06233978,275.7218628,89.06900024,29.77086258,89.09273529,191.5597839,89.09939575,28.91740036,89.1233139,24.81565475,89.12998199,0.8145785928,89.25297546,516.0863037,89.25964355,43.44073105,89.2219162,205.2876129,89.22858429,31.68097496,89.19075012,321.7569275,89.19741821,34.20866776,89.16072845,212.7173157,89.16739655,35.1313858,89.28697968,541.0374756,89.29364777,43.96983719,89.31864166,169.056427,89.32530975,31.07788277,89.34914398,344.4839783,89.35581207,41.53348923,89.37999725,259.0941772,89.38667297,38.83377457,
89.50167084,187.6000977,89.5083313,27.48617935,89.53164673,253.1902161,89.53831482,29.8323822,89.56183624,285.2607727,89.5684967,31.05910683,89.59281158,192.1612244,89.59947968,30.29531097,89.6236496,24.57144737,89.63031769,1.062831879,89.75239563,518.6850586,89.75906372,43.6254158,89.72200012,204.4625244,89.72866821,33.65556717,89.69164276,323.9439697,89.69831848,35.75728989,89.66030884,203.7102051,89.66697693,35.0715065,89.78931427,550.0927734,89.79598236,42.80597687,89.81999969,170.8587341,89.82666779,33.43367767,89.8507309,336.1660156,89.85739899,38.98721313,89.88131714,255.9726257,89.8879776,37.68505478,
90.00167084,185.5937042,90.0083313,28.36649323,90.03217316,250.2051544,90.03883362,31.57778168,90.0633316,282.2312622,90.06999969,31.40063667,90.09416199,190.151062,90.10083008,31.63924408,90.12474823,24.46204948,90.13141632,0.8804815412,90.25239563,511.5899353,90.25907898,42.73093033,90.22166443,201.8875427,90.22834015,32.01878357,90.19114685,331.3029175,90.19780731,37.13021851,90.16064453,211.2844696,90.16731262,35.21729279,90.28797913,540.4320679,90.29464722,42.96164703,90.3188324,174.4421539,90.32549286,32.68411255,90.34899902,340.7614746,90.35566711,39.37252426,90.3796463,251.3997498,90.38631439,37.83347702,

Sample A1_Ex509_Em563,
Sample A1_Ex509_Em563
Collection Time: 14-Feb-24 12:19:03 PM
Operator Name  :
Kinetics Software Version: 1.2(146)
Parameter List :
Report Time: Wed 14 Feb 12:19:03 PM 2024
Software version: 1.2(146)
Operator:
Instrument Parameters
Instrument                        Cary Eclipse
Instrument Serial Number          MY18160001
Data mode                         Fluorescence
Ex. wavelengths (nm)              509.0000 ; 509.0000
Em. wavelengths (nm)              563.0000 ; 660.0000
Ex. Slit (nm)                     20
Em. Slit (nm)                     10
Averaging Time (s)                0.2000
Cycle time(min)                   0.5000
Stop time(min)                    90.0000
Emission filter                   550 - 1100 nm
Excitation Filter                 335 - 620 nm
PMT voltage (V)                   800
Wellplate                         ON
Plate format                     96 Wells
Read position                    Well centre
Multi-zero                       OFF
Auto-zero                        OFF
Well                            A1
Comments:
Method Log     :
Method Name    : Default
Date/Time stamp: 14-Feb-24 11:59:09 AM
Method Modifications:
Wellplate Overlay Mode Changed: 14-Feb-24 11:59:11 AM, Old:Individual, New:Choice 1
Wellplate Overlay Mode Changed: 14-Feb-24 11:59:11 AM, Old:Overlay all, New:Choice 2
Wellplate Overlay Mode Changed: 14-Feb-24 11:59:11 AM, Old:Overlay rows, New:Choice 3
Wellplate Overlay Mode Changed: 14-Feb-24 11:59:11 AM, Old:Overlay columns, New:Choice 4
Wellplate Overlay Mode Changed: 14-Feb-24 11:59:11 AM, Old:User defined, New:Overlay columns
Well plate reader Changed: 14-Feb-24 12:01:50 PM, Old:OFF, New:ON
Multiwavelength Changed: 14-Feb-24 12:01:50 PM, Old:OFF, New:ON
Excitation Wavelengths 1 Changed: 14-Feb-24 12:01:50 PM, Old:   350.0000, New:   509.0000
Emission Wavelengths 1 Changed: 14-Feb-24 12:01:50 PM, Old:   450.0000, New:   563.0000
Excitation Wavelengths 2 Changed: 14-Feb-24 12:01:50 PM, Old:   360.0000, New:   509.0000
Emission Wavelengths 2 Changed: 14-Feb-24 12:01:50 PM, Old:   460.0000, New:   660.0000
Excitation Wavelength Changed: 14-Feb-24 12:01:50 PM, Old: 400.00, New: 509.00
Emission Wavelength Changed: 14-Feb-24 12:01:50 PM, Old: 600.00, New: 563.00
Ave. time (s): Changed: 14-Feb-24 12:01:50 PM, Old:0.10000, New:0.20000
Cycle Time 1 Changed: 14-Feb-24 12:01:50 PM, Old: 0.0000, New: 0.5000
Stop Time 1 Changed: 14-Feb-24 12:01:50 PM, Old: 1.0000, New:90.0000
Wellplate Samples Changed: 14-Feb-24 12:01:50 PM, Old:, New:A1;A2;A3;A4;A5;B1;B2;B3;B4;C1;C2;C3;C4;
PMT Volts Changed: 14-Feb-24 12:02:06 PM, Old:600, New:800
Emission PMT (V): Changed: 14-Feb-24 12:02:06 PM, Old: 600, New: 800
Emission Wavelengths 1 Changed: 14-Feb-24 12:07:03 PM, Old:   563.0000, New:   573.0000
Emission Wavelengths 2 Changed: 14-Feb-24 12:07:03 PM, Old:   660.0000, New:   670.0000
Emission Wavelength Changed: 14-Feb-24 12:07:03 PM, Old: 563.00, New: 573.00
Excitation Filter: Changed: 14-Feb-24 12:09:49 PM, Old:Auto, New:Open
Emission Filter: Changed: 14-Feb-24 12:10:42 PM, Old:Open, New:550 - 1100 nm
Excitation Filter: Changed: 14-Feb-24 12:10:42 PM, Old:Open, New:335 - 620 nm
Emission Wavelengths 1 Changed: 14-Feb-24 12:12:48 PM, Old:   573.0000, New:   563.0000
Emission Wavelengths 2 Changed: 14-Feb-24 12:12:48 PM, Old:   670.0000, New:   660.0000
Emission Wavelength Changed: 14-Feb-24 12:12:48 PM, Old: 573.00, New: 563.00
Ex. Slit Width (nm): Changed: 14-Feb-24 12:12:48 PM, Old:5, New:10
Em. Slit Width (nm): Changed: 14-Feb-24 12:12:48 PM, Old:5, New:10
Ex. Slit Width (nm): Changed: 14-Feb-24 12:13:30 PM, Old:10, New:20
End Method Modifications

Sample A1_Ex509_Em660,
Sample A1_Ex509_Em660
Collection Time: 14-Feb-24 12:19:03 PM
Operator Name  :
Kinetics Software Version: 1.2(146)
Parameter List :
Report Time: Wed 14 Feb 12:19:03 PM 2024
Software version: 1.2(146)
Operator:
Instrument Parameters
Instrument                        Cary Eclipse
Instrument Serial Number          MY18160001
Data mode                         Fluorescence
Ex. wavelengths (nm)              509.0000 ; 509.0000
Em. wavelengths (nm)              563.0000 ; 660.0000
Ex. Slit (nm)                     20
Em. Slit (nm)                     10
Averaging Time (s)                0.2000
Cycle time(min)                   0.5000
Stop time(min)                    90.0000
Emission filter                   550 - 1100 nm
Excitation Filter                 335 - 620 nm
PMT voltage (V)                   800
Wellplate                         ON
Plate format                     96 Wells
Read position                    Well centre
Multi-zero                       OFF
Auto-zero                        OFF
Well                            A1
Comments:
Method Log     :
Method Name    : Default
Date/Time stamp: 14-Feb-24 11:59:09 AM
Method Modifications:
Wellplate Overlay Mode Changed: 14-Feb-24 11:59:11 AM, Old:Individual, New:Choice 1
Wellplate Overlay Mode Changed: 14-Feb-24 11:59:11 AM, Old:Overlay all, New:Choice 2
Wellplate Overlay Mode Changed: 14-Feb-24 11:59:11 AM, Old:Overlay rows, New:Choice 3
Wellplate Overlay Mode Changed: 14-Feb-24 11:59:11 AM, Old:Overlay columns, New:Choice 4
Wellplate Overlay Mode Changed: 14-Feb-24 11:59:11 AM, Old:User defined, New:Overlay columns
Well plate reader Changed: 14-Feb-24 12:01:50 PM, Old:OFF, New:ON
Multiwavelength Changed: 14-Feb-24 12:01:50 PM, Old:OFF, New:ON
Excitation Wavelengths 1 Changed: 14-Feb-24 12:01:50 PM, Old:   350.0000, New:   509.0000
Emission Wavelengths 1 Changed: 14-Feb-24 12:01:50 PM, Old:   450.0000, New:   563.0000
Excitation Wavelengths 2 Changed: 14-Feb-24 12:01:50 PM, Old:   360.0000, New:   509.0000
Emission Wavelengths 2 Changed: 14-Feb-24 12:01:50 PM, Old:   460.0000, New:   660.0000
Excitation Wavelength Changed: 14-Feb-24 12:01:50 PM, Old: 400.00, New: 509.00
Emission Wavelength Changed: 14-Feb-24 12:01:50 PM, Old: 600.00, New: 563.00
Ave. time (s): Changed: 14-Feb-24 12:01:50 PM, Old:0.10000, New:0.20000
Cycle Time 1 Changed: 14-Feb-24 12:01:50 PM, Old: 0.0000, New: 0.5000
Stop Time 1 Changed: 14-Feb-24 12:01:50 PM, Old: 1.0000, New:90.0000
Wellplate Samples Changed: 14-Feb-24 12:01:50 PM, Old:, New:A1;A2;A3;A4;A5;B1;B2;B3;B4;C1;C2;C3;C4;
PMT Volts Changed: 14-Feb-24 12:02:06 PM, Old:600, New:800
Emission PMT (V): Changed: 14-Feb-24 12:02:06 PM, Old: 600, New: 800
Emission Wavelengths 1 Changed: 14-Feb-24 12:07:03 PM, Old:   563.0000, New:   573.0000
Emission Wavelengths 2 Changed: 14-Feb-24 12:07:03 PM, Old:   660.0000, New:   670.0000
Emission Wavelength Changed: 14-Feb-24 12:07:03 PM, Old: 563.00, New: 573.00
Excitation Filter: Changed: 14-Feb-24 12:09:49 PM, Old:Auto, New:Open
Emission Filter: Changed: 14-Feb-24 12:10:42 PM, Old:Open, New:550 - 1100 nm
Excitation Filter: Changed: 14-Feb-24 12:10:42 PM, Old:Open, New:335 - 620 nm
Emission Wavelengths 1 Changed: 14-Feb-24 12:12:48 PM, Old:   573.0000, New:   563.0000
Emission Wavelengths 2 Changed: 14-Feb-24 12:12:48 PM, Old:   670.0000, New:   660.0000
Emission Wavelength Changed: 14-Feb-24 12:12:48 PM, Old: 573.00, New: 563.00
Ex. Slit Width (nm): Changed: 14-Feb-24 12:12:48 PM, Old:5, New:10
Em. Slit Width (nm): Changed: 14-Feb-24 12:12:48 PM, Old:5, New:10
Ex. Slit Width (nm): Changed: 14-Feb-24 12:13:30 PM, Old:10, New:20
End Method Modifications

Sample A2_Ex509_Em563,
Sample A2_Ex509_Em563
Collection Time: 14-Feb-24 12:19:03 PM
Operator Name  :
Kinetics Software Version: 1.2(146)
Parameter List :
Report Time: Wed 14 Feb 12:19:03 PM 2024
Software version: 1.2(146)
Operator:
Instrument Parameters
Instrument                        Cary Eclipse
Instrument Serial Number          MY18160001
Data mode                         Fluorescence
Ex. wavelengths (nm)              509.0000 ; 509.0000
Em. wavelengths (nm)              563.0000 ; 660.0000
Ex. Slit (nm)                     20
Em. Slit (nm)                     10
Averaging Time (s)                0.2000
Cycle time(min)                   0.5000
Stop time(min)                    90.0000
Emission filter                   550 - 1100 nm
Excitation Filter                 335 - 620 nm
PMT voltage (V)                   800
Wellplate                         ON
Plate format                     96 Wells
Read position                    Well centre
Multi-zero                       OFF
Auto-zero                        OFF
Well                            A1
Comments:
Method Log     :
Method Name    : Default
Date/Time stamp: 14-Feb-24 11:59:09 AM
Method Modifications:
Wellplate Overlay Mode Changed: 14-Feb-24 11:59:11 AM, Old:Individual, New:Choice 1
Wellplate Overlay Mode Changed: 14-Feb-24 11:59:11 AM, Old:Overlay all, New:Choice 2
Wellplate Overlay Mode Changed: 14-Feb-24 11:59:11 AM, Old:Overlay rows, New:Choice 3
Wellplate Overlay Mode Changed: 14-Feb-24 11:59:11 AM, Old:Overlay columns, New:Choice 4
Wellplate Overlay Mode Changed: 14-Feb-24 11:59:11 AM, Old:User defined, New:Overlay columns
Well plate reader Changed: 14-Feb-24 12:01:50 PM, Old:OFF, New:ON
Multiwavelength Changed: 14-Feb-24 12:01:50 PM, Old:OFF, New:ON
Excitation Wavelengths 1 Changed: 14-Feb-24 12:01:50 PM, Old:   350.0000, New:   509.0000
Emission Wavelengths 1 Changed: 14-Feb-24 12:01:50 PM, Old:   450.0000, New:   563.0000
Excitation Wavelengths 2 Changed: 14-Feb-24 12:01:50 PM, Old:   360.0000, New:   509.0000
Emission Wavelengths 2 Changed: 14-Feb-24 12:01:50 PM, Old:   460.0000, New:   660.0000
Excitation Wavelength Changed: 14-Feb-24 12:01:50 PM, Old: 400.00, New: 509.00
Emission Wavelength Changed: 14-Feb-24 12:01:50 PM, Old: 600.00, New: 563.00
Ave. time (s): Changed: 14-Feb-24 12:01:50 PM, Old:0.10000, New:0.20000
Cycle Time 1 Changed: 14-Feb-24 12:01:50 PM, Old: 0.0000, New: 0.5000
Stop Time 1 Changed: 14-Feb-24 12:01:50 PM, Old: 1.0000, New:90.0000
Wellplate Samples Changed: 14-Feb-24 12:01:50 PM, Old:, New:A1;A2;A3;A4;A5;B1;B2;B3;B4;C1;C2;C3;C4;
PMT Volts Changed: 14-Feb-24 12:02:06 PM, Old:600, New:800
Emission PMT (V): Changed: 14-Feb-24 12:02:06 PM, Old: 600, New: 800
Emission Wavelengths 1 Changed: 14-Feb-24 12:07:03 PM, Old:   563.0000, New:   573.0000
Emission Wavelengths 2 Changed: 14-Feb-24 12:07:03 PM, Old:   660.0000, New:   670.0000
Emission Wavelength Changed: 14-Feb-24 12:07:03 PM, Old: 563.00, New: 573.00
Excitation Filter: Changed: 14-Feb-24 12:09:49 PM, Old:Auto, New:Open
Emission Filter: Changed: 14-Feb-24 12:10:42 PM, Old:Open, New:550 - 1100 nm
Excitation Filter: Changed: 14-Feb-24 12:10:42 PM, Old:Open, New:335 - 620 nm
Emission Wavelengths 1 Changed: 14-Feb-24 12:12:48 PM, Old:   573.0000, New:   563.0000
Emission Wavelengths 2 Changed: 14-Feb-24 12:12:48 PM, Old:   670.0000, New:   660.0000
Emission Wavelength Changed: 14-Feb-24 12:12:48 PM, Old: 573.00, New: 563.00
Ex. Slit Width (nm): Changed: 14-Feb-24 12:12:48 PM, Old:5, New:10
Em. Slit Width (nm): Changed: 14-Feb-24 12:12:48 PM, Old:5, New:10
Ex. Slit Width (nm): Changed: 14-Feb-24 12:13:30 PM, Old:10, New:20
End Method Modifications

Sample A2_Ex509_Em660,
Sample A2_Ex509_Em660
Collection Time: 14-Feb-24 12:19:03 PM
Operator Name  :
Kinetics Software Version: 1.2(146)
Parameter List :
Report Time: Wed 14 Feb 12:19:03 PM 2024
Software version: 1.2(146)
Operator:
Instrument Parameters
Instrument                        Cary Eclipse
Instrument Serial Number          MY18160001
Data mode                         Fluorescence
Ex. wavelengths (nm)              509.0000 ; 509.0000
Em. wavelengths (nm)              563.0000 ; 660.0000
Ex. Slit (nm)                     20
Em. Slit (nm)                     10
Averaging Time (s)                0.2000
Cycle time(min)                   0.5000
Stop time(min)                    90.0000
Emission filter                   550 - 1100 nm
Excitation Filter                 335 - 620 nm
PMT voltage (V)                   800
Wellplate                         ON
Plate format                     96 Wells
Read position                    Well centre
Multi-zero                       OFF
Auto-zero                        OFF
Well                            A1
Comments:
Method Log     :
Method Name    : Default
Date/Time stamp: 14-Feb-24 11:59:09 AM
Method Modifications:
Wellplate Overlay Mode Changed: 14-Feb-24 11:59:11 AM, Old:Individual, New:Choice 1
Wellplate Overlay Mode Changed: 14-Feb-24 11:59:11 AM, Old:Overlay all, New:Choice 2
Wellplate Overlay Mode Changed: 14-Feb-24 11:59:11 AM, Old:Overlay rows, New:Choice 3
Wellplate Overlay Mode Changed: 14-Feb-24 11:59:11 AM, Old:Overlay columns, New:Choice 4
Wellplate Overlay Mode Changed: 14-Feb-24 11:59:11 AM, Old:User defined, New:Overlay columns
Well plate reader Changed: 14-Feb-24 12:01:50 PM, Old:OFF, New:ON
Multiwavelength Changed: 14-Feb-24 12:01:50 PM, Old:OFF, New:ON
Excitation Wavelengths 1 Changed: 14-Feb-24 12:01:50 PM, Old:   350.0000, New:   509.0000
Emission Wavelengths 1 Changed: 14-Feb-24 12:01:50 PM, Old:   450.0000, New:   563.0000
Excitation Wavelengths 2 Changed: 14-Feb-24 12:01:50 PM, Old:   360.0000, New:   509.0000
Emission Wavelengths 2 Changed: 14-Feb-24 12:01:50 PM, Old:   460.0000, New:   660.0000
Excitation Wavelength Changed: 14-Feb-24 12:01:50 PM, Old: 400.00, New: 509.00
Emission Wavelength Changed: 14-Feb-24 12:01:50 PM, Old: 600.00, New: 563.00
Ave. time (s): Changed: 14-Feb-24 12:01:50 PM, Old:0.10000, New:0.20000
Cycle Time 1 Changed: 14-Feb-24 12:01:50 PM, Old: 0.0000, New: 0.5000
Stop Time 1 Changed: 14-Feb-24 12:01:50 PM, Old: 1.0000, New:90.0000
Wellplate Samples Changed: 14-Feb-24 12:01:50 PM, Old:, New:A1;A2;A3;A4;A5;B1;B2;B3;B4;C1;C2;C3;C4;
PMT Volts Changed: 14-Feb-24 12:02:06 PM, Old:600, New:800
Emission PMT (V): Changed: 14-Feb-24 12:02:06 PM, Old: 600, New: 800
Emission Wavelengths 1 Changed: 14-Feb-24 12:07:03 PM, Old:   563.0000, New:   573.0000
Emission Wavelengths 2 Changed: 14-Feb-24 12:07:03 PM, Old:   660.0000, New:   670.0000
Emission Wavelength Changed: 14-Feb-24 12:07:03 PM, Old: 563.00, New: 573.00
Excitation Filter: Changed: 14-Feb-24 12:09:49 PM, Old:Auto, New:Open
Emission Filter: Changed: 14-Feb-24 12:10:42 PM, Old:Open, New:550 - 1100 nm
Excitation Filter: Changed: 14-Feb-24 12:10:42 PM, Old:Open, New:335 - 620 nm
Emission Wavelengths 1 Changed: 14-Feb-24 12:12:48 PM, Old:   573.0000, New:   563.0000
Emission Wavelengths 2 Changed: 14-Feb-24 12:12:48 PM, Old:   670.0000, New:   660.0000
Emission Wavelength Changed: 14-Feb-24 12:12:48 PM, Old: 573.00, New: 563.00
Ex. Slit Width (nm): Changed: 14-Feb-24 12:12:48 PM, Old:5, New:10
Em. Slit Width (nm): Changed: 14-Feb-24 12:12:48 PM, Old:5, New:10
Ex. Slit Width (nm): Changed: 14-Feb-24 12:13:30 PM, Old:10, New:20
End Method Modifications

Sample A3_Ex509_Em563,
Sample A3_Ex509_Em563
Collection Time: 14-Feb-24 12:19:03 PM
Operator Name  :
Kinetics Software Version: 1.2(146)
Parameter List :
Report Time: Wed 14 Feb 12:19:03 PM 2024
Software version: 1.2(146)
Operator:
Instrument Parameters
Instrument                        Cary Eclipse
Instrument Serial Number          MY18160001
Data mode                         Fluorescence
Ex. wavelengths (nm)              509.0000 ; 509.0000
Em. wavelengths (nm)              563.0000 ; 660.0000
Ex. Slit (nm)                     20
Em. Slit (nm)                     10
Averaging Time (s)                0.2000
Cycle time(min)                   0.5000
Stop time(min)                    90.0000
Emission filter                   550 - 1100 nm
Excitation Filter                 335 - 620 nm
PMT voltage (V)                   800
Wellplate                         ON
Plate format                     96 Wells
Read position                    Well centre
Multi-zero                       OFF
Auto-zero                        OFF
Well                            A1
Comments:
Method Log     :
Method Name    : Default
Date/Time stamp: 14-Feb-24 11:59:09 AM
Method Modifications:
Wellplate Overlay Mode Changed: 14-Feb-24 11:59:11 AM, Old:Individual, New:Choice 1
Wellplate Overlay Mode Changed: 14-Feb-24 11:59:11 AM, Old:Overlay all, New:Choice 2
Wellplate Overlay Mode Changed: 14-Feb-24 11:59:11 AM, Old:Overlay rows, New:Choice 3
Wellplate Overlay Mode Changed: 14-Feb-24 11:59:11 AM, Old:Overlay columns, New:Choice 4
Wellplate Overlay Mode Changed: 14-Feb-24 11:59:11 AM, Old:User defined, New:Overlay columns
Well plate reader Changed: 14-Feb-24 12:01:50 PM, Old:OFF, New:ON
Multiwavelength Changed: 14-Feb-24 12:01:50 PM, Old:OFF, New:ON
Excitation Wavelengths 1 Changed: 14-Feb-24 12:01:50 PM, Old:   350.0000, New:   509.0000
Emission Wavelengths 1 Changed: 14-Feb-24 12:01:50 PM, Old:   450.0000, New:   563.0000
Excitation Wavelengths 2 Changed: 14-Feb-24 12:01:50 PM, Old:   360.0000, New:   509.0000
Emission Wavelengths 2 Changed: 14-Feb-24 12:01:50 PM, Old:   460.0000, New:   660.0000
Excitation Wavelength Changed: 14-Feb-24 12:01:50 PM, Old: 400.00, New: 509.00
Emission Wavelength Changed: 14-Feb-24 12:01:50 PM, Old: 600.00, New: 563.00
Ave. time (s): Changed: 14-Feb-24 12:01:50 PM, Old:0.10000, New:0.20000
Cycle Time 1 Changed: 14-Feb-24 12:01:50 PM, Old: 0.0000, New: 0.5000
Stop Time 1 Changed: 14-Feb-24 12:01:50 PM, Old: 1.0000, New:90.0000
Wellplate Samples Changed: 14-Feb-24 12:01:50 PM, Old:, New:A1;A2;A3;A4;A5;B1;B2;B3;B4;C1;C2;C3;C4;
PMT Volts Changed: 14-Feb-24 12:02:06 PM, Old:600, New:800
Emission PMT (V): Changed: 14-Feb-24 12:02:06 PM, Old: 600, New: 800
Emission Wavelengths 1 Changed: 14-Feb-24 12:07:03 PM, Old:   563.0000, New:   573.0000
Emission Wavelengths 2 Changed: 14-Feb-24 12:07:03 PM, Old:   660.0000, New:   670.0000
Emission Wavelength Changed: 14-Feb-24 12:07:03 PM, Old: 563.00, New: 573.00
Excitation Filter: Changed: 14-Feb-24 12:09:49 PM, Old:Auto, New:Open
Emission Filter: Changed: 14-Feb-24 12:10:42 PM, Old:Open, New:550 - 1100 nm
Excitation Filter: Changed: 14-Feb-24 12:10:42 PM, Old:Open, New:335 - 620 nm
Emission Wavelengths 1 Changed: 14-Feb-24 12:12:48 PM, Old:   573.0000, New:   563.0000
Emission Wavelengths 2 Changed: 14-Feb-24 12:12:48 PM, Old:   670.0000, New:   660.0000
Emission Wavelength Changed: 14-Feb-24 12:12:48 PM, Old: 573.00, New: 563.00
Ex. Slit Width (nm): Changed: 14-Feb-24 12:12:48 PM, Old:5, New:10
Em. Slit Width (nm): Changed: 14-Feb-24 12:12:48 PM, Old:5, New:10
Ex. Slit Width (nm): Changed: 14-Feb-24 12:13:30 PM, Old:10, New:20
End Method Modifications

Sample A3_Ex509_Em660,
Sample A3_Ex509_Em660
Collection Time: 14-Feb-24 12:19:03 PM
Operator Name  :
Kinetics Software Version: 1.2(146)
Parameter List :
Report Time: Wed 14 Feb 12:19:03 PM 2024
Software version: 1.2(146)
Operator:
Instrument Parameters
Instrument                        Cary Eclipse
Instrument Serial Number          MY18160001
Data mode                         Fluorescence
Ex. wavelengths (nm)              509.0000 ; 509.0000
Em. wavelengths (nm)              563.0000 ; 660.0000
Ex. Slit (nm)                     20
Em. Slit (nm)                     10
Averaging Time (s)                0.2000
Cycle time(min)                   0.5000
Stop time(min)                    90.0000
Emission filter                   550 - 1100 nm
Excitation Filter                 335 - 620 nm
PMT voltage (V)                   800
Wellplate                         ON
Plate format                     96 Wells
Read position                    Well centre
Multi-zero                       OFF
Auto-zero                        OFF
Well                            A1
Comments:
Method Log     :
Method Name    : Default
Date/Time stamp: 14-Feb-24 11:59:09 AM
Method Modifications:
Wellplate Overlay Mode Changed: 14-Feb-24 11:59:11 AM, Old:Individual, New:Choice 1
Wellplate Overlay Mode Changed: 14-Feb-24 11:59:11 AM, Old:Overlay all, New:Choice 2
Wellplate Overlay Mode Changed: 14-Feb-24 11:59:11 AM, Old:Overlay rows, New:Choice 3
Wellplate Overlay Mode Changed: 14-Feb-24 11:59:11 AM, Old:Overlay columns, New:Choice 4
Wellplate Overlay Mode Changed: 14-Feb-24 11:59:11 AM, Old:User defined, New:Overlay columns
Well plate reader Changed: 14-Feb-24 12:01:50 PM, Old:OFF, New:ON
Multiwavelength Changed: 14-Feb-24 12:01:50 PM, Old:OFF, New:ON
Excitation Wavelengths 1 Changed: 14-Feb-24 12:01:50 PM, Old:   350.0000, New:   509.0000
Emission Wavelengths 1 Changed: 14-Feb-24 12:01:50 PM, Old:   450.0000, New:   563.0000
Excitation Wavelengths 2 Changed: 14-Feb-24 12:01:50 PM, Old:   360.0000, New:   509.0000
Emission Wavelengths 2 Changed: 14-Feb-24 12:01:50 PM, Old:   460.0000, New:   660.0000
Excitation Wavelength Changed: 14-Feb-24 12:01:50 PM, Old: 400.00, New: 509.00
Emission Wavelength Changed: 14-Feb-24 12:01:50 PM, Old: 600.00, New: 563.00
Ave. time (s): Changed: 14-Feb-24 12:01:50 PM, Old:0.10000, New:0.20000
Cycle Time 1 Changed: 14-Feb-24 12:01:50 PM, Old: 0.0000, New: 0.5000
Stop Time 1 Changed: 14-Feb-24 12:01:50 PM, Old: 1.0000, New:90.0000
Wellplate Samples Changed: 14-Feb-24 12:01:50 PM, Old:, New:A1;A2;A3;A4;A5;B1;B2;B3;B4;C1;C2;C3;C4;
PMT Volts Changed: 14-Feb-24 12:02:06 PM, Old:600, New:800
Emission PMT (V): Changed: 14-Feb-24 12:02:06 PM, Old: 600, New: 800
Emission Wavelengths 1 Changed: 14-Feb-24 12:07:03 PM, Old:   563.0000, New:   573.0000
Emission Wavelengths 2 Changed: 14-Feb-24 12:07:03 PM, Old:   660.0000, New:   670.0000
Emission Wavelength Changed: 14-Feb-24 12:07:03 PM, Old: 563.00, New: 573.00
Excitation Filter: Changed: 14-Feb-24 12:09:49 PM, Old:Auto, New:Open
Emission Filter: Changed: 14-Feb-24 12:10:42 PM, Old:Open, New:550 - 1100 nm
Excitation Filter: Changed: 14-Feb-24 12:10:42 PM, Old:Open, New:335 - 620 nm
Emission Wavelengths 1 Changed: 14-Feb-24 12:12:48 PM, Old:   573.0000, New:   563.0000
Emission Wavelengths 2 Changed: 14-Feb-24 12:12:48 PM, Old:   670.0000, New:   660.0000
Emission Wavelength Changed: 14-Feb-24 12:12:48 PM, Old: 573.00, New: 563.00
Ex. Slit Width (nm): Changed: 14-Feb-24 12:12:48 PM, Old:5, New:10
Em. Slit Width (nm): Changed: 14-Feb-24 12:12:48 PM, Old:5, New:10
Ex. Slit Width (nm): Changed: 14-Feb-24 12:13:30 PM, Old:10, New:20
End Method Modifications

Sample A4_Ex509_Em563,
Sample A4_Ex509_Em563
Collection Time: 14-Feb-24 12:19:03 PM
Operator Name  :
Kinetics Software Version: 1.2(146)
Parameter List :
Report Time: Wed 14 Feb 12:19:03 PM 2024
Software version: 1.2(146)
Operator:
Instrument Parameters
Instrument                        Cary Eclipse
Instrument Serial Number          MY18160001
Data mode                         Fluorescence
Ex. wavelengths (nm)              509.0000 ; 509.0000
Em. wavelengths (nm)              563.0000 ; 660.0000
Ex. Slit (nm)                     20
Em. Slit (nm)                     10
Averaging Time (s)                0.2000
Cycle time(min)                   0.5000
Stop time(min)                    90.0000
Emission filter                   550 - 1100 nm
Excitation Filter                 335 - 620 nm
PMT voltage (V)                   800
Wellplate                         ON
Plate format                     96 Wells
Read position                    Well centre
Multi-zero                       OFF
Auto-zero                        OFF
Well                            A1
Comments:
Method Log     :
Method Name    : Default
Date/Time stamp: 14-Feb-24 11:59:09 AM
Method Modifications:
Wellplate Overlay Mode Changed: 14-Feb-24 11:59:11 AM, Old:Individual, New:Choice 1
Wellplate Overlay Mode Changed: 14-Feb-24 11:59:11 AM, Old:Overlay all, New:Choice 2
Wellplate Overlay Mode Changed: 14-Feb-24 11:59:11 AM, Old:Overlay rows, New:Choice 3
Wellplate Overlay Mode Changed: 14-Feb-24 11:59:11 AM, Old:Overlay columns, New:Choice 4
Wellplate Overlay Mode Changed: 14-Feb-24 11:59:11 AM, Old:User defined, New:Overlay columns
Well plate reader Changed: 14-Feb-24 12:01:50 PM, Old:OFF, New:ON
Multiwavelength Changed: 14-Feb-24 12:01:50 PM, Old:OFF, New:ON
Excitation Wavelengths 1 Changed: 14-Feb-24 12:01:50 PM, Old:   350.0000, New:   509.0000
Emission Wavelengths 1 Changed: 14-Feb-24 12:01:50 PM, Old:   450.0000, New:   563.0000
Excitation Wavelengths 2 Changed: 14-Feb-24 12:01:50 PM, Old:   360.0000, New:   509.0000
Emission Wavelengths 2 Changed: 14-Feb-24 12:01:50 PM, Old:   460.0000, New:   660.0000
Excitation Wavelength Changed: 14-Feb-24 12:01:50 PM, Old: 400.00, New: 509.00
Emission Wavelength Changed: 14-Feb-24 12:01:50 PM, Old: 600.00, New: 563.00
Ave. time (s): Changed: 14-Feb-24 12:01:50 PM, Old:0.10000, New:0.20000
Cycle Time 1 Changed: 14-Feb-24 12:01:50 PM, Old: 0.0000, New: 0.5000
Stop Time 1 Changed: 14-Feb-24 12:01:50 PM, Old: 1.0000, New:90.0000
Wellplate Samples Changed: 14-Feb-24 12:01:50 PM, Old:, New:A1;A2;A3;A4;A5;B1;B2;B3;B4;C1;C2;C3;C4;
PMT Volts Changed: 14-Feb-24 12:02:06 PM, Old:600, New:800
Emission PMT (V): Changed: 14-Feb-24 12:02:06 PM, Old: 600, New: 800
Emission Wavelengths 1 Changed: 14-Feb-24 12:07:03 PM, Old:   563.0000, New:   573.0000
Emission Wavelengths 2 Changed: 14-Feb-24 12:07:03 PM, Old:   660.0000, New:   670.0000
Emission Wavelength Changed: 14-Feb-24 12:07:03 PM, Old: 563.00, New: 573.00
Excitation Filter: Changed: 14-Feb-24 12:09:49 PM, Old:Auto, New:Open
Emission Filter: Changed: 14-Feb-24 12:10:42 PM, Old:Open, New:550 - 1100 nm
Excitation Filter: Changed: 14-Feb-24 12:10:42 PM, Old:Open, New:335 - 620 nm
Emission Wavelengths 1 Changed: 14-Feb-24 12:12:48 PM, Old:   573.0000, New:   563.0000
Emission Wavelengths 2 Changed: 14-Feb-24 12:12:48 PM, Old:   670.0000, New:   660.0000
Emission Wavelength Changed: 14-Feb-24 12:12:48 PM, Old: 573.00, New: 563.00
Ex. Slit Width (nm): Changed: 14-Feb-24 12:12:48 PM, Old:5, New:10
Em. Slit Width (nm): Changed: 14-Feb-24 12:12:48 PM, Old:5, New:10
Ex. Slit Width (nm): Changed: 14-Feb-24 12:13:30 PM, Old:10, New:20
End Method Modifications

Sample A4_Ex509_Em660,
Sample A4_Ex509_Em660
Collection Time: 14-Feb-24 12:19:03 PM
Operator Name  :
Kinetics Software Version: 1.2(146)
Parameter List :
Report Time: Wed 14 Feb 12:19:03 PM 2024
Software version: 1.2(146)
Operator:
Instrument Parameters
Instrument                        Cary Eclipse
Instrument Serial Number          MY18160001
Data mode                         Fluorescence
Ex. wavelengths (nm)              509.0000 ; 509.0000
Em. wavelengths (nm)              563.0000 ; 660.0000
Ex. Slit (nm)                     20
Em. Slit (nm)                     10
Averaging Time (s)                0.2000
Cycle time(min)                   0.5000
Stop time(min)                    90.0000
Emission filter                   550 - 1100 nm
Excitation Filter                 335 - 620 nm
PMT voltage (V)                   800
Wellplate                         ON
Plate format                     96 Wells
Read position                    Well centre
Multi-zero                       OFF
Auto-zero                        OFF
Well                            A1
Comments:
Method Log     :
Method Name    : Default
Date/Time stamp: 14-Feb-24 11:59:09 AM
Method Modifications:
Wellplate Overlay Mode Changed: 14-Feb-24 11:59:11 AM, Old:Individual, New:Choice 1
Wellplate Overlay Mode Changed: 14-Feb-24 11:59:11 AM, Old:Overlay all, New:Choice 2
Wellplate Overlay Mode Changed: 14-Feb-24 11:59:11 AM, Old:Overlay rows, New:Choice 3
Wellplate Overlay Mode Changed: 14-Feb-24 11:59:11 AM, Old:Overlay columns, New:Choice 4
Wellplate Overlay Mode Changed: 14-Feb-24 11:59:11 AM, Old:User defined, New:Overlay columns
Well plate reader Changed: 14-Feb-24 12:01:50 PM, Old:OFF, New:ON
Multiwavelength Changed: 14-Feb-24 12:01:50 PM, Old:OFF, New:ON
Excitation Wavelengths 1 Changed: 14-Feb-24 12:01:50 PM, Old:   350.0000, New:   509.0000
Emission Wavelengths 1 Changed: 14-Feb-24 12:01:50 PM, Old:   450.0000, New:   563.0000
Excitation Wavelengths 2 Changed: 14-Feb-24 12:01:50 PM, Old:   360.0000, New:   509.0000
Emission Wavelengths 2 Changed: 14-Feb-24 12:01:50 PM, Old:   460.0000, New:   660.0000
Excitation Wavelength Changed: 14-Feb-24 12:01:50 PM, Old: 400.00, New: 509.00
Emission Wavelength Changed: 14-Feb-24 12:01:50 PM, Old: 600.00, New: 563.00
Ave. time (s): Changed: 14-Feb-24 12:01:50 PM, Old:0.10000, New:0.20000
Cycle Time 1 Changed: 14-Feb-24 12:01:50 PM, Old: 0.0000, New: 0.5000
Stop Time 1 Changed: 14-Feb-24 12:01:50 PM, Old: 1.0000, New:90.0000
Wellplate Samples Changed: 14-Feb-24 12:01:50 PM, Old:, New:A1;A2;A3;A4;A5;B1;B2;B3;B4;C1;C2;C3;C4;
PMT Volts Changed: 14-Feb-24 12:02:06 PM, Old:600, New:800
Emission PMT (V): Changed: 14-Feb-24 12:02:06 PM, Old: 600, New: 800
Emission Wavelengths 1 Changed: 14-Feb-24 12:07:03 PM, Old:   563.0000, New:   573.0000
Emission Wavelengths 2 Changed: 14-Feb-24 12:07:03 PM, Old:   660.0000, New:   670.0000
Emission Wavelength Changed: 14-Feb-24 12:07:03 PM, Old: 563.00, New: 573.00
Excitation Filter: Changed: 14-Feb-24 12:09:49 PM, Old:Auto, New:Open
Emission Filter: Changed: 14-Feb-24 12:10:42 PM, Old:Open, New:550 - 1100 nm
Excitation Filter: Changed: 14-Feb-24 12:10:42 PM, Old:Open, New:335 - 620 nm
Emission Wavelengths 1 Changed: 14-Feb-24 12:12:48 PM, Old:   573.0000, New:   563.0000
Emission Wavelengths 2 Changed: 14-Feb-24 12:12:48 PM, Old:   670.0000, New:   660.0000
Emission Wavelength Changed: 14-Feb-24 12:12:48 PM, Old: 573.00, New: 563.00
Ex. Slit Width (nm): Changed: 14-Feb-24 12:12:48 PM, Old:5, New:10
Em. Slit Width (nm): Changed: 14-Feb-24 12:12:48 PM, Old:5, New:10
Ex. Slit Width (nm): Changed: 14-Feb-24 12:13:30 PM, Old:10, New:20
End Method Modifications

Sample A5_Ex509_Em563,
Sample A5_Ex509_Em563
Collection Time: 14-Feb-24 12:19:03 PM
Operator Name  :
Kinetics Software Version: 1.2(146)
Parameter List :
Report Time: Wed 14 Feb 12:19:03 PM 2024
Software version: 1.2(146)
Operator:
Instrument Parameters
Instrument                        Cary Eclipse
Instrument Serial Number          MY18160001
Data mode                         Fluorescence
Ex. wavelengths (nm)              509.0000 ; 509.0000
Em. wavelengths (nm)              563.0000 ; 660.0000
Ex. Slit (nm)                     20
Em. Slit (nm)                     10
Averaging Time (s)                0.2000
Cycle time(min)                   0.5000
Stop time(min)                    90.0000
Emission filter                   550 - 1100 nm
Excitation Filter                 335 - 620 nm
PMT voltage (V)                   800
Wellplate                         ON
Plate format                     96 Wells
Read position                    Well centre
Multi-zero                       OFF
Auto-zero                        OFF
Well                            A1
Comments:
Method Log     :
Method Name    : Default
Date/Time stamp: 14-Feb-24 11:59:09 AM
Method Modifications:
Wellplate Overlay Mode Changed: 14-Feb-24 11:59:11 AM, Old:Individual, New:Choice 1
Wellplate Overlay Mode Changed: 14-Feb-24 11:59:11 AM, Old:Overlay all, New:Choice 2
Wellplate Overlay Mode Changed: 14-Feb-24 11:59:11 AM, Old:Overlay rows, New:Choice 3
Wellplate Overlay Mode Changed: 14-Feb-24 11:59:11 AM, Old:Overlay columns, New:Choice 4
Wellplate Overlay Mode Changed: 14-Feb-24 11:59:11 AM, Old:User defined, New:Overlay columns
Well plate reader Changed: 14-Feb-24 12:01:50 PM, Old:OFF, New:ON
Multiwavelength Changed: 14-Feb-24 12:01:50 PM, Old:OFF, New:ON
Excitation Wavelengths 1 Changed: 14-Feb-24 12:01:50 PM, Old:   350.0000, New:   509.0000
Emission Wavelengths 1 Changed: 14-Feb-24 12:01:50 PM, Old:   450.0000, New:   563.0000
Excitation Wavelengths 2 Changed: 14-Feb-24 12:01:50 PM, Old:   360.0000, New:   509.0000
Emission Wavelengths 2 Changed: 14-Feb-24 12:01:50 PM, Old:   460.0000, New:   660.0000
Excitation Wavelength Changed: 14-Feb-24 12:01:50 PM, Old: 400.00, New: 509.00
Emission Wavelength Changed: 14-Feb-24 12:01:50 PM, Old: 600.00, New: 563.00
Ave. time (s): Changed: 14-Feb-24 12:01:50 PM, Old:0.10000, New:0.20000
Cycle Time 1 Changed: 14-Feb-24 12:01:50 PM, Old: 0.0000, New: 0.5000
Stop Time 1 Changed: 14-Feb-24 12:01:50 PM, Old: 1.0000, New:90.0000
Wellplate Samples Changed: 14-Feb-24 12:01:50 PM, Old:, New:A1;A2;A3;A4;A5;B1;B2;B3;B4;C1;C2;C3;C4;
PMT Volts Changed: 14-Feb-24 12:02:06 PM, Old:600, New:800
Emission PMT (V): Changed: 14-Feb-24 12:02:06 PM, Old: 600, New: 800
Emission Wavelengths 1 Changed: 14-Feb-24 12:07:03 PM, Old:   563.0000, New:   573.0000
Emission Wavelengths 2 Changed: 14-Feb-24 12:07:03 PM, Old:   660.0000, New:   670.0000
Emission Wavelength Changed: 14-Feb-24 12:07:03 PM, Old: 563.00, New: 573.00
Excitation Filter: Changed: 14-Feb-24 12:09:49 PM, Old:Auto, New:Open
Emission Filter: Changed: 14-Feb-24 12:10:42 PM, Old:Open, New:550 - 1100 nm
Excitation Filter: Changed: 14-Feb-24 12:10:42 PM, Old:Open, New:335 - 620 nm
Emission Wavelengths 1 Changed: 14-Feb-24 12:12:48 PM, Old:   573.0000, New:   563.0000
Emission Wavelengths 2 Changed: 14-Feb-24 12:12:48 PM, Old:   670.0000, New:   660.0000
Emission Wavelength Changed: 14-Feb-24 12:12:48 PM, Old: 573.00, New: 563.00
Ex. Slit Width (nm): Changed: 14-Feb-24 12:12:48 PM, Old:5, New:10
Em. Slit Width (nm): Changed: 14-Feb-24 12:12:48 PM, Old:5, New:10
Ex. Slit Width (nm): Changed: 14-Feb-24 12:13:30 PM, Old:10, New:20
End Method Modifications

Sample A5_Ex509_Em660,
Sample A5_Ex509_Em660
Collection Time: 14-Feb-24 12:19:03 PM
Operator Name  :
Kinetics Software Version: 1.2(146)
Parameter List :
Report Time: Wed 14 Feb 12:19:03 PM 2024
Software version: 1.2(146)
Operator:
Instrument Parameters
Instrument                        Cary Eclipse
Instrument Serial Number          MY18160001
Data mode                         Fluorescence
Ex. wavelengths (nm)              509.0000 ; 509.0000
Em. wavelengths (nm)              563.0000 ; 660.0000
Ex. Slit (nm)                     20
Em. Slit (nm)                     10
Averaging Time (s)                0.2000
Cycle time(min)                   0.5000
Stop time(min)                    90.0000
Emission filter                   550 - 1100 nm
Excitation Filter                 335 - 620 nm
PMT voltage (V)                   800
Wellplate                         ON
Plate format                     96 Wells
Read position                    Well centre
Multi-zero                       OFF
Auto-zero                        OFF
Well                            A1
Comments:
Method Log     :
Method Name    : Default
Date/Time stamp: 14-Feb-24 11:59:09 AM
Method Modifications:
Wellplate Overlay Mode Changed: 14-Feb-24 11:59:11 AM, Old:Individual, New:Choice 1
Wellplate Overlay Mode Changed: 14-Feb-24 11:59:11 AM, Old:Overlay all, New:Choice 2
Wellplate Overlay Mode Changed: 14-Feb-24 11:59:11 AM, Old:Overlay rows, New:Choice 3
Wellplate Overlay Mode Changed: 14-Feb-24 11:59:11 AM, Old:Overlay columns, New:Choice 4
Wellplate Overlay Mode Changed: 14-Feb-24 11:59:11 AM, Old:User defined, New:Overlay columns
Well plate reader Changed: 14-Feb-24 12:01:50 PM, Old:OFF, New:ON
Multiwavelength Changed: 14-Feb-24 12:01:50 PM, Old:OFF, New:ON
Excitation Wavelengths 1 Changed: 14-Feb-24 12:01:50 PM, Old:   350.0000, New:   509.0000
Emission Wavelengths 1 Changed: 14-Feb-24 12:01:50 PM, Old:   450.0000, New:   563.0000
Excitation Wavelengths 2 Changed: 14-Feb-24 12:01:50 PM, Old:   360.0000, New:   509.0000
Emission Wavelengths 2 Changed: 14-Feb-24 12:01:50 PM, Old:   460.0000, New:   660.0000
Excitation Wavelength Changed: 14-Feb-24 12:01:50 PM, Old: 400.00, New: 509.00
Emission Wavelength Changed: 14-Feb-24 12:01:50 PM, Old: 600.00, New: 563.00
Ave. time (s): Changed: 14-Feb-24 12:01:50 PM, Old:0.10000, New:0.20000
Cycle Time 1 Changed: 14-Feb-24 12:01:50 PM, Old: 0.0000, New: 0.5000
Stop Time 1 Changed: 14-Feb-24 12:01:50 PM, Old: 1.0000, New:90.0000
Wellplate Samples Changed: 14-Feb-24 12:01:50 PM, Old:, New:A1;A2;A3;A4;A5;B1;B2;B3;B4;C1;C2;C3;C4;
PMT Volts Changed: 14-Feb-24 12:02:06 PM, Old:600, New:800
Emission PMT (V): Changed: 14-Feb-24 12:02:06 PM, Old: 600, New: 800
Emission Wavelengths 1 Changed: 14-Feb-24 12:07:03 PM, Old:   563.0000, New:   573.0000
Emission Wavelengths 2 Changed: 14-Feb-24 12:07:03 PM, Old:   660.0000, New:   670.0000
Emission Wavelength Changed: 14-Feb-24 12:07:03 PM, Old: 563.00, New: 573.00
Excitation Filter: Changed: 14-Feb-24 12:09:49 PM, Old:Auto, New:Open
Emission Filter: Changed: 14-Feb-24 12:10:42 PM, Old:Open, New:550 - 1100 nm
Excitation Filter: Changed: 14-Feb-24 12:10:42 PM, Old:Open, New:335 - 620 nm
Emission Wavelengths 1 Changed: 14-Feb-24 12:12:48 PM, Old:   573.0000, New:   563.0000
Emission Wavelengths 2 Changed: 14-Feb-24 12:12:48 PM, Old:   670.0000, New:   660.0000
Emission Wavelength Changed: 14-Feb-24 12:12:48 PM, Old: 573.00, New: 563.00
Ex. Slit Width (nm): Changed: 14-Feb-24 12:12:48 PM, Old:5, New:10
Em. Slit Width (nm): Changed: 14-Feb-24 12:12:48 PM, Old:5, New:10
Ex. Slit Width (nm): Changed: 14-Feb-24 12:13:30 PM, Old:10, New:20
End Method Modifications

Sample B1_Ex509_Em563,
Sample B1_Ex509_Em563
Collection Time: 14-Feb-24 12:19:03 PM
Operator Name  :
Kinetics Software Version: 1.2(146)
Parameter List :
Report Time: Wed 14 Feb 12:19:03 PM 2024
Software version: 1.2(146)
Operator:
Instrument Parameters
Instrument                        Cary Eclipse
Instrument Serial Number          MY18160001
Data mode                         Fluorescence
Ex. wavelengths (nm)              509.0000 ; 509.0000
Em. wavelengths (nm)              563.0000 ; 660.0000
Ex. Slit (nm)                     20
Em. Slit (nm)                     10
Averaging Time (s)                0.2000
Cycle time(min)                   0.5000
Stop time(min)                    90.0000
Emission filter                   550 - 1100 nm
Excitation Filter                 335 - 620 nm
PMT voltage (V)                   800
Wellplate                         ON
Plate format                     96 Wells
Read position                    Well centre
Multi-zero                       OFF
Auto-zero                        OFF
Well                            A1
Comments:
Method Log     :
Method Name    : Default
Date/Time stamp: 14-Feb-24 11:59:09 AM
Method Modifications:
Wellplate Overlay Mode Changed: 14-Feb-24 11:59:11 AM, Old:Individual, New:Choice 1
Wellplate Overlay Mode Changed: 14-Feb-24 11:59:11 AM, Old:Overlay all, New:Choice 2
Wellplate Overlay Mode Changed: 14-Feb-24 11:59:11 AM, Old:Overlay rows, New:Choice 3
Wellplate Overlay Mode Changed: 14-Feb-24 11:59:11 AM, Old:Overlay columns, New:Choice 4
Wellplate Overlay Mode Changed: 14-Feb-24 11:59:11 AM, Old:User defined, New:Overlay columns
Well plate reader Changed: 14-Feb-24 12:01:50 PM, Old:OFF, New:ON
Multiwavelength Changed: 14-Feb-24 12:01:50 PM, Old:OFF, New:ON
Excitation Wavelengths 1 Changed: 14-Feb-24 12:01:50 PM, Old:   350.0000, New:   509.0000
Emission Wavelengths 1 Changed: 14-Feb-24 12:01:50 PM, Old:   450.0000, New:   563.0000
Excitation Wavelengths 2 Changed: 14-Feb-24 12:01:50 PM, Old:   360.0000, New:   509.0000
Emission Wavelengths 2 Changed: 14-Feb-24 12:01:50 PM, Old:   460.0000, New:   660.0000
Excitation Wavelength Changed: 14-Feb-24 12:01:50 PM, Old: 400.00, New: 509.00
Emission Wavelength Changed: 14-Feb-24 12:01:50 PM, Old: 600.00, New: 563.00
Ave. time (s): Changed: 14-Feb-24 12:01:50 PM, Old:0.10000, New:0.20000
Cycle Time 1 Changed: 14-Feb-24 12:01:50 PM, Old: 0.0000, New: 0.5000
Stop Time 1 Changed: 14-Feb-24 12:01:50 PM, Old: 1.0000, New:90.0000
Wellplate Samples Changed: 14-Feb-24 12:01:50 PM, Old:, New:A1;A2;A3;A4;A5;B1;B2;B3;B4;C1;C2;C3;C4;
PMT Volts Changed: 14-Feb-24 12:02:06 PM, Old:600, New:800
Emission PMT (V): Changed: 14-Feb-24 12:02:06 PM, Old: 600, New: 800
Emission Wavelengths 1 Changed: 14-Feb-24 12:07:03 PM, Old:   563.0000, New:   573.0000
Emission Wavelengths 2 Changed: 14-Feb-24 12:07:03 PM, Old:   660.0000, New:   670.0000
Emission Wavelength Changed: 14-Feb-24 12:07:03 PM, Old: 563.00, New: 573.00
Excitation Filter: Changed: 14-Feb-24 12:09:49 PM, Old:Auto, New:Open
Emission Filter: Changed: 14-Feb-24 12:10:42 PM, Old:Open, New:550 - 1100 nm
Excitation Filter: Changed: 14-Feb-24 12:10:42 PM, Old:Open, New:335 - 620 nm
Emission Wavelengths 1 Changed: 14-Feb-24 12:12:48 PM, Old:   573.0000, New:   563.0000
Emission Wavelengths 2 Changed: 14-Feb-24 12:12:48 PM, Old:   670.0000, New:   660.0000
Emission Wavelength Changed: 14-Feb-24 12:12:48 PM, Old: 573.00, New: 563.00
Ex. Slit Width (nm): Changed: 14-Feb-24 12:12:48 PM, Old:5, New:10
Em. Slit Width (nm): Changed: 14-Feb-24 12:12:48 PM, Old:5, New:10
Ex. Slit Width (nm): Changed: 14-Feb-24 12:13:30 PM, Old:10, New:20
End Method Modifications

Sample B1_Ex509_Em660,
Sample B1_Ex509_Em660
Collection Time: 14-Feb-24 12:19:03 PM
Operator Name  :
Kinetics Software Version: 1.2(146)
Parameter List :
Report Time: Wed 14 Feb 12:19:03 PM 2024
Software version: 1.2(146)
Operator:
Instrument Parameters
Instrument                        Cary Eclipse
Instrument Serial Number          MY18160001
Data mode                         Fluorescence
Ex. wavelengths (nm)              509.0000 ; 509.0000
Em. wavelengths (nm)              563.0000 ; 660.0000
Ex. Slit (nm)                     20
Em. Slit (nm)                     10
Averaging Time (s)                0.2000
Cycle time(min)                   0.5000
Stop time(min)                    90.0000
Emission filter                   550 - 1100 nm
Excitation Filter                 335 - 620 nm
PMT voltage (V)                   800
Wellplate                         ON
Plate format                     96 Wells
Read position                    Well centre
Multi-zero                       OFF
Auto-zero                        OFF
Well                            A1
Comments:
Method Log     :
Method Name    : Default
Date/Time stamp: 14-Feb-24 11:59:09 AM
Method Modifications:
Wellplate Overlay Mode Changed: 14-Feb-24 11:59:11 AM, Old:Individual, New:Choice 1
Wellplate Overlay Mode Changed: 14-Feb-24 11:59:11 AM, Old:Overlay all, New:Choice 2
Wellplate Overlay Mode Changed: 14-Feb-24 11:59:11 AM, Old:Overlay rows, New:Choice 3
Wellplate Overlay Mode Changed: 14-Feb-24 11:59:11 AM, Old:Overlay columns, New:Choice 4
Wellplate Overlay Mode Changed: 14-Feb-24 11:59:11 AM, Old:User defined, New:Overlay columns
Well plate reader Changed: 14-Feb-24 12:01:50 PM, Old:OFF, New:ON
Multiwavelength Changed: 14-Feb-24 12:01:50 PM, Old:OFF, New:ON
Excitation Wavelengths 1 Changed: 14-Feb-24 12:01:50 PM, Old:   350.0000, New:   509.0000
Emission Wavelengths 1 Changed: 14-Feb-24 12:01:50 PM, Old:   450.0000, New:   563.0000
Excitation Wavelengths 2 Changed: 14-Feb-24 12:01:50 PM, Old:   360.0000, New:   509.0000
Emission Wavelengths 2 Changed: 14-Feb-24 12:01:50 PM, Old:   460.0000, New:   660.0000
Excitation Wavelength Changed: 14-Feb-24 12:01:50 PM, Old: 400.00, New: 509.00
Emission Wavelength Changed: 14-Feb-24 12:01:50 PM, Old: 600.00, New: 563.00
Ave. time (s): Changed: 14-Feb-24 12:01:50 PM, Old:0.10000, New:0.20000
Cycle Time 1 Changed: 14-Feb-24 12:01:50 PM, Old: 0.0000, New: 0.5000
Stop Time 1 Changed: 14-Feb-24 12:01:50 PM, Old: 1.0000, New:90.0000
Wellplate Samples Changed: 14-Feb-24 12:01:50 PM, Old:, New:A1;A2;A3;A4;A5;B1;B2;B3;B4;C1;C2;C3;C4;
PMT Volts Changed: 14-Feb-24 12:02:06 PM, Old:600, New:800
Emission PMT (V): Changed: 14-Feb-24 12:02:06 PM, Old: 600, New: 800
Emission Wavelengths 1 Changed: 14-Feb-24 12:07:03 PM, Old:   563.0000, New:   573.0000
Emission Wavelengths 2 Changed: 14-Feb-24 12:07:03 PM, Old:   660.0000, New:   670.0000
Emission Wavelength Changed: 14-Feb-24 12:07:03 PM, Old: 563.00, New: 573.00
Excitation Filter: Changed: 14-Feb-24 12:09:49 PM, Old:Auto, New:Open
Emission Filter: Changed: 14-Feb-24 12:10:42 PM, Old:Open, New:550 - 1100 nm
Excitation Filter: Changed: 14-Feb-24 12:10:42 PM, Old:Open, New:335 - 620 nm
Emission Wavelengths 1 Changed: 14-Feb-24 12:12:48 PM, Old:   573.0000, New:   563.0000
Emission Wavelengths 2 Changed: 14-Feb-24 12:12:48 PM, Old:   670.0000, New:   660.0000
Emission Wavelength Changed: 14-Feb-24 12:12:48 PM, Old: 573.00, New: 563.00
Ex. Slit Width (nm): Changed: 14-Feb-24 12:12:48 PM, Old:5, New:10
Em. Slit Width (nm): Changed: 14-Feb-24 12:12:48 PM, Old:5, New:10
Ex. Slit Width (nm): Changed: 14-Feb-24 12:13:30 PM, Old:10, New:20
End Method Modifications

Sample B2_Ex509_Em563,
Sample B2_Ex509_Em563
Collection Time: 14-Feb-24 12:19:03 PM
Operator Name  :
Kinetics Software Version: 1.2(146)
Parameter List :
Report Time: Wed 14 Feb 12:19:03 PM 2024
Software version: 1.2(146)
Operator:
Instrument Parameters
Instrument                        Cary Eclipse
Instrument Serial Number          MY18160001
Data mode                         Fluorescence
Ex. wavelengths (nm)              509.0000 ; 509.0000
Em. wavelengths (nm)              563.0000 ; 660.0000
Ex. Slit (nm)                     20
Em. Slit (nm)                     10
Averaging Time (s)                0.2000
Cycle time(min)                   0.5000
Stop time(min)                    90.0000
Emission filter                   550 - 1100 nm
Excitation Filter                 335 - 620 nm
PMT voltage (V)                   800
Wellplate                         ON
Plate format                     96 Wells
Read position                    Well centre
Multi-zero                       OFF
Auto-zero                        OFF
Well                            A1
Comments:
Method Log     :
Method Name    : Default
Date/Time stamp: 14-Feb-24 11:59:09 AM
Method Modifications:
Wellplate Overlay Mode Changed: 14-Feb-24 11:59:11 AM, Old:Individual, New:Choice 1
Wellplate Overlay Mode Changed: 14-Feb-24 11:59:11 AM, Old:Overlay all, New:Choice 2
Wellplate Overlay Mode Changed: 14-Feb-24 11:59:11 AM, Old:Overlay rows, New:Choice 3
Wellplate Overlay Mode Changed: 14-Feb-24 11:59:11 AM, Old:Overlay columns, New:Choice 4
Wellplate Overlay Mode Changed: 14-Feb-24 11:59:11 AM, Old:User defined, New:Overlay columns
Well plate reader Changed: 14-Feb-24 12:01:50 PM, Old:OFF, New:ON
Multiwavelength Changed: 14-Feb-24 12:01:50 PM, Old:OFF, New:ON
Excitation Wavelengths 1 Changed: 14-Feb-24 12:01:50 PM, Old:   350.0000, New:   509.0000
Emission Wavelengths 1 Changed: 14-Feb-24 12:01:50 PM, Old:   450.0000, New:   563.0000
Excitation Wavelengths 2 Changed: 14-Feb-24 12:01:50 PM, Old:   360.0000, New:   509.0000
Emission Wavelengths 2 Changed: 14-Feb-24 12:01:50 PM, Old:   460.0000, New:   660.0000
Excitation Wavelength Changed: 14-Feb-24 12:01:50 PM, Old: 400.00, New: 509.00
Emission Wavelength Changed: 14-Feb-24 12:01:50 PM, Old: 600.00, New: 563.00
Ave. time (s): Changed: 14-Feb-24 12:01:50 PM, Old:0.10000, New:0.20000
Cycle Time 1 Changed: 14-Feb-24 12:01:50 PM, Old: 0.0000, New: 0.5000
Stop Time 1 Changed: 14-Feb-24 12:01:50 PM, Old: 1.0000, New:90.0000
Wellplate Samples Changed: 14-Feb-24 12:01:50 PM, Old:, New:A1;A2;A3;A4;A5;B1;B2;B3;B4;C1;C2;C3;C4;
PMT Volts Changed: 14-Feb-24 12:02:06 PM, Old:600, New:800
Emission PMT (V): Changed: 14-Feb-24 12:02:06 PM, Old: 600, New: 800
Emission Wavelengths 1 Changed: 14-Feb-24 12:07:03 PM, Old:   563.0000, New:   573.0000
Emission Wavelengths 2 Changed: 14-Feb-24 12:07:03 PM, Old:   660.0000, New:   670.0000
Emission Wavelength Changed: 14-Feb-24 12:07:03 PM, Old: 563.00, New: 573.00
Excitation Filter: Changed: 14-Feb-24 12:09:49 PM, Old:Auto, New:Open
Emission Filter: Changed: 14-Feb-24 12:10:42 PM, Old:Open, New:550 - 1100 nm
Excitation Filter: Changed: 14-Feb-24 12:10:42 PM, Old:Open, New:335 - 620 nm
Emission Wavelengths 1 Changed: 14-Feb-24 12:12:48 PM, Old:   573.0000, New:   563.0000
Emission Wavelengths 2 Changed: 14-Feb-24 12:12:48 PM, Old:   670.0000, New:   660.0000
Emission Wavelength Changed: 14-Feb-24 12:12:48 PM, Old: 573.00, New: 563.00
Ex. Slit Width (nm): Changed: 14-Feb-24 12:12:48 PM, Old:5, New:10
Em. Slit Width (nm): Changed: 14-Feb-24 12:12:48 PM, Old:5, New:10
Ex. Slit Width (nm): Changed: 14-Feb-24 12:13:30 PM, Old:10, New:20
End Method Modifications

Sample B2_Ex509_Em660,
Sample B2_Ex509_Em660
Collection Time: 14-Feb-24 12:19:03 PM
Operator Name  :
Kinetics Software Version: 1.2(146)
Parameter List :
Report Time: Wed 14 Feb 12:19:03 PM 2024
Software version: 1.2(146)
Operator:
Instrument Parameters
Instrument                        Cary Eclipse
Instrument Serial Number          MY18160001
Data mode                         Fluorescence
Ex. wavelengths (nm)              509.0000 ; 509.0000
Em. wavelengths (nm)              563.0000 ; 660.0000
Ex. Slit (nm)                     20
Em. Slit (nm)                     10
Averaging Time (s)                0.2000
Cycle time(min)                   0.5000
Stop time(min)                    90.0000
Emission filter                   550 - 1100 nm
Excitation Filter                 335 - 620 nm
PMT voltage (V)                   800
Wellplate                         ON
Plate format                     96 Wells
Read position                    Well centre
Multi-zero                       OFF
Auto-zero                        OFF
Well                            A1
Comments:
Method Log     :
Method Name    : Default
Date/Time stamp: 14-Feb-24 11:59:09 AM
Method Modifications:
Wellplate Overlay Mode Changed: 14-Feb-24 11:59:11 AM, Old:Individual, New:Choice 1
Wellplate Overlay Mode Changed: 14-Feb-24 11:59:11 AM, Old:Overlay all, New:Choice 2
Wellplate Overlay Mode Changed: 14-Feb-24 11:59:11 AM, Old:Overlay rows, New:Choice 3
Wellplate Overlay Mode Changed: 14-Feb-24 11:59:11 AM, Old:Overlay columns, New:Choice 4
Wellplate Overlay Mode Changed: 14-Feb-24 11:59:11 AM, Old:User defined, New:Overlay columns
Well plate reader Changed: 14-Feb-24 12:01:50 PM, Old:OFF, New:ON
Multiwavelength Changed: 14-Feb-24 12:01:50 PM, Old:OFF, New:ON
Excitation Wavelengths 1 Changed: 14-Feb-24 12:01:50 PM, Old:   350.0000, New:   509.0000
Emission Wavelengths 1 Changed: 14-Feb-24 12:01:50 PM, Old:   450.0000, New:   563.0000
Excitation Wavelengths 2 Changed: 14-Feb-24 12:01:50 PM, Old:   360.0000, New:   509.0000
Emission Wavelengths 2 Changed: 14-Feb-24 12:01:50 PM, Old:   460.0000, New:   660.0000
Excitation Wavelength Changed: 14-Feb-24 12:01:50 PM, Old: 400.00, New: 509.00
Emission Wavelength Changed: 14-Feb-24 12:01:50 PM, Old: 600.00, New: 563.00
Ave. time (s): Changed: 14-Feb-24 12:01:50 PM, Old:0.10000, New:0.20000
Cycle Time 1 Changed: 14-Feb-24 12:01:50 PM, Old: 0.0000, New: 0.5000
Stop Time 1 Changed: 14-Feb-24 12:01:50 PM, Old: 1.0000, New:90.0000
Wellplate Samples Changed: 14-Feb-24 12:01:50 PM, Old:, New:A1;A2;A3;A4;A5;B1;B2;B3;B4;C1;C2;C3;C4;
PMT Volts Changed: 14-Feb-24 12:02:06 PM, Old:600, New:800
Emission PMT (V): Changed: 14-Feb-24 12:02:06 PM, Old: 600, New: 800
Emission Wavelengths 1 Changed: 14-Feb-24 12:07:03 PM, Old:   563.0000, New:   573.0000
Emission Wavelengths 2 Changed: 14-Feb-24 12:07:03 PM, Old:   660.0000, New:   670.0000
Emission Wavelength Changed: 14-Feb-24 12:07:03 PM, Old: 563.00, New: 573.00
Excitation Filter: Changed: 14-Feb-24 12:09:49 PM, Old:Auto, New:Open
Emission Filter: Changed: 14-Feb-24 12:10:42 PM, Old:Open, New:550 - 1100 nm
Excitation Filter: Changed: 14-Feb-24 12:10:42 PM, Old:Open, New:335 - 620 nm
Emission Wavelengths 1 Changed: 14-Feb-24 12:12:48 PM, Old:   573.0000, New:   563.0000
Emission Wavelengths 2 Changed: 14-Feb-24 12:12:48 PM, Old:   670.0000, New:   660.0000
Emission Wavelength Changed: 14-Feb-24 12:12:48 PM, Old: 573.00, New: 563.00
Ex. Slit Width (nm): Changed: 14-Feb-24 12:12:48 PM, Old:5, New:10
Em. Slit Width (nm): Changed: 14-Feb-24 12:12:48 PM, Old:5, New:10
Ex. Slit Width (nm): Changed: 14-Feb-24 12:13:30 PM, Old:10, New:20
End Method Modifications

Sample B3_Ex509_Em563,
Sample B3_Ex509_Em563
Collection Time: 14-Feb-24 12:19:03 PM
Operator Name  :
Kinetics Software Version: 1.2(146)
Parameter List :
Report Time: Wed 14 Feb 12:19:03 PM 2024
Software version: 1.2(146)
Operator:
Instrument Parameters
Instrument                        Cary Eclipse
Instrument Serial Number          MY18160001
Data mode                         Fluorescence
Ex. wavelengths (nm)              509.0000 ; 509.0000
Em. wavelengths (nm)              563.0000 ; 660.0000
Ex. Slit (nm)                     20
Em. Slit (nm)                     10
Averaging Time (s)                0.2000
Cycle time(min)                   0.5000
Stop time(min)                    90.0000
Emission filter                   550 - 1100 nm
Excitation Filter                 335 - 620 nm
PMT voltage (V)                   800
Wellplate                         ON
Plate format                     96 Wells
Read position                    Well centre
Multi-zero                       OFF
Auto-zero                        OFF
Well                            A1
Comments:
Method Log     :
Method Name    : Default
Date/Time stamp: 14-Feb-24 11:59:09 AM
Method Modifications:
Wellplate Overlay Mode Changed: 14-Feb-24 11:59:11 AM, Old:Individual, New:Choice 1
Wellplate Overlay Mode Changed: 14-Feb-24 11:59:11 AM, Old:Overlay all, New:Choice 2
Wellplate Overlay Mode Changed: 14-Feb-24 11:59:11 AM, Old:Overlay rows, New:Choice 3
Wellplate Overlay Mode Changed: 14-Feb-24 11:59:11 AM, Old:Overlay columns, New:Choice 4
Wellplate Overlay Mode Changed: 14-Feb-24 11:59:11 AM, Old:User defined, New:Overlay columns
Well plate reader Changed: 14-Feb-24 12:01:50 PM, Old:OFF, New:ON
Multiwavelength Changed: 14-Feb-24 12:01:50 PM, Old:OFF, New:ON
Excitation Wavelengths 1 Changed: 14-Feb-24 12:01:50 PM, Old:   350.0000, New:   509.0000
Emission Wavelengths 1 Changed: 14-Feb-24 12:01:50 PM, Old:   450.0000, New:   563.0000
Excitation Wavelengths 2 Changed: 14-Feb-24 12:01:50 PM, Old:   360.0000, New:   509.0000
Emission Wavelengths 2 Changed: 14-Feb-24 12:01:50 PM, Old:   460.0000, New:   660.0000
Excitation Wavelength Changed: 14-Feb-24 12:01:50 PM, Old: 400.00, New: 509.00
Emission Wavelength Changed: 14-Feb-24 12:01:50 PM, Old: 600.00, New: 563.00
Ave. time (s): Changed: 14-Feb-24 12:01:50 PM, Old:0.10000, New:0.20000
Cycle Time 1 Changed: 14-Feb-24 12:01:50 PM, Old: 0.0000, New: 0.5000
Stop Time 1 Changed: 14-Feb-24 12:01:50 PM, Old: 1.0000, New:90.0000
Wellplate Samples Changed: 14-Feb-24 12:01:50 PM, Old:, New:A1;A2;A3;A4;A5;B1;B2;B3;B4;C1;C2;C3;C4;
PMT Volts Changed: 14-Feb-24 12:02:06 PM, Old:600, New:800
Emission PMT (V): Changed: 14-Feb-24 12:02:06 PM, Old: 600, New: 800
Emission Wavelengths 1 Changed: 14-Feb-24 12:07:03 PM, Old:   563.0000, New:   573.0000
Emission Wavelengths 2 Changed: 14-Feb-24 12:07:03 PM, Old:   660.0000, New:   670.0000
Emission Wavelength Changed: 14-Feb-24 12:07:03 PM, Old: 563.00, New: 573.00
Excitation Filter: Changed: 14-Feb-24 12:09:49 PM, Old:Auto, New:Open
Emission Filter: Changed: 14-Feb-24 12:10:42 PM, Old:Open, New:550 - 1100 nm
Excitation Filter: Changed: 14-Feb-24 12:10:42 PM, Old:Open, New:335 - 620 nm
Emission Wavelengths 1 Changed: 14-Feb-24 12:12:48 PM, Old:   573.0000, New:   563.0000
Emission Wavelengths 2 Changed: 14-Feb-24 12:12:48 PM, Old:   670.0000, New:   660.0000
Emission Wavelength Changed: 14-Feb-24 12:12:48 PM, Old: 573.00, New: 563.00
Ex. Slit Width (nm): Changed: 14-Feb-24 12:12:48 PM, Old:5, New:10
Em. Slit Width (nm): Changed: 14-Feb-24 12:12:48 PM, Old:5, New:10
Ex. Slit Width (nm): Changed: 14-Feb-24 12:13:30 PM, Old:10, New:20
End Method Modifications

Sample B3_Ex509_Em660,
Sample B3_Ex509_Em660
Collection Time: 14-Feb-24 12:19:03 PM
Operator Name  :
Kinetics Software Version: 1.2(146)
Parameter List :
Report Time: Wed 14 Feb 12:19:03 PM 2024
Software version: 1.2(146)
Operator:
Instrument Parameters
Instrument                        Cary Eclipse
Instrument Serial Number          MY18160001
Data mode                         Fluorescence
Ex. wavelengths (nm)              509.0000 ; 509.0000
Em. wavelengths (nm)              563.0000 ; 660.0000
Ex. Slit (nm)                     20
Em. Slit (nm)                     10
Averaging Time (s)                0.2000
Cycle time(min)                   0.5000
Stop time(min)                    90.0000
Emission filter                   550 - 1100 nm
Excitation Filter                 335 - 620 nm
PMT voltage (V)                   800
Wellplate                         ON
Plate format                     96 Wells
Read position                    Well centre
Multi-zero                       OFF
Auto-zero                        OFF
Well                            A1
Comments:
Method Log     :
Method Name    : Default
Date/Time stamp: 14-Feb-24 11:59:09 AM
Method Modifications:
Wellplate Overlay Mode Changed: 14-Feb-24 11:59:11 AM, Old:Individual, New:Choice 1
Wellplate Overlay Mode Changed: 14-Feb-24 11:59:11 AM, Old:Overlay all, New:Choice 2
Wellplate Overlay Mode Changed: 14-Feb-24 11:59:11 AM, Old:Overlay rows, New:Choice 3
Wellplate Overlay Mode Changed: 14-Feb-24 11:59:11 AM, Old:Overlay columns, New:Choice 4
Wellplate Overlay Mode Changed: 14-Feb-24 11:59:11 AM, Old:User defined, New:Overlay columns
Well plate reader Changed: 14-Feb-24 12:01:50 PM, Old:OFF, New:ON
Multiwavelength Changed: 14-Feb-24 12:01:50 PM, Old:OFF, New:ON
Excitation Wavelengths 1 Changed: 14-Feb-24 12:01:50 PM, Old:   350.0000, New:   509.0000
Emission Wavelengths 1 Changed: 14-Feb-24 12:01:50 PM, Old:   450.0000, New:   563.0000
Excitation Wavelengths 2 Changed: 14-Feb-24 12:01:50 PM, Old:   360.0000, New:   509.0000
Emission Wavelengths 2 Changed: 14-Feb-24 12:01:50 PM, Old:   460.0000, New:   660.0000
Excitation Wavelength Changed: 14-Feb-24 12:01:50 PM, Old: 400.00, New: 509.00
Emission Wavelength Changed: 14-Feb-24 12:01:50 PM, Old: 600.00, New: 563.00
Ave. time (s): Changed: 14-Feb-24 12:01:50 PM, Old:0.10000, New:0.20000
Cycle Time 1 Changed: 14-Feb-24 12:01:50 PM, Old: 0.0000, New: 0.5000
Stop Time 1 Changed: 14-Feb-24 12:01:50 PM, Old: 1.0000, New:90.0000
Wellplate Samples Changed: 14-Feb-24 12:01:50 PM, Old:, New:A1;A2;A3;A4;A5;B1;B2;B3;B4;C1;C2;C3;C4;
PMT Volts Changed: 14-Feb-24 12:02:06 PM, Old:600, New:800
Emission PMT (V): Changed: 14-Feb-24 12:02:06 PM, Old: 600, New: 800
Emission Wavelengths 1 Changed: 14-Feb-24 12:07:03 PM, Old:   563.0000, New:   573.0000
Emission Wavelengths 2 Changed: 14-Feb-24 12:07:03 PM, Old:   660.0000, New:   670.0000
Emission Wavelength Changed: 14-Feb-24 12:07:03 PM, Old: 563.00, New: 573.00
Excitation Filter: Changed: 14-Feb-24 12:09:49 PM, Old:Auto, New:Open
Emission Filter: Changed: 14-Feb-24 12:10:42 PM, Old:Open, New:550 - 1100 nm
Excitation Filter: Changed: 14-Feb-24 12:10:42 PM, Old:Open, New:335 - 620 nm
Emission Wavelengths 1 Changed: 14-Feb-24 12:12:48 PM, Old:   573.0000, New:   563.0000
Emission Wavelengths 2 Changed: 14-Feb-24 12:12:48 PM, Old:   670.0000, New:   660.0000
Emission Wavelength Changed: 14-Feb-24 12:12:48 PM, Old: 573.00, New: 563.00
Ex. Slit Width (nm): Changed: 14-Feb-24 12:12:48 PM, Old:5, New:10
Em. Slit Width (nm): Changed: 14-Feb-24 12:12:48 PM, Old:5, New:10
Ex. Slit Width (nm): Changed: 14-Feb-24 12:13:30 PM, Old:10, New:20
End Method Modifications

Sample B4_Ex509_Em563,
Sample B4_Ex509_Em563
Collection Time: 14-Feb-24 12:19:03 PM
Operator Name  :
Kinetics Software Version: 1.2(146)
Parameter List :
Report Time: Wed 14 Feb 12:19:03 PM 2024
Software version: 1.2(146)
Operator:
Instrument Parameters
Instrument                        Cary Eclipse
Instrument Serial Number          MY18160001
Data mode                         Fluorescence
Ex. wavelengths (nm)              509.0000 ; 509.0000
Em. wavelengths (nm)              563.0000 ; 660.0000
Ex. Slit (nm)                     20
Em. Slit (nm)                     10
Averaging Time (s)                0.2000
Cycle time(min)                   0.5000
Stop time(min)                    90.0000
Emission filter                   550 - 1100 nm
Excitation Filter                 335 - 620 nm
PMT voltage (V)                   800
Wellplate                         ON
Plate format                     96 Wells
Read position                    Well centre
Multi-zero                       OFF
Auto-zero                        OFF
Well                            A1
Comments:
Method Log     :
Method Name    : Default
Date/Time stamp: 14-Feb-24 11:59:09 AM
Method Modifications:
Wellplate Overlay Mode Changed: 14-Feb-24 11:59:11 AM, Old:Individual, New:Choice 1
Wellplate Overlay Mode Changed: 14-Feb-24 11:59:11 AM, Old:Overlay all, New:Choice 2
Wellplate Overlay Mode Changed: 14-Feb-24 11:59:11 AM, Old:Overlay rows, New:Choice 3
Wellplate Overlay Mode Changed: 14-Feb-24 11:59:11 AM, Old:Overlay columns, New:Choice 4
Wellplate Overlay Mode Changed: 14-Feb-24 11:59:11 AM, Old:User defined, New:Overlay columns
Well plate reader Changed: 14-Feb-24 12:01:50 PM, Old:OFF, New:ON
Multiwavelength Changed: 14-Feb-24 12:01:50 PM, Old:OFF, New:ON
Excitation Wavelengths 1 Changed: 14-Feb-24 12:01:50 PM, Old:   350.0000, New:   509.0000
Emission Wavelengths 1 Changed: 14-Feb-24 12:01:50 PM, Old:   450.0000, New:   563.0000
Excitation Wavelengths 2 Changed: 14-Feb-24 12:01:50 PM, Old:   360.0000, New:   509.0000
Emission Wavelengths 2 Changed: 14-Feb-24 12:01:50 PM, Old:   460.0000, New:   660.0000
Excitation Wavelength Changed: 14-Feb-24 12:01:50 PM, Old: 400.00, New: 509.00
Emission Wavelength Changed: 14-Feb-24 12:01:50 PM, Old: 600.00, New: 563.00
Ave. time (s): Changed: 14-Feb-24 12:01:50 PM, Old:0.10000, New:0.20000
Cycle Time 1 Changed: 14-Feb-24 12:01:50 PM, Old: 0.0000, New: 0.5000
Stop Time 1 Changed: 14-Feb-24 12:01:50 PM, Old: 1.0000, New:90.0000
Wellplate Samples Changed: 14-Feb-24 12:01:50 PM, Old:, New:A1;A2;A3;A4;A5;B1;B2;B3;B4;C1;C2;C3;C4;
PMT Volts Changed: 14-Feb-24 12:02:06 PM, Old:600, New:800
Emission PMT (V): Changed: 14-Feb-24 12:02:06 PM, Old: 600, New: 800
Emission Wavelengths 1 Changed: 14-Feb-24 12:07:03 PM, Old:   563.0000, New:   573.0000
Emission Wavelengths 2 Changed: 14-Feb-24 12:07:03 PM, Old:   660.0000, New:   670.0000
Emission Wavelength Changed: 14-Feb-24 12:07:03 PM, Old: 563.00, New: 573.00
Excitation Filter: Changed: 14-Feb-24 12:09:49 PM, Old:Auto, New:Open
Emission Filter: Changed: 14-Feb-24 12:10:42 PM, Old:Open, New:550 - 1100 nm
Excitation Filter: Changed: 14-Feb-24 12:10:42 PM, Old:Open, New:335 - 620 nm
Emission Wavelengths 1 Changed: 14-Feb-24 12:12:48 PM, Old:   573.0000, New:   563.0000
Emission Wavelengths 2 Changed: 14-Feb-24 12:12:48 PM, Old:   670.0000, New:   660.0000
Emission Wavelength Changed: 14-Feb-24 12:12:48 PM, Old: 573.00, New: 563.00
Ex. Slit Width (nm): Changed: 14-Feb-24 12:12:48 PM, Old:5, New:10
Em. Slit Width (nm): Changed: 14-Feb-24 12:12:48 PM, Old:5, New:10
Ex. Slit Width (nm): Changed: 14-Feb-24 12:13:30 PM, Old:10, New:20
End Method Modifications

Sample B4_Ex509_Em660,
Sample B4_Ex509_Em660
Collection Time: 14-Feb-24 12:19:03 PM
Operator Name  :
Kinetics Software Version: 1.2(146)
Parameter List :
Report Time: Wed 14 Feb 12:19:03 PM 2024
Software version: 1.2(146)
Operator:
Instrument Parameters
Instrument                        Cary Eclipse
Instrument Serial Number          MY18160001
Data mode                         Fluorescence
Ex. wavelengths (nm)              509.0000 ; 509.0000
Em. wavelengths (nm)              563.0000 ; 660.0000
Ex. Slit (nm)                     20
Em. Slit (nm)                     10
Averaging Time (s)                0.2000
Cycle time(min)                   0.5000
Stop time(min)                    90.0000
Emission filter                   550 - 1100 nm
Excitation Filter                 335 - 620 nm
PMT voltage (V)                   800
Wellplate                         ON
Plate format                     96 Wells
Read position                    Well centre
Multi-zero                       OFF
Auto-zero                        OFF
Well                            A1
Comments:
Method Log     :
Method Name    : Default
Date/Time stamp: 14-Feb-24 11:59:09 AM
Method Modifications:
Wellplate Overlay Mode Changed: 14-Feb-24 11:59:11 AM, Old:Individual, New:Choice 1
Wellplate Overlay Mode Changed: 14-Feb-24 11:59:11 AM, Old:Overlay all, New:Choice 2
Wellplate Overlay Mode Changed: 14-Feb-24 11:59:11 AM, Old:Overlay rows, New:Choice 3
Wellplate Overlay Mode Changed: 14-Feb-24 11:59:11 AM, Old:Overlay columns, New:Choice 4
Wellplate Overlay Mode Changed: 14-Feb-24 11:59:11 AM, Old:User defined, New:Overlay columns
Well plate reader Changed: 14-Feb-24 12:01:50 PM, Old:OFF, New:ON
Multiwavelength Changed: 14-Feb-24 12:01:50 PM, Old:OFF, New:ON
Excitation Wavelengths 1 Changed: 14-Feb-24 12:01:50 PM, Old:   350.0000, New:   509.0000
Emission Wavelengths 1 Changed: 14-Feb-24 12:01:50 PM, Old:   450.0000, New:   563.0000
Excitation Wavelengths 2 Changed: 14-Feb-24 12:01:50 PM, Old:   360.0000, New:   509.0000
Emission Wavelengths 2 Changed: 14-Feb-24 12:01:50 PM, Old:   460.0000, New:   660.0000
Excitation Wavelength Changed: 14-Feb-24 12:01:50 PM, Old: 400.00, New: 509.00
Emission Wavelength Changed: 14-Feb-24 12:01:50 PM, Old: 600.00, New: 563.00
Ave. time (s): Changed: 14-Feb-24 12:01:50 PM, Old:0.10000, New:0.20000
Cycle Time 1 Changed: 14-Feb-24 12:01:50 PM, Old: 0.0000, New: 0.5000
Stop Time 1 Changed: 14-Feb-24 12:01:50 PM, Old: 1.0000, New:90.0000
Wellplate Samples Changed: 14-Feb-24 12:01:50 PM, Old:, New:A1;A2;A3;A4;A5;B1;B2;B3;B4;C1;C2;C3;C4;
PMT Volts Changed: 14-Feb-24 12:02:06 PM, Old:600, New:800
Emission PMT (V): Changed: 14-Feb-24 12:02:06 PM, Old: 600, New: 800
Emission Wavelengths 1 Changed: 14-Feb-24 12:07:03 PM, Old:   563.0000, New:   573.0000
Emission Wavelengths 2 Changed: 14-Feb-24 12:07:03 PM, Old:   660.0000, New:   670.0000
Emission Wavelength Changed: 14-Feb-24 12:07:03 PM, Old: 563.00, New: 573.00
Excitation Filter: Changed: 14-Feb-24 12:09:49 PM, Old:Auto, New:Open
Emission Filter: Changed: 14-Feb-24 12:10:42 PM, Old:Open, New:550 - 1100 nm
Excitation Filter: Changed: 14-Feb-24 12:10:42 PM, Old:Open, New:335 - 620 nm
Emission Wavelengths 1 Changed: 14-Feb-24 12:12:48 PM, Old:   573.0000, New:   563.0000
Emission Wavelengths 2 Changed: 14-Feb-24 12:12:48 PM, Old:   670.0000, New:   660.0000
Emission Wavelength Changed: 14-Feb-24 12:12:48 PM, Old: 573.00, New: 563.00
Ex. Slit Width (nm): Changed: 14-Feb-24 12:12:48 PM, Old:5, New:10
Em. Slit Width (nm): Changed: 14-Feb-24 12:12:48 PM, Old:5, New:10
Ex. Slit Width (nm): Changed: 14-Feb-24 12:13:30 PM, Old:10, New:20
End Method Modifications

Sample C1_Ex509_Em563,
Sample C1_Ex509_Em563
Collection Time: 14-Feb-24 12:19:03 PM
Operator Name  :
Kinetics Software Version: 1.2(146)
Parameter List :
Report Time: Wed 14 Feb 12:19:03 PM 2024
Software version: 1.2(146)
Operator:
Instrument Parameters
Instrument                        Cary Eclipse
Instrument Serial Number          MY18160001
Data mode                         Fluorescence
Ex. wavelengths (nm)              509.0000 ; 509.0000
Em. wavelengths (nm)              563.0000 ; 660.0000
Ex. Slit (nm)                     20
Em. Slit (nm)                     10
Averaging Time (s)                0.2000
Cycle time(min)                   0.5000
Stop time(min)                    90.0000
Emission filter                   550 - 1100 nm
Excitation Filter                 335 - 620 nm
PMT voltage (V)                   800
Wellplate                         ON
Plate format                     96 Wells
Read position                    Well centre
Multi-zero                       OFF
Auto-zero                        OFF
Well                            A1
Comments:
Method Log     :
Method Name    : Default
Date/Time stamp: 14-Feb-24 11:59:09 AM
Method Modifications:
Wellplate Overlay Mode Changed: 14-Feb-24 11:59:11 AM, Old:Individual, New:Choice 1
Wellplate Overlay Mode Changed: 14-Feb-24 11:59:11 AM, Old:Overlay all, New:Choice 2
Wellplate Overlay Mode Changed: 14-Feb-24 11:59:11 AM, Old:Overlay rows, New:Choice 3
Wellplate Overlay Mode Changed: 14-Feb-24 11:59:11 AM, Old:Overlay columns, New:Choice 4
Wellplate Overlay Mode Changed: 14-Feb-24 11:59:11 AM, Old:User defined, New:Overlay columns
Well plate reader Changed: 14-Feb-24 12:01:50 PM, Old:OFF, New:ON
Multiwavelength Changed: 14-Feb-24 12:01:50 PM, Old:OFF, New:ON
Excitation Wavelengths 1 Changed: 14-Feb-24 12:01:50 PM, Old:   350.0000, New:   509.0000
Emission Wavelengths 1 Changed: 14-Feb-24 12:01:50 PM, Old:   450.0000, New:   563.0000
Excitation Wavelengths 2 Changed: 14-Feb-24 12:01:50 PM, Old:   360.0000, New:   509.0000
Emission Wavelengths 2 Changed: 14-Feb-24 12:01:50 PM, Old:   460.0000, New:   660.0000
Excitation Wavelength Changed: 14-Feb-24 12:01:50 PM, Old: 400.00, New: 509.00
Emission Wavelength Changed: 14-Feb-24 12:01:50 PM, Old: 600.00, New: 563.00
Ave. time (s): Changed: 14-Feb-24 12:01:50 PM, Old:0.10000, New:0.20000
Cycle Time 1 Changed: 14-Feb-24 12:01:50 PM, Old: 0.0000, New: 0.5000
Stop Time 1 Changed: 14-Feb-24 12:01:50 PM, Old: 1.0000, New:90.0000
Wellplate Samples Changed: 14-Feb-24 12:01:50 PM, Old:, New:A1;A2;A3;A4;A5;B1;B2;B3;B4;C1;C2;C3;C4;
PMT Volts Changed: 14-Feb-24 12:02:06 PM, Old:600, New:800
Emission PMT (V): Changed: 14-Feb-24 12:02:06 PM, Old: 600, New: 800
Emission Wavelengths 1 Changed: 14-Feb-24 12:07:03 PM, Old:   563.0000, New:   573.0000
Emission Wavelengths 2 Changed: 14-Feb-24 12:07:03 PM, Old:   660.0000, New:   670.0000
Emission Wavelength Changed: 14-Feb-24 12:07:03 PM, Old: 563.00, New: 573.00
Excitation Filter: Changed: 14-Feb-24 12:09:49 PM, Old:Auto, New:Open
Emission Filter: Changed: 14-Feb-24 12:10:42 PM, Old:Open, New:550 - 1100 nm
Excitation Filter: Changed: 14-Feb-24 12:10:42 PM, Old:Open, New:335 - 620 nm
Emission Wavelengths 1 Changed: 14-Feb-24 12:12:48 PM, Old:   573.0000, New:   563.0000
Emission Wavelengths 2 Changed: 14-Feb-24 12:12:48 PM, Old:   670.0000, New:   660.0000
Emission Wavelength Changed: 14-Feb-24 12:12:48 PM, Old: 573.00, New: 563.00
Ex. Slit Width (nm): Changed: 14-Feb-24 12:12:48 PM, Old:5, New:10
Em. Slit Width (nm): Changed: 14-Feb-24 12:12:48 PM, Old:5, New:10
Ex. Slit Width (nm): Changed: 14-Feb-24 12:13:30 PM, Old:10, New:20
End Method Modifications

Sample C1_Ex509_Em660,
Sample C1_Ex509_Em660
Collection Time: 14-Feb-24 12:19:03 PM
Operator Name  :
Kinetics Software Version: 1.2(146)
Parameter List :
Report Time: Wed 14 Feb 12:19:03 PM 2024
Software version: 1.2(146)
Operator:
Instrument Parameters
Instrument                        Cary Eclipse
Instrument Serial Number          MY18160001
Data mode                         Fluorescence
Ex. wavelengths (nm)              509.0000 ; 509.0000
Em. wavelengths (nm)              563.0000 ; 660.0000
Ex. Slit (nm)                     20
Em. Slit (nm)                     10
Averaging Time (s)                0.2000
Cycle time(min)                   0.5000
Stop time(min)                    90.0000
Emission filter                   550 - 1100 nm
Excitation Filter                 335 - 620 nm
PMT voltage (V)                   800
Wellplate                         ON
Plate format                     96 Wells
Read position                    Well centre
Multi-zero                       OFF
Auto-zero                        OFF
Well                            A1
Comments:
Method Log     :
Method Name    : Default
Date/Time stamp: 14-Feb-24 11:59:09 AM
Method Modifications:
Wellplate Overlay Mode Changed: 14-Feb-24 11:59:11 AM, Old:Individual, New:Choice 1
Wellplate Overlay Mode Changed: 14-Feb-24 11:59:11 AM, Old:Overlay all, New:Choice 2
Wellplate Overlay Mode Changed: 14-Feb-24 11:59:11 AM, Old:Overlay rows, New:Choice 3
Wellplate Overlay Mode Changed: 14-Feb-24 11:59:11 AM, Old:Overlay columns, New:Choice 4
Wellplate Overlay Mode Changed: 14-Feb-24 11:59:11 AM, Old:User defined, New:Overlay columns
Well plate reader Changed: 14-Feb-24 12:01:50 PM, Old:OFF, New:ON
Multiwavelength Changed: 14-Feb-24 12:01:50 PM, Old:OFF, New:ON
Excitation Wavelengths 1 Changed: 14-Feb-24 12:01:50 PM, Old:   350.0000, New:   509.0000
Emission Wavelengths 1 Changed: 14-Feb-24 12:01:50 PM, Old:   450.0000, New:   563.0000
Excitation Wavelengths 2 Changed: 14-Feb-24 12:01:50 PM, Old:   360.0000, New:   509.0000
Emission Wavelengths 2 Changed: 14-Feb-24 12:01:50 PM, Old:   460.0000, New:   660.0000
Excitation Wavelength Changed: 14-Feb-24 12:01:50 PM, Old: 400.00, New: 509.00
Emission Wavelength Changed: 14-Feb-24 12:01:50 PM, Old: 600.00, New: 563.00
Ave. time (s): Changed: 14-Feb-24 12:01:50 PM, Old:0.10000, New:0.20000
Cycle Time 1 Changed: 14-Feb-24 12:01:50 PM, Old: 0.0000, New: 0.5000
Stop Time 1 Changed: 14-Feb-24 12:01:50 PM, Old: 1.0000, New:90.0000
Wellplate Samples Changed: 14-Feb-24 12:01:50 PM, Old:, New:A1;A2;A3;A4;A5;B1;B2;B3;B4;C1;C2;C3;C4;
PMT Volts Changed: 14-Feb-24 12:02:06 PM, Old:600, New:800
Emission PMT (V): Changed: 14-Feb-24 12:02:06 PM, Old: 600, New: 800
Emission Wavelengths 1 Changed: 14-Feb-24 12:07:03 PM, Old:   563.0000, New:   573.0000
Emission Wavelengths 2 Changed: 14-Feb-24 12:07:03 PM, Old:   660.0000, New:   670.0000
Emission Wavelength Changed: 14-Feb-24 12:07:03 PM, Old: 563.00, New: 573.00
Excitation Filter: Changed: 14-Feb-24 12:09:49 PM, Old:Auto, New:Open
Emission Filter: Changed: 14-Feb-24 12:10:42 PM, Old:Open, New:550 - 1100 nm
Excitation Filter: Changed: 14-Feb-24 12:10:42 PM, Old:Open, New:335 - 620 nm
Emission Wavelengths 1 Changed: 14-Feb-24 12:12:48 PM, Old:   573.0000, New:   563.0000
Emission Wavelengths 2 Changed: 14-Feb-24 12:12:48 PM, Old:   670.0000, New:   660.0000
Emission Wavelength Changed: 14-Feb-24 12:12:48 PM, Old: 573.00, New: 563.00
Ex. Slit Width (nm): Changed: 14-Feb-24 12:12:48 PM, Old:5, New:10
Em. Slit Width (nm): Changed: 14-Feb-24 12:12:48 PM, Old:5, New:10
Ex. Slit Width (nm): Changed: 14-Feb-24 12:13:30 PM, Old:10, New:20
End Method Modifications

Sample C2_Ex509_Em563,
Sample C2_Ex509_Em563
Collection Time: 14-Feb-24 12:19:03 PM
Operator Name  :
Kinetics Software Version: 1.2(146)
Parameter List :
Report Time: Wed 14 Feb 12:19:03 PM 2024
Software version: 1.2(146)
Operator:
Instrument Parameters
Instrument                        Cary Eclipse
Instrument Serial Number          MY18160001
Data mode                         Fluorescence
Ex. wavelengths (nm)              509.0000 ; 509.0000
Em. wavelengths (nm)              563.0000 ; 660.0000
Ex. Slit (nm)                     20
Em. Slit (nm)                     10
Averaging Time (s)                0.2000
Cycle time(min)                   0.5000
Stop time(min)                    90.0000
Emission filter                   550 - 1100 nm
Excitation Filter                 335 - 620 nm
PMT voltage (V)                   800
Wellplate                         ON
Plate format                     96 Wells
Read position                    Well centre
Multi-zero                       OFF
Auto-zero                        OFF
Well                            A1
Comments:
Method Log     :
Method Name    : Default
Date/Time stamp: 14-Feb-24 11:59:09 AM
Method Modifications:
Wellplate Overlay Mode Changed: 14-Feb-24 11:59:11 AM, Old:Individual, New:Choice 1
Wellplate Overlay Mode Changed: 14-Feb-24 11:59:11 AM, Old:Overlay all, New:Choice 2
Wellplate Overlay Mode Changed: 14-Feb-24 11:59:11 AM, Old:Overlay rows, New:Choice 3
Wellplate Overlay Mode Changed: 14-Feb-24 11:59:11 AM, Old:Overlay columns, New:Choice 4
Wellplate Overlay Mode Changed: 14-Feb-24 11:59:11 AM, Old:User defined, New:Overlay columns
Well plate reader Changed: 14-Feb-24 12:01:50 PM, Old:OFF, New:ON
Multiwavelength Changed: 14-Feb-24 12:01:50 PM, Old:OFF, New:ON
Excitation Wavelengths 1 Changed: 14-Feb-24 12:01:50 PM, Old:   350.0000, New:   509.0000
Emission Wavelengths 1 Changed: 14-Feb-24 12:01:50 PM, Old:   450.0000, New:   563.0000
Excitation Wavelengths 2 Changed: 14-Feb-24 12:01:50 PM, Old:   360.0000, New:   509.0000
Emission Wavelengths 2 Changed: 14-Feb-24 12:01:50 PM, Old:   460.0000, New:   660.0000
Excitation Wavelength Changed: 14-Feb-24 12:01:50 PM, Old: 400.00, New: 509.00
Emission Wavelength Changed: 14-Feb-24 12:01:50 PM, Old: 600.00, New: 563.00
Ave. time (s): Changed: 14-Feb-24 12:01:50 PM, Old:0.10000, New:0.20000
Cycle Time 1 Changed: 14-Feb-24 12:01:50 PM, Old: 0.0000, New: 0.5000
Stop Time 1 Changed: 14-Feb-24 12:01:50 PM, Old: 1.0000, New:90.0000
Wellplate Samples Changed: 14-Feb-24 12:01:50 PM, Old:, New:A1;A2;A3;A4;A5;B1;B2;B3;B4;C1;C2;C3;C4;
PMT Volts Changed: 14-Feb-24 12:02:06 PM, Old:600, New:800
Emission PMT (V): Changed: 14-Feb-24 12:02:06 PM, Old: 600, New: 800
Emission Wavelengths 1 Changed: 14-Feb-24 12:07:03 PM, Old:   563.0000, New:   573.0000
Emission Wavelengths 2 Changed: 14-Feb-24 12:07:03 PM, Old:   660.0000, New:   670.0000
Emission Wavelength Changed: 14-Feb-24 12:07:03 PM, Old: 563.00, New: 573.00
Excitation Filter: Changed: 14-Feb-24 12:09:49 PM, Old:Auto, New:Open
Emission Filter: Changed: 14-Feb-24 12:10:42 PM, Old:Open, New:550 - 1100 nm
Excitation Filter: Changed: 14-Feb-24 12:10:42 PM, Old:Open, New:335 - 620 nm
Emission Wavelengths 1 Changed: 14-Feb-24 12:12:48 PM, Old:   573.0000, New:   563.0000
Emission Wavelengths 2 Changed: 14-Feb-24 12:12:48 PM, Old:   670.0000, New:   660.0000
Emission Wavelength Changed: 14-Feb-24 12:12:48 PM, Old: 573.00, New: 563.00
Ex. Slit Width (nm): Changed: 14-Feb-24 12:12:48 PM, Old:5, New:10
Em. Slit Width (nm): Changed: 14-Feb-24 12:12:48 PM, Old:5, New:10
Ex. Slit Width (nm): Changed: 14-Feb-24 12:13:30 PM, Old:10, New:20
End Method Modifications

Sample C2_Ex509_Em660,
Sample C2_Ex509_Em660
Collection Time: 14-Feb-24 12:19:03 PM
Operator Name  :
Kinetics Software Version: 1.2(146)
Parameter List :
Report Time: Wed 14 Feb 12:19:03 PM 2024
Software version: 1.2(146)
Operator:
Instrument Parameters
Instrument                        Cary Eclipse
Instrument Serial Number          MY18160001
Data mode                         Fluorescence
Ex. wavelengths (nm)              509.0000 ; 509.0000
Em. wavelengths (nm)              563.0000 ; 660.0000
Ex. Slit (nm)                     20
Em. Slit (nm)                     10
Averaging Time (s)                0.2000
Cycle time(min)                   0.5000
Stop time(min)                    90.0000
Emission filter                   550 - 1100 nm
Excitation Filter                 335 - 620 nm
PMT voltage (V)                   800
Wellplate                         ON
Plate format                     96 Wells
Read position                    Well centre
Multi-zero                       OFF
Auto-zero                        OFF
Well                            A1
Comments:
Method Log     :
Method Name    : Default
Date/Time stamp: 14-Feb-24 11:59:09 AM
Method Modifications:
Wellplate Overlay Mode Changed: 14-Feb-24 11:59:11 AM, Old:Individual, New:Choice 1
Wellplate Overlay Mode Changed: 14-Feb-24 11:59:11 AM, Old:Overlay all, New:Choice 2
Wellplate Overlay Mode Changed: 14-Feb-24 11:59:11 AM, Old:Overlay rows, New:Choice 3
Wellplate Overlay Mode Changed: 14-Feb-24 11:59:11 AM, Old:Overlay columns, New:Choice 4
Wellplate Overlay Mode Changed: 14-Feb-24 11:59:11 AM, Old:User defined, New:Overlay columns
Well plate reader Changed: 14-Feb-24 12:01:50 PM, Old:OFF, New:ON
Multiwavelength Changed: 14-Feb-24 12:01:50 PM, Old:OFF, New:ON
Excitation Wavelengths 1 Changed: 14-Feb-24 12:01:50 PM, Old:   350.0000, New:   509.0000
Emission Wavelengths 1 Changed: 14-Feb-24 12:01:50 PM, Old:   450.0000, New:   563.0000
Excitation Wavelengths 2 Changed: 14-Feb-24 12:01:50 PM, Old:   360.0000, New:   509.0000
Emission Wavelengths 2 Changed: 14-Feb-24 12:01:50 PM, Old:   460.0000, New:   660.0000
Excitation Wavelength Changed: 14-Feb-24 12:01:50 PM, Old: 400.00, New: 509.00
Emission Wavelength Changed: 14-Feb-24 12:01:50 PM, Old: 600.00, New: 563.00
Ave. time (s): Changed: 14-Feb-24 12:01:50 PM, Old:0.10000, New:0.20000
Cycle Time 1 Changed: 14-Feb-24 12:01:50 PM, Old: 0.0000, New: 0.5000
Stop Time 1 Changed: 14-Feb-24 12:01:50 PM, Old: 1.0000, New:90.0000
Wellplate Samples Changed: 14-Feb-24 12:01:50 PM, Old:, New:A1;A2;A3;A4;A5;B1;B2;B3;B4;C1;C2;C3;C4;
PMT Volts Changed: 14-Feb-24 12:02:06 PM, Old:600, New:800
Emission PMT (V): Changed: 14-Feb-24 12:02:06 PM, Old: 600, New: 800
Emission Wavelengths 1 Changed: 14-Feb-24 12:07:03 PM, Old:   563.0000, New:   573.0000
Emission Wavelengths 2 Changed: 14-Feb-24 12:07:03 PM, Old:   660.0000, New:   670.0000
Emission Wavelength Changed: 14-Feb-24 12:07:03 PM, Old: 563.00, New: 573.00
Excitation Filter: Changed: 14-Feb-24 12:09:49 PM, Old:Auto, New:Open
Emission Filter: Changed: 14-Feb-24 12:10:42 PM, Old:Open, New:550 - 1100 nm
Excitation Filter: Changed: 14-Feb-24 12:10:42 PM, Old:Open, New:335 - 620 nm
Emission Wavelengths 1 Changed: 14-Feb-24 12:12:48 PM, Old:   573.0000, New:   563.0000
Emission Wavelengths 2 Changed: 14-Feb-24 12:12:48 PM, Old:   670.0000, New:   660.0000
Emission Wavelength Changed: 14-Feb-24 12:12:48 PM, Old: 573.00, New: 563.00
Ex. Slit Width (nm): Changed: 14-Feb-24 12:12:48 PM, Old:5, New:10
Em. Slit Width (nm): Changed: 14-Feb-24 12:12:48 PM, Old:5, New:10
Ex. Slit Width (nm): Changed: 14-Feb-24 12:13:30 PM, Old:10, New:20
End Method Modifications

Sample C3_Ex509_Em563,
Sample C3_Ex509_Em563
Collection Time: 14-Feb-24 12:19:03 PM
Operator Name  :
Kinetics Software Version: 1.2(146)
Parameter List :
Report Time: Wed 14 Feb 12:19:03 PM 2024
Software version: 1.2(146)
Operator:
Instrument Parameters
Instrument                        Cary Eclipse
Instrument Serial Number          MY18160001
Data mode                         Fluorescence
Ex. wavelengths (nm)              509.0000 ; 509.0000
Em. wavelengths (nm)              563.0000 ; 660.0000
Ex. Slit (nm)                     20
Em. Slit (nm)                     10
Averaging Time (s)                0.2000
Cycle time(min)                   0.5000
Stop time(min)                    90.0000
Emission filter                   550 - 1100 nm
Excitation Filter                 335 - 620 nm
PMT voltage (V)                   800
Wellplate                         ON
Plate format                     96 Wells
Read position                    Well centre
Multi-zero                       OFF
Auto-zero                        OFF
Well                            A1
Comments:
Method Log     :
Method Name    : Default
Date/Time stamp: 14-Feb-24 11:59:09 AM
Method Modifications:
Wellplate Overlay Mode Changed: 14-Feb-24 11:59:11 AM, Old:Individual, New:Choice 1
Wellplate Overlay Mode Changed: 14-Feb-24 11:59:11 AM, Old:Overlay all, New:Choice 2
Wellplate Overlay Mode Changed: 14-Feb-24 11:59:11 AM, Old:Overlay rows, New:Choice 3
Wellplate Overlay Mode Changed: 14-Feb-24 11:59:11 AM, Old:Overlay columns, New:Choice 4
Wellplate Overlay Mode Changed: 14-Feb-24 11:59:11 AM, Old:User defined, New:Overlay columns
Well plate reader Changed: 14-Feb-24 12:01:50 PM, Old:OFF, New:ON
Multiwavelength Changed: 14-Feb-24 12:01:50 PM, Old:OFF, New:ON
Excitation Wavelengths 1 Changed: 14-Feb-24 12:01:50 PM, Old:   350.0000, New:   509.0000
Emission Wavelengths 1 Changed: 14-Feb-24 12:01:50 PM, Old:   450.0000, New:   563.0000
Excitation Wavelengths 2 Changed: 14-Feb-24 12:01:50 PM, Old:   360.0000, New:   509.0000
Emission Wavelengths 2 Changed: 14-Feb-24 12:01:50 PM, Old:   460.0000, New:   660.0000
Excitation Wavelength Changed: 14-Feb-24 12:01:50 PM, Old: 400.00, New: 509.00
Emission Wavelength Changed: 14-Feb-24 12:01:50 PM, Old: 600.00, New: 563.00
Ave. time (s): Changed: 14-Feb-24 12:01:50 PM, Old:0.10000, New:0.20000
Cycle Time 1 Changed: 14-Feb-24 12:01:50 PM, Old: 0.0000, New: 0.5000
Stop Time 1 Changed: 14-Feb-24 12:01:50 PM, Old: 1.0000, New:90.0000
Wellplate Samples Changed: 14-Feb-24 12:01:50 PM, Old:, New:A1;A2;A3;A4;A5;B1;B2;B3;B4;C1;C2;C3;C4;
PMT Volts Changed: 14-Feb-24 12:02:06 PM, Old:600, New:800
Emission PMT (V): Changed: 14-Feb-24 12:02:06 PM, Old: 600, New: 800
Emission Wavelengths 1 Changed: 14-Feb-24 12:07:03 PM, Old:   563.0000, New:   573.0000
Emission Wavelengths 2 Changed: 14-Feb-24 12:07:03 PM, Old:   660.0000, New:   670.0000
Emission Wavelength Changed: 14-Feb-24 12:07:03 PM, Old: 563.00, New: 573.00
Excitation Filter: Changed: 14-Feb-24 12:09:49 PM, Old:Auto, New:Open
Emission Filter: Changed: 14-Feb-24 12:10:42 PM, Old:Open, New:550 - 1100 nm
Excitation Filter: Changed: 14-Feb-24 12:10:42 PM, Old:Open, New:335 - 620 nm
Emission Wavelengths 1 Changed: 14-Feb-24 12:12:48 PM, Old:   573.0000, New:   563.0000
Emission Wavelengths 2 Changed: 14-Feb-24 12:12:48 PM, Old:   670.0000, New:   660.0000
Emission Wavelength Changed: 14-Feb-24 12:12:48 PM, Old: 573.00, New: 563.00
Ex. Slit Width (nm): Changed: 14-Feb-24 12:12:48 PM, Old:5, New:10
Em. Slit Width (nm): Changed: 14-Feb-24 12:12:48 PM, Old:5, New:10
Ex. Slit Width (nm): Changed: 14-Feb-24 12:13:30 PM, Old:10, New:20
End Method Modifications

Sample C3_Ex509_Em660,
Sample C3_Ex509_Em660
Collection Time: 14-Feb-24 12:19:03 PM
Operator Name  :
Kinetics Software Version: 1.2(146)
Parameter List :
Report Time: Wed 14 Feb 12:19:03 PM 2024
Software version: 1.2(146)
Operator:
Instrument Parameters
Instrument                        Cary Eclipse
Instrument Serial Number          MY18160001
Data mode                         Fluorescence
Ex. wavelengths (nm)              509.0000 ; 509.0000
Em. wavelengths (nm)              563.0000 ; 660.0000
Ex. Slit (nm)                     20
Em. Slit (nm)                     10
Averaging Time (s)                0.2000
Cycle time(min)                   0.5000
Stop time(min)                    90.0000
Emission filter                   550 - 1100 nm
Excitation Filter                 335 - 620 nm
PMT voltage (V)                   800
Wellplate                         ON
Plate format                     96 Wells
Read position                    Well centre
Multi-zero                       OFF
Auto-zero                        OFF
Well                            A1
Comments:
Method Log     :
Method Name    : Default
Date/Time stamp: 14-Feb-24 11:59:09 AM
Method Modifications:
Wellplate Overlay Mode Changed: 14-Feb-24 11:59:11 AM, Old:Individual, New:Choice 1
Wellplate Overlay Mode Changed: 14-Feb-24 11:59:11 AM, Old:Overlay all, New:Choice 2
Wellplate Overlay Mode Changed: 14-Feb-24 11:59:11 AM, Old:Overlay rows, New:Choice 3
Wellplate Overlay Mode Changed: 14-Feb-24 11:59:11 AM, Old:Overlay columns, New:Choice 4
Wellplate Overlay Mode Changed: 14-Feb-24 11:59:11 AM, Old:User defined, New:Overlay columns
Well plate reader Changed: 14-Feb-24 12:01:50 PM, Old:OFF, New:ON
Multiwavelength Changed: 14-Feb-24 12:01:50 PM, Old:OFF, New:ON
Excitation Wavelengths 1 Changed: 14-Feb-24 12:01:50 PM, Old:   350.0000, New:   509.0000
Emission Wavelengths 1 Changed: 14-Feb-24 12:01:50 PM, Old:   450.0000, New:   563.0000
Excitation Wavelengths 2 Changed: 14-Feb-24 12:01:50 PM, Old:   360.0000, New:   509.0000
Emission Wavelengths 2 Changed: 14-Feb-24 12:01:50 PM, Old:   460.0000, New:   660.0000
Excitation Wavelength Changed: 14-Feb-24 12:01:50 PM, Old: 400.00, New: 509.00
Emission Wavelength Changed: 14-Feb-24 12:01:50 PM, Old: 600.00, New: 563.00
Ave. time (s): Changed: 14-Feb-24 12:01:50 PM, Old:0.10000, New:0.20000
Cycle Time 1 Changed: 14-Feb-24 12:01:50 PM, Old: 0.0000, New: 0.5000
Stop Time 1 Changed: 14-Feb-24 12:01:50 PM, Old: 1.0000, New:90.0000
Wellplate Samples Changed: 14-Feb-24 12:01:50 PM, Old:, New:A1;A2;A3;A4;A5;B1;B2;B3;B4;C1;C2;C3;C4;
PMT Volts Changed: 14-Feb-24 12:02:06 PM, Old:600, New:800
Emission PMT (V): Changed: 14-Feb-24 12:02:06 PM, Old: 600, New: 800
Emission Wavelengths 1 Changed: 14-Feb-24 12:07:03 PM, Old:   563.0000, New:   573.0000
Emission Wavelengths 2 Changed: 14-Feb-24 12:07:03 PM, Old:   660.0000, New:   670.0000
Emission Wavelength Changed: 14-Feb-24 12:07:03 PM, Old: 563.00, New: 573.00
Excitation Filter: Changed: 14-Feb-24 12:09:49 PM, Old:Auto, New:Open
Emission Filter: Changed: 14-Feb-24 12:10:42 PM, Old:Open, New:550 - 1100 nm
Excitation Filter: Changed: 14-Feb-24 12:10:42 PM, Old:Open, New:335 - 620 nm
Emission Wavelengths 1 Changed: 14-Feb-24 12:12:48 PM, Old:   573.0000, New:   563.0000
Emission Wavelengths 2 Changed: 14-Feb-24 12:12:48 PM, Old:   670.0000, New:   660.0000
Emission Wavelength Changed: 14-Feb-24 12:12:48 PM, Old: 573.00, New: 563.00
Ex. Slit Width (nm): Changed: 14-Feb-24 12:12:48 PM, Old:5, New:10
Em. Slit Width (nm): Changed: 14-Feb-24 12:12:48 PM, Old:5, New:10
Ex. Slit Width (nm): Changed: 14-Feb-24 12:13:30 PM, Old:10, New:20
End Method Modifications

Sample C4_Ex509_Em563,
Sample C4_Ex509_Em563
Collection Time: 14-Feb-24 12:19:03 PM
Operator Name  :
Kinetics Software Version: 1.2(146)
Parameter List :
Report Time: Wed 14 Feb 12:19:03 PM 2024
Software version: 1.2(146)
Operator:
Instrument Parameters
Instrument                        Cary Eclipse
Instrument Serial Number          MY18160001
Data mode                         Fluorescence
Ex. wavelengths (nm)              509.0000 ; 509.0000
Em. wavelengths (nm)              563.0000 ; 660.0000
Ex. Slit (nm)                     20
Em. Slit (nm)                     10
Averaging Time (s)                0.2000
Cycle time(min)                   0.5000
Stop time(min)                    90.0000
Emission filter                   550 - 1100 nm
Excitation Filter                 335 - 620 nm
PMT voltage (V)                   800
Wellplate                         ON
Plate format                     96 Wells
Read position                    Well centre
Multi-zero                       OFF
Auto-zero                        OFF
Well                            A1
Comments:
Method Log     :
Method Name    : Default
Date/Time stamp: 14-Feb-24 11:59:09 AM
Method Modifications:
Wellplate Overlay Mode Changed: 14-Feb-24 11:59:11 AM, Old:Individual, New:Choice 1
Wellplate Overlay Mode Changed: 14-Feb-24 11:59:11 AM, Old:Overlay all, New:Choice 2
Wellplate Overlay Mode Changed: 14-Feb-24 11:59:11 AM, Old:Overlay rows, New:Choice 3
Wellplate Overlay Mode Changed: 14-Feb-24 11:59:11 AM, Old:Overlay columns, New:Choice 4
Wellplate Overlay Mode Changed: 14-Feb-24 11:59:11 AM, Old:User defined, New:Overlay columns
Well plate reader Changed: 14-Feb-24 12:01:50 PM, Old:OFF, New:ON
Multiwavelength Changed: 14-Feb-24 12:01:50 PM, Old:OFF, New:ON
Excitation Wavelengths 1 Changed: 14-Feb-24 12:01:50 PM, Old:   350.0000, New:   509.0000
Emission Wavelengths 1 Changed: 14-Feb-24 12:01:50 PM, Old:   450.0000, New:   563.0000
Excitation Wavelengths 2 Changed: 14-Feb-24 12:01:50 PM, Old:   360.0000, New:   509.0000
Emission Wavelengths 2 Changed: 14-Feb-24 12:01:50 PM, Old:   460.0000, New:   660.0000
Excitation Wavelength Changed: 14-Feb-24 12:01:50 PM, Old: 400.00, New: 509.00
Emission Wavelength Changed: 14-Feb-24 12:01:50 PM, Old: 600.00, New: 563.00
Ave. time (s): Changed: 14-Feb-24 12:01:50 PM, Old:0.10000, New:0.20000
Cycle Time 1 Changed: 14-Feb-24 12:01:50 PM, Old: 0.0000, New: 0.5000
Stop Time 1 Changed: 14-Feb-24 12:01:50 PM, Old: 1.0000, New:90.0000
Wellplate Samples Changed: 14-Feb-24 12:01:50 PM, Old:, New:A1;A2;A3;A4;A5;B1;B2;B3;B4;C1;C2;C3;C4;
PMT Volts Changed: 14-Feb-24 12:02:06 PM, Old:600, New:800
Emission PMT (V): Changed: 14-Feb-24 12:02:06 PM, Old: 600, New: 800
Emission Wavelengths 1 Changed: 14-Feb-24 12:07:03 PM, Old:   563.0000, New:   573.0000
Emission Wavelengths 2 Changed: 14-Feb-24 12:07:03 PM, Old:   660.0000, New:   670.0000
Emission Wavelength Changed: 14-Feb-24 12:07:03 PM, Old: 563.00, New: 573.00
Excitation Filter: Changed: 14-Feb-24 12:09:49 PM, Old:Auto, New:Open
Emission Filter: Changed: 14-Feb-24 12:10:42 PM, Old:Open, New:550 - 1100 nm
Excitation Filter: Changed: 14-Feb-24 12:10:42 PM, Old:Open, New:335 - 620 nm
Emission Wavelengths 1 Changed: 14-Feb-24 12:12:48 PM, Old:   573.0000, New:   563.0000
Emission Wavelengths 2 Changed: 14-Feb-24 12:12:48 PM, Old:   670.0000, New:   660.0000
Emission Wavelength Changed: 14-Feb-24 12:12:48 PM, Old: 573.00, New: 563.00
Ex. Slit Width (nm): Changed: 14-Feb-24 12:12:48 PM, Old:5, New:10
Em. Slit Width (nm): Changed: 14-Feb-24 12:12:48 PM, Old:5, New:10
Ex. Slit Width (nm): Changed: 14-Feb-24 12:13:30 PM, Old:10, New:20
End Method Modifications

Sample C4_Ex509_Em660,
Sample C4_Ex509_Em660
Collection Time: 14-Feb-24 12:19:03 PM
Operator Name  :
Kinetics Software Version: 1.2(146)
Parameter List :
Report Time: Wed 14 Feb 12:19:03 PM 2024
Software version: 1.2(146)
Operator:
Instrument Parameters
Instrument                        Cary Eclipse
Instrument Serial Number          MY18160001
Data mode                         Fluorescence
Ex. wavelengths (nm)              509.0000 ; 509.0000
Em. wavelengths (nm)              563.0000 ; 660.0000
Ex. Slit (nm)                     20
Em. Slit (nm)                     10
Averaging Time (s)                0.2000
Cycle time(min)                   0.5000
Stop time(min)                    90.0000
Emission filter                   550 - 1100 nm
Excitation Filter                 335 - 620 nm
PMT voltage (V)                   800
Wellplate                         ON
Plate format                     96 Wells
Read position                    Well centre
Multi-zero                       OFF
Auto-zero                        OFF
Well                            A1
Comments:
Method Log     :
Method Name    : Default
Date/Time stamp: 14-Feb-24 11:59:09 AM
Method Modifications:
Wellplate Overlay Mode Changed: 14-Feb-24 11:59:11 AM, Old:Individual, New:Choice 1
Wellplate Overlay Mode Changed: 14-Feb-24 11:59:11 AM, Old:Overlay all, New:Choice 2
Wellplate Overlay Mode Changed: 14-Feb-24 11:59:11 AM, Old:Overlay rows, New:Choice 3
Wellplate Overlay Mode Changed: 14-Feb-24 11:59:11 AM, Old:Overlay columns, New:Choice 4
Wellplate Overlay Mode Changed: 14-Feb-24 11:59:11 AM, Old:User defined, New:Overlay columns
Well plate reader Changed: 14-Feb-24 12:01:50 PM, Old:OFF, New:ON
Multiwavelength Changed: 14-Feb-24 12:01:50 PM, Old:OFF, New:ON
Excitation Wavelengths 1 Changed: 14-Feb-24 12:01:50 PM, Old:   350.0000, New:   509.0000
Emission Wavelengths 1 Changed: 14-Feb-24 12:01:50 PM, Old:   450.0000, New:   563.0000
Excitation Wavelengths 2 Changed: 14-Feb-24 12:01:50 PM, Old:   360.0000, New:   509.0000
Emission Wavelengths 2 Changed: 14-Feb-24 12:01:50 PM, Old:   460.0000, New:   660.0000
Excitation Wavelength Changed: 14-Feb-24 12:01:50 PM, Old: 400.00, New: 509.00
Emission Wavelength Changed: 14-Feb-24 12:01:50 PM, Old: 600.00, New: 563.00
Ave. time (s): Changed: 14-Feb-24 12:01:50 PM, Old:0.10000, New:0.20000
Cycle Time 1 Changed: 14-Feb-24 12:01:50 PM, Old: 0.0000, New: 0.5000
Stop Time 1 Changed: 14-Feb-24 12:01:50 PM, Old: 1.0000, New:90.0000
Wellplate Samples Changed: 14-Feb-24 12:01:50 PM, Old:, New:A1;A2;A3;A4;A5;B1;B2;B3;B4;C1;C2;C3;C4;
PMT Volts Changed: 14-Feb-24 12:02:06 PM, Old:600, New:800
Emission PMT (V): Changed: 14-Feb-24 12:02:06 PM, Old: 600, New: 800
Emission Wavelengths 1 Changed: 14-Feb-24 12:07:03 PM, Old:   563.0000, New:   573.0000
Emission Wavelengths 2 Changed: 14-Feb-24 12:07:03 PM, Old:   660.0000, New:   670.0000
Emission Wavelength Changed: 14-Feb-24 12:07:03 PM, Old: 563.00, New: 573.00
Excitation Filter: Changed: 14-Feb-24 12:09:49 PM, Old:Auto, New:Open
Emission Filter: Changed: 14-Feb-24 12:10:42 PM, Old:Open, New:550 - 1100 nm
Excitation Filter: Changed: 14-Feb-24 12:10:42 PM, Old:Open, New:335 - 620 nm
Emission Wavelengths 1 Changed: 14-Feb-24 12:12:48 PM, Old:   573.0000, New:   563.0000
Emission Wavelengths 2 Changed: 14-Feb-24 12:12:48 PM, Old:   670.0000, New:   660.0000
Emission Wavelength Changed: 14-Feb-24 12:12:48 PM, Old: 573.00, New: 563.00
Ex. Slit Width (nm): Changed: 14-Feb-24 12:12:48 PM, Old:5, New:10
Em. Slit Width (nm): Changed: 14-Feb-24 12:12:48 PM, Old:5, New:10
Ex. Slit Width (nm): Changed: 14-Feb-24 12:13:30 PM, Old:10, New:20
End Method Modifications

