Sample A9_Ex509_Em563,,Sample A9_Ex509_Em660,,Sample A10_Ex509_Em563,,Sample A10_Ex509_Em660,,Sample A11_Ex509_Em563,,Sample A11_Ex509_Em660,,Sample A12_Ex509_Em563,,Sample A12_Ex509_Em660,,Sample B9_Ex509_Em563,,Sample B9_Ex509_Em660,,Sample B10_Ex509_Em563,,Sample B10_Ex509_Em660,,Sample B11_Ex509_Em563,,Sample B11_Ex509_Em660,,Sample B12_Ex509_Em563,,Sample B12_Ex509_Em660,,Sample C9_Ex509_Em563,,Sample C9_Ex509_Em660,,Sample C10_Ex509_Em563,,Sample C10_Ex509_Em660,,Sample C11_Ex509_Em563,,Sample C11_Ex509_Em660,,Sample C12_Ex509_Em563,,Sample C12_Ex509_Em660,,
Time (min),Intensity (a.u.),Time (min),Intensity (a.u.),Time (min),Intensity (a.u.),Time (min),Intensity (a.u.),Time (min),Intensity (a.u.),Time (min),Intensity (a.u.),Time (min),Intensity (a.u.),Time (min),Intensity (a.u.),Time (min),Intensity (a.u.),Time (min),Intensity (a.u.),Time (min),Intensity (a.u.),Time (min),Intensity (a.u.),Time (min),Intensity (a.u.),Time (min),Intensity (a.u.),Time (min),Intensity (a.u.),Time (min),Intensity (a.u.),Time (min),Intensity (a.u.),Time (min),Intensity (a.u.),Time (min),Intensity (a.u.),Time (min),Intensity (a.u.),Time (min),Intensity (a.u.),Time (min),Intensity (a.u.),Time (min),Intensity (a.u.),Time (min),Intensity (a.u.),
0.001666666707,359.6856995,0.008291666396,100.8034515,0.03254166618,331.362915,0.03914583474,87.14241791,0.06333333254,326.2875061,0.06995833665,123.1646423,0.09333333373,396.6376953,0.09995833039,89.07421112,0.2196666747,945.8320923,0.2262916714,60.63023376,0.188500002,913.3848267,0.1951250136,59.95018005,0.158374995,945.7985229,0.1649791747,60.93733978,0.1281666607,874.9938354,0.1347916573,59.07999039,0.2552083433,78.23863983,0.2618125081,14.47192287,0.285708338,68.29061127,0.2923125029,12.45992279,0.3156666756,79.94853973,0.3222916722,13.78191757,0.3465000093,78.18412018,0.353125006,13.49034119,
0.5016666651,357.8852844,0.5083333254,105.5309448,0.5322291851,328.5111389,0.5388958454,90.70040131,0.5620625019,322.7252808,0.5687291622,122.8322678,0.5933958292,386.2940674,0.6000624895,88.6144104,0.7213750482,943.9024658,0.7280416489,61.97290039,0.6902083158,896.3476563,0.6968749762,59.68342972,0.6602083445,914.088623,0.6668750048,62.33460617,0.6298750043,890.7512207,0.6365416646,58.73729324,0.7568749785,75.77817535,0.7635625005,14.36481571,0.7873750329,69.1496582,0.7940624952,12.06357002,0.8183957934,79.05094147,0.8250625134,14.34010601,0.8488958478,75.71720886,0.8555625081,13.10436153,
1.001666665,354.1537476,1.008333325,104.8204498,1.032708406,333.2068176,1.039374948,90.3973999,1.062979221,316.6769714,1.069645762,124.5821686,1.093875051,397.361969,1.100541711,88.41461945,1.222208261,957.5568848,1.228874922,62.73108673,1.191208363,888.5425415,1.197874904,58.6094017,1.161395788,932.6980591,1.168062449,61.45464325,1.130208373,892.1502686,1.136875033,57.91026306,1.256562591,75.72088623,1.263229132,14.72230816,1.286895871,70.85992432,1.293562412,12.42541695,1.317062497,80.04904175,1.323708296,14.19621563,1.347895861,76.9765625,1.354562521,12.86775208,
1.501666665,354.1130371,1.508333325,105.9012527,1.532062531,324.4158325,1.538729191,89.96337891,1.561874986,319.5769043,1.568541765,122.1122284,1.592812419,397.0289307,1.599479198,87.11235809,1.719708323,961.220459,1.726374984,61.78727341,1.689375043,867.2279663,1.696041584,58.24663925,1.658979177,909.2324219,1.665666699,61.28341675,1.628645778,868.1768188,1.635312557,58.10774994,1.754541636,75.69859314,1.761229157,15.02191639,1.785541654,69.54508972,1.792208314,12.73994255,1.816708326,79.82676697,1.823374987,13.99984455,1.846874952,80.83805084,1.853562593,13.03137779,
2.001666546,358.8179321,2.008333445,102.0137787,2.032374859,335.2347107,2.039041758,88.54599762,2.062708378,319.1778564,2.069375038,122.6118774,2.093041658,384.0918274,2.099708319,88.82365417,2.221041679,964.6693726,2.22770834,63.56374359,2.190812349,871.5994873,2.197479248,59.21495438,2.15979147,901.7606812,2.166458368,61.78055573,2.128708363,878.7093506,2.135395765,57.55466843,2.25722909,77.65977478,2.263895988,13.88975716,2.287729025,70.30224609,2.294395924,12.78664494,2.318374872,77.2622757,2.325041771,13.9679451,2.349708319,76.4585495,2.356375217,13.74710178,
2.501666784,357.8711853,2.508333445,101.8402328,2.533041716,327.2061157,2.539708376,89.20241547,2.56387496,323.2506714,2.57054162,125.5026321,2.59387517,391.3456726,2.600541592,86.92467499,2.722062349,952.541748,2.728729248,63.56800461,2.690875053,878.9889526,2.697541475,59.3338623,2.660062313,903.2750244,2.666729212,60.72787476,2.629895687,858.0048828,2.636562586,58.50934982,2.756312609,77.46213531,2.762979031,14.12061787,2.786791801,70.47982025,2.793458223,12.44240952,2.81756258,78.58527374,2.82422924,14.17517948,2.848479271,76.76506042,2.855145693,12.83643627,
3.001666784,362.206543,3.008333445,99.94218445,3.032875061,332.8757629,3.039541721,89.79413605,3.063895941,316.0252686,3.070562601,125.6901169,3.094375134,388.9994202,3.101041555,84.82222748,3.221062422,977.960022,3.227729321,61.5258255,3.189875126,883.7437134,3.196562529,58.9280777,3.159541607,918.8300781,3.166208506,61.92316055,3.129041433,879.9983521,3.135708332,56.53690338,3.255562544,76.2924881,3.262229204,14.55833912,3.285895824,69.03945923,3.292562723,13.06128883,3.316229343,80.49917603,3.322895765,14.26140118,3.347062349,76.0544281,3.353729248,14.06764126,
3.501666784,360.9487305,3.508333445,102.5083694,3.532875061,330.5465698,3.539541721,88.21038055,3.563458204,315.0590515,3.570125103,124.7836075,3.59489584,389.1994629,3.6015625,86.39342499,3.722229242,966.526062,3.728895903,62.4991188,3.691958427,890.4559326,3.698624849,58.63866806,3.661395788,908.4351196,3.668062687,60.71240234,3.631041765,836.9873657,3.637708187,58.50958633,3.756708384,78.19119263,3.763396025,14.30558109,3.787875175,70.92201996,3.794541597,12.76468086,3.817874908,81.05899048,3.824541807,14.14006424,3.848374844,77.10019684,3.855041742,13.48512936,
4.001666546,374.2844238,4.008333206,101.5226974,4.033041477,329.3643188,4.039708614,85.15190125,4.063729286,324.9428101,4.070395947,123.8815155,4.094312668,387.7958984,4.100979328,84.83260345,4.222541332,951.2286987,4.229208469,60.62467194,4.192541599,875.6689453,4.19920826,59.44701385,4.161375046,909.1620483,4.168041706,60.85722733,4.131541729,875.9659424,4.138208389,57.42913437,4.258708477,77.24165344,4.265375137,14.1273222,4.289874554,70.33488464,4.296541691,12.25184917,4.320374966,79.43768311,4.327041626,14.41866016,4.350395679,76.40007782,4.35706234,13.01030827,
4.501666546,364.2140198,4.508333206,100.2891769,4.533375263,338.3937683,4.540041447,86.74157715,4.564062595,315.2536011,4.570729256,124.5231018,4.59454155,395.460144,4.601208687,81.46820068,4.721895695,945.6849365,4.728562355,62.4177742,4.691375256,891.4082642,4.698041916,59.25769043,4.660874844,914.6442261,4.667541504,59.95901489,4.630395889,863.7874146,4.63706255,58.02224731,4.756541252,77.38718414,4.763208389,14.80146122,4.786541939,69.80182648,4.793208122,12.97895241,4.817375183,78.28952789,4.824041843,14.21705246,4.848374844,78.51038361,4.855041504,13.17679119,
5.001666546,365.7084045,5.008333206,97.87846375,5.033541679,334.6714172,5.04020834,83.60984039,5.063708305,313.7374268,5.070374966,121.5163116,5.09454155,388.3536682,5.101208687,83.33816528,5.2196455,957.5119019,5.22631216,61.28495026,5.189708233,908.9185791,5.196374893,59.67311478,5.159208298,904.8293457,5.165895462,60.8650856,5.128708363,866.7963867,5.135375023,59.06295013,5.255041599,76.93614197,5.261708736,14.86987114,5.286041737,72.04672241,5.292708397,12.81245041,5.316541672,80.73793793,5.323208332,14.62225056,5.347708225,77.40345764,5.354375362,13.13779831,
5.501666546,362.7878418,5.508333206,99.14006805,5.531791687,343.0499878,5.538458347,87.33393097,5.5633955,322.4125671,5.57006216,121.8141708,5.594041348,384.0542603,5.600708485,81.19403076,5.721979141,930.8606567,5.728645802,61.95600891,5.691541672,872.7971802,5.698208332,60.10586166,5.660375118,904.8980103,5.667041302,59.73752594,5.62970829,856.6101685,5.63637495,57.56090164,5.756041527,75.38967896,5.762708664,14.38904095,5.785979271,69.19889069,5.792645931,12.65283775,5.816562176,78.65572357,5.823228836,14.44408703,5.847708225,77.7265625,5.854375362,13.6413126,
6.001666546,370.7260437,6.008333206,98.66126251,6.032875061,340.2361145,6.039541721,84.98964691,6.063874722,316.6620789,6.070541859,121.0898285,6.094791889,397.935791,6.101458073,79.70313263,6.221374989,943.0196533,6.228041649,61.69408035,6.190875053,885.2246704,6.197541714,58.87453461,6.159874916,885.489502,6.166541576,60.83682632,6.128395557,860.4711304,6.135062695,57.75941467,6.256979465,78.28136444,6.263646126,14.50142765,6.288208485,69.24181366,6.294875145,12.29738331,6.318791866,77.31268311,6.32545805,13.6764698,6.349374771,76.97858429,6.356041431,14.04681301,
6.501666546,374.7881165,6.508333206,98.09252167,6.533041954,343.5308228,6.539708614,83.4151535,6.564229488,326.8556824,6.570895672,122.4604645,6.594708443,396.7774658,6.601374626,79.93906403,6.723207951,930.1367188,6.729896069,62.18495178,6.692875385,902.6815796,6.699541569,59.84067917,6.661645889,898.6277466,6.66831255,60.18537903,6.631228924,857.5352173,6.637895584,58.38473129,6.759707928,75.49552155,6.766375065,14.90947819,6.790374756,70.17957306,6.797041893,13.13254929,6.821208,78.96564484,6.82787466,13.48006535,6.851895809,77.59280396,6.858562946,13.1635046,
7.001666546,367.3447571,7.008333206,96.32023621,7.032729149,338.2063599,7.039395809,83.18172455,7.063874722,319.4376221,7.070541859,122.8153458,7.094041348,388.7691956,7.100708485,78.03278351,7.223374844,937.5706787,7.230041504,62.368927,7.192375183,901.8673096,7.199041843,59.9693985,7.161229134,929.7905273,7.167895794,61.47267151,7.130041599,851.6755371,7.136708736,59.02596664,7.258479118,76.89417267,7.265145779,14.41601563,7.288874626,71.32317352,7.295541763,12.67481899,7.318875313,79.54027557,7.325541496,13.62504959,7.350395679,77.15718842,7.35706234,13.33148956,
7.501666546,376.5604248,7.508333206,97.97009277,7.532062054,341.8114319,7.538729191,82.84633636,7.562312126,319.5171204,7.568979263,117.8981171,7.593291759,399.9212036,7.59995842,80.85596466,7.719041348,935.439209,7.725708485,62.66967392,7.688874722,885.8690796,7.695541859,60.13298035,7.658041954,907.5153809,7.664708614,60.26913452,7.627708435,852.9864502,7.634375095,58.06227112,7.753708363,78.34294128,7.760375023,14.61177349,7.783874989,69.62918091,7.79056263,12.8357935,7.814541817,79.48475647,7.821228981,13.82635021,7.84570837,78.5087738,7.852374554,13.16436386,
8.001667023,373.1037903,8.008333206,94.74672699,8.031874657,334.5086365,8.038562775,84.22176361,8.062874794,314.3388672,8.069540977,122.5432968,8.093375206,392.8277588,8.10006237,77.62926483,8.22195816,944.5533447,8.228625298,61.9065094,8.191708565,891.0106201,8.198374748,61.03512573,8.160374641,893.7947388,8.167062759,59.83800888,8.129729271,850.0881958,8.136395454,57.31946182,8.258479118,78.04367828,8.265146255,14.52362061,8.289708138,71.05602264,8.296375275,13.19726753,8.320979118,81.36834717,8.327646255,14.88639832,8.351312637,75.76081848,8.357979774,13.71708679,
8.501667023,382.8251953,8.508333206,96.68183899,8.533478737,342.4247437,8.540145874,80.3489151,8.564124107,327.0923462,8.570791245,119.8894501,8.594875336,395.7531738,8.601542473,76.89383698,8.72237587,938.1517944,8.729063034,62.6629982,8.691875458,898.3916626,8.698541641,58.81518936,8.660708427,880.3000488,8.667374611,60.76037979,8.630208015,867.704895,8.636875153,60.37742615,8.758874893,76.63990784,8.76554203,14.62794971,8.789042473,68.66101837,8.795708656,12.58745098,8.820208549,78.19078064,8.826874733,14.20580006,8.851208687,76.96903992,8.85787487,13.78848076,
9.001666069,384.0985107,9.008333206,95.71987915,9.031561852,336.1930542,9.038228989,80.06970215,9.062208176,315.2820435,9.06889534,121.5942307,9.093374252,392.8204346,9.100041389,75.52082062,9.221208572,922.8589478,9.227874756,62.13809204,9.191207886,897.9415894,9.197875023,61.28000641,9.15987587,906.9053345,9.166563034,60.9522438,9.128874779,862.572937,9.135541916,58.98162079,9.255791664,76.04673004,9.262457848,14.34674168,9.285895348,68.70373535,9.292562485,12.69258404,9.317229271,78.47187042,9.323896408,14.27212143,9.347208977,75.9120636,9.35387516,13.36934662,
9.501666069,385.7528381,9.508333206,95.96073151,9.532208443,341.188446,9.53887558,82.06158447,9.563040733,316.138916,9.56970787,120.4315186,9.593374252,383.263855,9.60006237,76.41744232,9.722042084,935.7139893,9.728708267,60.61014938,9.691041946,875.9396973,9.69770813,58.51016617,9.660562515,887.6047974,9.667229652,61.18121338,9.629228592,848.7730103,9.635895729,57.62534332,9.75762558,79.69140625,9.764291763,14.14133835,9.789479256,70.16394806,9.796145439,12.4055233,9.819978714,79.93587494,9.826645851,14.09940243,9.850229263,75.87004089,9.8568964,14.07740116,
10.00166607,385.1785889,10.00833321,92.70662689,10.03172874,339.7772827,10.03839588,79.82935333,10.06289577,311.492218,10.06956291,119.7926483,10.09320927,381.5524902,10.0998745,74.32884979,10.22104168,935.3616943,10.22770786,63.12765884,10.19087505,897.7703857,10.19754124,59.18371964,10.15970898,908.0528564,10.16637516,60.26002884,10.12920856,840.4543457,10.1358757,57.6276741,10.25706291,76.13401031,10.2637291,14.85890865,10.28739643,68.96285248,10.29406261,12.73240852,10.31839561,79.46652222,10.3250618,14.45698166,10.34872913,76.31919861,10.35539532,13.18115711,
10.50166607,397.8032837,10.50833321,93.42034912,10.53204155,339.2753296,10.53872871,79.55867004,10.56270885,316.6370239,10.56939602,120.6481094,10.59320927,386.2810974,10.59989643,74.65118408,10.71854115,932.4840088,10.72520828,62.12571335,10.68770885,911.3452148,10.69437504,59.95370102,10.65706253,883.9986572,10.66372871,60.68164825,10.6273756,853.2671509,10.63404179,57.84317398,10.75414658,77.70584106,10.76081276,15.12813473,10.78554153,69.38174438,10.79220772,12.52273369,10.81606197,79.8895874,10.82272911,13.99430752,10.84689522,77.8216629,10.85356236,13.13850212,
11.00166607,391.9625244,11.00833321,95.42804718,11.03245831,332.6774292,11.03912449,80.14875793,11.06404209,315.8396606,11.07070827,120.0718842,11.09420872,391.9594727,11.1008749,75.28518677,11.22031212,951.3588257,11.22697926,63.90698242,11.1900425,884.4047241,11.19670773,59.03468323,11.1592083,893.1487427,11.16587543,59.58317184,11.12889576,836.3460083,11.13556194,58.81515121,11.25504112,77.62773895,11.26170826,14.28833771,11.28520775,68.75513458,11.29187489,12.97501087,11.31562519,78.8959198,11.32231236,13.94117451,11.34656239,76.12128448,11.35322857,13.42294312,
11.50166607,392.5814209,11.50833321,95.1173172,11.53272915,337.5392761,11.53939629,78.80399323,11.56304073,317.95047,11.5697298,122.8428955,11.59420872,383.6395874,11.6008749,74.66991425,11.72172928,940.2442017,11.72839546,63.38836288,11.69154167,877.4417114,11.69820881,60.43749619,11.66120815,897.690918,11.66787529,61.28159714,11.63070869,860.9544067,11.63737488,56.62688065,11.75787449,77.8766861,11.76454163,15.14913845,11.78787518,70.38191223,11.79456234,13.01613712,11.8187294,79.04146576,11.82539558,13.74953365,11.84914589,75.8002243,11.85581303,13.71565819,
12.00166607,403.1416016,12.00833321,93.72111511,12.03179073,348.0396423,12.03845787,79.82253265,12.06262493,320.1235046,12.06929111,118.7638702,12.09404182,383.1299744,12.10070801,73.94775391,12.22220898,944.8549194,12.22887516,63.78436661,12.19170856,869.772583,12.1983757,61.32883453,12.16070843,902.5301514,12.16737461,60.28888321,12.130229,846.2954712,12.13689613,56.92904282,12.25687504,76.62215424,12.2635622,13.99722958,12.28772926,71.85800171,12.2943964,12.70145512,12.31822872,78.02890778,12.32489586,14.57998753,12.34904194,76.84377289,12.35570908,13.72083378,
12.50166607,400.2696533,12.50837517,93.52380371,12.53254223,341.3555603,12.53920841,78.0276947,12.56287575,313.4858398,12.56956291,119.3917084,12.59387493,391.1947327,12.60054111,73.29938507,12.72204208,953.7542725,12.72870827,62.53513718,12.69154167,884.2860107,12.69820881,59.28887177,12.66070843,897.0075073,12.66737461,60.46543884,12.62939548,844.4455566,12.63606262,59.67479324,12.75820827,76.67636871,12.76487541,15.01508522,12.78954124,70.29840851,12.79622936,12.86600494,12.82037449,79.58096313,12.82704163,13.49272823,12.8508749,76.64351654,12.85754204,12.9515686,
13.00166607,400.8816528,13.00833321,94.37979889,13.03122997,341.2484131,13.03789616,77.38809967,13.06087589,310.4489746,13.06756306,118.4769745,13.0923748,387.1000366,13.09904194,75.01125336,13.22037411,945.9765625,13.22704124,63.9458313,13.18972874,895.7766113,13.19639587,59.03006363,13.15956211,889.0311279,13.16622925,60.58872986,13.12822914,862.2810669,13.13489628,57.91498184,13.25672913,76.69447327,13.26339626,14.82474136,13.28689575,69.44136047,13.29356289,12.28577137,13.31806278,80.29338837,13.32472897,14.38383675,13.34837532,75.65457916,13.35506248,13.51932907,
13.50166607,407.9689331,13.50833321,94.84101105,13.53354168,343.6941833,13.54020786,78.7572403,13.56397915,308.2325134,13.57064629,122.3643875,13.59429073,383.3344727,13.6009798,73.15265656,13.722229,940.3794556,13.72889614,62.76182175,13.69204235,891.7440186,13.69870853,60.08174133,13.66137505,892.3773193,13.66804218,59.14238739,13.6305418,865.7959595,13.63722897,57.96473694,13.75920773,76.26082611,13.76587486,14.42625332,13.78954124,70.56157684,13.79620838,12.83960819,13.81987476,79.93113708,13.8265419,13.87164879,13.8508749,76.77416229,13.85754204,13.70170403,
14.00166607,403.5255432,14.00833321,95.27334595,14.03337479,342.7637634,14.04004192,78.40995026,14.06370831,311.6202087,14.07039547,121.1561584,14.09412575,382.7943726,14.10079098,73.44328308,14.2217083,965.6182251,14.22837543,66.41575623,14.19054127,886.0367432,14.19722939,58.69561005,14.16037464,897.7014771,14.16704178,61.29469681,14.12937546,841.5022583,14.13606262,57.8567543,14.25604153,76.74262238,14.26270866,14.10079384,14.28620815,70.79572296,14.29289532,12.37766266,14.31637478,79.95594025,14.32304192,14.39930344,14.34754086,78.53398132,14.35422897,13.54080105,
14.50166607,416.8005981,14.50833321,92.4786911,14.53022861,340.4385071,14.53689575,79.25149536,14.56054211,315.0244446,14.56720829,122.3506546,14.59054184,382.171875,14.59720898,73.7921524,14.71797848,947.1079712,14.72464561,66.11554718,14.68770885,886.65448,14.69437504,59.90361023,14.65756226,883.7425537,14.66422939,60.64347458,14.62720871,865.3065796,14.63387489,57.2370491,14.75389576,77.80924988,14.76056194,14.49659157,14.7848959,70.20180511,14.79156303,13.29693794,14.8148756,80.79792023,14.82154179,14.2907095,14.84522915,75.96351624,14.85189629,13.88792229,
15.00166607,415.335907,15.00833321,94.27960205,15.03287411,340.6072998,15.03954124,77.42027283,15.06337452,314.5020752,15.07004166,120.1948395,15.09370804,394.4638977,15.10037518,71.60636902,15.22072983,932.7768555,15.22739601,65.9109726,15.18924999,891.3311157,15.1958952,59.52968216,15.15837479,891.1593018,15.16504192,60.13212204,15.12822914,857.3248901,15.13489628,58.09003067,15.25472927,77.85018921,15.26139641,14.86060143,15.28506279,69.11602783,15.29172897,12.77330494,15.31537437,81.90170288,15.32204151,14.39531326,15.34687519,77.600914,15.35354233,13.48897839,
15.50166607,418.2200928,15.50833321,93.23935699,15.53345871,344.4054871,15.54012489,78.38661957,15.56389523,313.2012634,15.57056236,121.0153961,15.59422874,382.4638977,15.60089588,71.18305206,15.72070789,947.088501,15.72737503,64.39775085,15.69037437,878.0137939,15.69704151,58.53672409,15.6592083,886.1630249,15.66587543,60.63098907,15.62804127,856.3468628,15.6347084,57.71917343,15.7562294,78.3742218,15.76289558,15.22965717,15.78539658,71.28486633,15.79206276,12.33311844,15.81612587,80.4180603,15.8227911,14.6503315,15.84745789,77.17998505,15.85412502,12.87026119,
16.00166702,418.3296509,16.00833321,91.88457489,16.03239632,339.7461243,16.0390625,76.10650635,16.06337547,312.3745728,16.07004166,116.3662796,16.0943737,378.9842834,16.10104179,73.52845001,16.22087479,951.0268555,16.22754288,65.57025909,16.19137383,870.8118286,16.19804192,60.58672333,16.16104126,892.1745605,16.16770744,57.97990799,16.13054276,865.5525513,16.13720894,58.6378479,16.25472832,79.2353363,16.26139641,15.20311356,16.28581238,69.42306519,16.29247856,13.30033875,16.31679153,78.76287842,16.32345772,14.32640934,16.34689522,78.35769653,16.35356331,13.26279736,
16.50166702,426.3233948,16.50837517,93.62807465,16.53239632,334.5724182,16.5390625,75.96786499,16.56404305,319.1335449,16.57070732,117.5157013,16.59420967,385.6836243,16.60087395,72.73023224,16.72120857,949.7022705,16.72787476,66.5876236,16.69104195,893.7349243,16.69770813,59.25697327,16.66054153,892.8458862,16.66720772,60.31918335,16.63004112,842.7009277,16.63670921,57.28730774,16.75670815,78.21721649,16.76339531,14.11826229,16.78720856,68.76815033,16.79387474,12.57121372,16.81764603,78.37630463,16.82431221,13.89190483,16.84831238,77.44345093,16.85497856,13.8436718,
17.00166702,434.7846375,17.00833321,94.28870392,17.03247833,351.7173462,17.03914642,74.70975494,17.06372833,310.6684875,17.07039642,118.6995239,17.0943737,377.0046997,17.10104179,70.35939026,17.22037506,930.6990356,17.22704315,65.17102051,17.19006348,883.6707764,17.19672775,58.74728775,17.16056252,896.8233032,17.1672287,61.21348572,17.12931252,838.7963257,17.13599968,57.23727798,17.25670815,77.6338501,17.26339531,13.74098778,17.28804207,70.5281601,17.29470825,12.96494102,17.31820869,78.75244141,17.32487679,14.10147858,17.34854126,77.30185699,17.35520744,13.13101006,
17.50166702,431.9325867,17.50833321,95.25540924,17.53320885,346.3661194,17.53987503,74.41299438,17.56339455,312.9029236,17.57006264,119.0429688,17.59404182,377.3634644,17.60070801,72.33818054,17.72087479,950.4586792,17.72754097,68.27883911,17.69020844,898.5701294,17.6968956,60.85940933,17.65954208,885.2628174,17.66622925,61.43301773,17.62939644,853.3931274,17.63606071,58.61603546,17.75487518,77.02822113,17.76154137,14.75403023,17.78587532,70.12709808,17.7925415,12.76802349,17.81654167,78.83099365,17.82320786,13.77335835,17.84654045,77.34023285,17.85322952,14.02662468,
18.00166702,440.4087524,18.00833321,96.57274628,18.0327282,338.8482666,18.03939629,74.72447968,18.06404305,319.7141418,18.07070923,119.0173569,18.09398079,377.587738,18.10064507,71.31839752,18.22104073,961.7382202,18.22772789,67.16023254,18.19087601,875.2268066,18.19754219,59.9426384,18.16054153,920.8205566,18.16720772,60.57211685,18.13020897,855.6029053,18.13687515,56.55893326,18.25754166,75.82520294,18.26420975,14.96955681,18.28804207,70.92650604,18.29470825,12.71472073,18.31923103,79.48654938,18.32589531,13.73306179,18.34954262,77.13434601,18.35622978,13.32760525,
18.50166702,443.2449036,18.50833321,94.78321838,18.53154182,341.8034973,18.53820801,74.57260132,18.56264687,305.7021179,18.56931114,117.2258682,18.59320831,384.3858643,18.5998764,70.92805481,18.72137451,949.7286377,18.7280407,67.38280487,18.69087601,898.7076416,18.69754219,58.93954468,18.66054153,900.249939,18.66720772,60.65105057,18.62937355,860.7183228,18.63604164,57.29140472,18.75673103,77.340065,18.76339531,14.01791,18.78689575,70.12266541,18.79356194,13.0831604,18.81789589,79.45912933,18.824543,13.82734394,18.84895897,78.14350891,18.85562515,13.30879498,
19.00166702,437.5864868,19.00833321,95.53686523,19.03220749,339.2808838,19.03887558,74.97512817,19.0627079,312.952301,19.06937408,117.2621384,19.09337616,382.5419617,19.10004044,71.37322235,19.21989632,942.3728638,19.2265625,67.86079407,19.18931198,874.1955566,19.19598007,59.51569366,19.15947914,870.6408691,19.16614532,61.2034874,19.1291256,854.8859253,19.13579178,57.36920547,19.2546463,78.03159332,19.26131248,14.32595634,19.28481293,68.82328033,19.29147911,12.44319534,19.31506348,78.47174072,19.32172775,14.51437473,19.34539604,79.25250244,19.35206223,13.69336891,
19.50166702,447.5372314,19.50833321,93.57207489,19.53270912,345.8624878,19.53937531,74.93287659,19.56372833,316.0431213,19.57039642,115.6452255,19.59370995,382.9339294,19.60037422,71.01747131,19.72020912,940.269165,19.72687531,68.85124207,19.68995857,888.8197021,19.69662476,60.96483231,19.66006279,874.7844238,19.66672897,60.11275101,19.62914658,841.6676636,19.63581276,55.66194534,19.75531197,79.76634216,19.76198006,14.82159996,19.78720856,69.63512421,19.79387474,12.46421051,19.81720734,80.02270508,19.82387543,13.49769306,19.84731293,77.65470886,19.85397911,13.39387226,
20.00166702,456.4341736,20.00833321,94.03788757,20.03264618,346.9938049,20.03931236,73.89992523,20.06264687,311.2611084,20.06931114,121.1253967,20.0935421,380.7852783,20.10022926,71.18436432,20.22056198,948.4598389,20.22723007,68.48461151,20.19039536,894.1239014,20.19706154,60.01748657,20.16056252,904.496521,20.1672287,59.54267502,20.13022804,853.2879028,20.13689613,57.81938553,20.25679207,77.51302338,20.26345825,14.53320122,20.28629112,69.03730011,20.29295921,13.60198879,20.31706429,80.25232697,20.32372856,14.04277897,20.34720802,78.32093048,20.35387611,13.8762207,
20.50166702,457.4610291,20.50833321,97.24372101,20.53204155,345.3904114,20.53870773,72.82893372,20.56304169,311.662384,20.56970787,119.1665955,20.59379005,375.0634155,20.60045815,70.76663208,20.72220802,940.1400146,20.72887611,69.17290497,20.69087601,893.2230225,20.69754219,60.78951645,20.66020966,865.8927002,20.66687393,61.05178833,20.62939644,843.0912476,20.63606071,56.59443283,20.75656319,79.85814667,20.76322746,15.15338993,20.78672981,69.28130341,20.793396,13.01985264,20.81722832,78.92419434,20.8238945,14.35880566,20.84756279,78.36499023,20.85422897,13.19412231,
21.00166702,453.511261,21.00833321,93.58214569,21.03270912,347.1018982,21.03937531,73.80686951,21.06320763,314.5862732,21.06987572,115.6116714,21.0943737,371.1768494,21.10104179,70.00038147,21.22156143,952.6273804,21.22822952,70.2759552,21.19114494,908.1236572,21.19781303,60.06773758,21.16064644,886.8381958,21.16731071,60.32700729,21.13004112,848.9718018,21.13670921,58.02357864,21.25737572,79.38931274,21.2640419,14.79172897,21.28697968,70.24732971,21.29364586,12.27634144,21.31770897,79.98829651,21.32437515,13.91586971,21.34781265,75.87017822,21.35448074,13.57251644,
21.50166702,467.5789795,21.50833321,93.41503906,21.53212547,336.4403687,21.53881264,72.03069305,21.56354141,315.7897339,21.5702095,117.840683,21.59412384,376.8806763,21.60079193,70.59727478,21.72020912,956.6091919,21.72687531,68.16964722,21.68972969,886.2128906,21.69639397,60.27502441,21.6592083,875.1524658,21.66587448,60.48352814,21.62789536,836.9630737,21.63456154,57.14857864,21.75545883,79.40796661,21.76212502,14.49386883,21.78662491,69.96808624,21.793293,13.39796448,21.81687355,79.69496155,21.82354164,13.79449272,21.84770966,77.60826874,21.85437393,13.88196182,
22.00166702,463.113678,22.00833321,93.38702393,22.03220749,336.9277344,22.03887558,70.5064621,22.0627079,312.1266785,22.06937408,116.620224,22.09297943,374.5258789,22.09964561,71.30497742,22.2206459,971.9359741,22.227314,69.97574615,22.1904583,872.4325562,22.19712448,59.73495865,22.16004181,879.458374,22.16670799,59.45217896,22.12904167,847.7492676,22.13570786,57.81945419,22.25529099,82.32765198,22.26195908,14.74171925,22.28545761,68.97693634,22.29212379,12.99351978,22.31589508,79.54413605,22.32256317,14.19758511,22.34654045,76.26261902,22.35320854,13.29469109,
22.50166702,477.4885864,22.50833321,94.89676666,22.53206253,343.4362183,22.53872871,71.66815948,22.56237602,304.8612061,22.5690403,116.125946,22.59289551,377.3256836,22.59956169,70.92521667,22.71920776,963.4155884,22.72587395,71.53442383,22.6888752,875.128418,22.69554329,58.51066589,22.65787506,887.769104,22.66456223,59.14223862,22.62804222,835.7966919,22.6347084,57.00130844,22.75472832,79.10723114,22.7613945,15.68025017,22.78506279,68.82656097,22.79172897,12.6918478,22.81637573,80.71186829,22.82304001,13.97688961,22.8467083,76.14071655,22.85337448,12.73918343,
23.00166702,466.5331421,23.00833321,95.37545013,23.03289604,345.7062988,23.03956223,71.39422607,23.06337547,309.2435913,23.07004166,117.6561508,23.09387398,368.1780396,23.10054207,68.3719101,23.22139549,960.8497314,23.22806168,71.80735016,23.19104195,875.3273926,23.19771004,60.87039185,23.16054153,907.2249756,23.16720772,59.94379425,23.1295414,847.1095581,23.13620758,56.10002518,23.25647926,78.19194794,23.26314545,15.91021347,23.28670883,69.741745,23.29337502,12.8595047,23.31770897,80.5537796,23.32437515,13.85876465,23.34804153,77.29268646,23.35470772,13.62267113,
23.50166702,474.2041626,23.50833321,96.42556,23.53220749,343.721405,23.53887558,69.85747528,23.56237602,318.1080322,23.5690403,117.3291931,23.59289551,376.9334106,23.59956169,69.73431396,23.72137451,970.1812744,23.7280407,73.12440491,23.69087601,876.8014526,23.69754219,59.35107803,23.66056252,883.6328125,23.6672287,58.26618576,23.6292305,829.4924316,23.63589668,56.78887939,23.75670815,83.08595276,23.76339531,16.42756844,23.78820801,69.98919678,23.79487419,11.98143482,23.81787491,80.20607758,23.824543,13.99621201,23.84820747,76.67881775,23.85489464,13.35518265,
24.00166702,472.8730469,24.00833321,95.67842865,24.03287506,341.7980042,24.03956223,70.45999908,24.06347847,307.8255615,24.07014656,119.0057449,24.09372902,375.026123,24.10039711,68.8871994,24.22154045,956.9859619,24.22820854,71.3427887,24.19106293,888.4276123,24.19772911,59.5110321,24.16045761,892.0411377,24.16712379,59.620121,24.12937355,836.4021606,24.13606071,56.34313202,24.25720787,83.5929184,24.26387596,16.0124588,24.28754044,68.07316589,24.29420853,13.31400013,24.31787491,79.06004333,24.324543,14.40911579,24.34737587,76.63365173,24.35404205,13.13371944,
24.50166702,474.9152527,24.50833321,93.03004456,24.53206253,348.3162537,24.53872871,72.33218384,24.56287384,306.5853577,24.56954193,116.7167664,24.59320831,377.7704773,24.5998764,70.18260956,24.72172928,964.5547485,24.72839546,72.21196747,24.69054222,888.6727295,24.69722939,59.4842453,24.66004181,886.5842285,24.66670799,58.83847046,24.62956429,838.7462769,24.63622856,55.55394363,24.75531197,83.81977844,24.76198006,15.97201824,24.78597832,69.505867,24.79266739,13.05384731,24.81639671,78.08110046,24.8230629,14.22802258,24.84772873,76.73307037,24.85439682,13.70258904,
25.00166702,477.0254822,25.00833321,95.25974274,25.03256226,345.2295532,25.03922844,69.202034,25.06320763,311.2730103,25.06989479,114.7757263,25.0943737,370.8579102,25.10104179,69.66186523,25.22104073,974.5722656,25.22770882,72.77887726,25.19154167,885.6070557,25.19820786,58.83292007,25.1612072,878.3884888,25.16787529,62.06902695,25.13070869,829.9550781,25.13737679,56.59006119,25.25720787,85.59577179,25.26387596,16.44500542,25.28754044,69.33829498,25.29420853,12.61525154,25.31720734,79.05007935,25.32387543,13.94996166,25.34820747,79.02053833,25.35487556,14.13903809,
25.50166702,495.8805237,25.50833321,94.99357605,25.53220749,347.56073,25.53887558,70.59144592,25.56247902,305.0337524,25.56914711,115.3892059,25.59337616,371.5314026,25.60004044,69.79103851,25.71829224,976.15448,25.72495842,73.44532776,25.68747902,885.7521973,25.69414711,59.73290253,25.65797997,878.7554932,25.66464615,59.80423355,25.6264782,848.6086426,25.63314629,57.18667221,25.75414658,83.87807465,25.76081276,15.8337574,25.78454208,69.97051239,25.79120827,13.14202881,25.81395912,79.51822662,25.82062531,14.51085854,25.84489632,77.66468048,25.8515625,13.59138584,
26.00166702,495.749176,26.00833321,96.94268799,26.03331375,345.7433167,26.03997993,69.16383362,26.06354141,307.0663757,26.0702095,115.2052612,26.09406281,368.5640869,26.10072899,70.73978424,26.22139549,991.0124512,26.22806168,73.70812225,26.19120979,884.4488525,26.19787598,59.46648026,26.15989494,877.25,26.16656303,60.30693817,26.12931252,836.3821411,26.1359787,57.3831749,26.25747871,82.63633728,26.2641468,17.73862076,26.28731346,70.68267822,26.29397964,13.0966301,26.31820869,78.96379089,26.32487679,14.48002911,26.34847832,77.60272217,26.3551445,13.34305477,
26.50166702,483.2724915,26.50833321,95.62893677,26.53239632,352.2736511,26.5390625,69.12290955,26.56273079,307.5576172,26.56939507,117.1421051,26.59220695,370.8480835,26.59887505,69.42881775,26.71831322,987.1369629,26.7249794,76.04171753,26.68814468,887.8895874,26.69481277,59.923172,26.65770912,884.7828369,26.66437531,61.04081726,26.62672997,809.7041626,26.63339615,56.15403366,26.75437355,84.73783875,26.76104164,16.94907188,26.78470802,68.41596222,26.79137611,12.88850594,26.8147068,78.54264832,26.82137489,13.80289555,26.84554291,76.48883057,26.85223007,14.37485313,
27.00166702,502.9607544,27.00833321,100.2865448,27.03189468,352.2932434,27.03856277,68.56602478,27.062397,304.6741333,27.06906319,116.808403,27.09289551,378.294342,27.09956169,68.89832306,27.22054291,966.8161011,27.22720718,74.14350891,27.19031143,879.3092041,27.19697952,59.76700974,27.15970802,896.6394043,27.16637611,59.94176865,27.12849998,827.2713623,27.13516617,56.43185425,27.2565403,86.78853607,27.26320839,16.75638771,27.28670883,70.29905701,27.293396,12.76742744,27.31770897,79.26429749,27.32437515,14.64942455,27.34806252,76.71783447,27.3547287,14.50779057,
27.50166702,499.3908386,27.50833321,96.68022156,27.53120995,343.9146729,27.53789711,68.16944122,27.56237602,304.9215698,27.5690403,113.7238083,27.59287453,371.1893616,27.59956169,69.03718567,27.72137451,951.3569336,27.7280407,76.10179138,27.69072914,875.713501,27.69739532,60.10264587,27.66006279,880.4364624,27.66672897,60.10860443,27.62906265,827.7417603,27.63573074,57.71363449,27.75679207,87.11248779,27.76345825,17.5245018,27.78672981,67.90695953,27.793396,12.89885902,27.8170414,78.98126221,27.82370758,14.69753742,27.84737587,77.44103241,27.85404205,14.01676941,
28.00166702,512.3927002,28.00833321,97.89944458,28.03137398,354.0221558,28.03804207,69.74749756,28.06237602,311.5552979,28.0690403,117.3914032,28.09304237,374.791687,28.09970856,70.00621033,28.21887398,981.1174316,28.22554207,75.34013367,28.18920898,882.8338013,28.19587326,60.8437233,28.15937424,897.7835083,28.16604233,59.2977562,28.12837601,833.3579712,28.13504219,57.19690323,28.25272751,90.31280518,28.2593956,17.75613594,28.28404045,67.45803833,28.29070854,13.31042576,28.3138752,81.16559601,28.32056236,14.93835258,28.34504128,76.50302124,28.35170937,13.62204075,
28.50166702,518.8179321,28.50833321,100.2661514,28.53204155,344.8532715,28.53872871,69.94959259,28.5627079,305.5578308,28.56937408,115.7687607,28.59314537,369.2112732,28.59981346,69.41938019,28.71981239,1000,28.72647858,74.70085907,28.68981361,871.664917,28.69647789,59.05458832,28.65937424,883.8078003,28.66606331,59.20649338,28.62887573,817.5535889,28.63554001,56.97629929,28.75620842,90.78487396,28.7628746,17.77652931,28.78731346,69.92235565,28.79397964,13.64186668,28.81829262,80.23307037,28.8249588,14.67045879,28.84897804,76.45456696,28.85564613,14.12037849,
29.00166702,514.9572144,29.00833321,98.639328,29.03254128,346.3655701,29.03920937,66.03121185,29.06281281,309.2860718,29.06947899,114.5037079,29.09389687,367.6755981,29.10056114,67.84169769,29.2217083,976.8955078,29.22837448,78.05458069,29.19154167,868.6090088,29.19820786,58.64120865,29.16020966,873.5133667,29.16687393,60.5736618,29.12981224,824.3842773,29.13647842,57.12198639,29.257061,91.10610199,29.2637291,17.34261513,29.28772926,68.80191803,29.29439545,12.57346535,29.3187294,79.13375092,29.32539749,14.26895332,29.34939575,77.30147552,29.35606194,13.93201733,
29.50166702,513.3774414,29.50833321,97.51631927,29.53120995,350.3895874,29.53787422,66.76409149,29.56170845,311.2161255,29.56837654,117.3459702,29.59262466,371.0039978,29.59929276,67.49398804,29.71904182,980.093689,29.72570801,78.52175903,29.68870926,889.5479736,29.69537544,59.28003311,29.6592083,876.7789307,29.66587448,60.4666481,29.62804222,824.765625,29.6347084,56.98939133,29.75470734,93.67323303,29.76137543,18.10158539,29.7853756,69.61229706,29.79204178,12.45267773,29.81564522,77.65016174,29.82231331,13.84476662,29.84589577,75.42560577,29.85256386,13.86852837,
30.00166702,521.2128296,30.00833321,98.97521973,30.03220749,347.4247131,30.03889656,67.59921265,30.06237602,308.5186768,30.0690403,113.605011,30.09370995,358.7243958,30.10037422,69.36629486,30.2185421,978.6945801,30.22522926,76.22566986,30.18854141,874.8718872,30.1952095,60.34733582,30.15820885,887.755249,30.16487503,58.07578659,30.12756348,819.3045654,30.13422775,56.56985092,30.25470734,93.977005,30.26137543,18.46251869,30.28520966,70.33321381,30.29187393,12.33890724,30.31554222,79.75340271,30.3222084,14.53041267,30.34604073,75.84230804,30.35270882,13.12067318,
30.50166702,528.5404053,30.50833321,99.39888763,30.53204155,340.2478027,30.53870773,68.80753326,30.56287384,306.5172424,30.56954193,116.1871567,30.59304237,369.2100525,30.59970856,66.70019531,30.71870995,984.0180054,30.72537422,75.96348572,30.68854141,878.8287354,30.6952095,60.16623306,30.65829277,902.4237061,30.66495705,59.88125229,30.6272068,814.1448975,30.63389397,56.84751892,30.75406265,96.08499908,30.76073074,18.73916626,30.78520966,69.45323944,30.79187393,12.88286495,30.81570816,79.89797211,30.82237625,14.77924156,30.84604073,77.20975494,30.85272789,13.96275139,
31.00166702,534.3016357,31.00833321,101.5226517,31.03297997,343.3056641,31.03964615,67.18917847,31.06329155,305.4407959,31.06995773,114.9180298,31.09420776,369.5579224,31.10087395,68.05466461,31.22087479,996.8457642,31.22754097,79.88162994,31.19039536,889.029541,31.19706154,58.34695816,31.15939522,876.607666,31.16606331,60.05102158,31.12822914,832.6422729,31.13489532,56.57992172,31.25670815,96.07539368,31.26337433,18.87136078,31.28687477,70,31.29354286,12.47043991,31.31737518,80.06158447,31.32404137,15.03133392,31.34837532,75.51081085,31.3550415,13.6499424,
31.50166702,538.46875,31.50837326,97.98479462,31.53239632,347.4236755,31.5390625,67.49904633,31.56304169,305.8404541,31.56970787,118.4052734,31.59379005,367.0549622,31.60045815,67.65994263,31.72104073,993.4334106,31.72770882,80.40156555,31.69064522,877.3394775,31.69731331,60.21749496,31.66054153,864.9136353,31.66720772,60.23961258,31.63020897,832.1876221,31.63687515,55.99555969,31.75687408,96.6186142,31.76354218,18.79717445,31.7873764,69.45533752,31.79404068,13.35137749,31.81787491,79.79243469,31.824543,14.20961571,31.84804153,77.33778381,31.85470772,13.94890308,
32.00166702,544.4176025,32.00833511,99.22051239,32.03173065,341.5508423,32.03839493,67.48516083,32.06172943,307.1091919,32.06839752,116.572403,32.09270859,366.0249939,32.09939575,69.75082397,32.2202301,988.6694336,32.22691727,78.11534119,32.1897316,867.8406982,32.19639587,59.41236496,32.15956116,863.8817139,32.16622925,60.34466553,32.12895966,816.7718506,32.13562393,56.73943329,32.25554276,101.2645264,32.26222992,19.40317726,32.28606033,68.90460968,32.29272842,13.08589745,32.31722641,78.87148285,32.3238945,14.83537483,32.3478775,76.27822876,32.35454178,13.25012398,
32.50166702,548.3138428,32.50833511,101.7566757,32.53304291,343.2070313,32.53970718,67.5588913,32.56304169,306.3594055,32.56972885,111.5925674,32.59387589,377.3988342,32.60056305,69.10263824,32.7228775,1000,32.72954178,80.31427002,32.69220734,867.2568359,32.69887543,60.38427353,32.66097641,876.3904419,32.66766739,58.23006439,32.63004303,835.1000366,32.63670731,56.94670105,32.75845718,99.44655609,32.76512527,20.05894661,32.78904343,69.61322784,32.7957077,13.07205391,32.81954193,81.44944,32.82621002,13.99760818,32.85014725,77.56797028,32.85681152,13.66224384,
33.00166702,543.4232178,33.00833511,100.3976517,33.03254318,350.2794495,33.03920746,67.36135864,33.06372833,305.7320557,33.07039642,115.2429276,33.09420776,364.4976196,33.10087585,65.68270111,33.22189713,1000,33.2285614,80.84394073,33.19106293,868.0527954,33.19773102,58.12579346,33.15970993,891.2396851,33.16637421,61.01854324,33.12987518,823.7932129,33.13654327,56.97455215,33.25748062,100.8713531,33.2641449,19.84119225,33.28731155,69.5541687,33.29397964,13.26031303,33.3175621,79.21922302,33.32423019,14.92716789,33.34887314,75.39788055,33.35554123,13.44020748,
33.50166702,547.5927124,33.50833511,101.8767319,33.53370667,346.5527039,33.54037476,64.76236725,33.56420898,305.6944885,33.57087326,113.6258545,33.59447861,365.1192322,33.6011467,66.43676758,33.71997833,998.7382202,33.72664642,82.0184021,33.68997955,873.2553101,33.69664383,58.78432465,33.65937424,871.0023804,33.66604233,59.74110413,33.62820816,821.6391602,33.63489532,56.1095047,33.7573967,101.6675644,33.76406097,19.92064285,33.78756332,68.90312958,33.79423141,13.1175375,33.81772995,77.58251953,33.82439423,14.54885006,33.84822845,76.81713104,33.85489655,13.7935276,
34.00166702,551.6724243,34.00833511,100.5381012,34.03187561,348.181488,34.03853989,66.33424377,34.06222916,302.1476135,34.06889725,115.144577,34.09270859,364.4531555,34.09937668,67.32499695,34.21954346,1000,34.22620773,81.40653229,34.18854141,875.8850708,34.19520569,59.92416382,34.15820694,877.5375977,34.16487503,59.08504868,34.12831116,824.333374,34.13497543,56.13998795,34.25621033,103.5440598,34.2628746,20.81280708,34.28604507,69.12418365,34.29270935,12.82359028,34.31656265,80.49044037,34.32323074,14.8253212,34.34706116,77.91727448,34.35370636,14.06274509,
34.50166702,564.9886475,34.50833511,102.6771393,34.53270721,351.1660461,34.53937531,66.53312683,34.56222916,303.9133911,34.56889725,113.833992,34.59354401,367.1201172,34.60020828,65.80214691,34.7202301,990.6691895,34.72689438,82.8075943,34.69070816,874.121521,34.69737625,59.14431381,34.65970993,871.9309692,34.66637421,59.57393646,34.62937546,841.1625977,34.63604355,56.84217453,34.7562294,105.5343399,34.76289368,21.23451233,34.78729248,69.7312088,34.79395676,12.88473225,34.81739426,79.63825989,34.82406235,14.83487129,34.84804153,75.89450836,34.85470963,13.67555141,
35.00166702,568.6989746,35.00833511,99.81627655,35.03154373,350.9871216,35.03820801,65.32334137,35.06200027,304.539093,35.06866837,114.8031311,35.09362411,363.5501404,35.10029221,66.49124146,35.22137451,997.1081543,35.2280426,82.31443787,35.19104004,863.6981201,35.19770813,59.0079689,35.16054153,905.3154297,35.1672287,59.24618912,35.12937546,821.1378174,35.13606262,56.47698212,35.25654221,104.9862671,35.26320648,21.35612106,35.28687286,69.0847702,35.29354095,12.88057327,35.31703949,81.28217316,35.32373047,14.26700687,35.34770966,77.85431671,35.35437393,13.75234318,
35.50166702,568.1053467,35.50833511,101.8126831,35.53287506,347.9877014,35.53954315,65.33615875,35.56370926,305.8117065,35.57037354,116.0221481,35.59431076,364.8716431,35.60097885,65.16124725,35.72087479,1000,35.72756195,82.57370758,35.69054413,888.6807861,35.6972084,58.26653671,35.66054153,882.9937134,35.66720963,59.18796158,35.62970734,832.4473267,35.63637543,56.13206863,35.75704193,108.392128,35.76371002,21.11505318,35.78720856,69.15662384,35.79387665,12.51377583,35.81703949,79.43938446,35.82373047,14.49887466,35.84737396,76.46068573,35.85404205,13.96725559,
36.00166702,574.6994019,36.00833511,102.6146927,36.03253937,342.4830322,36.03920746,67.45170593,36.06387711,309.4581299,36.07054138,114.214325,36.09462357,368.8429565,36.10129166,64.47750092,36.22247696,1000,36.22914505,84.21518707,36.19179153,881.3706055,36.19845963,58.9703064,36.16137695,872.1932373,36.16804123,58.42912674,36.13054276,829.0053101,36.13720703,55.89405823,36.25770569,109.3354721,36.26437759,21.72280502,36.28804016,67.36933136,36.29471207,12.31957531,36.31854248,81.19367981,36.32522964,14.21028328,36.34904099,77.8067627,36.35570908,13.36242867,
36.50166702,568.822937,36.50833511,103.8099823,36.53145599,350.7658691,36.5381279,63.70308304,36.56287384,303.2309875,36.56954193,112.4062347,36.59256363,365.2197571,36.59923172,67.28146362,36.71989822,1000,36.7265625,82.50601196,36.68970871,873.510437,36.69637299,59.10964584,36.65920639,877.923584,36.66587448,58.9056015,36.62887192,812.1953735,36.63554382,56.81270599,36.75556183,108.6268005,36.7622261,21.45894432,36.78623199,70.15766144,36.79289627,12.38980675,36.81653976,80.21434021,36.82323074,14.66747189,36.84770966,76.71035004,36.85437393,14.27779961,
37.00166702,574.4918213,37.00833511,103.1369934,37.03187561,348.7240601,37.03853989,64.87430573,37.06272888,304.572876,37.06939697,113.5141296,37.09387589,373.8068237,37.10056305,65.30456543,37.22056198,1000,37.22723007,85.07714081,37.19104004,888.3334351,37.19770813,59.15041733,37.16031265,857.8347778,37.16699982,60.81888199,37.13037491,830.3640137,37.13703918,56.60866928,37.25645828,112.0074539,37.26312637,21.5851059,37.28731155,67.88483429,37.29397964,13.15708542,37.31764603,80.28816223,37.32431412,14.14870358,37.34822845,77.25962067,37.35489655,13.46661568,
37.50166702,577.2506714,37.50833511,103.3209305,37.53339386,350.1869202,37.54006195,64.96405029,37.56320953,300.7330017,37.56987381,112.4214172,37.59370804,366.3899231,37.60037613,65.27292633,37.72170639,1000,37.72837448,84.80577087,37.69120789,868.2439575,37.69787598,57.92810059,37.66020966,895.9995117,37.66687393,60.09077454,37.62956238,831.4649658,37.63623047,57.57009506,37.75704193,111.4931107,37.76371002,21.80426979,37.78739548,69.47370911,37.79406357,12.93510151,37.81772995,80.32073212,37.82439804,14.74629593,37.84770966,77.11483765,37.85437393,13.54829884,
38.00166702,595.9613647,38.00833511,104.1515579,38.03123093,342.8242493,38.0378952,64.1325531,38.06170654,299.4455872,38.06837463,113.3435898,38.09295654,357.3921814,38.09962463,64.46014404,38.22003937,1000,38.22670746,83.44828033,38.19047928,859.5131226,38.19714737,59.19594955,38.15920639,884.8464966,38.16589737,59.84134293,38.12854004,826.0684204,38.13523102,57.65758514,38.25671005,112.5915298,38.26337433,22.32351494,38.28637695,69.17038727,38.29304123,12.48372936,38.31687546,80.74995422,38.32356262,14.45142651,38.34804153,77.98757172,38.35470963,13.96245861,
38.50166702,600.9896851,38.50833511,105.31604,38.5322113,343.6598816,38.53887558,64.56989288,38.56254196,309.8797302,38.56921005,112.4189148,38.59381104,362.9893494,38.60047913,65.50454712,38.72037506,1000,38.72704315,84.76203918,38.69020844,869.8782959,38.69687653,58.92510223,38.65987396,887.0678711,38.66654205,60.54359436,38.62937546,809.890686,38.63604355,55.44852448,38.75397873,116.0880966,38.76064301,22.17719269,38.78497696,68.22333527,38.79164505,12.76254177,38.81554413,81.47264862,38.8222084,13.63610554,38.84570694,76.70560455,38.85237503,13.63319778,
39.00166702,600.4381714,39.00833511,107.9410782,39.03239822,351.600769,39.0390625,64.15145874,39.06289291,305.6159668,39.06956482,112.0168152,39.09423065,365.37677,39.10089493,65.23025513,39.21921158,1000,39.22589493,87.1697464,39.18872833,876.8012695,39.19539261,59.75523758,39.15837479,861.3849487,39.16504288,57.8456955,39.12837219,830.0023804,39.1350441,55.54224396,39.25545502,113.7678299,39.26212692,23.37142754,39.28581238,69.0373764,39.29248047,12.44815254,39.3158989,77.92881775,39.32256317,13.829072,39.34706116,76.49295044,39.35372543,13.78012466,
39.50166702,614.3111572,39.50833511,104.4421387,39.53204346,338.2743835,39.53870773,63.81008148,39.56287384,311.0409546,39.56954193,111.637619,39.59354401,363.4822998,39.60020828,63.60286331,39.72104263,1000,39.72771072,85.87624359,39.69070816,871.4885254,39.69737625,59.51986313,39.65954208,875.3166504,39.66622543,58.70316315,39.62887192,825.2192383,39.63554382,55.95823669,39.75587463,116.7410202,39.76253891,22.76774025,39.78637695,69.43360138,39.79304123,12.4572382,39.81653976,80.76079559,39.82320786,13.85481644,39.84706116,78.25495148,39.85372543,14.5138216,
40.00166702,605.6228027,40.00833511,106.1162796,40.03256607,351.495575,40.03923035,62.5909996,40.06287384,306.2745056,40.06954193,111.9865646,40.09354401,371.9188232,40.10022736,62.14996338,40.22037506,1000,40.22706223,87.16474152,40.19020844,871.9123535,40.19687653,58.19635391,40.15989685,874.3473511,40.16656113,59.92685318,40.12939453,826.5043335,40.13606262,57.39681625,40.25587463,119.7608261,40.26253891,23.51578903,40.28637695,69.23410034,40.29304123,12.91322517,40.31681442,79.40894318,40.3234787,14.46858215,40.34745789,76.77126312,40.35412598,14.09940434,
40.50166702,615.677002,40.50833511,108.6824112,40.53303909,347.3996887,40.539711,62.84709167,40.56354141,305.2483215,40.57020569,108.9777985,40.59387589,362.019928,40.60054016,63.92525864,40.72003937,1000,40.72670746,87.31544495,40.69070816,865.5253296,40.69737625,59.96361923,40.6603775,875.4397583,40.66704178,62.4437027,40.62937546,832.9727173,40.63604355,58.42841721,40.75621033,119.7011795,40.7628746,23.59036636,40.78570938,68.7943573,40.79239655,12.76471806,40.81606293,78.55266571,40.82273102,14.50587559,40.84654236,77.5165329,40.85322952,14.0795927,
41.00166702,611.2577515,41.00833511,106.2914276,41.03156281,339.5859985,41.03822708,64.01303864,41.06220627,303.5814209,41.06887436,113.2309723,41.09270859,364.3325195,41.09939957,65.47001648,41.22003937,1000,41.22670746,88.17119598,41.18987656,877.1055298,41.19654083,58.84305573,41.15970993,877.0813599,41.16637421,61.48825455,41.12906265,824.1615601,41.13573074,58.96753693,41.25556183,120.991951,41.2622261,23.9995575,41.28687286,67.21910095,41.29354095,12.97426414,41.31653976,81.10210419,41.32323074,14.03600311,41.34737396,75.77816772,41.35404205,13.740242,
41.50166702,621.5997925,41.50833511,107.6697388,41.53173065,350.7989197,41.53839493,64.40872955,41.56304169,301.8337708,41.56970978,111.9508209,41.59354401,362.8750916,41.60020828,63.42447662,41.71806335,1000,41.72472763,87.5059967,41.68770599,849.4190063,41.69439697,59.84143066,41.6572113,882.6643677,41.66389465,60.91832733,41.62672806,820.3192749,41.63339615,58.07949448,41.75487518,122.2011795,41.76156235,24.0787487,41.78448105,68.65128326,41.79114532,13.13142014,41.81497955,79.70089722,41.82164764,13.94847775,41.84497833,77.52489471,41.85164261,13.8444109,
42.00166702,630.0599365,42.00833511,108.4615326,42.03239822,351.8225708,42.0390625,63.28932953,42.06270599,301.0431519,42.0693779,113.4339142,42.09421158,365.5763245,42.10087585,63.84311676,42.22120667,1000,42.22787857,89.94181824,42.19064713,865.2907715,42.19731522,59.34796906,42.16120911,884.2577515,42.16787338,60.49066162,42.12987518,835.0916138,42.13656235,59.52163315,42.25537491,126.36866,42.26203918,23.92190361,42.28570938,68.67530823,42.29237366,13.12488747,42.31579208,79.15331268,42.32245636,13.84993172,42.34706116,74.51782227,42.35372543,13.68696785,
42.50166702,626.4440918,42.50833511,107.8385696,42.53270721,342.3963013,42.53937531,63.29114151,42.56389618,304.8500061,42.57056046,109.4629745,42.59421158,358.6120605,42.60087585,64.02542114,42.7228775,1000,42.72956085,91.38307953,42.69170761,873.2359009,42.6983757,59.05050659,42.6608963,884.7075195,42.66756058,59.64764023,42.63072968,828.0405273,42.63739395,59.07785034,42.75905991,127.6473694,42.76573181,24.09615135,42.78987503,67.1558609,42.79656219,12.95258617,42.82087326,79.13428497,42.82754135,14.25642014,42.85137558,75.86658478,42.85803986,13.58144569,
43.00166702,638.1100464,43.00833511,108.2638168,43.0322113,354.290802,43.03889465,63.38333893,43.06320953,305.3587341,43.06987381,112.70784,43.09373093,356.4272156,43.1003952,65.26080322,43.22137451,1000,43.2280426,91.00741577,43.19081116,872.0962524,43.19747543,57.5996666,43.15987396,870.7930298,43.16656113,58.74432755,43.12989426,821.9228516,43.13656235,60.02204895,43.25671005,125.1432877,43.2633934,24.80749321,43.28705978,69.60427856,43.29372787,12.66631031,43.31739426,80.5565033,43.32406235,13.9030447,43.34770966,77.5205307,43.35437393,13.91392708,
43.50166702,644.0623169,43.50837326,111.4161835,43.53279114,347.9850159,43.53945541,62.36861038,43.56320953,306.0133057,43.56987381,109.9163818,43.59404373,363.4831543,43.60070801,62.63118362,43.71981049,1000,43.72648239,88.96159363,43.68864822,868.6072998,43.6953125,57.92985153,43.65845871,878.4111938,43.66512299,62.09677887,43.62773132,832.4303589,43.6343956,59.79950333,43.75548172,130.8677826,43.762146,25.93260193,43.78570938,70.623703,43.79237366,13.22887516,43.81604004,80.26964569,43.82270813,14.30903721,43.84654236,78.16596222,43.85322952,13.47311783,
44.00166702,662.201355,44.00833511,109.9797668,44.0322113,353.7024231,44.03887558,61.76026535,44.06220627,306.9212952,44.06887436,109.5673904,44.09262848,369.1651611,44.09929276,64.49210358,44.22020721,1000,44.22687531,88.92549133,44.18970871,870.9429321,44.19637299,59.71796417,44.15954208,881.3723755,44.16620636,60.81214523,44.12887192,829.8721924,44.13554382,61.11200714,44.2557106,131.5368958,44.26239395,25.2460041,44.28670502,70.64477539,44.29337692,12.84435654,44.31645966,79.27137756,44.32312393,14.24266624,44.34747696,76.70119476,44.35414505,13.71498394,
44.50166702,662.6858521,44.50833511,110.8699417,44.53303909,348.4239807,44.539711,62.86815643,44.56354141,302.6921997,44.57020569,112.4880066,44.59412384,357.2853394,44.60079193,61.78149033,44.72070694,1000,44.72737503,91.46743774,44.69037628,869.6398926,44.69704056,59.99325943,44.66004181,885.6049805,44.66670609,61.66340637,44.62970734,816.9890747,44.63637543,61.44945908,44.75545502,133.5184784,44.76212692,25.97761726,44.78581238,66.64303589,44.79248047,13.27141857,44.81656265,80.36625671,44.82323074,14.07983303,44.84631348,77.42953491,44.85297775,14.29793072,
45.00166702,660.3831177,45.00833511,111.7689438,45.03287506,343.6863403,45.03954315,62.10605621,45.06306076,304.0543823,45.06972885,112.3693314,45.09387589,360.5644226,45.10054016,60.86381912,45.2202301,1000,45.22689438,90.85681915,45.18989563,864.4597778,45.19655991,58.6822052,45.15922928,881.7576904,45.16589737,61.41225433,45.12789536,839.2114868,45.13456345,62.09130096,45.2557106,135.7024536,45.26237488,26.35740852,45.28597641,69.17253113,45.29264832,12.79899788,45.31647873,78.75915527,45.32314301,13.93992233,45.34698105,78.19477081,45.35364532,14.10672855,
45.50166702,668.4147949,45.50833511,108.3716736,45.53306198,353.3808594,45.53973007,61.11541367,45.56387711,301.6448669,45.57054138,109.7585373,45.59370804,368.1980286,45.6003952,61.02863693,45.72070694,1000,45.72737503,91.71582031,45.69070816,856.3661499,45.69737625,58.28620529,45.65987396,878.0270386,45.66654205,61.91688538,45.62989426,836.4971924,45.63656235,61.58682632,45.75522995,138.6292114,45.76189804,26.90128136,45.7853775,68.18573761,45.79204178,13.16831112,45.81653976,81.06576538,45.82320786,14.2104187,45.84704208,76.18933868,45.85370636,14.00052071,
46.00166702,671.6497192,46.00833511,110.9892044,46.0322113,349.2479248,46.03887558,61.78748703,46.06287384,305.4839172,46.06956482,107.6568146,46.09331131,361.0683594,46.0999794,62.71274567,46.22164536,1000,46.22831345,91.81251526,46.19139481,861.3322754,46.1980629,58.9659462,46.16104507,875.1247559,46.16770935,63.84476089,46.13054276,841.5284424,46.13720703,60.26072693,46.25854111,138.0119781,46.2652092,25.90065575,46.28870773,67.69762421,46.29537201,13.25587463,46.31921005,79.62226105,46.32587433,14.36835194,46.34962463,78.90167999,46.35628891,13.94139385,
46.50166702,669.8377075,46.50833511,112.0398712,46.53206253,344.6856384,46.53873062,61.23726273,46.56237411,301.126709,46.56904221,111.6566467,46.59387589,364.7849731,46.60054016,61.6714325,46.72229004,1000,46.72895813,93.5996933,46.6908989,855.8822021,46.69756317,59.83716965,46.66039658,875.7359619,46.66706085,62.76314545,46.63037491,852.5250854,46.63703918,62.15947723,46.75606155,138.3656311,46.76272964,26.66397285,46.7869606,68.72090149,46.79362488,12.63770676,46.81739426,79.43608856,46.82406235,14.15281677,46.84687424,76.32138824,46.85353851,13.97851467,
47.00166702,676.6248169,47.00833511,113.1253815,47.03289413,353.0203247,47.03956223,61.39813232,47.06370926,306.2607727,47.07037354,111.633812,47.09421158,365.9551392,47.10087585,60.93992996,47.2197113,1000,47.22637558,95.65142059,47.18937683,854.9528198,47.19604111,58.99852753,47.15854263,885.7462769,47.1652298,63.53322983,47.12804413,839.0720825,47.13472748,63.34520721,47.25522995,144.6930542,47.26189804,26.78757286,47.28572845,69.97402954,47.29239655,13.19816113,47.31620789,79.87771606,47.32289505,14.19517136,47.34737396,76.95471191,47.35404205,13.56891918,
47.50166702,694.7504272,47.50833511,113.2848129,47.53187561,344.921936,47.53853989,62.65459061,47.56270599,305.8843689,47.5693779,109.4404068,47.59304047,365.0296021,47.59970856,61.95071411,47.72106171,1000,47.7277298,90.94812775,47.69020844,865.9316406,47.6968956,60.42917252,47.659729,870.3182983,47.66639328,63.35996246,47.62922668,844.8134155,47.63589859,63.01314545,47.7557106,139.8186035,47.76237488,27.82072449,47.78522873,69.71546936,47.79189301,13.03189278,47.81637192,79.95225525,47.82304382,14.6166811,47.84704208,79.02396393,47.85370636,13.51840973,
48.00166702,695.3376465,48.00833511,114.9036407,48.03264618,346.3770447,48.03931046,61.27806854,48.06264496,300.5688782,48.06931305,109.1020126,48.09364319,358.6404114,48.10031509,60.91339111,48.21964645,1000,48.22631454,92.90393066,48.18995667,867.0148926,48.19662857,59.66767502,48.15870667,883.1652832,48.16537857,65.28578186,48.12887192,839.6430664,48.13554382,62.66740036,48.25637436,146.1517181,48.26304245,27.49847221,48.28673172,70.25388336,48.293396,12.73502445,48.31703949,80.63296509,48.3237114,14.68878937,48.34737396,78.18827057,48.35404205,14.16702366,
48.50166702,687.6050415,48.50837326,113.2524338,48.53204346,348.1090393,48.53870773,61.34458542,48.56356049,306.1135254,48.57023239,111.998024,48.59322739,354.1852722,48.59989548,61.60572433,48.71956253,1000,48.72623062,94.52983856,48.68854141,878.5228882,48.69523239,59.18074417,48.65837479,884.6029053,48.66504288,62.34048462,48.62804413,856.1011963,48.6347084,63.08673477,48.75356293,151.1372375,48.76023102,27.62307549,48.78337479,69.98410797,48.79004288,13.12004089,48.81370926,78.58356476,48.82039261,13.79561138,48.84404373,76.9673996,48.85070801,14.13600063,
49.00166702,703.2714233,49.00833511,115.3766785,49.03204346,350.7521057,49.03870773,60.65327835,49.06220627,307.389801,49.06887436,110.5604553,49.09339523,358.1277771,49.10005951,60.55528259,49.22037506,1000,49.22704315,94.65750885,49.19020844,859.3654785,49.19687653,60.78966522,49.15970993,885.0419312,49.16637421,64.16401672,49.12920761,851.4743042,49.1358757,65.28049469,49.25556183,149.3107452,49.2622261,28.71545219,49.2858963,68.89964294,49.29256058,13.13776684,49.31703949,81.24916077,49.3237114,14.24655437,49.34712219,76.57515717,49.3537941,14.75992012,
49.50166702,700.1123047,49.50833511,114.6610031,49.53237152,357.5689697,49.5390625,60.50621414,49.56254196,305.5545044,49.56921005,108.439537,49.59345627,362.0078735,49.60012436,61.23900604,49.71979141,1000,49.72645569,95.54709625,49.68848038,868.5015259,49.69516754,59.07881546,49.65812683,892.4927368,49.66479111,63.82058716,49.62814713,858.6843262,49.63481522,63.95056152,49.75481415,150.8946686,49.76147842,27.92336273,49.78581238,69.09980774,49.79248047,12.60413456,49.81620789,82.7786026,49.82289505,13.76067448,49.8468132,78.0931015,49.85347748,14.16835022,
50.00166702,701.3098755,50.00833511,115.8007584,50.03303909,345.9512329,50.039711,60.56213379,50.06337357,301.0179138,50.07004166,108.3830872,50.09414291,366.7128296,50.10083389,60.78175354,50.22070694,1000,50.22737503,95.64753723,50.19054413,882.6467285,50.1972084,59.28343201,50.16004181,869.1881104,50.16670609,64.23118591,50.12956238,827.9036865,50.13623047,65.24630737,50.25672913,154.2140961,50.2633934,29.11527634,50.28731155,68.31643677,50.29397964,13.04080105,50.31722641,80.22884369,50.32389832,14.47044754,50.34789658,77.26802063,50.35456085,14.07301235,
50.50166702,716.2868042,50.50833511,115.8951111,50.53289413,349.3354187,50.53956223,60.24578094,50.56322861,308.5410156,50.5698967,107.8207092,50.59370804,364.5159607,50.60037613,60.9462738,50.71987152,1000,50.7265625,97.74829102,50.69023132,869.4970093,50.6968956,58.62041092,50.66020966,886.2102051,50.66687393,63.73475647,50.62956238,857.1994629,50.63623047,65.92185211,50.75556183,153.8576202,50.7622261,29.86528587,50.78689957,70.163414,50.79356384,12.8081274,50.81720734,78.23963165,50.82387543,14.94555664,50.84704208,78.58943176,50.85370636,14.28612518,
51.00166702,726.0861206,51.00833511,116.5065308,51.03264618,345.6034241,51.03931046,59.9156723,51.06329346,304.2299805,51.06995773,110.8136292,51.09373093,360.8259277,51.1003952,61.82696915,51.2202301,1000,51.22689438,96.18081665,51.19012451,855.4428711,51.1967926,59.75645828,51.15989685,870.7576294,51.16656113,65.22434998,51.12947845,857.3121948,51.13614655,67.05124664,51.25564957,158.2826538,51.26231384,29.79403687,51.28681183,70.3591156,51.2934761,13.12502956,51.31779099,81.41340637,51.32445908,14.17044258,51.34789658,78.09597778,51.35456085,14.43570805,
51.50166702,721.9074097,51.50833511,117.6739502,51.53204346,346.6967468,51.53873062,59.32035828,51.56339645,309.0957642,51.57006454,109.6579437,51.59370804,363.3435974,51.60037613,59.68729401,51.72020721,1000,51.72689438,99.38653564,51.6900444,879.8798828,51.69672775,59.83164978,51.65954208,886.5536499,51.66620636,63.975811,51.62887192,864.9439697,51.63554382,66.95479584,51.7568779,156.6562958,51.76354218,30.57666206,51.78704071,70.32150269,51.79372787,13.22943687,51.81748199,81.03761292,51.82416534,14.05850792,51.8483963,77.82653809,51.85506058,14.58209038,
52.00166702,723.6694336,52.00833511,116.8825607,52.03120804,358.8439636,52.03787613,58.55194473,52.06164551,304.9174805,52.06830978,107.852951,52.09170914,359.4198303,52.09837723,59.87367249,52.22037506,1000,52.22704315,99.34494019,52.1900444,888.6170044,52.19670868,60.73124695,52.15854263,901.9111328,52.16521072,63.93308258,52.12823105,861.2350464,52.13489532,66.99684143,52.25737381,159.1448975,52.2640419,30.5021553,52.28720856,73.0488205,52.29387665,13.27955627,52.31787491,80.94115448,52.32453918,14.66544914,52.34806442,81.56641388,52.3547287,14.0220089,
52.50166702,736.8421021,52.50833511,117.1875763,52.53195953,353.7147217,52.53862381,59.83251953,52.56222916,304.5869141,52.56889725,109.2963562,52.59270859,358.2390747,52.59937286,60.98452759,52.72029114,1000,52.72695541,96.11012268,52.68989563,862.8659058,52.69655991,60.49754715,52.659729,889.8375244,52.66639328,65.27050018,52.6291275,858.0189209,52.63579178,69.0499115,52.75372696,166.3055573,52.76039505,30.31619453,52.784729,68.68202972,52.79139328,13.41852474,52.81470871,82.095047,52.82137299,15.14702225,52.84520721,78.25989532,52.85189438,14.25548363,
53.00166702,739.3546143,53.00837326,117.3663559,53.03287506,353.6273804,53.03954315,58.78641891,53.06337357,303.767395,53.07004166,109.1369476,53.09387589,355.7652588,53.10054016,59.63812256,53.22120667,1000,53.22787857,98.63336945,53.19070816,876.18927,53.19737625,61.2853775,53.1603775,888.1380615,53.16704178,64.6859436,53.12945938,870.7033081,53.13612366,67.8423233,53.25672913,165.2899628,53.2633934,29.84208298,53.28687286,69.29825592,53.29354095,12.88011456,53.31739426,79.48531342,53.32406235,14.65173531,53.34772873,78.83414459,53.35439301,15.13286686,
53.50166702,754.487915,53.50833511,121.7576828,53.5322113,354.2202148,53.53887558,58.47223663,53.56279373,302.4921875,53.56945801,106.3077087,53.59387589,360.7452393,53.60054016,59.78035355,53.72154236,1000,53.72820663,101.0525894,53.69120789,860.4968872,53.69787598,59.16360855,53.6603775,882.4224243,53.66706085,64.4847641,53.62937546,873.8430786,53.63604355,69.55626678,53.7562294,168.5036621,53.76289368,30.72123909,53.78647995,70.83846283,53.79314804,13.34025955,53.81672668,82.67485809,53.82339859,14.7753191,53.84737396,82.20566559,53.85404205,15.08104324,
54.00166702,750.7948608,54.00833511,120.0153275,54.03289413,348.4172668,54.03956223,59.82172012,54.06304169,309.05896,54.06970978,106.6471024,54.09387589,358.3299255,54.10054016,58.78914642,54.22087479,1000,54.22754288,99.24441528,54.19054413,870.9727783,54.19722748,60.86480331,54.16087723,885.1695557,54.1675415,65.483078,54.12953949,854.057251,54.1362114,70.26020813,54.25689697,165.5317535,54.26356125,30.65782928,54.28704071,69.68818665,54.29372787,12.8591814,54.31754303,80.41428375,54.32420731,14.92133236,54.3478775,83.90631866,54.35454178,15.62571716,
54.50166702,752.0513916,54.50833511,121.8669891,54.53237152,351.2942505,54.53904343,58.64353561,54.56370926,308.1129456,54.57037354,109.3802185,54.59370804,357.1096497,54.60037613,59.98975372,54.72106171,1000,54.7277298,102.0406342,54.6905632,856.0354004,54.69722748,61.84428787,54.66039658,900.7194824,54.66706085,65.48196411,54.63012695,874.9082031,54.63679123,70.66074371,54.7568779,170.2388,54.76356125,31.18972015,54.78704071,71.81472778,54.7937088,13.25858307,54.81737518,84.58138275,54.82403946,14.78993225,54.84820938,84.58393097,54.85487366,15.99089241,
55.00166702,773.8886108,55.00833511,121.6360092,55.0322113,346.2278137,55.03887558,58.01795197,55.06248093,303.1095581,55.0691452,105.4860001,55.0928154,358.4237366,55.09947968,59.17071915,55.22137451,1000,55.2280426,102.8401794,55.19054413,865.0580444,55.1972084,62.51998138,55.16022873,888.1080322,55.16689301,64.69554901,55.12972641,879.1410522,55.13639832,70.98052979,55.25737381,173.8838196,55.2640419,31.92027283,55.28687286,72.68031311,55.29356384,13.23889542,55.3175621,90.48301697,55.32423019,14.70732689,55.34822845,85.13418579,55.35489655,16.6535759,
55.50166702,771.7290649,55.50833511,122.8574142,55.53154373,348.9884949,55.53820801,59.57976151,55.56170654,304.6830139,55.56837463,108.7186813,55.59204102,363.6880798,55.59870911,58.15906906,55.72037506,1000,55.72704315,101.5915985,55.68947601,865.9071045,55.69614792,61.86702728,55.65822601,888.3831177,55.66489792,65.65789032,55.62787628,887.4215698,55.63454056,73.39134979,55.75595856,176.5843658,55.76262665,32.34028244,55.78705978,72.31060791,55.79372787,12.88866997,55.8175621,86.79602814,55.82423019,14.62623978,55.84873199,88.71945953,55.85539627,17.38841629,
56.00166702,767.8397827,56.00833511,122.3643951,56.03339386,353.0264282,56.04006195,58.73939133,56.06337357,305.2415161,56.07004166,111.0828857,56.09337616,361.5567932,56.10004044,57.50953293,56.22006607,1000,56.22673035,102.819603,56.19070816,866.8669434,56.19737625,61.50544357,56.1603775,881.2297363,56.16704178,65.91423798,56.12903976,883.1309814,56.13570786,73.14225006,56.25579071,179.4911804,56.2624588,32.19622803,56.28656387,74.31980896,56.29322815,13.34144688,56.31672668,86.09252167,56.32339859,15.29920197,56.347229,88.96037292,56.35389328,17.02610588,
56.50166702,768.6488647,56.50833511,123.7626495,56.53173065,347.849762,56.53839493,58.01983261,56.56287384,306.2455139,56.56954193,110.3426361,56.59354401,356.8342896,56.60020828,59.72958755,56.72154236,1000,56.72820663,103.5192108,56.69037628,863.6425171,56.69704056,61.37994766,56.66020966,894.810791,56.66687393,65.82350922,56.62953949,905.0896606,56.6362114,74.71647644,56.75704193,178.0602722,56.76371002,32.93994141,56.78720856,75.22773743,56.79387665,13.25566006,56.81854248,84.45350647,56.82520676,15.92296219,56.8488121,90.3818512,56.85548019,17.17593002,
57.00166702,781.4691162,57.00833511,124.8843994,57.03173065,349.2799988,57.03839493,57.38562012,57.06281281,317.0515747,57.06947708,107.5542374,57.09387589,366.9386292,57.10054016,58.65340042,57.22037506,1000,57.22704315,101.4579468,57.18947601,868.2957153,57.19614792,61.64764023,57.15839386,901.555603,57.16506195,67.17162323,57.12756348,888.1237183,57.13422775,75.42466736,57.25587463,179.4546509,57.26253891,33.0608139,57.28704071,74.70249176,57.2937088,13.31045341,57.31729507,87.93345642,57.32395935,15.39016438,57.34828949,91.39810181,57.3549614,17.59783173,
57.50166702,797.4863281,57.50833511,123.261055,57.53120804,349.1013794,57.53787613,58.5250473,57.56170654,313.1084595,57.56837463,108.1165924,57.59270859,357.7962952,57.59937286,58.7081871,57.72037506,1000,57.72704315,103.9416962,57.68997955,862.4225464,57.69664764,61.81918716,57.6587944,903.3600464,57.66545868,66.24069977,57.62845993,892.581665,57.63512421,73.73254395,57.75604248,179.6226959,57.76270676,33.15575027,57.78654099,75.1309967,57.79320908,13.23911381,57.81697845,87.62084961,57.82364655,15.90455341,57.84754181,94.56402588,57.85420609,18.1221962,
58.00166702,796.4341431,58.00833511,122.8699646,58.03154373,358.8657532,58.03820801,58.42192841,58.06170654,306.3968506,58.06837463,106.6271515,58.09197998,357.0829773,58.09864426,59.76270294,58.21987152,1000,58.22654343,105.0939331,58.18937683,880.9985352,58.19604111,63.60476303,58.15920639,894.463501,58.16587448,67.13027954,58.12864685,880.9988403,58.13531113,73.94255066,58.25554276,185.4468842,58.2622261,33.71166229,58.28639603,75.63319397,58.29306412,13.40268993,58.31706238,86.12244415,58.32373047,16.39150238,58.347229,95.27197266,58.35389328,18.78713226,
58.50166702,809.9508667,58.50833511,126.0178986,58.53262711,353.8960571,58.53929138,58.25605392,58.56270599,309.3634338,58.5693779,109.7113647,58.59337616,372.1182556,58.60004044,60.24136353,58.72104263,1000,58.72771072,105.1116104,58.68987656,868.5239258,58.69655991,62.74380493,58.66004181,891.0974121,58.66670609,65.26272583,58.62970734,894.4752197,58.63637543,76.68419647,58.75671005,186.4188538,58.76337433,34.75106812,58.78787613,74.49963379,58.79454422,12.8819313,58.81804276,90.78275299,58.82470703,16.53053474,58.84837723,98.15876007,58.8550415,18.79221344,
59.00166702,809.7520752,59.00833511,126.9203568,59.03156281,349.8900757,59.03822708,58.42846298,59.06195831,316.7676392,59.06862259,108.0407257,59.09331131,364.766449,59.0999794,60.13250732,59.22070694,1000,59.22737503,105.7724915,59.19039536,874.0361938,59.19706345,63.82183075,59.16031265,889.0426636,59.16698074,68.39891052,59.12987518,896.6403198,59.13653946,75.90065765,59.25704193,187.9137878,59.26371002,34.6921463,59.28720856,73.52558136,59.29387665,13.75878525,59.31770706,89.01774597,59.32437515,16.63663292,59.34762192,101.5914993,59.35429382,19.64333153,
59.50166702,815.6860962,59.50833511,128.6700287,59.53206253,357.1445313,59.53873062,57.9955368,59.56304169,311.8770447,59.56970978,107.4874954,59.59354401,358.3860779,59.60020828,59.97595978,59.72062683,1000,59.72729111,107.0235138,59.69039536,880.3021851,59.69706345,63.3558197,59.66072845,888.2905273,59.66739655,66.59100342,59.62937546,906.8436279,59.63604355,76.258461,59.75614548,193.16922,59.76281357,34.71873856,59.78629303,75.96546936,59.79295731,14.0334549,59.81670761,91.94619751,59.8233757,16.3307457,59.84687424,102.7814636,59.85356522,20.75210381,
60.00166702,823.3762817,60.00833511,128.2118225,60.03247833,353.6418152,60.03914261,58.63713455,60.06231308,306.8275146,60.06897736,107.2217331,60.09270859,358.9829712,60.09937286,59.7681427,60.21787643,1000,60.22454071,105.8786697,60.18754196,890.2073975,60.19422913,62.97565079,60.15803909,889.5961914,60.164711,67.70432281,60.12672806,918.4098511,60.13339615,79.40190125,60.25420761,192.2691956,60.2608757,35.6552887,60.28420639,76.39044952,60.29087448,13.64781284,60.31454086,90.1973877,60.32120895,17.1187191,60.34481049,105.5420914,60.35148239,20.00530434,
60.50166702,827.2720337,60.50833511,123.8944778,60.53245926,362.6542358,60.53912354,56.83841705,60.56362152,312.7409668,60.57029343,107.5735245,60.59387589,361.4837341,60.60054016,60.40613937,60.72154236,1000,60.72820663,106.5659637,60.69120789,862.6748657,60.69787598,64.90857697,60.6608963,905.9261475,60.66756058,68.56228638,60.63039398,893.4435425,60.63706207,77.40645599,60.75722885,198.5457916,60.76389694,34.90795517,60.78739548,74.69914246,60.79406357,13.56913757,60.81754303,94.64407349,60.82420731,18.0242157,60.8478775,109.218689,60.85454178,21.03169441,
61.00166702,834.5477295,61.00833511,130.9559326,61.03154373,348.8304443,61.03820801,58.53627396,61.06189728,309.0681763,61.06856155,106.7946625,61.0912056,361.8093262,61.0978775,59.87074661,61.21687317,1000,61.22354507,107.1467514,61.1865387,892.1955566,61.19322968,65.43482208,61.15671158,883.8284912,61.16337585,67.5243454,61.12606049,922.6540527,61.13273239,79.56274414,61.25304413,202.0421906,61.2597084,36.64428711,61.28339386,81.72568512,61.29006195,14.25734901,61.31389618,92.76160431,61.32056046,17.93021965,61.3452301,113.6719742,61.35189438,21.95052338,
61.50166702,855.9518433,61.50833511,130.2358398,61.53320694,354.4968262,61.53987503,57.97182846,61.56337357,310.8108521,61.57004166,105.5487823,61.59389496,364.2194214,61.60056305,60.12662506,61.72056198,1000,61.72723007,108.8888016,61.69006348,885.3845825,61.69672775,66.38225555,61.65939713,899.9341431,61.66606522,67.79779816,61.62864685,917.4000244,61.63533401,79.14517212,61.75637436,197.9654236,61.76304245,35.71084213,61.78620911,78.52792358,61.79287338,14.4278183,61.81679153,93.42189026,61.82345963,18.03293991,61.84698105,116.9625168,61.85364532,21.57955742,
62.00166702,853.9907227,62.00833511,129.6756439,62.03197861,362.1316833,62.0386467,57.24091721,62.06239319,313.5194702,62.06906509,106.2713013,62.09270859,360.8101807,62.09937286,59.48940659,62.21847916,1000,62.22514725,110.4076309,62.18798065,872.8428955,62.19464493,65.27085876,62.15745926,893.8563232,62.16414261,67.27330017,62.12672806,946.5283203,62.13339615,80.18943787,62.25504303,202.5716553,62.26170731,37.22605515,62.2853775,77.43780518,62.29204178,14.41416836,62.31581116,93.81487274,62.32247543,18.18010712,62.34556198,116.7103729,62.35223007,22.98161888,
62.50166702,876.4764404,62.50833511,131.4888916,62.5322113,360.8827515,62.53889465,57.66793823,62.56337357,308.8487549,62.57004166,106.6342773,62.59370804,363.4276428,62.60037613,60.08080292,62.72029114,1000,62.72695541,109.8131104,62.6897316,860.2510986,62.69639587,68.31503296,62.65939713,896.0808105,62.66606522,69.07787323,62.62939453,922.0766602,62.63606262,81.01204681,62.75621033,206.0364075,62.7628746,37.08377457,62.78720856,81.04569244,62.79387665,15.10093594,62.81770706,98.30383301,62.82437515,18.94416618,62.84739685,120.8347778,62.85406113,23.33448601,
63.00166702,865.2091064,63.00833511,131.9580688,63.03354263,351.4038696,63.04021072,57.38528061,63.06370926,314.4556885,63.07037354,107.1811447,63.09339523,363.5730286,63.10005951,58.87123489,63.22053909,1000,63.227211,107.501152,63.19037628,902.3829956,63.19704056,64.48492432,63.15887451,912.5698853,63.1655426,67.69781494,63.12837219,920.1098633,63.1350441,81.14785004,63.25621033,205.4840546,63.2628746,36.87519455,63.28623199,81.15287018,63.29289627,14.87513733,63.31637192,100.1306,63.3230629,18.45128822,63.34720993,121.6612015,63.35387421,23.43054199,
63.50166702,873.2661133,63.50833511,133.1293793,63.53206253,349.4060669,63.53873062,57.85909271,63.56206131,312.6047668,63.5687294,106.9986954,63.59287643,363.6121521,63.59954071,59.60903931,63.72104263,1000,63.72771072,108.6178818,63.69006348,890.2313232,63.69672775,67.21850586,63.65987396,907.6228638,63.66654205,68.62519073,63.62920761,941.6813354,63.6358757,84.58972931,63.7568779,214.2860565,63.76356125,36.93861008,63.78804016,80.79286957,63.79471207,14.92691135,63.81837463,98.20523071,63.82503891,18.82972527,63.84870911,127.4281464,63.85537338,24.13883209,
64.00167084,899.4741211,64.0083313,133.486557,64.03239441,350.9346008,64.0390625,58.09166718,64.06304169,319.8616028,64.06973267,104.3276825,64.09371185,374.08255,64.10037231,59.59105682,64.22137451,1000,64.2280426,112.0326538,64.19087219,866.6696167,64.19754028,64.9076004,64.16054535,915.40271,64.16720581,68.12999725,64.12953949,954.765686,64.13623047,82.80046844,64.25689697,218.2787018,64.26356506,37.73840714,64.2870636,80.44632721,64.29373169,15.61013222,64.31822968,100.4629288,64.32489777,19.620327,64.34837341,127.9887848,64.3550415,24.53055191,
64.50167084,864.6054688,64.5083313,131.8840332,64.53287506,358.9085083,64.53954315,58.24662018,64.56320953,313.0095825,64.56987,107.7778168,64.59337616,363.2350464,64.60005951,61.49818039,64.72148132,1000,64.72814178,112.4144516,64.69106293,889.6468506,64.69773102,65.8573761,64.66072845,915.8272095,64.66739655,67.45172882,64.62953949,958.8187866,64.63620758,82.24108887,64.75687408,215.3215179,64.76356506,38.34057999,64.78704071,84.62762451,64.7937088,16.21417999,64.81762695,104.3134689,64.8243103,18.98060608,64.84780884,132.8890228,64.85447693,25.38669014,
65.00167084,876.7027588,65.0083313,136.7264709,65.03187561,359.3234558,65.0385437,57.80895996,65.0619812,328.6831055,65.06867218,107.8313675,65.09254456,366.4320984,65.09920502,59.67455292,65.21920776,1000,65.22587585,111.2215958,65.18854523,886.9068604,65.19520569,66.35852051,65.15804291,877.7833252,65.164711,67.82881927,65.12773132,950.2703247,65.13439178,84.40109253,65.25470734,216.568634,65.26137543,38.57510757,65.2857132,82.86489868,65.29237366,15.34520721,65.31655884,102.6479492,65.32322693,20.08078766,65.34720612,139.6153564,65.35387421,26.20268822,
65.50167084,890.8582153,65.5083313,135.1038971,65.53206635,364.4814453,65.53872681,57.98891449,65.56322479,314.7123413,65.56990051,108.2232895,65.59355927,362.2954712,65.60022736,58.93336487,65.72156525,1000,65.72823334,112.9850616,65.69112396,914.3058472,65.69779205,65.1955719,65.65995789,903.0592041,65.66662598,69.7073822,65.62962341,971.6743774,65.6362915,85.03140259,65.75720978,223.7753754,65.76389313,40.81475449,65.78754425,85.43797302,65.7942276,16.06777763,65.81771088,105.9432144,65.82437134,20.34931374,65.84903717,139.7154388,65.85570526,26.44438744,
66.00167084,887.0127563,66.0083313,133.7033081,66.03253937,358.6465149,66.03920746,57.4392662,66.06278992,323.8974304,66.06945801,107.6291351,66.09255981,366.6148682,66.09922791,59.22096634,66.22172546,1000,66.22840118,112.981926,66.19172668,878.7987061,66.19839478,66.5033493,66.15995789,908.1747437,66.16662598,69.22310638,66.12889099,958.8314209,66.13556671,83.64479065,66.25746155,225.2553711,66.26412201,39.50383377,66.28787231,83.37673187,66.29454041,16.48107147,66.31820679,105.178566,66.32487488,20.12596321,66.34780884,139.3062439,66.35447693,26.24499893,
66.50167084,889.3831177,66.5083313,132.4711914,66.53264618,362.6544495,66.53931427,56.67845154,66.56412506,322.3406982,66.57079315,107.6848373,66.59437561,365.627533,66.6010437,58.40650558,66.72031403,1000,66.72697449,110.4597321,66.69020844,887.6882935,66.69687653,67.50196838,66.65989685,890.814209,66.66655731,69.50244141,66.62839508,965.1809082,66.63506317,86.81658936,66.75537872,225.2614441,66.76203918,38.76280594,66.78562164,85.36603546,66.79228973,16.47426987,66.8167038,108.4485626,66.82337952,19.80468178,66.84731293,145.890564,66.85398102,28.17866516,
67.00167084,899.7952271,67.0083313,136.834259,67.03170776,364.7814331,67.03837585,56.64768219,67.06287384,326.1455383,67.06954193,107.9252548,67.09254456,372.4377136,67.09920502,59.36510849,67.21837616,1000,67.22504425,113.9216461,67.18798065,874.0671387,67.19464874,68.1193161,67.15770721,897.2613525,67.16437531,68.85353851,67.12687683,951.9406128,67.13353729,85.08587646,67.2526474,228.8157501,67.25931549,39.72180557,67.28264618,88.22736359,67.28931427,17.46788406,67.31287384,110.4601746,67.31954193,21.23263931,67.34337616,151.75,67.35004425,27.56200218,
67.50167084,893.2356567,67.5083313,136.0213013,67.53253937,360.4445801,67.53920746,56.81839752,67.56370544,324.1251831,67.57037354,109.5129547,67.59364319,371.6104736,67.60031128,59.31238556,67.72071075,1000,67.72737885,113.6803284,67.69054413,877.4968262,67.69721222,68.1985321,67.66023254,894.5689087,67.66689301,69.82520294,67.62987518,976.3751831,67.63654327,87.18773651,67.75637817,228.9635773,67.76303864,40.94040298,67.78639984,89.82289124,67.7930603,17.33047295,67.8167038,114.0403976,67.82337952,21.05745697,67.84703827,153.0928345,67.85370636,28.79080582,
68.00167084,918.9505615,68.0083313,139.2064514,68.03312683,371.1455383,68.03978729,57.66029358,68.06339264,324.0409851,68.07003784,107.222023,68.09371185,373.6530151,68.10037231,59.06853485,68.22106171,1000,68.2277298,112.3966293,68.19087219,883.2045288,68.19754028,67.88286591,68.15953827,904.71698,68.16620636,71.08544922,68.12973022,977.1639404,68.13639832,90.20606995,68.25662231,235.3552246,68.26325226,41.23465347,68.2877121,87.96063995,68.29438019,17.7401104,68.31748199,114.8158569,68.32414246,21.04374313,68.34672546,156.9612885,68.35339355,29.30830574,
68.50167084,911.041748,68.5083313,134.9523926,68.53203583,364.1147766,68.53870392,58.00250626,68.56247711,327.0683289,68.5691452,107.0419998,68.59297943,372.3348083,68.59963989,58.5505867,68.72187805,1000,68.72853851,117.0399628,68.69137573,885.8984375,68.69803619,67.85688782,68.65964508,913.9594116,68.66630554,70.41413116,68.62953949,971.3648682,68.63620758,90.91034698,68.75788116,237.0511932,68.76454163,39.84809875,68.78754425,91.99082947,68.7942276,17.26861763,68.81787109,117.557579,68.82454681,21.32222557,68.84903717,160.8313751,68.85570526,30.49577332,
69.00167084,926.5353394,69.0083313,139.762085,69.03337097,365.9323425,69.04003906,57.64016342,69.06370544,334.2940063,69.07038116,107.5509949,69.09403992,367.763916,69.10070801,60.84173965,69.22071075,1000,69.22737885,116.4543533,69.19120789,882.6870728,69.19787598,68.00773621,69.16004181,892.5961304,69.16673279,68.84462738,69.12987518,982.2987671,69.13654327,88.40091705,69.25704193,239.9414063,69.26370239,40.99641418,69.2873764,93.50852966,69.29404449,17.65464401,69.31787109,115.2339172,69.32454681,21.44042206,69.34770203,162.3877258,69.35439301,30.58379555,
69.50167084,939.572937,69.5083313,138.6545105,69.5322113,365.6328125,69.53890228,56.58933258,69.56256866,326.1025696,69.56922913,108.3228226,69.59304047,369.9410706,69.59970856,59.34198761,69.72014618,1000,69.72681427,115.8461456,69.68972778,898.5383301,69.69639587,70.07955933,69.65940094,907.8845825,69.6660614,70.93986511,69.62845612,981.5662842,69.63514709,90.08477783,69.75572968,243.4551239,69.76239777,42.53881836,69.78614807,89.48858643,69.79281616,17.43284035,69.81589508,119.960762,69.82255554,22.19890213,69.84723663,168.2588196,69.85389709,30.35642052,
70.00167084,939.6912231,70.0083313,140.1772766,70.03354645,366.4182434,70.04020691,57.33612061,70.06381226,325.8418579,70.07047272,107.5259018,70.09389496,370.7080383,70.10056305,58.82705307,70.22154236,1000,70.22820282,116.2176971,70.19120789,894.6693726,70.19787598,69.13591766,70.16087341,911.0124512,70.16754913,72.06465912,70.13021088,998.737793,70.13687134,91.79318237,70.25704193,243.0695648,70.26370239,41.99079132,70.2873764,94.13522339,70.29404449,18.24229431,70.31771088,117.8788376,70.32437134,23.18201828,70.34887695,172.5351868,70.35554504,30.98861885,
70.50167084,953.8988647,70.50837708,139.271347,70.5327301,367.7476196,70.53939819,57.24851608,70.56271362,327.3261414,70.56937408,106.0031281,70.59348297,375.9063416,70.60014343,59.30115509,70.72145844,1000,70.72812653,117.2031784,70.69106293,883.1189575,70.69773102,69.15183258,70.65995789,909.8609619,70.66662598,71.22483063,70.62953949,998.980896,70.63623047,92.31572723,70.75788116,246.3016663,70.76454163,41.83273315,70.78754425,92.5199585,70.7942276,18.39243698,70.81803894,123.7250824,70.82470703,23.45811653,70.84870911,169.975296,70.85536957,31.83987427,
71.00167084,941.1810303,71.0083313,142.8977966,71.03287506,364.09552,71.03954315,56.57222366,71.06320953,333.2725525,71.06987,106.529129,71.09396362,370.636322,71.10062408,59.95704651,71.22206116,1000,71.22872925,118.3406448,71.19070435,881.7244873,71.19739532,70.88288116,71.16105652,921.9230347,71.16773224,71.68873596,71.12987518,1000,71.13656616,93.94333649,71.25770569,250.9419098,71.26437378,41.46831512,71.28804779,96.07861328,71.29470825,18.87540817,71.31787109,122.9619217,71.32454681,22.78854942,71.34846497,179.9526825,71.35512543,33.25374222,
71.50167084,971.7637329,71.5083313,140.1798096,71.53156281,371.8619995,71.5382309,58.04281235,71.5620575,334.2487488,71.56872559,107.787262,71.59320831,384.17099,71.5998764,58.61068726,71.71889496,1000,71.72556305,117.7417068,71.68942261,910.7410889,71.69606018,71.85282898,71.65906525,915.491272,71.66573334,70.5619812,71.62889862,999.9613647,71.63556671,91.37029266,71.75487518,252.7667542,71.76156616,43.34801483,71.78604126,97.61313629,71.79270935,18.43005371,71.81654358,120.8877945,71.82321167,23.6149807,71.84697723,180.3319855,71.85364532,31.98903084,
72.00167084,973.5756836,72.0083313,144.1650238,72.03321075,364.9703369,72.03987885,57.03025055,72.06356812,329.796936,72.07022858,107.2610016,72.09456635,372.7766724,72.10122681,58.86318588,72.22220612,1000,72.22887421,119.4261017,72.19164276,903.2322388,72.19831848,69.67417145,72.16104126,919.595459,72.16770935,68.55273438,72.13037109,1000,72.13706207,93.79222107,72.25621033,254.4923096,72.26287079,43.05553055,72.2857132,101.469986,72.29237366,18.84892654,72.31620789,126.2482834,72.32287598,23.86770439,72.34638214,188.0957031,72.3530426,33.47816467,
72.50167084,968.5646973,72.5083313,142.93927,72.53105927,365.7647095,72.53772736,56.78199768,72.56139374,338.892334,72.56806946,107.1629333,72.59262848,376.7677307,72.59928894,61.13753891,72.720047,1000,72.72670746,117.9434738,72.68987274,902.309082,72.69656372,73.69320679,72.65906525,903.4553223,72.66573334,72.22402954,72.62828827,1000,72.63496399,96.4312973,72.75672913,262.1585083,72.76339722,43.94273758,72.78704071,100.9522171,72.7937088,19.02752304,72.81737518,131.4087372,72.82404327,22.41796112,72.84837341,187.4871216,72.85504913,34.54912949,
73.00167084,976.7653809,73.0083313,143.6850128,73.03256226,367.1919556,73.03922272,56.449543,73.06389618,341.5740356,73.07056427,107.8939056,73.09371185,374.1699524,73.10037231,61.07731247,73.22138214,1000,73.2280426,122.2853165,73.19104004,896.0302734,73.19770813,71.87059784,73.15970612,899.3846436,73.16637421,70.98968506,73.12937927,1000,73.13603973,95.82917023,73.25706482,266.0783691,73.26372528,43.86724854,73.28723145,101.3213959,73.29389954,19.16293907,73.31723022,132.7662048,73.32389069,24.05992508,73.34870911,195.5449524,73.35536957,34.4327774,
73.50167084,976.4359131,73.5083313,139.6295013,73.53239441,377.4710388,73.5390625,57.70616913,73.56304169,339.5112305,73.56970978,108.1510086,73.59371185,389.1103516,73.60037231,61.02249146,73.71989441,1000,73.7265625,120.6707687,73.69037628,899.1779175,73.69703674,72.8769455,73.65921021,917.9868774,73.6658783,69.54880524,73.62923431,1000,73.63589478,96.42828369,73.75631714,265.258728,73.7629776,42.35304642,73.78653717,101.3827362,73.79320526,19.6906662,73.81697845,131.9382935,73.82364655,24.7199173,73.84664917,196.2440643,73.85330963,34.70841599,
74.00167084,986.1920776,74.0083313,144.8326263,74.03137207,367.7218018,74.03804779,55.54973221,74.06239319,340.0417175,74.06906128,107.3271179,74.09270477,382.2911377,74.09939575,61.16583633,74.21871185,1000,74.22537231,123.4975281,74.18837738,903.0036011,74.19504547,72.92874146,74.15737152,903.923645,74.16403961,69.54894257,74.1268692,1000,74.13354492,95.72283936,74.25437927,270.0645447,74.26103973,44.25007629,74.28370667,102.2708893,74.29037476,19.94962311,74.31420898,134.7311249,74.32087708,25.54106712,74.3447113,201.8331604,74.35137177,36.57825851,
74.50167084,986.3209229,74.5083313,144.3001556,74.53198242,371.4952393,74.53865051,57.19168472,74.56221008,336.5085144,74.56889343,107.0003815,74.59320831,376.8131409,74.5998764,60.69595718,74.720047,1000,74.72670746,122.1383743,74.68954468,899.5943604,74.69620514,74.46497345,74.65921021,917.9318848,74.6658783,73.11989594,74.62937927,1000,74.63603973,97.37412262,74.75587463,272.5040283,74.76254272,45.25045776,74.78637695,103.9894562,74.79304504,19.59477425,74.81706238,133.046814,74.82373047,25.59327316,74.84729004,203.4018402,74.85395813,36.74406052,
75.00167084,1000,75.0083313,145.8797455,75.0322113,371.9104614,75.03890228,57.77294922,75.06287384,341.2858582,75.06954193,110.3941116,75.09289551,375.4072876,75.0995636,61.30357742,75.22104645,1000,75.22770691,122.4459839,75.19087982,919.4500732,75.19754028,72.81938171,75.16053772,905.914978,75.16721344,72.73773193,75.12937927,1000,75.13606262,98.52254486,75.25662231,278.6039734,75.26329041,45.2208252,75.28639221,106.1251144,75.29306793,20.24794388,75.31723022,140.8755035,75.32389069,26.00158119,75.34739685,211.3287659,75.35405731,36.89731979,
75.50167084,1000,75.5083313,146.1229095,75.53270721,370.7272644,75.53939819,57.54875565,75.56370544,336.2208557,75.57038116,105.9573593,75.59406281,384.3818665,75.6007309,60.43971252,75.72254181,1000,75.7292099,121.429863,75.69206238,909.9245605,75.69873047,73.29251862,75.66087341,903.6723022,75.66754913,70.97515869,75.63088989,1000,75.63756561,100.5113831,75.75862885,276.9649963,75.76528931,47.27870941,75.78870392,109.4974213,75.79537964,21.09503555,75.81987,141.758606,75.82653809,25.6716156,75.8498764,214.3278656,75.85655975,37.60751724,
76.00167084,1000,76.0083313,148.1811523,76.03122711,376.2155457,76.0378952,57.48796082,76.06171417,339.7958069,76.06838989,108.8848801,76.09237671,383.9638977,76.09903717,61.07774734,76.22054291,1000,76.22722626,124.4126892,76.19022369,913.9130859,76.19689941,73.33885956,76.16020203,928.3026733,76.16687775,72.33921814,76.12870789,1000,76.13537598,101.1540222,76.25687408,278.9754639,76.26354218,46.78481293,76.28637695,108.3133545,76.29304504,20.88755608,76.31687927,143.2686462,76.32356262,26.70127106,76.34720612,216.2583313,76.35387421,37.23245239,
76.50167084,994.4547119,76.5083313,145.5344543,76.53281403,373.0009766,76.53947449,56.8819313,76.56339264,339.3225403,76.57006073,108.2729263,76.59387207,383.2703247,76.60054779,61.84489059,76.72220612,1000,76.72887421,123.7276993,76.69120789,931.8998413,76.69789124,74.23429108,76.66072845,919.3944092,76.66739655,73.59162903,76.63023376,1000,76.63689423,100.3711395,76.75603485,280.8272095,76.76271057,45.61003113,76.78664398,111.554039,76.79331207,20.53747749,76.81712341,146.1828613,76.82379913,27.40441895,76.84672546,227.591156,76.85339355,39.06393051,
77.00167084,1000,77.0083313,148.9292908,77.03289032,371.1387024,77.03955841,59.08351135,77.06339264,334.6533813,77.07006073,108.3158875,77.09387207,385.758606,77.10054779,61.39738083,77.2182312,1000,77.22489166,122.3836899,77.18789673,919.401001,77.19456482,71.96739197,77.15840149,907.3397217,77.16506195,71.29186249,77.12763214,1000,77.1342926,102.7519608,77.25370789,290.3522034,77.26037598,46.81341171,77.28487396,112.0391083,77.29154205,22.23999977,77.31465149,146.7386932,77.32131195,26.39383507,77.34514618,227.904953,77.35181427,40.05823517,
77.50167084,1000,77.5083313,147.0718842,77.5322113,377.3677673,77.53887177,55.96710205,77.56204224,345.111908,77.56871033,107.6408081,77.59320831,391.9660034,77.5998764,61.29688263,77.71796417,1000,77.72462463,124.9976501,77.68772888,903.9116211,77.69438934,72.34229279,77.65739441,921.8563843,77.6640625,72.65821838,77.62672424,1000,77.63339996,100.3043594,77.75354004,296.2961121,77.76020813,48.18106461,77.78370667,114.6831436,77.79037476,21.47109222,77.81520844,145.2837677,77.82187653,27.26876831,77.84520721,234.7629547,77.85187531,41.15078735,
78.00167084,1000,78.0083313,152.5812683,78.03237152,378.2734375,78.03903961,58.10946655,78.06287384,342.7327881,78.06954193,110.8848495,78.09296417,393.9078674,78.09962463,60.15805817,78.21872711,1000,78.2253952,127.3875275,78.18839264,924.8710938,78.19506073,76.38543701,78.15804291,926.0487671,78.16470337,72.18714142,78.12772369,1000,78.13439941,103.5372391,78.25423431,294.8722229,78.26089478,47.16255569,78.28487396,113.1499329,78.29154205,22.13536453,78.31531525,154.7767029,78.32198334,27.75697327,78.34554291,236.1550446,78.35220337,42.4394722,
78.50167084,1000,78.5083313,151.0251465,78.532547,377.6794739,78.53922272,58.33379364,78.56304169,344.2059021,78.56970978,107.0487595,78.5933075,386.6340027,78.59997559,60.86865997,78.71862793,1000,78.72525024,130.5503387,78.68864441,924.6747437,78.6953125,75.06293488,78.65837097,928.2439575,78.66503906,74.35566711,78.62804413,1000,78.63471222,106.2794266,78.75471497,303.4319763,78.76137543,49.54108429,78.78487396,114.7056961,78.79154205,22.61046791,78.81587982,152.6352692,78.82254028,27.63388252,78.84638214,241.1843567,78.8530426,41.96669769,
79.00167084,1000,79.0083313,149.6463013,79.03314972,383.61203,79.03981018,58.35751343,79.06339264,346.4674683,79.07006073,108.1230469,79.09389496,399.759552,79.10056305,62.31190872,79.22131348,1000,79.22798157,126.6811066,79.19098663,926.6882324,79.19764709,76.22327423,79.16104126,918.6647339,79.16770935,74.03157043,79.1292038,1000,79.13587189,103.929985,79.25695801,302.8869934,79.2636261,48.44838333,79.28795624,115.7335052,79.29463196,21.99786186,79.31845856,158.0622406,79.32514954,27.41199684,79.34912109,244.0063629,79.35579681,42.26984406,
79.50167084,1000,79.5083313,150.0660248,79.53189087,385.6116333,79.53856659,57.54524994,79.56272888,351.1376343,79.56938934,107.2835617,79.59378815,395.5762329,79.60045624,61.29567719,79.72097778,1000,79.72764587,124.9945374,79.68997955,930.7149658,79.69664764,76.30781555,79.65981293,932.8713379,79.66648102,72.95391083,79.62937927,1000,79.63606262,107.083107,79.75621033,302.8467102,79.76290131,48.41767883,79.78704071,117.9453735,79.7937088,22.87307739,79.81721497,156.1355743,79.82387543,28.9546051,79.84754181,256.0003357,79.8542099,43.23649979,
80.00167084,1000,80.0083313,150.6131897,80.03279114,387.2559509,80.03945923,59.70451736,80.06287384,344.7803345,80.06956482,108.7638779,80.09364319,407.4420471,80.10031128,62.54904556,80.22104645,1000,80.22770691,129.2664337,80.19087982,934.8758545,80.19754028,75.49134064,80.16039276,920.2356567,80.16706848,73.20858765,80.13021088,1000,80.13687134,106.1250534,80.25789642,313.6211548,80.26455688,50.44070816,80.28829193,122.6547012,80.29495239,21.71658897,80.31796265,161.9844208,80.32462311,29.58750725,80.3482132,259.883606,80.35487366,43.86923218,
80.50167084,1000,80.5083313,155.7879181,80.53297424,382.252594,80.53964996,57.91116714,80.56287384,345.4999084,80.56954193,106.4539032,80.59320831,391.9493103,80.59989166,63.25080872,80.7197113,1000,80.72637177,128.3587799,80.6893692,924.230957,80.69604492,75.76958466,80.65779114,924.2572632,80.66445923,75.95411682,80.62820435,1000,80.63487244,106.6756744,80.75504303,313.4455872,80.76171112,50.79814148,80.78581238,121.0845108,80.79248047,22.85247993,80.81637573,164.6950989,80.82306671,30.74303818,80.84723663,267.1109314,80.85389709,44.09645462,
81.00167084,1000,81.0083313,151.8096466,81.03103638,378.1587524,81.0377121,59.16501236,81.0619812,349.6873169,81.06864166,107.7034378,81.09225464,393.3951416,81.09889221,63.19179535,81.22090149,1000,81.22756195,130.2136688,81.19020844,927.0485229,81.19689941,75.35765839,81.15953827,922.1355591,81.16622925,73.79367065,81.12837982,1000,81.13504028,106.7873993,81.25687408,319.2524719,81.26354218,51.43383789,81.28787231,122.9000626,81.29454041,23.21576309,81.31803894,165.9837494,81.32470703,30.49351311,81.3482132,264.7219849,81.35487366,45.91524506,
81.50167084,1000,81.5083313,152.5551605,81.53222656,380.7299194,81.53890228,56.44805145,81.56289673,358.7531433,81.56956482,111.1818542,81.59437561,399.9102173,81.6010437,62.08076477,81.72223663,1000,81.72889709,130.894165,81.69106293,942.6771851,81.69773102,78.26078796,81.66064453,933.2901611,81.66733551,75.35292053,81.62956238,1000,81.63623047,106.4009857,81.75789642,322.7853394,81.76455688,51.37708282,81.78870392,125.1758499,81.79537964,23.17018127,81.81906128,171.1596069,81.82572937,30.34758949,81.85070801,274.4501648,81.8573761,46.5619812,
82.00167084,1000,82.0083313,151.6245117,82.0322113,389.3091431,82.03887177,59.29369736,82.06262207,349.9378967,82.06929779,106.9727249,82.09355927,409.8403015,82.10022736,62.2158699,82.22087097,1000,82.22753906,128.6936493,82.19062805,933.553833,82.19728851,78.78699493,82.1604538,925.46521,82.16712189,75.61962891,82.1291275,1000,82.13578796,110.8457642,82.25654602,325.8005371,82.26320648,52.50193787,82.28704071,125.4578247,82.29372406,23.35931015,82.31748199,174.3704529,82.32414246,31.21877861,82.34862518,276.3466187,82.35529327,47.48922729,
82.50167084,1000,82.5083313,154.0186615,82.53229523,388.5119934,82.53895569,59.75786209,82.56221008,364.530365,82.56887054,109.9696579,82.59314728,414.8249207,82.59981537,64.3256073,82.7213974,1000,82.72805786,127.9023743,82.69106293,936.2449951,82.69773102,78.10297394,82.65989685,927.5814819,82.66655731,73.99297333,82.6296463,1000,82.63631439,110.8803482,82.75687408,331.9835815,82.76354218,54.41736221,82.78681946,127.7906113,82.79347992,24.39445305,82.81697845,171.4673615,82.82364655,30.06373024,82.84731293,281.5861816,82.85398102,46.99610901,
83.00167084,1000,83.0083313,153.0696716,83.03231812,384.5330505,83.03897858,59.82324219,83.06253815,354.745636,83.06920624,110.6831741,83.09270477,417.1385193,83.09937286,61.49507141,83.21989441,1000,83.2265625,130.5842896,83.18989563,952.1627197,83.19656372,76.48420715,83.15940094,937.8690796,83.1660614,75.16135406,83.12822723,1000,83.13489532,111.378273,83.25572968,333.3395996,83.26239777,52.0651474,83.28687286,125.0906143,83.29354095,24.65218163,83.31697845,177.5019836,83.32364655,31.70744324,83.34731293,283.7640991,83.35400391,48.59824371,
83.50167084,1000,83.5083313,159.1474304,83.53187561,391.4080505,83.5385437,58.53467941,83.56237793,357.9615173,83.56904602,110.5853195,83.59287262,407.4657593,83.59954071,62.98167419,83.720047,1000,83.72670746,134.2534637,83.6897049,936.6005249,83.69638062,80.3841095,83.65937805,943.3952637,83.66603851,75.04438019,83.62804413,1000,83.63471222,113.997673,83.75606537,333.4032288,83.76272583,53.38733673,83.78629303,131.1654968,83.79296112,24.6042099,83.81655884,177.9807739,83.82322693,31.94157791,83.84631348,287.4627686,83.85298157,49.66992188,
84.00167084,1000,84.0083313,156.1638031,84.03256226,396.6261902,84.03922272,59.69260025,84.06278992,364.585083,84.06945801,108.4031754,84.09406281,425.0942078,84.1007309,65.81283569,84.21953583,1000,84.22620392,131.7767181,84.18920898,937.0209961,84.19587708,79.49993134,84.15904236,930.170105,84.16570282,74.62072754,84.12854004,1000,84.13520813,115.7484283,84.25523376,338.5690308,84.26189423,53.30223465,84.28620911,135.8467407,84.29286957,24.40216446,84.31637573,181.3128662,84.32303619,32.20286179,84.34720612,300.1486511,84.35387421,51.02843094,
84.50167084,1000,84.5083313,152.7738037,84.53203583,390.4394836,84.53870392,59.51665497,84.56237793,362.4143982,84.56904602,110.4203262,84.59296417,416.9082031,84.59963989,64.47792816,84.72104645,1000,84.72770691,133.1382141,84.69070435,942.289978,84.69737244,79.70478821,84.65937805,941.8916626,84.66603851,73.78123474,84.62887573,1000,84.63556671,114.6939011,84.75556946,349.2958374,84.76222992,52.58545303,84.7858963,134.0227051,84.79256439,23.81635857,84.81637573,191.2622833,84.82303619,31.8277626,84.84754181,297.3276367,84.8542099,50.06142807,
85.00167084,1000,85.0083313,156.4964294,85.03237152,386.8695679,85.03903961,60.95981216,85.06356812,366.369751,85.07022858,110.3333435,85.09371185,416.5778809,85.1003952,64.84165955,85.21962738,1000,85.22629547,132.3664551,85.18831635,965.2541504,85.19497681,79.71983337,85.1580658,937.8464966,85.16472626,74.04948425,85.12789917,1000,85.13455963,116.5580978,85.25570679,348.2702332,85.26237488,53.2440567,85.28620911,135.855896,85.29289246,25.72438431,85.3167038,185.1973724,85.32337189,34.10650635,85.34731293,312.8391418,85.35398102,50.68373489,
85.50167084,1000,85.50837708,154.5891113,85.53203583,387.2406616,85.53870392,59.59301758,85.56298065,365.0747681,85.56964874,110.6345749,85.59255981,416.8117981,85.59922791,65.34113312,85.71781158,1000,85.72450256,133.131424,85.68820953,960.1843262,85.69487,79.19083405,85.65662384,933.4936523,85.66329193,78.07466125,85.6272049,1000,85.63388062,115.5121689,85.75373077,354.9376526,85.76039124,55.19461823,85.78395844,137.0546265,85.79062653,26.2105732,85.81406403,190.1973267,85.82072449,33.2317276,85.84456635,306.8819885,85.85122681,51.5343399,
86.00167084,1000,86.0083313,159.9212646,86.03337097,396.7028809,86.04003906,58.97804642,86.063797,363.8496704,86.07045746,110.1599503,86.09355927,415.1444397,86.10022736,64.65646362,86.22064972,1000,86.22731018,134.0314636,86.19087982,949.3771973,86.19754028,80.91566467,86.1603775,942.954895,86.16703796,76.04743958,86.13004303,1000,86.13671112,116.5344391,86.25720978,350.9448547,86.26390076,57.08330154,86.2877121,140.2111206,86.29438019,26.18280411,86.31887054,190.9725342,86.32554626,33.36888504,86.34906769,315.8578491,86.35572815,54.27228165,
86.50167084,1000,86.5083313,160.2139282,86.532547,393.6347046,86.53920746,60.03859711,86.56214142,365.8272705,86.56881714,112.1384735,86.59220886,433.6233826,86.59889221,65.62993622,86.71939087,1000,86.72606659,132.5301819,86.68939972,950.9909668,86.69606018,83.58438873,86.65922546,934.541626,86.66589355,78.11785126,86.62820435,1000,86.63489532,117.610466,86.75537109,357.6549683,86.76204681,57.61912155,86.78653717,144.8222351,86.79320526,25.82775497,86.81687927,193.2050018,86.82353973,34.4607811,86.84737396,323.1189575,86.85404205,53.92508698,
87.00167084,1000,87.0083313,156.9532013,87.03287506,397.0573425,87.03955841,60.23442841,87.063797,369.1418457,87.07045746,109.9678192,87.09406281,426.1917725,87.1007309,65.9482193,87.21987152,1000,87.22653961,134.0461273,87.18947601,951.4244995,87.1961441,80.64614868,87.15914917,937.2698975,87.16580963,75.91730499,87.12873077,1000,87.13539124,116.859642,87.25621033,358.8771057,87.26290131,55.43507385,87.2873764,142.5795135,87.29404449,26.7519455,87.31687927,197.8960114,87.32353973,34.58146286,87.34770203,325.9772034,87.35437775,53.88244629,
87.50167084,1000,87.50837708,160.3650665,87.53112793,405.8056641,87.53779602,61.91778183,87.56246185,372.9353333,87.56912231,111.9815979,87.59355927,430.7516479,87.60022736,65.1415863,87.71956635,1000,87.72622681,134.8996429,87.68922424,972.1968994,87.69589996,81.27692413,87.65895844,952.9466553,87.66562653,80.00108337,87.62848663,1000,87.63514709,116.8252258,87.75570679,362.928009,87.76237488,57.32529449,87.78587341,144.8678741,87.79254913,26.22363281,87.81581116,205.8742981,87.82247925,35.07040024,87.8463974,338.1629028,87.85305786,55.63710785,
88.00167084,1000,88.0083313,158.2050781,88.03231812,397.3889465,88.03897858,59.68809891,88.06272888,386.9958191,88.06938934,109.5991974,88.09403992,437.8712158,88.10070801,66.19160461,88.22087097,1000,88.22753906,134.4864655,88.19054413,965.2393188,88.19723511,83.27819824,88.16014862,948.9068604,88.16681671,75.85121918,88.12953949,1000,88.13623047,123.9657059,88.25654602,367.600708,88.26320648,56.6998558,88.28687286,145.6612091,88.29354095,27.33979225,88.31721497,204.7037811,88.32389069,34.97468948,88.34754181,336.2233887,88.3542099,55.56054306,
88.50167084,1000,88.5083313,158.8246918,88.53304291,401.3470764,88.53970337,60.39842224,88.56370544,377.0907898,88.57038116,110.9562607,88.59403992,444.8574524,88.60070801,66.56121826,88.72120667,1000,88.72787476,134.4324493,88.69087982,963.5661621,88.69754028,82.67490387,88.66087341,944.9507446,88.66754913,77.72982025,88.62987518,1000,88.63656616,120.7541656,88.75687408,370.443634,88.76354218,58.88311386,88.78687286,147.1624603,88.79354095,27.31119919,88.81737518,208.249115,88.82406616,34.57383347,88.84822845,347.5208435,88.85489655,57.4799118,
89.00167084,1000,89.0083313,162.774704,89.03187561,400.1855164,89.0385437,59.98365021,89.06320953,384.0119629,89.06987,107.7825394,89.09381866,445.0401306,89.10047913,67.63430023,89.22020721,1000,89.22689819,134.9948578,89.1897049,962.465271,89.19638062,82.51782227,89.15937805,942.871582,89.16603851,74.82704926,89.1292038,1000,89.13589478,123.3376617,89.25654602,370.8476257,89.26320648,58.83300781,89.28604126,153.5124207,89.29270935,26.78829956,89.31654358,205.1925201,89.32321167,36.75983429,89.34662628,351.1651306,89.35328674,56.22349548,
89.50167084,1000,89.5083313,159.3878937,89.53137207,407.9833679,89.53804779,61.76618576,89.56223297,377.885437,89.56889343,111.0522614,89.59287262,436.2819824,89.5995636,67.96725464,89.71770477,1000,89.72437286,137.2250977,89.68737793,991.6912842,89.69404602,82.72719574,89.657547,936.2398071,89.66420746,78.75172424,89.62754059,1000,89.63420868,119.4414978,89.75379181,381.5976868,89.7604599,58.77502823,89.78347778,151.097702,89.79014587,27.21041107,89.8143692,209.9665375,89.82104492,36.19920349,89.84403992,351.0840149,89.85070801,59.12947845,
90.00167084,1000,90.0083313,164.216156,90.03189087,409.5089417,90.03856659,62.09490967,90.06271362,379.9382935,90.06937408,111.9599075,90.09353638,439.35849,90.1002121,65.14393616,90.2205658,1000,90.22722626,134.7337494,90.19006348,978.6282959,90.19673157,85.73152161,90.15940094,960.9244995,90.1660614,77.18756866,90.12905884,1000,90.13572693,122.4207687,90.25621033,387.1108093,90.26287079,59.00708008,90.28671265,155.6420746,90.29337311,28.01369667,90.31721497,214.6867371,90.32389069,35.75213242,90.34837341,365.5627136,90.35504913,58.80724716,

Sample A9_Ex509_Em563,
Sample A9_Ex509_Em563
Collection Time: 19-Feb-24 12:14:22 PM
Operator Name  :
Kinetics Software Version: 1.2(146)
Parameter List :
Report Time: Mon 19 Feb 12:14:21 PM 2024
Software version: 1.2(146)
Operator:
Instrument Parameters
Instrument                        Cary Eclipse
Instrument Serial Number          MY18160001
Data mode                         Fluorescence
Ex. wavelengths (nm)              509.0000 ; 509.0000
Em. wavelengths (nm)              563.0000 ; 660.0000
Ex. Slit (nm)                     20
Em. Slit (nm)                     20
Averaging Time (s)                0.2000
Cycle time(min)                   0.5000
Stop time(min)                    90.0000
Emission filter                   Open
Excitation Filter                 Auto
PMT voltage (V)                   700
Wellplate                         ON
Plate format                     96 Wells
Read position                    Well centre
Multi-zero                       OFF
Auto-zero                        OFF
Well                            A1
Comments:
Method Log     :
Method Name    : Default
Date/Time stamp: 19-Feb-24 12:03:23 PM
Method Modifications:
Wellplate Overlay Mode Changed: 19-Feb-24 12:03:24 PM, Old:Individual, New:Choice 1
Wellplate Overlay Mode Changed: 19-Feb-24 12:03:24 PM, Old:Overlay all, New:Choice 2
Wellplate Overlay Mode Changed: 19-Feb-24 12:03:24 PM, Old:Overlay rows, New:Choice 3
Wellplate Overlay Mode Changed: 19-Feb-24 12:03:24 PM, Old:Overlay columns, New:Choice 4
Wellplate Overlay Mode Changed: 19-Feb-24 12:03:24 PM, Old:User defined, New:Overlay columns
PMT Volts Changed: 19-Feb-24 12:06:13 PM, Old:600, New:700
Well plate reader Changed: 19-Feb-24 12:06:13 PM, Old:OFF, New:ON
Multiwavelength Changed: 19-Feb-24 12:06:13 PM, Old:OFF, New:ON
Excitation Wavelengths 1 Changed: 19-Feb-24 12:06:13 PM, Old:   350.0000, New:   509.0000
Emission Wavelengths 1 Changed: 19-Feb-24 12:06:13 PM, Old:   450.0000, New:   563.0000
Excitation Wavelengths 2 Changed: 19-Feb-24 12:06:13 PM, Old:   360.0000, New:   509.0000
Emission Wavelengths 2 Changed: 19-Feb-24 12:06:13 PM, Old:   460.0000, New:   660.0000
Excitation Wavelength Changed: 19-Feb-24 12:06:13 PM, Old: 400.00, New: 509.00
Emission Wavelength Changed: 19-Feb-24 12:06:13 PM, Old: 600.00, New: 563.00
Ex. Slit Width (nm): Changed: 19-Feb-24 12:06:13 PM, Old:5, New:20
Em. Slit Width (nm): Changed: 19-Feb-24 12:06:13 PM, Old:5, New:10
Ave. time (s): Changed: 19-Feb-24 12:06:13 PM, Old:0.10000, New:0.20000
Cycle Time 1 Changed: 19-Feb-24 12:06:13 PM, Old: 0.0000, New: 0.5000
Stop Time 1 Changed: 19-Feb-24 12:06:13 PM, Old: 1.0000, New:90.0000
Emission PMT (V): Changed: 19-Feb-24 12:06:13 PM, Old: 600, New: 700
Wellplate Samples Changed: 19-Feb-24 12:06:13 PM, Old:, New:A9;A10;A11;A12;B9;B10;B11;B12;C9;C10;C11;C12;
Em. Slit Width (nm): Changed: 19-Feb-24 12:07:16 PM, Old:10, New:20
Em. Slit Width (nm): Changed: 19-Feb-24 12:08:04 PM, Old:20, New:10
Em. Slit Width (nm): Changed: 19-Feb-24 12:14:17 PM, Old:10, New:20
End Method Modifications

Sample A9_Ex509_Em660,
Sample A9_Ex509_Em660
Collection Time: 19-Feb-24 12:14:22 PM
Operator Name  :
Kinetics Software Version: 1.2(146)
Parameter List :
Report Time: Mon 19 Feb 12:14:21 PM 2024
Software version: 1.2(146)
Operator:
Instrument Parameters
Instrument                        Cary Eclipse
Instrument Serial Number          MY18160001
Data mode                         Fluorescence
Ex. wavelengths (nm)              509.0000 ; 509.0000
Em. wavelengths (nm)              563.0000 ; 660.0000
Ex. Slit (nm)                     20
Em. Slit (nm)                     20
Averaging Time (s)                0.2000
Cycle time(min)                   0.5000
Stop time(min)                    90.0000
Emission filter                   Open
Excitation Filter                 Auto
PMT voltage (V)                   700
Wellplate                         ON
Plate format                     96 Wells
Read position                    Well centre
Multi-zero                       OFF
Auto-zero                        OFF
Well                            A1
Comments:
Method Log     :
Method Name    : Default
Date/Time stamp: 19-Feb-24 12:03:23 PM
Method Modifications:
Wellplate Overlay Mode Changed: 19-Feb-24 12:03:24 PM, Old:Individual, New:Choice 1
Wellplate Overlay Mode Changed: 19-Feb-24 12:03:24 PM, Old:Overlay all, New:Choice 2
Wellplate Overlay Mode Changed: 19-Feb-24 12:03:24 PM, Old:Overlay rows, New:Choice 3
Wellplate Overlay Mode Changed: 19-Feb-24 12:03:24 PM, Old:Overlay columns, New:Choice 4
Wellplate Overlay Mode Changed: 19-Feb-24 12:03:24 PM, Old:User defined, New:Overlay columns
PMT Volts Changed: 19-Feb-24 12:06:13 PM, Old:600, New:700
Well plate reader Changed: 19-Feb-24 12:06:13 PM, Old:OFF, New:ON
Multiwavelength Changed: 19-Feb-24 12:06:13 PM, Old:OFF, New:ON
Excitation Wavelengths 1 Changed: 19-Feb-24 12:06:13 PM, Old:   350.0000, New:   509.0000
Emission Wavelengths 1 Changed: 19-Feb-24 12:06:13 PM, Old:   450.0000, New:   563.0000
Excitation Wavelengths 2 Changed: 19-Feb-24 12:06:13 PM, Old:   360.0000, New:   509.0000
Emission Wavelengths 2 Changed: 19-Feb-24 12:06:13 PM, Old:   460.0000, New:   660.0000
Excitation Wavelength Changed: 19-Feb-24 12:06:13 PM, Old: 400.00, New: 509.00
Emission Wavelength Changed: 19-Feb-24 12:06:13 PM, Old: 600.00, New: 563.00
Ex. Slit Width (nm): Changed: 19-Feb-24 12:06:13 PM, Old:5, New:20
Em. Slit Width (nm): Changed: 19-Feb-24 12:06:13 PM, Old:5, New:10
Ave. time (s): Changed: 19-Feb-24 12:06:13 PM, Old:0.10000, New:0.20000
Cycle Time 1 Changed: 19-Feb-24 12:06:13 PM, Old: 0.0000, New: 0.5000
Stop Time 1 Changed: 19-Feb-24 12:06:13 PM, Old: 1.0000, New:90.0000
Emission PMT (V): Changed: 19-Feb-24 12:06:13 PM, Old: 600, New: 700
Wellplate Samples Changed: 19-Feb-24 12:06:13 PM, Old:, New:A9;A10;A11;A12;B9;B10;B11;B12;C9;C10;C11;C12;
Em. Slit Width (nm): Changed: 19-Feb-24 12:07:16 PM, Old:10, New:20
Em. Slit Width (nm): Changed: 19-Feb-24 12:08:04 PM, Old:20, New:10
Em. Slit Width (nm): Changed: 19-Feb-24 12:14:17 PM, Old:10, New:20
End Method Modifications

Sample A10_Ex509_Em563,
Sample A10_Ex509_Em563
Collection Time: 19-Feb-24 12:14:22 PM
Operator Name  :
Kinetics Software Version: 1.2(146)
Parameter List :
Report Time: Mon 19 Feb 12:14:21 PM 2024
Software version: 1.2(146)
Operator:
Instrument Parameters
Instrument                        Cary Eclipse
Instrument Serial Number          MY18160001
Data mode                         Fluorescence
Ex. wavelengths (nm)              509.0000 ; 509.0000
Em. wavelengths (nm)              563.0000 ; 660.0000
Ex. Slit (nm)                     20
Em. Slit (nm)                     20
Averaging Time (s)                0.2000
Cycle time(min)                   0.5000
Stop time(min)                    90.0000
Emission filter                   Open
Excitation Filter                 Auto
PMT voltage (V)                   700
Wellplate                         ON
Plate format                     96 Wells
Read position                    Well centre
Multi-zero                       OFF
Auto-zero                        OFF
Well                            A1
Comments:
Method Log     :
Method Name    : Default
Date/Time stamp: 19-Feb-24 12:03:23 PM
Method Modifications:
Wellplate Overlay Mode Changed: 19-Feb-24 12:03:24 PM, Old:Individual, New:Choice 1
Wellplate Overlay Mode Changed: 19-Feb-24 12:03:24 PM, Old:Overlay all, New:Choice 2
Wellplate Overlay Mode Changed: 19-Feb-24 12:03:24 PM, Old:Overlay rows, New:Choice 3
Wellplate Overlay Mode Changed: 19-Feb-24 12:03:24 PM, Old:Overlay columns, New:Choice 4
Wellplate Overlay Mode Changed: 19-Feb-24 12:03:24 PM, Old:User defined, New:Overlay columns
PMT Volts Changed: 19-Feb-24 12:06:13 PM, Old:600, New:700
Well plate reader Changed: 19-Feb-24 12:06:13 PM, Old:OFF, New:ON
Multiwavelength Changed: 19-Feb-24 12:06:13 PM, Old:OFF, New:ON
Excitation Wavelengths 1 Changed: 19-Feb-24 12:06:13 PM, Old:   350.0000, New:   509.0000
Emission Wavelengths 1 Changed: 19-Feb-24 12:06:13 PM, Old:   450.0000, New:   563.0000
Excitation Wavelengths 2 Changed: 19-Feb-24 12:06:13 PM, Old:   360.0000, New:   509.0000
Emission Wavelengths 2 Changed: 19-Feb-24 12:06:13 PM, Old:   460.0000, New:   660.0000
Excitation Wavelength Changed: 19-Feb-24 12:06:13 PM, Old: 400.00, New: 509.00
Emission Wavelength Changed: 19-Feb-24 12:06:13 PM, Old: 600.00, New: 563.00
Ex. Slit Width (nm): Changed: 19-Feb-24 12:06:13 PM, Old:5, New:20
Em. Slit Width (nm): Changed: 19-Feb-24 12:06:13 PM, Old:5, New:10
Ave. time (s): Changed: 19-Feb-24 12:06:13 PM, Old:0.10000, New:0.20000
Cycle Time 1 Changed: 19-Feb-24 12:06:13 PM, Old: 0.0000, New: 0.5000
Stop Time 1 Changed: 19-Feb-24 12:06:13 PM, Old: 1.0000, New:90.0000
Emission PMT (V): Changed: 19-Feb-24 12:06:13 PM, Old: 600, New: 700
Wellplate Samples Changed: 19-Feb-24 12:06:13 PM, Old:, New:A9;A10;A11;A12;B9;B10;B11;B12;C9;C10;C11;C12;
Em. Slit Width (nm): Changed: 19-Feb-24 12:07:16 PM, Old:10, New:20
Em. Slit Width (nm): Changed: 19-Feb-24 12:08:04 PM, Old:20, New:10
Em. Slit Width (nm): Changed: 19-Feb-24 12:14:17 PM, Old:10, New:20
End Method Modifications

Sample A10_Ex509_Em660,
Sample A10_Ex509_Em660
Collection Time: 19-Feb-24 12:14:22 PM
Operator Name  :
Kinetics Software Version: 1.2(146)
Parameter List :
Report Time: Mon 19 Feb 12:14:21 PM 2024
Software version: 1.2(146)
Operator:
Instrument Parameters
Instrument                        Cary Eclipse
Instrument Serial Number          MY18160001
Data mode                         Fluorescence
Ex. wavelengths (nm)              509.0000 ; 509.0000
Em. wavelengths (nm)              563.0000 ; 660.0000
Ex. Slit (nm)                     20
Em. Slit (nm)                     20
Averaging Time (s)                0.2000
Cycle time(min)                   0.5000
Stop time(min)                    90.0000
Emission filter                   Open
Excitation Filter                 Auto
PMT voltage (V)                   700
Wellplate                         ON
Plate format                     96 Wells
Read position                    Well centre
Multi-zero                       OFF
Auto-zero                        OFF
Well                            A1
Comments:
Method Log     :
Method Name    : Default
Date/Time stamp: 19-Feb-24 12:03:23 PM
Method Modifications:
Wellplate Overlay Mode Changed: 19-Feb-24 12:03:24 PM, Old:Individual, New:Choice 1
Wellplate Overlay Mode Changed: 19-Feb-24 12:03:24 PM, Old:Overlay all, New:Choice 2
Wellplate Overlay Mode Changed: 19-Feb-24 12:03:24 PM, Old:Overlay rows, New:Choice 3
Wellplate Overlay Mode Changed: 19-Feb-24 12:03:24 PM, Old:Overlay columns, New:Choice 4
Wellplate Overlay Mode Changed: 19-Feb-24 12:03:24 PM, Old:User defined, New:Overlay columns
PMT Volts Changed: 19-Feb-24 12:06:13 PM, Old:600, New:700
Well plate reader Changed: 19-Feb-24 12:06:13 PM, Old:OFF, New:ON
Multiwavelength Changed: 19-Feb-24 12:06:13 PM, Old:OFF, New:ON
Excitation Wavelengths 1 Changed: 19-Feb-24 12:06:13 PM, Old:   350.0000, New:   509.0000
Emission Wavelengths 1 Changed: 19-Feb-24 12:06:13 PM, Old:   450.0000, New:   563.0000
Excitation Wavelengths 2 Changed: 19-Feb-24 12:06:13 PM, Old:   360.0000, New:   509.0000
Emission Wavelengths 2 Changed: 19-Feb-24 12:06:13 PM, Old:   460.0000, New:   660.0000
Excitation Wavelength Changed: 19-Feb-24 12:06:13 PM, Old: 400.00, New: 509.00
Emission Wavelength Changed: 19-Feb-24 12:06:13 PM, Old: 600.00, New: 563.00
Ex. Slit Width (nm): Changed: 19-Feb-24 12:06:13 PM, Old:5, New:20
Em. Slit Width (nm): Changed: 19-Feb-24 12:06:13 PM, Old:5, New:10
Ave. time (s): Changed: 19-Feb-24 12:06:13 PM, Old:0.10000, New:0.20000
Cycle Time 1 Changed: 19-Feb-24 12:06:13 PM, Old: 0.0000, New: 0.5000
Stop Time 1 Changed: 19-Feb-24 12:06:13 PM, Old: 1.0000, New:90.0000
Emission PMT (V): Changed: 19-Feb-24 12:06:13 PM, Old: 600, New: 700
Wellplate Samples Changed: 19-Feb-24 12:06:13 PM, Old:, New:A9;A10;A11;A12;B9;B10;B11;B12;C9;C10;C11;C12;
Em. Slit Width (nm): Changed: 19-Feb-24 12:07:16 PM, Old:10, New:20
Em. Slit Width (nm): Changed: 19-Feb-24 12:08:04 PM, Old:20, New:10
Em. Slit Width (nm): Changed: 19-Feb-24 12:14:17 PM, Old:10, New:20
End Method Modifications

Sample A11_Ex509_Em563,
Sample A11_Ex509_Em563
Collection Time: 19-Feb-24 12:14:22 PM
Operator Name  :
Kinetics Software Version: 1.2(146)
Parameter List :
Report Time: Mon 19 Feb 12:14:21 PM 2024
Software version: 1.2(146)
Operator:
Instrument Parameters
Instrument                        Cary Eclipse
Instrument Serial Number          MY18160001
Data mode                         Fluorescence
Ex. wavelengths (nm)              509.0000 ; 509.0000
Em. wavelengths (nm)              563.0000 ; 660.0000
Ex. Slit (nm)                     20
Em. Slit (nm)                     20
Averaging Time (s)                0.2000
Cycle time(min)                   0.5000
Stop time(min)                    90.0000
Emission filter                   Open
Excitation Filter                 Auto
PMT voltage (V)                   700
Wellplate                         ON
Plate format                     96 Wells
Read position                    Well centre
Multi-zero                       OFF
Auto-zero                        OFF
Well                            A1
Comments:
Method Log     :
Method Name    : Default
Date/Time stamp: 19-Feb-24 12:03:23 PM
Method Modifications:
Wellplate Overlay Mode Changed: 19-Feb-24 12:03:24 PM, Old:Individual, New:Choice 1
Wellplate Overlay Mode Changed: 19-Feb-24 12:03:24 PM, Old:Overlay all, New:Choice 2
Wellplate Overlay Mode Changed: 19-Feb-24 12:03:24 PM, Old:Overlay rows, New:Choice 3
Wellplate Overlay Mode Changed: 19-Feb-24 12:03:24 PM, Old:Overlay columns, New:Choice 4
Wellplate Overlay Mode Changed: 19-Feb-24 12:03:24 PM, Old:User defined, New:Overlay columns
PMT Volts Changed: 19-Feb-24 12:06:13 PM, Old:600, New:700
Well plate reader Changed: 19-Feb-24 12:06:13 PM, Old:OFF, New:ON
Multiwavelength Changed: 19-Feb-24 12:06:13 PM, Old:OFF, New:ON
Excitation Wavelengths 1 Changed: 19-Feb-24 12:06:13 PM, Old:   350.0000, New:   509.0000
Emission Wavelengths 1 Changed: 19-Feb-24 12:06:13 PM, Old:   450.0000, New:   563.0000
Excitation Wavelengths 2 Changed: 19-Feb-24 12:06:13 PM, Old:   360.0000, New:   509.0000
Emission Wavelengths 2 Changed: 19-Feb-24 12:06:13 PM, Old:   460.0000, New:   660.0000
Excitation Wavelength Changed: 19-Feb-24 12:06:13 PM, Old: 400.00, New: 509.00
Emission Wavelength Changed: 19-Feb-24 12:06:13 PM, Old: 600.00, New: 563.00
Ex. Slit Width (nm): Changed: 19-Feb-24 12:06:13 PM, Old:5, New:20
Em. Slit Width (nm): Changed: 19-Feb-24 12:06:13 PM, Old:5, New:10
Ave. time (s): Changed: 19-Feb-24 12:06:13 PM, Old:0.10000, New:0.20000
Cycle Time 1 Changed: 19-Feb-24 12:06:13 PM, Old: 0.0000, New: 0.5000
Stop Time 1 Changed: 19-Feb-24 12:06:13 PM, Old: 1.0000, New:90.0000
Emission PMT (V): Changed: 19-Feb-24 12:06:13 PM, Old: 600, New: 700
Wellplate Samples Changed: 19-Feb-24 12:06:13 PM, Old:, New:A9;A10;A11;A12;B9;B10;B11;B12;C9;C10;C11;C12;
Em. Slit Width (nm): Changed: 19-Feb-24 12:07:16 PM, Old:10, New:20
Em. Slit Width (nm): Changed: 19-Feb-24 12:08:04 PM, Old:20, New:10
Em. Slit Width (nm): Changed: 19-Feb-24 12:14:17 PM, Old:10, New:20
End Method Modifications

Sample A11_Ex509_Em660,
Sample A11_Ex509_Em660
Collection Time: 19-Feb-24 12:14:22 PM
Operator Name  :
Kinetics Software Version: 1.2(146)
Parameter List :
Report Time: Mon 19 Feb 12:14:21 PM 2024
Software version: 1.2(146)
Operator:
Instrument Parameters
Instrument                        Cary Eclipse
Instrument Serial Number          MY18160001
Data mode                         Fluorescence
Ex. wavelengths (nm)              509.0000 ; 509.0000
Em. wavelengths (nm)              563.0000 ; 660.0000
Ex. Slit (nm)                     20
Em. Slit (nm)                     20
Averaging Time (s)                0.2000
Cycle time(min)                   0.5000
Stop time(min)                    90.0000
Emission filter                   Open
Excitation Filter                 Auto
PMT voltage (V)                   700
Wellplate                         ON
Plate format                     96 Wells
Read position                    Well centre
Multi-zero                       OFF
Auto-zero                        OFF
Well                            A1
Comments:
Method Log     :
Method Name    : Default
Date/Time stamp: 19-Feb-24 12:03:23 PM
Method Modifications:
Wellplate Overlay Mode Changed: 19-Feb-24 12:03:24 PM, Old:Individual, New:Choice 1
Wellplate Overlay Mode Changed: 19-Feb-24 12:03:24 PM, Old:Overlay all, New:Choice 2
Wellplate Overlay Mode Changed: 19-Feb-24 12:03:24 PM, Old:Overlay rows, New:Choice 3
Wellplate Overlay Mode Changed: 19-Feb-24 12:03:24 PM, Old:Overlay columns, New:Choice 4
Wellplate Overlay Mode Changed: 19-Feb-24 12:03:24 PM, Old:User defined, New:Overlay columns
PMT Volts Changed: 19-Feb-24 12:06:13 PM, Old:600, New:700
Well plate reader Changed: 19-Feb-24 12:06:13 PM, Old:OFF, New:ON
Multiwavelength Changed: 19-Feb-24 12:06:13 PM, Old:OFF, New:ON
Excitation Wavelengths 1 Changed: 19-Feb-24 12:06:13 PM, Old:   350.0000, New:   509.0000
Emission Wavelengths 1 Changed: 19-Feb-24 12:06:13 PM, Old:   450.0000, New:   563.0000
Excitation Wavelengths 2 Changed: 19-Feb-24 12:06:13 PM, Old:   360.0000, New:   509.0000
Emission Wavelengths 2 Changed: 19-Feb-24 12:06:13 PM, Old:   460.0000, New:   660.0000
Excitation Wavelength Changed: 19-Feb-24 12:06:13 PM, Old: 400.00, New: 509.00
Emission Wavelength Changed: 19-Feb-24 12:06:13 PM, Old: 600.00, New: 563.00
Ex. Slit Width (nm): Changed: 19-Feb-24 12:06:13 PM, Old:5, New:20
Em. Slit Width (nm): Changed: 19-Feb-24 12:06:13 PM, Old:5, New:10
Ave. time (s): Changed: 19-Feb-24 12:06:13 PM, Old:0.10000, New:0.20000
Cycle Time 1 Changed: 19-Feb-24 12:06:13 PM, Old: 0.0000, New: 0.5000
Stop Time 1 Changed: 19-Feb-24 12:06:13 PM, Old: 1.0000, New:90.0000
Emission PMT (V): Changed: 19-Feb-24 12:06:13 PM, Old: 600, New: 700
Wellplate Samples Changed: 19-Feb-24 12:06:13 PM, Old:, New:A9;A10;A11;A12;B9;B10;B11;B12;C9;C10;C11;C12;
Em. Slit Width (nm): Changed: 19-Feb-24 12:07:16 PM, Old:10, New:20
Em. Slit Width (nm): Changed: 19-Feb-24 12:08:04 PM, Old:20, New:10
Em. Slit Width (nm): Changed: 19-Feb-24 12:14:17 PM, Old:10, New:20
End Method Modifications

Sample A12_Ex509_Em563,
Sample A12_Ex509_Em563
Collection Time: 19-Feb-24 12:14:22 PM
Operator Name  :
Kinetics Software Version: 1.2(146)
Parameter List :
Report Time: Mon 19 Feb 12:14:21 PM 2024
Software version: 1.2(146)
Operator:
Instrument Parameters
Instrument                        Cary Eclipse
Instrument Serial Number          MY18160001
Data mode                         Fluorescence
Ex. wavelengths (nm)              509.0000 ; 509.0000
Em. wavelengths (nm)              563.0000 ; 660.0000
Ex. Slit (nm)                     20
Em. Slit (nm)                     20
Averaging Time (s)                0.2000
Cycle time(min)                   0.5000
Stop time(min)                    90.0000
Emission filter                   Open
Excitation Filter                 Auto
PMT voltage (V)                   700
Wellplate                         ON
Plate format                     96 Wells
Read position                    Well centre
Multi-zero                       OFF
Auto-zero                        OFF
Well                            A1
Comments:
Method Log     :
Method Name    : Default
Date/Time stamp: 19-Feb-24 12:03:23 PM
Method Modifications:
Wellplate Overlay Mode Changed: 19-Feb-24 12:03:24 PM, Old:Individual, New:Choice 1
Wellplate Overlay Mode Changed: 19-Feb-24 12:03:24 PM, Old:Overlay all, New:Choice 2
Wellplate Overlay Mode Changed: 19-Feb-24 12:03:24 PM, Old:Overlay rows, New:Choice 3
Wellplate Overlay Mode Changed: 19-Feb-24 12:03:24 PM, Old:Overlay columns, New:Choice 4
Wellplate Overlay Mode Changed: 19-Feb-24 12:03:24 PM, Old:User defined, New:Overlay columns
PMT Volts Changed: 19-Feb-24 12:06:13 PM, Old:600, New:700
Well plate reader Changed: 19-Feb-24 12:06:13 PM, Old:OFF, New:ON
Multiwavelength Changed: 19-Feb-24 12:06:13 PM, Old:OFF, New:ON
Excitation Wavelengths 1 Changed: 19-Feb-24 12:06:13 PM, Old:   350.0000, New:   509.0000
Emission Wavelengths 1 Changed: 19-Feb-24 12:06:13 PM, Old:   450.0000, New:   563.0000
Excitation Wavelengths 2 Changed: 19-Feb-24 12:06:13 PM, Old:   360.0000, New:   509.0000
Emission Wavelengths 2 Changed: 19-Feb-24 12:06:13 PM, Old:   460.0000, New:   660.0000
Excitation Wavelength Changed: 19-Feb-24 12:06:13 PM, Old: 400.00, New: 509.00
Emission Wavelength Changed: 19-Feb-24 12:06:13 PM, Old: 600.00, New: 563.00
Ex. Slit Width (nm): Changed: 19-Feb-24 12:06:13 PM, Old:5, New:20
Em. Slit Width (nm): Changed: 19-Feb-24 12:06:13 PM, Old:5, New:10
Ave. time (s): Changed: 19-Feb-24 12:06:13 PM, Old:0.10000, New:0.20000
Cycle Time 1 Changed: 19-Feb-24 12:06:13 PM, Old: 0.0000, New: 0.5000
Stop Time 1 Changed: 19-Feb-24 12:06:13 PM, Old: 1.0000, New:90.0000
Emission PMT (V): Changed: 19-Feb-24 12:06:13 PM, Old: 600, New: 700
Wellplate Samples Changed: 19-Feb-24 12:06:13 PM, Old:, New:A9;A10;A11;A12;B9;B10;B11;B12;C9;C10;C11;C12;
Em. Slit Width (nm): Changed: 19-Feb-24 12:07:16 PM, Old:10, New:20
Em. Slit Width (nm): Changed: 19-Feb-24 12:08:04 PM, Old:20, New:10
Em. Slit Width (nm): Changed: 19-Feb-24 12:14:17 PM, Old:10, New:20
End Method Modifications

Sample A12_Ex509_Em660,
Sample A12_Ex509_Em660
Collection Time: 19-Feb-24 12:14:22 PM
Operator Name  :
Kinetics Software Version: 1.2(146)
Parameter List :
Report Time: Mon 19 Feb 12:14:21 PM 2024
Software version: 1.2(146)
Operator:
Instrument Parameters
Instrument                        Cary Eclipse
Instrument Serial Number          MY18160001
Data mode                         Fluorescence
Ex. wavelengths (nm)              509.0000 ; 509.0000
Em. wavelengths (nm)              563.0000 ; 660.0000
Ex. Slit (nm)                     20
Em. Slit (nm)                     20
Averaging Time (s)                0.2000
Cycle time(min)                   0.5000
Stop time(min)                    90.0000
Emission filter                   Open
Excitation Filter                 Auto
PMT voltage (V)                   700
Wellplate                         ON
Plate format                     96 Wells
Read position                    Well centre
Multi-zero                       OFF
Auto-zero                        OFF
Well                            A1
Comments:
Method Log     :
Method Name    : Default
Date/Time stamp: 19-Feb-24 12:03:23 PM
Method Modifications:
Wellplate Overlay Mode Changed: 19-Feb-24 12:03:24 PM, Old:Individual, New:Choice 1
Wellplate Overlay Mode Changed: 19-Feb-24 12:03:24 PM, Old:Overlay all, New:Choice 2
Wellplate Overlay Mode Changed: 19-Feb-24 12:03:24 PM, Old:Overlay rows, New:Choice 3
Wellplate Overlay Mode Changed: 19-Feb-24 12:03:24 PM, Old:Overlay columns, New:Choice 4
Wellplate Overlay Mode Changed: 19-Feb-24 12:03:24 PM, Old:User defined, New:Overlay columns
PMT Volts Changed: 19-Feb-24 12:06:13 PM, Old:600, New:700
Well plate reader Changed: 19-Feb-24 12:06:13 PM, Old:OFF, New:ON
Multiwavelength Changed: 19-Feb-24 12:06:13 PM, Old:OFF, New:ON
Excitation Wavelengths 1 Changed: 19-Feb-24 12:06:13 PM, Old:   350.0000, New:   509.0000
Emission Wavelengths 1 Changed: 19-Feb-24 12:06:13 PM, Old:   450.0000, New:   563.0000
Excitation Wavelengths 2 Changed: 19-Feb-24 12:06:13 PM, Old:   360.0000, New:   509.0000
Emission Wavelengths 2 Changed: 19-Feb-24 12:06:13 PM, Old:   460.0000, New:   660.0000
Excitation Wavelength Changed: 19-Feb-24 12:06:13 PM, Old: 400.00, New: 509.00
Emission Wavelength Changed: 19-Feb-24 12:06:13 PM, Old: 600.00, New: 563.00
Ex. Slit Width (nm): Changed: 19-Feb-24 12:06:13 PM, Old:5, New:20
Em. Slit Width (nm): Changed: 19-Feb-24 12:06:13 PM, Old:5, New:10
Ave. time (s): Changed: 19-Feb-24 12:06:13 PM, Old:0.10000, New:0.20000
Cycle Time 1 Changed: 19-Feb-24 12:06:13 PM, Old: 0.0000, New: 0.5000
Stop Time 1 Changed: 19-Feb-24 12:06:13 PM, Old: 1.0000, New:90.0000
Emission PMT (V): Changed: 19-Feb-24 12:06:13 PM, Old: 600, New: 700
Wellplate Samples Changed: 19-Feb-24 12:06:13 PM, Old:, New:A9;A10;A11;A12;B9;B10;B11;B12;C9;C10;C11;C12;
Em. Slit Width (nm): Changed: 19-Feb-24 12:07:16 PM, Old:10, New:20
Em. Slit Width (nm): Changed: 19-Feb-24 12:08:04 PM, Old:20, New:10
Em. Slit Width (nm): Changed: 19-Feb-24 12:14:17 PM, Old:10, New:20
End Method Modifications

Sample B9_Ex509_Em563,
Sample B9_Ex509_Em563
Collection Time: 19-Feb-24 12:14:22 PM
Operator Name  :
Kinetics Software Version: 1.2(146)
Parameter List :
Report Time: Mon 19 Feb 12:14:21 PM 2024
Software version: 1.2(146)
Operator:
Instrument Parameters
Instrument                        Cary Eclipse
Instrument Serial Number          MY18160001
Data mode                         Fluorescence
Ex. wavelengths (nm)              509.0000 ; 509.0000
Em. wavelengths (nm)              563.0000 ; 660.0000
Ex. Slit (nm)                     20
Em. Slit (nm)                     20
Averaging Time (s)                0.2000
Cycle time(min)                   0.5000
Stop time(min)                    90.0000
Emission filter                   Open
Excitation Filter                 Auto
PMT voltage (V)                   700
Wellplate                         ON
Plate format                     96 Wells
Read position                    Well centre
Multi-zero                       OFF
Auto-zero                        OFF
Well                            A1
Comments:
Method Log     :
Method Name    : Default
Date/Time stamp: 19-Feb-24 12:03:23 PM
Method Modifications:
Wellplate Overlay Mode Changed: 19-Feb-24 12:03:24 PM, Old:Individual, New:Choice 1
Wellplate Overlay Mode Changed: 19-Feb-24 12:03:24 PM, Old:Overlay all, New:Choice 2
Wellplate Overlay Mode Changed: 19-Feb-24 12:03:24 PM, Old:Overlay rows, New:Choice 3
Wellplate Overlay Mode Changed: 19-Feb-24 12:03:24 PM, Old:Overlay columns, New:Choice 4
Wellplate Overlay Mode Changed: 19-Feb-24 12:03:24 PM, Old:User defined, New:Overlay columns
PMT Volts Changed: 19-Feb-24 12:06:13 PM, Old:600, New:700
Well plate reader Changed: 19-Feb-24 12:06:13 PM, Old:OFF, New:ON
Multiwavelength Changed: 19-Feb-24 12:06:13 PM, Old:OFF, New:ON
Excitation Wavelengths 1 Changed: 19-Feb-24 12:06:13 PM, Old:   350.0000, New:   509.0000
Emission Wavelengths 1 Changed: 19-Feb-24 12:06:13 PM, Old:   450.0000, New:   563.0000
Excitation Wavelengths 2 Changed: 19-Feb-24 12:06:13 PM, Old:   360.0000, New:   509.0000
Emission Wavelengths 2 Changed: 19-Feb-24 12:06:13 PM, Old:   460.0000, New:   660.0000
Excitation Wavelength Changed: 19-Feb-24 12:06:13 PM, Old: 400.00, New: 509.00
Emission Wavelength Changed: 19-Feb-24 12:06:13 PM, Old: 600.00, New: 563.00
Ex. Slit Width (nm): Changed: 19-Feb-24 12:06:13 PM, Old:5, New:20
Em. Slit Width (nm): Changed: 19-Feb-24 12:06:13 PM, Old:5, New:10
Ave. time (s): Changed: 19-Feb-24 12:06:13 PM, Old:0.10000, New:0.20000
Cycle Time 1 Changed: 19-Feb-24 12:06:13 PM, Old: 0.0000, New: 0.5000
Stop Time 1 Changed: 19-Feb-24 12:06:13 PM, Old: 1.0000, New:90.0000
Emission PMT (V): Changed: 19-Feb-24 12:06:13 PM, Old: 600, New: 700
Wellplate Samples Changed: 19-Feb-24 12:06:13 PM, Old:, New:A9;A10;A11;A12;B9;B10;B11;B12;C9;C10;C11;C12;
Em. Slit Width (nm): Changed: 19-Feb-24 12:07:16 PM, Old:10, New:20
Em. Slit Width (nm): Changed: 19-Feb-24 12:08:04 PM, Old:20, New:10
Em. Slit Width (nm): Changed: 19-Feb-24 12:14:17 PM, Old:10, New:20
End Method Modifications

Sample B9_Ex509_Em660,
Sample B9_Ex509_Em660
Collection Time: 19-Feb-24 12:14:22 PM
Operator Name  :
Kinetics Software Version: 1.2(146)
Parameter List :
Report Time: Mon 19 Feb 12:14:21 PM 2024
Software version: 1.2(146)
Operator:
Instrument Parameters
Instrument                        Cary Eclipse
Instrument Serial Number          MY18160001
Data mode                         Fluorescence
Ex. wavelengths (nm)              509.0000 ; 509.0000
Em. wavelengths (nm)              563.0000 ; 660.0000
Ex. Slit (nm)                     20
Em. Slit (nm)                     20
Averaging Time (s)                0.2000
Cycle time(min)                   0.5000
Stop time(min)                    90.0000
Emission filter                   Open
Excitation Filter                 Auto
PMT voltage (V)                   700
Wellplate                         ON
Plate format                     96 Wells
Read position                    Well centre
Multi-zero                       OFF
Auto-zero                        OFF
Well                            A1
Comments:
Method Log     :
Method Name    : Default
Date/Time stamp: 19-Feb-24 12:03:23 PM
Method Modifications:
Wellplate Overlay Mode Changed: 19-Feb-24 12:03:24 PM, Old:Individual, New:Choice 1
Wellplate Overlay Mode Changed: 19-Feb-24 12:03:24 PM, Old:Overlay all, New:Choice 2
Wellplate Overlay Mode Changed: 19-Feb-24 12:03:24 PM, Old:Overlay rows, New:Choice 3
Wellplate Overlay Mode Changed: 19-Feb-24 12:03:24 PM, Old:Overlay columns, New:Choice 4
Wellplate Overlay Mode Changed: 19-Feb-24 12:03:24 PM, Old:User defined, New:Overlay columns
PMT Volts Changed: 19-Feb-24 12:06:13 PM, Old:600, New:700
Well plate reader Changed: 19-Feb-24 12:06:13 PM, Old:OFF, New:ON
Multiwavelength Changed: 19-Feb-24 12:06:13 PM, Old:OFF, New:ON
Excitation Wavelengths 1 Changed: 19-Feb-24 12:06:13 PM, Old:   350.0000, New:   509.0000
Emission Wavelengths 1 Changed: 19-Feb-24 12:06:13 PM, Old:   450.0000, New:   563.0000
Excitation Wavelengths 2 Changed: 19-Feb-24 12:06:13 PM, Old:   360.0000, New:   509.0000
Emission Wavelengths 2 Changed: 19-Feb-24 12:06:13 PM, Old:   460.0000, New:   660.0000
Excitation Wavelength Changed: 19-Feb-24 12:06:13 PM, Old: 400.00, New: 509.00
Emission Wavelength Changed: 19-Feb-24 12:06:13 PM, Old: 600.00, New: 563.00
Ex. Slit Width (nm): Changed: 19-Feb-24 12:06:13 PM, Old:5, New:20
Em. Slit Width (nm): Changed: 19-Feb-24 12:06:13 PM, Old:5, New:10
Ave. time (s): Changed: 19-Feb-24 12:06:13 PM, Old:0.10000, New:0.20000
Cycle Time 1 Changed: 19-Feb-24 12:06:13 PM, Old: 0.0000, New: 0.5000
Stop Time 1 Changed: 19-Feb-24 12:06:13 PM, Old: 1.0000, New:90.0000
Emission PMT (V): Changed: 19-Feb-24 12:06:13 PM, Old: 600, New: 700
Wellplate Samples Changed: 19-Feb-24 12:06:13 PM, Old:, New:A9;A10;A11;A12;B9;B10;B11;B12;C9;C10;C11;C12;
Em. Slit Width (nm): Changed: 19-Feb-24 12:07:16 PM, Old:10, New:20
Em. Slit Width (nm): Changed: 19-Feb-24 12:08:04 PM, Old:20, New:10
Em. Slit Width (nm): Changed: 19-Feb-24 12:14:17 PM, Old:10, New:20
End Method Modifications

Sample B10_Ex509_Em563,
Sample B10_Ex509_Em563
Collection Time: 19-Feb-24 12:14:22 PM
Operator Name  :
Kinetics Software Version: 1.2(146)
Parameter List :
Report Time: Mon 19 Feb 12:14:21 PM 2024
Software version: 1.2(146)
Operator:
Instrument Parameters
Instrument                        Cary Eclipse
Instrument Serial Number          MY18160001
Data mode                         Fluorescence
Ex. wavelengths (nm)              509.0000 ; 509.0000
Em. wavelengths (nm)              563.0000 ; 660.0000
Ex. Slit (nm)                     20
Em. Slit (nm)                     20
Averaging Time (s)                0.2000
Cycle time(min)                   0.5000
Stop time(min)                    90.0000
Emission filter                   Open
Excitation Filter                 Auto
PMT voltage (V)                   700
Wellplate                         ON
Plate format                     96 Wells
Read position                    Well centre
Multi-zero                       OFF
Auto-zero                        OFF
Well                            A1
Comments:
Method Log     :
Method Name    : Default
Date/Time stamp: 19-Feb-24 12:03:23 PM
Method Modifications:
Wellplate Overlay Mode Changed: 19-Feb-24 12:03:24 PM, Old:Individual, New:Choice 1
Wellplate Overlay Mode Changed: 19-Feb-24 12:03:24 PM, Old:Overlay all, New:Choice 2
Wellplate Overlay Mode Changed: 19-Feb-24 12:03:24 PM, Old:Overlay rows, New:Choice 3
Wellplate Overlay Mode Changed: 19-Feb-24 12:03:24 PM, Old:Overlay columns, New:Choice 4
Wellplate Overlay Mode Changed: 19-Feb-24 12:03:24 PM, Old:User defined, New:Overlay columns
PMT Volts Changed: 19-Feb-24 12:06:13 PM, Old:600, New:700
Well plate reader Changed: 19-Feb-24 12:06:13 PM, Old:OFF, New:ON
Multiwavelength Changed: 19-Feb-24 12:06:13 PM, Old:OFF, New:ON
Excitation Wavelengths 1 Changed: 19-Feb-24 12:06:13 PM, Old:   350.0000, New:   509.0000
Emission Wavelengths 1 Changed: 19-Feb-24 12:06:13 PM, Old:   450.0000, New:   563.0000
Excitation Wavelengths 2 Changed: 19-Feb-24 12:06:13 PM, Old:   360.0000, New:   509.0000
Emission Wavelengths 2 Changed: 19-Feb-24 12:06:13 PM, Old:   460.0000, New:   660.0000
Excitation Wavelength Changed: 19-Feb-24 12:06:13 PM, Old: 400.00, New: 509.00
Emission Wavelength Changed: 19-Feb-24 12:06:13 PM, Old: 600.00, New: 563.00
Ex. Slit Width (nm): Changed: 19-Feb-24 12:06:13 PM, Old:5, New:20
Em. Slit Width (nm): Changed: 19-Feb-24 12:06:13 PM, Old:5, New:10
Ave. time (s): Changed: 19-Feb-24 12:06:13 PM, Old:0.10000, New:0.20000
Cycle Time 1 Changed: 19-Feb-24 12:06:13 PM, Old: 0.0000, New: 0.5000
Stop Time 1 Changed: 19-Feb-24 12:06:13 PM, Old: 1.0000, New:90.0000
Emission PMT (V): Changed: 19-Feb-24 12:06:13 PM, Old: 600, New: 700
Wellplate Samples Changed: 19-Feb-24 12:06:13 PM, Old:, New:A9;A10;A11;A12;B9;B10;B11;B12;C9;C10;C11;C12;
Em. Slit Width (nm): Changed: 19-Feb-24 12:07:16 PM, Old:10, New:20
Em. Slit Width (nm): Changed: 19-Feb-24 12:08:04 PM, Old:20, New:10
Em. Slit Width (nm): Changed: 19-Feb-24 12:14:17 PM, Old:10, New:20
End Method Modifications

Sample B10_Ex509_Em660,
Sample B10_Ex509_Em660
Collection Time: 19-Feb-24 12:14:22 PM
Operator Name  :
Kinetics Software Version: 1.2(146)
Parameter List :
Report Time: Mon 19 Feb 12:14:21 PM 2024
Software version: 1.2(146)
Operator:
Instrument Parameters
Instrument                        Cary Eclipse
Instrument Serial Number          MY18160001
Data mode                         Fluorescence
Ex. wavelengths (nm)              509.0000 ; 509.0000
Em. wavelengths (nm)              563.0000 ; 660.0000
Ex. Slit (nm)                     20
Em. Slit (nm)                     20
Averaging Time (s)                0.2000
Cycle time(min)                   0.5000
Stop time(min)                    90.0000
Emission filter                   Open
Excitation Filter                 Auto
PMT voltage (V)                   700
Wellplate                         ON
Plate format                     96 Wells
Read position                    Well centre
Multi-zero                       OFF
Auto-zero                        OFF
Well                            A1
Comments:
Method Log     :
Method Name    : Default
Date/Time stamp: 19-Feb-24 12:03:23 PM
Method Modifications:
Wellplate Overlay Mode Changed: 19-Feb-24 12:03:24 PM, Old:Individual, New:Choice 1
Wellplate Overlay Mode Changed: 19-Feb-24 12:03:24 PM, Old:Overlay all, New:Choice 2
Wellplate Overlay Mode Changed: 19-Feb-24 12:03:24 PM, Old:Overlay rows, New:Choice 3
Wellplate Overlay Mode Changed: 19-Feb-24 12:03:24 PM, Old:Overlay columns, New:Choice 4
Wellplate Overlay Mode Changed: 19-Feb-24 12:03:24 PM, Old:User defined, New:Overlay columns
PMT Volts Changed: 19-Feb-24 12:06:13 PM, Old:600, New:700
Well plate reader Changed: 19-Feb-24 12:06:13 PM, Old:OFF, New:ON
Multiwavelength Changed: 19-Feb-24 12:06:13 PM, Old:OFF, New:ON
Excitation Wavelengths 1 Changed: 19-Feb-24 12:06:13 PM, Old:   350.0000, New:   509.0000
Emission Wavelengths 1 Changed: 19-Feb-24 12:06:13 PM, Old:   450.0000, New:   563.0000
Excitation Wavelengths 2 Changed: 19-Feb-24 12:06:13 PM, Old:   360.0000, New:   509.0000
Emission Wavelengths 2 Changed: 19-Feb-24 12:06:13 PM, Old:   460.0000, New:   660.0000
Excitation Wavelength Changed: 19-Feb-24 12:06:13 PM, Old: 400.00, New: 509.00
Emission Wavelength Changed: 19-Feb-24 12:06:13 PM, Old: 600.00, New: 563.00
Ex. Slit Width (nm): Changed: 19-Feb-24 12:06:13 PM, Old:5, New:20
Em. Slit Width (nm): Changed: 19-Feb-24 12:06:13 PM, Old:5, New:10
Ave. time (s): Changed: 19-Feb-24 12:06:13 PM, Old:0.10000, New:0.20000
Cycle Time 1 Changed: 19-Feb-24 12:06:13 PM, Old: 0.0000, New: 0.5000
Stop Time 1 Changed: 19-Feb-24 12:06:13 PM, Old: 1.0000, New:90.0000
Emission PMT (V): Changed: 19-Feb-24 12:06:13 PM, Old: 600, New: 700
Wellplate Samples Changed: 19-Feb-24 12:06:13 PM, Old:, New:A9;A10;A11;A12;B9;B10;B11;B12;C9;C10;C11;C12;
Em. Slit Width (nm): Changed: 19-Feb-24 12:07:16 PM, Old:10, New:20
Em. Slit Width (nm): Changed: 19-Feb-24 12:08:04 PM, Old:20, New:10
Em. Slit Width (nm): Changed: 19-Feb-24 12:14:17 PM, Old:10, New:20
End Method Modifications

Sample B11_Ex509_Em563,
Sample B11_Ex509_Em563
Collection Time: 19-Feb-24 12:14:22 PM
Operator Name  :
Kinetics Software Version: 1.2(146)
Parameter List :
Report Time: Mon 19 Feb 12:14:21 PM 2024
Software version: 1.2(146)
Operator:
Instrument Parameters
Instrument                        Cary Eclipse
Instrument Serial Number          MY18160001
Data mode                         Fluorescence
Ex. wavelengths (nm)              509.0000 ; 509.0000
Em. wavelengths (nm)              563.0000 ; 660.0000
Ex. Slit (nm)                     20
Em. Slit (nm)                     20
Averaging Time (s)                0.2000
Cycle time(min)                   0.5000
Stop time(min)                    90.0000
Emission filter                   Open
Excitation Filter                 Auto
PMT voltage (V)                   700
Wellplate                         ON
Plate format                     96 Wells
Read position                    Well centre
Multi-zero                       OFF
Auto-zero                        OFF
Well                            A1
Comments:
Method Log     :
Method Name    : Default
Date/Time stamp: 19-Feb-24 12:03:23 PM
Method Modifications:
Wellplate Overlay Mode Changed: 19-Feb-24 12:03:24 PM, Old:Individual, New:Choice 1
Wellplate Overlay Mode Changed: 19-Feb-24 12:03:24 PM, Old:Overlay all, New:Choice 2
Wellplate Overlay Mode Changed: 19-Feb-24 12:03:24 PM, Old:Overlay rows, New:Choice 3
Wellplate Overlay Mode Changed: 19-Feb-24 12:03:24 PM, Old:Overlay columns, New:Choice 4
Wellplate Overlay Mode Changed: 19-Feb-24 12:03:24 PM, Old:User defined, New:Overlay columns
PMT Volts Changed: 19-Feb-24 12:06:13 PM, Old:600, New:700
Well plate reader Changed: 19-Feb-24 12:06:13 PM, Old:OFF, New:ON
Multiwavelength Changed: 19-Feb-24 12:06:13 PM, Old:OFF, New:ON
Excitation Wavelengths 1 Changed: 19-Feb-24 12:06:13 PM, Old:   350.0000, New:   509.0000
Emission Wavelengths 1 Changed: 19-Feb-24 12:06:13 PM, Old:   450.0000, New:   563.0000
Excitation Wavelengths 2 Changed: 19-Feb-24 12:06:13 PM, Old:   360.0000, New:   509.0000
Emission Wavelengths 2 Changed: 19-Feb-24 12:06:13 PM, Old:   460.0000, New:   660.0000
Excitation Wavelength Changed: 19-Feb-24 12:06:13 PM, Old: 400.00, New: 509.00
Emission Wavelength Changed: 19-Feb-24 12:06:13 PM, Old: 600.00, New: 563.00
Ex. Slit Width (nm): Changed: 19-Feb-24 12:06:13 PM, Old:5, New:20
Em. Slit Width (nm): Changed: 19-Feb-24 12:06:13 PM, Old:5, New:10
Ave. time (s): Changed: 19-Feb-24 12:06:13 PM, Old:0.10000, New:0.20000
Cycle Time 1 Changed: 19-Feb-24 12:06:13 PM, Old: 0.0000, New: 0.5000
Stop Time 1 Changed: 19-Feb-24 12:06:13 PM, Old: 1.0000, New:90.0000
Emission PMT (V): Changed: 19-Feb-24 12:06:13 PM, Old: 600, New: 700
Wellplate Samples Changed: 19-Feb-24 12:06:13 PM, Old:, New:A9;A10;A11;A12;B9;B10;B11;B12;C9;C10;C11;C12;
Em. Slit Width (nm): Changed: 19-Feb-24 12:07:16 PM, Old:10, New:20
Em. Slit Width (nm): Changed: 19-Feb-24 12:08:04 PM, Old:20, New:10
Em. Slit Width (nm): Changed: 19-Feb-24 12:14:17 PM, Old:10, New:20
End Method Modifications

Sample B11_Ex509_Em660,
Sample B11_Ex509_Em660
Collection Time: 19-Feb-24 12:14:22 PM
Operator Name  :
Kinetics Software Version: 1.2(146)
Parameter List :
Report Time: Mon 19 Feb 12:14:21 PM 2024
Software version: 1.2(146)
Operator:
Instrument Parameters
Instrument                        Cary Eclipse
Instrument Serial Number          MY18160001
Data mode                         Fluorescence
Ex. wavelengths (nm)              509.0000 ; 509.0000
Em. wavelengths (nm)              563.0000 ; 660.0000
Ex. Slit (nm)                     20
Em. Slit (nm)                     20
Averaging Time (s)                0.2000
Cycle time(min)                   0.5000
Stop time(min)                    90.0000
Emission filter                   Open
Excitation Filter                 Auto
PMT voltage (V)                   700
Wellplate                         ON
Plate format                     96 Wells
Read position                    Well centre
Multi-zero                       OFF
Auto-zero                        OFF
Well                            A1
Comments:
Method Log     :
Method Name    : Default
Date/Time stamp: 19-Feb-24 12:03:23 PM
Method Modifications:
Wellplate Overlay Mode Changed: 19-Feb-24 12:03:24 PM, Old:Individual, New:Choice 1
Wellplate Overlay Mode Changed: 19-Feb-24 12:03:24 PM, Old:Overlay all, New:Choice 2
Wellplate Overlay Mode Changed: 19-Feb-24 12:03:24 PM, Old:Overlay rows, New:Choice 3
Wellplate Overlay Mode Changed: 19-Feb-24 12:03:24 PM, Old:Overlay columns, New:Choice 4
Wellplate Overlay Mode Changed: 19-Feb-24 12:03:24 PM, Old:User defined, New:Overlay columns
PMT Volts Changed: 19-Feb-24 12:06:13 PM, Old:600, New:700
Well plate reader Changed: 19-Feb-24 12:06:13 PM, Old:OFF, New:ON
Multiwavelength Changed: 19-Feb-24 12:06:13 PM, Old:OFF, New:ON
Excitation Wavelengths 1 Changed: 19-Feb-24 12:06:13 PM, Old:   350.0000, New:   509.0000
Emission Wavelengths 1 Changed: 19-Feb-24 12:06:13 PM, Old:   450.0000, New:   563.0000
Excitation Wavelengths 2 Changed: 19-Feb-24 12:06:13 PM, Old:   360.0000, New:   509.0000
Emission Wavelengths 2 Changed: 19-Feb-24 12:06:13 PM, Old:   460.0000, New:   660.0000
Excitation Wavelength Changed: 19-Feb-24 12:06:13 PM, Old: 400.00, New: 509.00
Emission Wavelength Changed: 19-Feb-24 12:06:13 PM, Old: 600.00, New: 563.00
Ex. Slit Width (nm): Changed: 19-Feb-24 12:06:13 PM, Old:5, New:20
Em. Slit Width (nm): Changed: 19-Feb-24 12:06:13 PM, Old:5, New:10
Ave. time (s): Changed: 19-Feb-24 12:06:13 PM, Old:0.10000, New:0.20000
Cycle Time 1 Changed: 19-Feb-24 12:06:13 PM, Old: 0.0000, New: 0.5000
Stop Time 1 Changed: 19-Feb-24 12:06:13 PM, Old: 1.0000, New:90.0000
Emission PMT (V): Changed: 19-Feb-24 12:06:13 PM, Old: 600, New: 700
Wellplate Samples Changed: 19-Feb-24 12:06:13 PM, Old:, New:A9;A10;A11;A12;B9;B10;B11;B12;C9;C10;C11;C12;
Em. Slit Width (nm): Changed: 19-Feb-24 12:07:16 PM, Old:10, New:20
Em. Slit Width (nm): Changed: 19-Feb-24 12:08:04 PM, Old:20, New:10
Em. Slit Width (nm): Changed: 19-Feb-24 12:14:17 PM, Old:10, New:20
End Method Modifications

Sample B12_Ex509_Em563,
Sample B12_Ex509_Em563
Collection Time: 19-Feb-24 12:14:22 PM
Operator Name  :
Kinetics Software Version: 1.2(146)
Parameter List :
Report Time: Mon 19 Feb 12:14:21 PM 2024
Software version: 1.2(146)
Operator:
Instrument Parameters
Instrument                        Cary Eclipse
Instrument Serial Number          MY18160001
Data mode                         Fluorescence
Ex. wavelengths (nm)              509.0000 ; 509.0000
Em. wavelengths (nm)              563.0000 ; 660.0000
Ex. Slit (nm)                     20
Em. Slit (nm)                     20
Averaging Time (s)                0.2000
Cycle time(min)                   0.5000
Stop time(min)                    90.0000
Emission filter                   Open
Excitation Filter                 Auto
PMT voltage (V)                   700
Wellplate                         ON
Plate format                     96 Wells
Read position                    Well centre
Multi-zero                       OFF
Auto-zero                        OFF
Well                            A1
Comments:
Method Log     :
Method Name    : Default
Date/Time stamp: 19-Feb-24 12:03:23 PM
Method Modifications:
Wellplate Overlay Mode Changed: 19-Feb-24 12:03:24 PM, Old:Individual, New:Choice 1
Wellplate Overlay Mode Changed: 19-Feb-24 12:03:24 PM, Old:Overlay all, New:Choice 2
Wellplate Overlay Mode Changed: 19-Feb-24 12:03:24 PM, Old:Overlay rows, New:Choice 3
Wellplate Overlay Mode Changed: 19-Feb-24 12:03:24 PM, Old:Overlay columns, New:Choice 4
Wellplate Overlay Mode Changed: 19-Feb-24 12:03:24 PM, Old:User defined, New:Overlay columns
PMT Volts Changed: 19-Feb-24 12:06:13 PM, Old:600, New:700
Well plate reader Changed: 19-Feb-24 12:06:13 PM, Old:OFF, New:ON
Multiwavelength Changed: 19-Feb-24 12:06:13 PM, Old:OFF, New:ON
Excitation Wavelengths 1 Changed: 19-Feb-24 12:06:13 PM, Old:   350.0000, New:   509.0000
Emission Wavelengths 1 Changed: 19-Feb-24 12:06:13 PM, Old:   450.0000, New:   563.0000
Excitation Wavelengths 2 Changed: 19-Feb-24 12:06:13 PM, Old:   360.0000, New:   509.0000
Emission Wavelengths 2 Changed: 19-Feb-24 12:06:13 PM, Old:   460.0000, New:   660.0000
Excitation Wavelength Changed: 19-Feb-24 12:06:13 PM, Old: 400.00, New: 509.00
Emission Wavelength Changed: 19-Feb-24 12:06:13 PM, Old: 600.00, New: 563.00
Ex. Slit Width (nm): Changed: 19-Feb-24 12:06:13 PM, Old:5, New:20
Em. Slit Width (nm): Changed: 19-Feb-24 12:06:13 PM, Old:5, New:10
Ave. time (s): Changed: 19-Feb-24 12:06:13 PM, Old:0.10000, New:0.20000
Cycle Time 1 Changed: 19-Feb-24 12:06:13 PM, Old: 0.0000, New: 0.5000
Stop Time 1 Changed: 19-Feb-24 12:06:13 PM, Old: 1.0000, New:90.0000
Emission PMT (V): Changed: 19-Feb-24 12:06:13 PM, Old: 600, New: 700
Wellplate Samples Changed: 19-Feb-24 12:06:13 PM, Old:, New:A9;A10;A11;A12;B9;B10;B11;B12;C9;C10;C11;C12;
Em. Slit Width (nm): Changed: 19-Feb-24 12:07:16 PM, Old:10, New:20
Em. Slit Width (nm): Changed: 19-Feb-24 12:08:04 PM, Old:20, New:10
Em. Slit Width (nm): Changed: 19-Feb-24 12:14:17 PM, Old:10, New:20
End Method Modifications

Sample B12_Ex509_Em660,
Sample B12_Ex509_Em660
Collection Time: 19-Feb-24 12:14:22 PM
Operator Name  :
Kinetics Software Version: 1.2(146)
Parameter List :
Report Time: Mon 19 Feb 12:14:21 PM 2024
Software version: 1.2(146)
Operator:
Instrument Parameters
Instrument                        Cary Eclipse
Instrument Serial Number          MY18160001
Data mode                         Fluorescence
Ex. wavelengths (nm)              509.0000 ; 509.0000
Em. wavelengths (nm)              563.0000 ; 660.0000
Ex. Slit (nm)                     20
Em. Slit (nm)                     20
Averaging Time (s)                0.2000
Cycle time(min)                   0.5000
Stop time(min)                    90.0000
Emission filter                   Open
Excitation Filter                 Auto
PMT voltage (V)                   700
Wellplate                         ON
Plate format                     96 Wells
Read position                    Well centre
Multi-zero                       OFF
Auto-zero                        OFF
Well                            A1
Comments:
Method Log     :
Method Name    : Default
Date/Time stamp: 19-Feb-24 12:03:23 PM
Method Modifications:
Wellplate Overlay Mode Changed: 19-Feb-24 12:03:24 PM, Old:Individual, New:Choice 1
Wellplate Overlay Mode Changed: 19-Feb-24 12:03:24 PM, Old:Overlay all, New:Choice 2
Wellplate Overlay Mode Changed: 19-Feb-24 12:03:24 PM, Old:Overlay rows, New:Choice 3
Wellplate Overlay Mode Changed: 19-Feb-24 12:03:24 PM, Old:Overlay columns, New:Choice 4
Wellplate Overlay Mode Changed: 19-Feb-24 12:03:24 PM, Old:User defined, New:Overlay columns
PMT Volts Changed: 19-Feb-24 12:06:13 PM, Old:600, New:700
Well plate reader Changed: 19-Feb-24 12:06:13 PM, Old:OFF, New:ON
Multiwavelength Changed: 19-Feb-24 12:06:13 PM, Old:OFF, New:ON
Excitation Wavelengths 1 Changed: 19-Feb-24 12:06:13 PM, Old:   350.0000, New:   509.0000
Emission Wavelengths 1 Changed: 19-Feb-24 12:06:13 PM, Old:   450.0000, New:   563.0000
Excitation Wavelengths 2 Changed: 19-Feb-24 12:06:13 PM, Old:   360.0000, New:   509.0000
Emission Wavelengths 2 Changed: 19-Feb-24 12:06:13 PM, Old:   460.0000, New:   660.0000
Excitation Wavelength Changed: 19-Feb-24 12:06:13 PM, Old: 400.00, New: 509.00
Emission Wavelength Changed: 19-Feb-24 12:06:13 PM, Old: 600.00, New: 563.00
Ex. Slit Width (nm): Changed: 19-Feb-24 12:06:13 PM, Old:5, New:20
Em. Slit Width (nm): Changed: 19-Feb-24 12:06:13 PM, Old:5, New:10
Ave. time (s): Changed: 19-Feb-24 12:06:13 PM, Old:0.10000, New:0.20000
Cycle Time 1 Changed: 19-Feb-24 12:06:13 PM, Old: 0.0000, New: 0.5000
Stop Time 1 Changed: 19-Feb-24 12:06:13 PM, Old: 1.0000, New:90.0000
Emission PMT (V): Changed: 19-Feb-24 12:06:13 PM, Old: 600, New: 700
Wellplate Samples Changed: 19-Feb-24 12:06:13 PM, Old:, New:A9;A10;A11;A12;B9;B10;B11;B12;C9;C10;C11;C12;
Em. Slit Width (nm): Changed: 19-Feb-24 12:07:16 PM, Old:10, New:20
Em. Slit Width (nm): Changed: 19-Feb-24 12:08:04 PM, Old:20, New:10
Em. Slit Width (nm): Changed: 19-Feb-24 12:14:17 PM, Old:10, New:20
End Method Modifications

Sample C9_Ex509_Em563,
Sample C9_Ex509_Em563
Collection Time: 19-Feb-24 12:14:22 PM
Operator Name  :
Kinetics Software Version: 1.2(146)
Parameter List :
Report Time: Mon 19 Feb 12:14:21 PM 2024
Software version: 1.2(146)
Operator:
Instrument Parameters
Instrument                        Cary Eclipse
Instrument Serial Number          MY18160001
Data mode                         Fluorescence
Ex. wavelengths (nm)              509.0000 ; 509.0000
Em. wavelengths (nm)              563.0000 ; 660.0000
Ex. Slit (nm)                     20
Em. Slit (nm)                     20
Averaging Time (s)                0.2000
Cycle time(min)                   0.5000
Stop time(min)                    90.0000
Emission filter                   Open
Excitation Filter                 Auto
PMT voltage (V)                   700
Wellplate                         ON
Plate format                     96 Wells
Read position                    Well centre
Multi-zero                       OFF
Auto-zero                        OFF
Well                            A1
Comments:
Method Log     :
Method Name    : Default
Date/Time stamp: 19-Feb-24 12:03:23 PM
Method Modifications:
Wellplate Overlay Mode Changed: 19-Feb-24 12:03:24 PM, Old:Individual, New:Choice 1
Wellplate Overlay Mode Changed: 19-Feb-24 12:03:24 PM, Old:Overlay all, New:Choice 2
Wellplate Overlay Mode Changed: 19-Feb-24 12:03:24 PM, Old:Overlay rows, New:Choice 3
Wellplate Overlay Mode Changed: 19-Feb-24 12:03:24 PM, Old:Overlay columns, New:Choice 4
Wellplate Overlay Mode Changed: 19-Feb-24 12:03:24 PM, Old:User defined, New:Overlay columns
PMT Volts Changed: 19-Feb-24 12:06:13 PM, Old:600, New:700
Well plate reader Changed: 19-Feb-24 12:06:13 PM, Old:OFF, New:ON
Multiwavelength Changed: 19-Feb-24 12:06:13 PM, Old:OFF, New:ON
Excitation Wavelengths 1 Changed: 19-Feb-24 12:06:13 PM, Old:   350.0000, New:   509.0000
Emission Wavelengths 1 Changed: 19-Feb-24 12:06:13 PM, Old:   450.0000, New:   563.0000
Excitation Wavelengths 2 Changed: 19-Feb-24 12:06:13 PM, Old:   360.0000, New:   509.0000
Emission Wavelengths 2 Changed: 19-Feb-24 12:06:13 PM, Old:   460.0000, New:   660.0000
Excitation Wavelength Changed: 19-Feb-24 12:06:13 PM, Old: 400.00, New: 509.00
Emission Wavelength Changed: 19-Feb-24 12:06:13 PM, Old: 600.00, New: 563.00
Ex. Slit Width (nm): Changed: 19-Feb-24 12:06:13 PM, Old:5, New:20
Em. Slit Width (nm): Changed: 19-Feb-24 12:06:13 PM, Old:5, New:10
Ave. time (s): Changed: 19-Feb-24 12:06:13 PM, Old:0.10000, New:0.20000
Cycle Time 1 Changed: 19-Feb-24 12:06:13 PM, Old: 0.0000, New: 0.5000
Stop Time 1 Changed: 19-Feb-24 12:06:13 PM, Old: 1.0000, New:90.0000
Emission PMT (V): Changed: 19-Feb-24 12:06:13 PM, Old: 600, New: 700
Wellplate Samples Changed: 19-Feb-24 12:06:13 PM, Old:, New:A9;A10;A11;A12;B9;B10;B11;B12;C9;C10;C11;C12;
Em. Slit Width (nm): Changed: 19-Feb-24 12:07:16 PM, Old:10, New:20
Em. Slit Width (nm): Changed: 19-Feb-24 12:08:04 PM, Old:20, New:10
Em. Slit Width (nm): Changed: 19-Feb-24 12:14:17 PM, Old:10, New:20
End Method Modifications

Sample C9_Ex509_Em660,
Sample C9_Ex509_Em660
Collection Time: 19-Feb-24 12:14:22 PM
Operator Name  :
Kinetics Software Version: 1.2(146)
Parameter List :
Report Time: Mon 19 Feb 12:14:21 PM 2024
Software version: 1.2(146)
Operator:
Instrument Parameters
Instrument                        Cary Eclipse
Instrument Serial Number          MY18160001
Data mode                         Fluorescence
Ex. wavelengths (nm)              509.0000 ; 509.0000
Em. wavelengths (nm)              563.0000 ; 660.0000
Ex. Slit (nm)                     20
Em. Slit (nm)                     20
Averaging Time (s)                0.2000
Cycle time(min)                   0.5000
Stop time(min)                    90.0000
Emission filter                   Open
Excitation Filter                 Auto
PMT voltage (V)                   700
Wellplate                         ON
Plate format                     96 Wells
Read position                    Well centre
Multi-zero                       OFF
Auto-zero                        OFF
Well                            A1
Comments:
Method Log     :
Method Name    : Default
Date/Time stamp: 19-Feb-24 12:03:23 PM
Method Modifications:
Wellplate Overlay Mode Changed: 19-Feb-24 12:03:24 PM, Old:Individual, New:Choice 1
Wellplate Overlay Mode Changed: 19-Feb-24 12:03:24 PM, Old:Overlay all, New:Choice 2
Wellplate Overlay Mode Changed: 19-Feb-24 12:03:24 PM, Old:Overlay rows, New:Choice 3
Wellplate Overlay Mode Changed: 19-Feb-24 12:03:24 PM, Old:Overlay columns, New:Choice 4
Wellplate Overlay Mode Changed: 19-Feb-24 12:03:24 PM, Old:User defined, New:Overlay columns
PMT Volts Changed: 19-Feb-24 12:06:13 PM, Old:600, New:700
Well plate reader Changed: 19-Feb-24 12:06:13 PM, Old:OFF, New:ON
Multiwavelength Changed: 19-Feb-24 12:06:13 PM, Old:OFF, New:ON
Excitation Wavelengths 1 Changed: 19-Feb-24 12:06:13 PM, Old:   350.0000, New:   509.0000
Emission Wavelengths 1 Changed: 19-Feb-24 12:06:13 PM, Old:   450.0000, New:   563.0000
Excitation Wavelengths 2 Changed: 19-Feb-24 12:06:13 PM, Old:   360.0000, New:   509.0000
Emission Wavelengths 2 Changed: 19-Feb-24 12:06:13 PM, Old:   460.0000, New:   660.0000
Excitation Wavelength Changed: 19-Feb-24 12:06:13 PM, Old: 400.00, New: 509.00
Emission Wavelength Changed: 19-Feb-24 12:06:13 PM, Old: 600.00, New: 563.00
Ex. Slit Width (nm): Changed: 19-Feb-24 12:06:13 PM, Old:5, New:20
Em. Slit Width (nm): Changed: 19-Feb-24 12:06:13 PM, Old:5, New:10
Ave. time (s): Changed: 19-Feb-24 12:06:13 PM, Old:0.10000, New:0.20000
Cycle Time 1 Changed: 19-Feb-24 12:06:13 PM, Old: 0.0000, New: 0.5000
Stop Time 1 Changed: 19-Feb-24 12:06:13 PM, Old: 1.0000, New:90.0000
Emission PMT (V): Changed: 19-Feb-24 12:06:13 PM, Old: 600, New: 700
Wellplate Samples Changed: 19-Feb-24 12:06:13 PM, Old:, New:A9;A10;A11;A12;B9;B10;B11;B12;C9;C10;C11;C12;
Em. Slit Width (nm): Changed: 19-Feb-24 12:07:16 PM, Old:10, New:20
Em. Slit Width (nm): Changed: 19-Feb-24 12:08:04 PM, Old:20, New:10
Em. Slit Width (nm): Changed: 19-Feb-24 12:14:17 PM, Old:10, New:20
End Method Modifications

Sample C10_Ex509_Em563,
Sample C10_Ex509_Em563
Collection Time: 19-Feb-24 12:14:22 PM
Operator Name  :
Kinetics Software Version: 1.2(146)
Parameter List :
Report Time: Mon 19 Feb 12:14:21 PM 2024
Software version: 1.2(146)
Operator:
Instrument Parameters
Instrument                        Cary Eclipse
Instrument Serial Number          MY18160001
Data mode                         Fluorescence
Ex. wavelengths (nm)              509.0000 ; 509.0000
Em. wavelengths (nm)              563.0000 ; 660.0000
Ex. Slit (nm)                     20
Em. Slit (nm)                     20
Averaging Time (s)                0.2000
Cycle time(min)                   0.5000
Stop time(min)                    90.0000
Emission filter                   Open
Excitation Filter                 Auto
PMT voltage (V)                   700
Wellplate                         ON
Plate format                     96 Wells
Read position                    Well centre
Multi-zero                       OFF
Auto-zero                        OFF
Well                            A1
Comments:
Method Log     :
Method Name    : Default
Date/Time stamp: 19-Feb-24 12:03:23 PM
Method Modifications:
Wellplate Overlay Mode Changed: 19-Feb-24 12:03:24 PM, Old:Individual, New:Choice 1
Wellplate Overlay Mode Changed: 19-Feb-24 12:03:24 PM, Old:Overlay all, New:Choice 2
Wellplate Overlay Mode Changed: 19-Feb-24 12:03:24 PM, Old:Overlay rows, New:Choice 3
Wellplate Overlay Mode Changed: 19-Feb-24 12:03:24 PM, Old:Overlay columns, New:Choice 4
Wellplate Overlay Mode Changed: 19-Feb-24 12:03:24 PM, Old:User defined, New:Overlay columns
PMT Volts Changed: 19-Feb-24 12:06:13 PM, Old:600, New:700
Well plate reader Changed: 19-Feb-24 12:06:13 PM, Old:OFF, New:ON
Multiwavelength Changed: 19-Feb-24 12:06:13 PM, Old:OFF, New:ON
Excitation Wavelengths 1 Changed: 19-Feb-24 12:06:13 PM, Old:   350.0000, New:   509.0000
Emission Wavelengths 1 Changed: 19-Feb-24 12:06:13 PM, Old:   450.0000, New:   563.0000
Excitation Wavelengths 2 Changed: 19-Feb-24 12:06:13 PM, Old:   360.0000, New:   509.0000
Emission Wavelengths 2 Changed: 19-Feb-24 12:06:13 PM, Old:   460.0000, New:   660.0000
Excitation Wavelength Changed: 19-Feb-24 12:06:13 PM, Old: 400.00, New: 509.00
Emission Wavelength Changed: 19-Feb-24 12:06:13 PM, Old: 600.00, New: 563.00
Ex. Slit Width (nm): Changed: 19-Feb-24 12:06:13 PM, Old:5, New:20
Em. Slit Width (nm): Changed: 19-Feb-24 12:06:13 PM, Old:5, New:10
Ave. time (s): Changed: 19-Feb-24 12:06:13 PM, Old:0.10000, New:0.20000
Cycle Time 1 Changed: 19-Feb-24 12:06:13 PM, Old: 0.0000, New: 0.5000
Stop Time 1 Changed: 19-Feb-24 12:06:13 PM, Old: 1.0000, New:90.0000
Emission PMT (V): Changed: 19-Feb-24 12:06:13 PM, Old: 600, New: 700
Wellplate Samples Changed: 19-Feb-24 12:06:13 PM, Old:, New:A9;A10;A11;A12;B9;B10;B11;B12;C9;C10;C11;C12;
Em. Slit Width (nm): Changed: 19-Feb-24 12:07:16 PM, Old:10, New:20
Em. Slit Width (nm): Changed: 19-Feb-24 12:08:04 PM, Old:20, New:10
Em. Slit Width (nm): Changed: 19-Feb-24 12:14:17 PM, Old:10, New:20
End Method Modifications

Sample C10_Ex509_Em660,
Sample C10_Ex509_Em660
Collection Time: 19-Feb-24 12:14:22 PM
Operator Name  :
Kinetics Software Version: 1.2(146)
Parameter List :
Report Time: Mon 19 Feb 12:14:21 PM 2024
Software version: 1.2(146)
Operator:
Instrument Parameters
Instrument                        Cary Eclipse
Instrument Serial Number          MY18160001
Data mode                         Fluorescence
Ex. wavelengths (nm)              509.0000 ; 509.0000
Em. wavelengths (nm)              563.0000 ; 660.0000
Ex. Slit (nm)                     20
Em. Slit (nm)                     20
Averaging Time (s)                0.2000
Cycle time(min)                   0.5000
Stop time(min)                    90.0000
Emission filter                   Open
Excitation Filter                 Auto
PMT voltage (V)                   700
Wellplate                         ON
Plate format                     96 Wells
Read position                    Well centre
Multi-zero                       OFF
Auto-zero                        OFF
Well                            A1
Comments:
Method Log     :
Method Name    : Default
Date/Time stamp: 19-Feb-24 12:03:23 PM
Method Modifications:
Wellplate Overlay Mode Changed: 19-Feb-24 12:03:24 PM, Old:Individual, New:Choice 1
Wellplate Overlay Mode Changed: 19-Feb-24 12:03:24 PM, Old:Overlay all, New:Choice 2
Wellplate Overlay Mode Changed: 19-Feb-24 12:03:24 PM, Old:Overlay rows, New:Choice 3
Wellplate Overlay Mode Changed: 19-Feb-24 12:03:24 PM, Old:Overlay columns, New:Choice 4
Wellplate Overlay Mode Changed: 19-Feb-24 12:03:24 PM, Old:User defined, New:Overlay columns
PMT Volts Changed: 19-Feb-24 12:06:13 PM, Old:600, New:700
Well plate reader Changed: 19-Feb-24 12:06:13 PM, Old:OFF, New:ON
Multiwavelength Changed: 19-Feb-24 12:06:13 PM, Old:OFF, New:ON
Excitation Wavelengths 1 Changed: 19-Feb-24 12:06:13 PM, Old:   350.0000, New:   509.0000
Emission Wavelengths 1 Changed: 19-Feb-24 12:06:13 PM, Old:   450.0000, New:   563.0000
Excitation Wavelengths 2 Changed: 19-Feb-24 12:06:13 PM, Old:   360.0000, New:   509.0000
Emission Wavelengths 2 Changed: 19-Feb-24 12:06:13 PM, Old:   460.0000, New:   660.0000
Excitation Wavelength Changed: 19-Feb-24 12:06:13 PM, Old: 400.00, New: 509.00
Emission Wavelength Changed: 19-Feb-24 12:06:13 PM, Old: 600.00, New: 563.00
Ex. Slit Width (nm): Changed: 19-Feb-24 12:06:13 PM, Old:5, New:20
Em. Slit Width (nm): Changed: 19-Feb-24 12:06:13 PM, Old:5, New:10
Ave. time (s): Changed: 19-Feb-24 12:06:13 PM, Old:0.10000, New:0.20000
Cycle Time 1 Changed: 19-Feb-24 12:06:13 PM, Old: 0.0000, New: 0.5000
Stop Time 1 Changed: 19-Feb-24 12:06:13 PM, Old: 1.0000, New:90.0000
Emission PMT (V): Changed: 19-Feb-24 12:06:13 PM, Old: 600, New: 700
Wellplate Samples Changed: 19-Feb-24 12:06:13 PM, Old:, New:A9;A10;A11;A12;B9;B10;B11;B12;C9;C10;C11;C12;
Em. Slit Width (nm): Changed: 19-Feb-24 12:07:16 PM, Old:10, New:20
Em. Slit Width (nm): Changed: 19-Feb-24 12:08:04 PM, Old:20, New:10
Em. Slit Width (nm): Changed: 19-Feb-24 12:14:17 PM, Old:10, New:20
End Method Modifications

Sample C11_Ex509_Em563,
Sample C11_Ex509_Em563
Collection Time: 19-Feb-24 12:14:22 PM
Operator Name  :
Kinetics Software Version: 1.2(146)
Parameter List :
Report Time: Mon 19 Feb 12:14:21 PM 2024
Software version: 1.2(146)
Operator:
Instrument Parameters
Instrument                        Cary Eclipse
Instrument Serial Number          MY18160001
Data mode                         Fluorescence
Ex. wavelengths (nm)              509.0000 ; 509.0000
Em. wavelengths (nm)              563.0000 ; 660.0000
Ex. Slit (nm)                     20
Em. Slit (nm)                     20
Averaging Time (s)                0.2000
Cycle time(min)                   0.5000
Stop time(min)                    90.0000
Emission filter                   Open
Excitation Filter                 Auto
PMT voltage (V)                   700
Wellplate                         ON
Plate format                     96 Wells
Read position                    Well centre
Multi-zero                       OFF
Auto-zero                        OFF
Well                            A1
Comments:
Method Log     :
Method Name    : Default
Date/Time stamp: 19-Feb-24 12:03:23 PM
Method Modifications:
Wellplate Overlay Mode Changed: 19-Feb-24 12:03:24 PM, Old:Individual, New:Choice 1
Wellplate Overlay Mode Changed: 19-Feb-24 12:03:24 PM, Old:Overlay all, New:Choice 2
Wellplate Overlay Mode Changed: 19-Feb-24 12:03:24 PM, Old:Overlay rows, New:Choice 3
Wellplate Overlay Mode Changed: 19-Feb-24 12:03:24 PM, Old:Overlay columns, New:Choice 4
Wellplate Overlay Mode Changed: 19-Feb-24 12:03:24 PM, Old:User defined, New:Overlay columns
PMT Volts Changed: 19-Feb-24 12:06:13 PM, Old:600, New:700
Well plate reader Changed: 19-Feb-24 12:06:13 PM, Old:OFF, New:ON
Multiwavelength Changed: 19-Feb-24 12:06:13 PM, Old:OFF, New:ON
Excitation Wavelengths 1 Changed: 19-Feb-24 12:06:13 PM, Old:   350.0000, New:   509.0000
Emission Wavelengths 1 Changed: 19-Feb-24 12:06:13 PM, Old:   450.0000, New:   563.0000
Excitation Wavelengths 2 Changed: 19-Feb-24 12:06:13 PM, Old:   360.0000, New:   509.0000
Emission Wavelengths 2 Changed: 19-Feb-24 12:06:13 PM, Old:   460.0000, New:   660.0000
Excitation Wavelength Changed: 19-Feb-24 12:06:13 PM, Old: 400.00, New: 509.00
Emission Wavelength Changed: 19-Feb-24 12:06:13 PM, Old: 600.00, New: 563.00
Ex. Slit Width (nm): Changed: 19-Feb-24 12:06:13 PM, Old:5, New:20
Em. Slit Width (nm): Changed: 19-Feb-24 12:06:13 PM, Old:5, New:10
Ave. time (s): Changed: 19-Feb-24 12:06:13 PM, Old:0.10000, New:0.20000
Cycle Time 1 Changed: 19-Feb-24 12:06:13 PM, Old: 0.0000, New: 0.5000
Stop Time 1 Changed: 19-Feb-24 12:06:13 PM, Old: 1.0000, New:90.0000
Emission PMT (V): Changed: 19-Feb-24 12:06:13 PM, Old: 600, New: 700
Wellplate Samples Changed: 19-Feb-24 12:06:13 PM, Old:, New:A9;A10;A11;A12;B9;B10;B11;B12;C9;C10;C11;C12;
Em. Slit Width (nm): Changed: 19-Feb-24 12:07:16 PM, Old:10, New:20
Em. Slit Width (nm): Changed: 19-Feb-24 12:08:04 PM, Old:20, New:10
Em. Slit Width (nm): Changed: 19-Feb-24 12:14:17 PM, Old:10, New:20
End Method Modifications

Sample C11_Ex509_Em660,
Sample C11_Ex509_Em660
Collection Time: 19-Feb-24 12:14:22 PM
Operator Name  :
Kinetics Software Version: 1.2(146)
Parameter List :
Report Time: Mon 19 Feb 12:14:21 PM 2024
Software version: 1.2(146)
Operator:
Instrument Parameters
Instrument                        Cary Eclipse
Instrument Serial Number          MY18160001
Data mode                         Fluorescence
Ex. wavelengths (nm)              509.0000 ; 509.0000
Em. wavelengths (nm)              563.0000 ; 660.0000
Ex. Slit (nm)                     20
Em. Slit (nm)                     20
Averaging Time (s)                0.2000
Cycle time(min)                   0.5000
Stop time(min)                    90.0000
Emission filter                   Open
Excitation Filter                 Auto
PMT voltage (V)                   700
Wellplate                         ON
Plate format                     96 Wells
Read position                    Well centre
Multi-zero                       OFF
Auto-zero                        OFF
Well                            A1
Comments:
Method Log     :
Method Name    : Default
Date/Time stamp: 19-Feb-24 12:03:23 PM
Method Modifications:
Wellplate Overlay Mode Changed: 19-Feb-24 12:03:24 PM, Old:Individual, New:Choice 1
Wellplate Overlay Mode Changed: 19-Feb-24 12:03:24 PM, Old:Overlay all, New:Choice 2
Wellplate Overlay Mode Changed: 19-Feb-24 12:03:24 PM, Old:Overlay rows, New:Choice 3
Wellplate Overlay Mode Changed: 19-Feb-24 12:03:24 PM, Old:Overlay columns, New:Choice 4
Wellplate Overlay Mode Changed: 19-Feb-24 12:03:24 PM, Old:User defined, New:Overlay columns
PMT Volts Changed: 19-Feb-24 12:06:13 PM, Old:600, New:700
Well plate reader Changed: 19-Feb-24 12:06:13 PM, Old:OFF, New:ON
Multiwavelength Changed: 19-Feb-24 12:06:13 PM, Old:OFF, New:ON
Excitation Wavelengths 1 Changed: 19-Feb-24 12:06:13 PM, Old:   350.0000, New:   509.0000
Emission Wavelengths 1 Changed: 19-Feb-24 12:06:13 PM, Old:   450.0000, New:   563.0000
Excitation Wavelengths 2 Changed: 19-Feb-24 12:06:13 PM, Old:   360.0000, New:   509.0000
Emission Wavelengths 2 Changed: 19-Feb-24 12:06:13 PM, Old:   460.0000, New:   660.0000
Excitation Wavelength Changed: 19-Feb-24 12:06:13 PM, Old: 400.00, New: 509.00
Emission Wavelength Changed: 19-Feb-24 12:06:13 PM, Old: 600.00, New: 563.00
Ex. Slit Width (nm): Changed: 19-Feb-24 12:06:13 PM, Old:5, New:20
Em. Slit Width (nm): Changed: 19-Feb-24 12:06:13 PM, Old:5, New:10
Ave. time (s): Changed: 19-Feb-24 12:06:13 PM, Old:0.10000, New:0.20000
Cycle Time 1 Changed: 19-Feb-24 12:06:13 PM, Old: 0.0000, New: 0.5000
Stop Time 1 Changed: 19-Feb-24 12:06:13 PM, Old: 1.0000, New:90.0000
Emission PMT (V): Changed: 19-Feb-24 12:06:13 PM, Old: 600, New: 700
Wellplate Samples Changed: 19-Feb-24 12:06:13 PM, Old:, New:A9;A10;A11;A12;B9;B10;B11;B12;C9;C10;C11;C12;
Em. Slit Width (nm): Changed: 19-Feb-24 12:07:16 PM, Old:10, New:20
Em. Slit Width (nm): Changed: 19-Feb-24 12:08:04 PM, Old:20, New:10
Em. Slit Width (nm): Changed: 19-Feb-24 12:14:17 PM, Old:10, New:20
End Method Modifications

Sample C12_Ex509_Em563,
Sample C12_Ex509_Em563
Collection Time: 19-Feb-24 12:14:22 PM
Operator Name  :
Kinetics Software Version: 1.2(146)
Parameter List :
Report Time: Mon 19 Feb 12:14:21 PM 2024
Software version: 1.2(146)
Operator:
Instrument Parameters
Instrument                        Cary Eclipse
Instrument Serial Number          MY18160001
Data mode                         Fluorescence
Ex. wavelengths (nm)              509.0000 ; 509.0000
Em. wavelengths (nm)              563.0000 ; 660.0000
Ex. Slit (nm)                     20
Em. Slit (nm)                     20
Averaging Time (s)                0.2000
Cycle time(min)                   0.5000
Stop time(min)                    90.0000
Emission filter                   Open
Excitation Filter                 Auto
PMT voltage (V)                   700
Wellplate                         ON
Plate format                     96 Wells
Read position                    Well centre
Multi-zero                       OFF
Auto-zero                        OFF
Well                            A1
Comments:
Method Log     :
Method Name    : Default
Date/Time stamp: 19-Feb-24 12:03:23 PM
Method Modifications:
Wellplate Overlay Mode Changed: 19-Feb-24 12:03:24 PM, Old:Individual, New:Choice 1
Wellplate Overlay Mode Changed: 19-Feb-24 12:03:24 PM, Old:Overlay all, New:Choice 2
Wellplate Overlay Mode Changed: 19-Feb-24 12:03:24 PM, Old:Overlay rows, New:Choice 3
Wellplate Overlay Mode Changed: 19-Feb-24 12:03:24 PM, Old:Overlay columns, New:Choice 4
Wellplate Overlay Mode Changed: 19-Feb-24 12:03:24 PM, Old:User defined, New:Overlay columns
PMT Volts Changed: 19-Feb-24 12:06:13 PM, Old:600, New:700
Well plate reader Changed: 19-Feb-24 12:06:13 PM, Old:OFF, New:ON
Multiwavelength Changed: 19-Feb-24 12:06:13 PM, Old:OFF, New:ON
Excitation Wavelengths 1 Changed: 19-Feb-24 12:06:13 PM, Old:   350.0000, New:   509.0000
Emission Wavelengths 1 Changed: 19-Feb-24 12:06:13 PM, Old:   450.0000, New:   563.0000
Excitation Wavelengths 2 Changed: 19-Feb-24 12:06:13 PM, Old:   360.0000, New:   509.0000
Emission Wavelengths 2 Changed: 19-Feb-24 12:06:13 PM, Old:   460.0000, New:   660.0000
Excitation Wavelength Changed: 19-Feb-24 12:06:13 PM, Old: 400.00, New: 509.00
Emission Wavelength Changed: 19-Feb-24 12:06:13 PM, Old: 600.00, New: 563.00
Ex. Slit Width (nm): Changed: 19-Feb-24 12:06:13 PM, Old:5, New:20
Em. Slit Width (nm): Changed: 19-Feb-24 12:06:13 PM, Old:5, New:10
Ave. time (s): Changed: 19-Feb-24 12:06:13 PM, Old:0.10000, New:0.20000
Cycle Time 1 Changed: 19-Feb-24 12:06:13 PM, Old: 0.0000, New: 0.5000
Stop Time 1 Changed: 19-Feb-24 12:06:13 PM, Old: 1.0000, New:90.0000
Emission PMT (V): Changed: 19-Feb-24 12:06:13 PM, Old: 600, New: 700
Wellplate Samples Changed: 19-Feb-24 12:06:13 PM, Old:, New:A9;A10;A11;A12;B9;B10;B11;B12;C9;C10;C11;C12;
Em. Slit Width (nm): Changed: 19-Feb-24 12:07:16 PM, Old:10, New:20
Em. Slit Width (nm): Changed: 19-Feb-24 12:08:04 PM, Old:20, New:10
Em. Slit Width (nm): Changed: 19-Feb-24 12:14:17 PM, Old:10, New:20
End Method Modifications

Sample C12_Ex509_Em660,
Sample C12_Ex509_Em660
Collection Time: 19-Feb-24 12:14:22 PM
Operator Name  :
Kinetics Software Version: 1.2(146)
Parameter List :
Report Time: Mon 19 Feb 12:14:21 PM 2024
Software version: 1.2(146)
Operator:
Instrument Parameters
Instrument                        Cary Eclipse
Instrument Serial Number          MY18160001
Data mode                         Fluorescence
Ex. wavelengths (nm)              509.0000 ; 509.0000
Em. wavelengths (nm)              563.0000 ; 660.0000
Ex. Slit (nm)                     20
Em. Slit (nm)                     20
Averaging Time (s)                0.2000
Cycle time(min)                   0.5000
Stop time(min)                    90.0000
Emission filter                   Open
Excitation Filter                 Auto
PMT voltage (V)                   700
Wellplate                         ON
Plate format                     96 Wells
Read position                    Well centre
Multi-zero                       OFF
Auto-zero                        OFF
Well                            A1
Comments:
Method Log     :
Method Name    : Default
Date/Time stamp: 19-Feb-24 12:03:23 PM
Method Modifications:
Wellplate Overlay Mode Changed: 19-Feb-24 12:03:24 PM, Old:Individual, New:Choice 1
Wellplate Overlay Mode Changed: 19-Feb-24 12:03:24 PM, Old:Overlay all, New:Choice 2
Wellplate Overlay Mode Changed: 19-Feb-24 12:03:24 PM, Old:Overlay rows, New:Choice 3
Wellplate Overlay Mode Changed: 19-Feb-24 12:03:24 PM, Old:Overlay columns, New:Choice 4
Wellplate Overlay Mode Changed: 19-Feb-24 12:03:24 PM, Old:User defined, New:Overlay columns
PMT Volts Changed: 19-Feb-24 12:06:13 PM, Old:600, New:700
Well plate reader Changed: 19-Feb-24 12:06:13 PM, Old:OFF, New:ON
Multiwavelength Changed: 19-Feb-24 12:06:13 PM, Old:OFF, New:ON
Excitation Wavelengths 1 Changed: 19-Feb-24 12:06:13 PM, Old:   350.0000, New:   509.0000
Emission Wavelengths 1 Changed: 19-Feb-24 12:06:13 PM, Old:   450.0000, New:   563.0000
Excitation Wavelengths 2 Changed: 19-Feb-24 12:06:13 PM, Old:   360.0000, New:   509.0000
Emission Wavelengths 2 Changed: 19-Feb-24 12:06:13 PM, Old:   460.0000, New:   660.0000
Excitation Wavelength Changed: 19-Feb-24 12:06:13 PM, Old: 400.00, New: 509.00
Emission Wavelength Changed: 19-Feb-24 12:06:13 PM, Old: 600.00, New: 563.00
Ex. Slit Width (nm): Changed: 19-Feb-24 12:06:13 PM, Old:5, New:20
Em. Slit Width (nm): Changed: 19-Feb-24 12:06:13 PM, Old:5, New:10
Ave. time (s): Changed: 19-Feb-24 12:06:13 PM, Old:0.10000, New:0.20000
Cycle Time 1 Changed: 19-Feb-24 12:06:13 PM, Old: 0.0000, New: 0.5000
Stop Time 1 Changed: 19-Feb-24 12:06:13 PM, Old: 1.0000, New:90.0000
Emission PMT (V): Changed: 19-Feb-24 12:06:13 PM, Old: 600, New: 700
Wellplate Samples Changed: 19-Feb-24 12:06:13 PM, Old:, New:A9;A10;A11;A12;B9;B10;B11;B12;C9;C10;C11;C12;
Em. Slit Width (nm): Changed: 19-Feb-24 12:07:16 PM, Old:10, New:20
Em. Slit Width (nm): Changed: 19-Feb-24 12:08:04 PM, Old:20, New:10
Em. Slit Width (nm): Changed: 19-Feb-24 12:14:17 PM, Old:10, New:20
End Method Modifications

