Sample D1_Ex509_Em563,,Sample D1_Ex509_Em660,,Sample D2_Ex509_Em563,,Sample D2_Ex509_Em660,,Sample D3_Ex509_Em563,,Sample D3_Ex509_Em660,,Sample D4_Ex509_Em563,,Sample D4_Ex509_Em660,,Sample E1_Ex509_Em563,,Sample E1_Ex509_Em660,,Sample E2_Ex509_Em563,,Sample E2_Ex509_Em660,,Sample E3_Ex509_Em563,,Sample E3_Ex509_Em660,,Sample E4_Ex509_Em563,,Sample E4_Ex509_Em660,,Sample F1_Ex509_Em563,,Sample F1_Ex509_Em660,,Sample F2_Ex509_Em563,,Sample F2_Ex509_Em660,,Sample F3_Ex509_Em563,,Sample F3_Ex509_Em660,,Sample F4_Ex509_Em563,,Sample F4_Ex509_Em660,,
Time (min),Intensity (a.u.),Time (min),Intensity (a.u.),Time (min),Intensity (a.u.),Time (min),Intensity (a.u.),Time (min),Intensity (a.u.),Time (min),Intensity (a.u.),Time (min),Intensity (a.u.),Time (min),Intensity (a.u.),Time (min),Intensity (a.u.),Time (min),Intensity (a.u.),Time (min),Intensity (a.u.),Time (min),Intensity (a.u.),Time (min),Intensity (a.u.),Time (min),Intensity (a.u.),Time (min),Intensity (a.u.),Time (min),Intensity (a.u.),Time (min),Intensity (a.u.),Time (min),Intensity (a.u.),Time (min),Intensity (a.u.),Time (min),Intensity (a.u.),Time (min),Intensity (a.u.),Time (min),Intensity (a.u.),Time (min),Intensity (a.u.),Time (min),Intensity (a.u.),
0.001666666707,233.0707855,0.008249999955,149.9854889,0.03208333254,304.5863953,0.03870833293,172.3799896,0.06379166991,210.4234924,0.07039583474,145.4632721,0.09408333153,242.0549164,0.1007083356,146.19133,0.2224166691,770.7132568,0.2290416658,55.52927399,0.1915416718,616.7290649,0.1981458366,45.84899902,0.1609166563,642.3413086,0.1675416678,46.81599426,0.1304166615,705.1765747,0.1370416582,50.78765488,0.2582499981,93.87873077,0.2648749948,18.07695007,0.2897500098,81.56242371,0.2963749766,14.82759857,0.3204166591,75.93817139,0.3270416558,14.48176956,0.3505833447,89.02742767,0.3572083414,15.97338867,
0.5016666651,236.9190369,0.5083125234,155.1190491,0.5315416455,339.2348938,0.5382083058,179.4637909,0.5621250272,207.7763824,0.5688124895,144.4287262,0.5924583673,239.2682953,0.5991458297,142.8229675,0.7183125019,776.3522339,0.7249791622,54.96018982,0.6881249547,613.2459717,0.6947916746,45.53594208,0.6567291617,644.2652588,0.663395822,48.17732239,0.6264583468,714.3430176,0.6331250072,52.87017059,0.7542916536,94.68203735,0.760979116,18.55043411,0.7852291465,81.80529022,0.7918958068,14.88043213,0.8152291775,76.1606369,0.8218958378,14.06278229,0.84662503,86.75695801,0.8532916307,16.37720108,
1.001666665,239.5014648,1.008312464,156.2326813,1.031875014,344.2981567,1.038541675,183.9613953,1.061791658,207.307251,1.068458319,144.4356995,1.093041658,240.5790863,1.099708319,149.74646,1.219874978,779.6860962,1.2265625,55.39995193,1.18945837,625.8398438,1.196145892,47.04735565,1.158625007,646.8815918,1.165312409,46.89962006,1.128062487,729.1117554,1.134729147,53.06233978,1.256562591,91.5929184,1.263229132,17.3993206,1.286958337,81.79353333,1.293624997,14.71317482,1.317458391,74.48789978,1.324145913,13.6181221,1.347895861,90.59459686,1.354562521,15.63281536,
1.501666665,236.8483429,1.508312464,153.0048828,1.532458425,342.5635071,1.539145827,184.8866577,1.563312531,203.00354,1.569979191,150.044342,1.594291687,244.2337952,1.600958347,149.3462067,1.722625017,777.7894897,1.729312539,54.63665009,1.692458391,619.5621948,1.699125051,46.53393173,1.660791636,652.3746338,1.667458296,46.63969803,1.63062501,724.7161865,1.63729167,51.08878326,1.759041667,95.11277008,1.765708327,17.7016716,1.790458322,80.20426178,1.797124982,14.79228306,1.820458293,75.26566315,1.827125072,14.19812489,1.851645827,87.21762848,1.858312488,15.22076988,
2.001666546,237.1758881,2.008312464,161.2423859,2.03262496,334.5939636,2.03929162,184.09021,2.063229084,205.0127563,2.069895744,150.0252228,2.093958378,237.3536224,2.100625038,152.9043274,2.220395803,780.2913208,2.227062464,54.46629333,2.190124989,637.1932373,2.196791649,46.09410477,2.15979147,634.0823364,2.166458368,47.76760101,2.128645897,744.2414551,2.135312319,52.43278122,2.254145861,94.58547211,2.260812283,17.77203941,2.284958363,82.97098541,2.291645765,15.21161366,2.316124916,77.04158783,2.322791576,14.32216167,2.346895933,87.90608215,2.353562355,15.65342617,
2.501666784,234.1784363,2.508312464,164.2337494,2.531895876,338.6625671,2.538562536,187.3219299,2.562479258,203.4769287,2.569145679,153.5159454,2.593124866,245.0036163,2.599791765,150.9380951,2.720625162,786.0234985,2.727312565,56.30253601,2.689895868,628.2463379,2.696562529,46.41698456,2.658645868,665.3134766,2.665312529,47.88899612,2.628291607,725.9447632,2.634979248,52.666996,2.757145882,92.73296356,2.763812542,17.71375275,2.787958384,81.21738434,2.794646025,14.25781155,2.818458319,74.9285965,2.825145721,13.875741,2.84881258,89.51064301,2.85547924,15.76351166,
3.001666784,236.3270264,3.008312464,166.6159515,3.031291723,336.1221619,3.037979126,185.2273254,3.062312603,206.2844238,3.068979025,152.2157898,3.092958212,244.9718323,3.099624872,153.9899597,3.219645977,792.0623779,3.226312399,56.84922409,3.189145803,637.3696899,3.195812464,47.32485962,3.158062458,648.7086792,3.164729118,47.46303558,3.127791643,706.4290161,3.134458303,53.2820282,3.255479097,92.2504425,3.262145758,18.32394791,3.286124945,81.68923187,3.292812586,14.60990906,3.317229271,76.09936523,3.323895693,14.01608562,3.34764576,87.37034607,3.35431242,15.46995544,
3.501666784,241.1743317,3.508312464,164.9584961,3.53262496,334.8547668,3.53929162,184.5731049,3.562958241,203.2765045,3.569625139,155.4819641,3.593291759,245.7579193,3.599958181,153.3550568,3.719062567,783.9237671,3.725729227,55.88317871,3.688812494,635.9164429,3.695479155,46.83224869,3.65762496,656.484314,3.66429162,47.91188431,3.627562523,734.5453491,3.634229183,52.41440201,3.754041433,93.06616974,3.760708332,17.9796505,3.784458399,81.89535522,3.791125059,14.73946953,3.815062523,75.38297272,3.821729183,14.05323505,3.845791578,87.84918976,3.852478981,16.42412758,
4.001666546,237.1043396,4.008312702,166.7573395,4.032124996,338.0484924,4.038791656,183.3307037,4.062791824,204.5014648,4.069458485,158.0160065,4.092625141,247.4604492,4.099312782,157.093811,4.220458031,766.1518555,4.227125168,55.13949966,4.18945837,642.7113647,4.196146011,46.60660553,4.159458637,655.6324463,4.166124821,46.69028473,4.1284585,728.6340942,4.135145664,51.50407791,4.254458427,94.87294006,4.261125088,17.77209854,4.284458637,80.43039703,4.291124821,14.89613628,4.315124989,75.50449371,4.321791649,14.18459034,4.344958305,86.45223999,4.351645947,16.31669998,
4.501666546,233.755661,4.508312702,168.1149902,4.532958508,336.3877258,4.539625168,184.5440521,4.562791348,201.2983704,4.569458485,153.6398163,4.593625069,250.8855743,4.600291252,156.1708984,4.720458508,770.2886353,4.727125168,54.7419281,4.690458298,627.5726318,4.697125435,46.34926224,4.659458637,638.4294434,4.666124821,47.60945129,4.629457951,731.0656128,4.636125088,51.34197235,4.756124973,92.37020111,4.762812138,18.05109787,4.786958218,80.20679474,4.793624878,15.34751129,4.816792011,74.3548584,4.823479176,14.18661594,4.847791672,88.11578369,4.854458332,15.32078457,
5.001666546,237.7111206,5.008312702,167.3308716,5.031624794,337.7842712,5.038291454,185.4226532,5.062458515,203.3166656,5.069124699,156.3244629,5.092458248,248.8547211,5.099145889,156.2344666,5.220124722,777.6793213,5.226791859,55.64970016,5.18945837,637.9327393,5.196124554,46.84475327,5.159458637,660.675415,5.166124821,46.97184372,5.128458023,721.5339966,5.135146141,52.57065582,5.253791809,94.2325058,5.260458469,18.06940651,5.284625053,80.56913757,5.291291714,14.7967968,5.31445837,74.6210556,5.321124554,14.18026352,5.345458508,89.66675568,5.352125168,15.74578285,
5.501666546,238.6703644,5.508312702,166.4166565,5.53195858,335.8046265,5.53862524,187.1655579,5.561958313,205.8908539,5.568624973,155.8957825,5.591958046,248.4436951,5.598646164,155.7333679,5.719291687,781.597229,5.725958347,55.01226425,5.68945837,641.1367798,5.696124554,47.09775925,5.658791542,658.1973877,5.665458202,46.72995758,5.627791882,720.5230713,5.634458542,51.18460846,5.755291939,91.83456421,5.761958122,17.89385605,5.786291599,81.14904022,5.792958736,14.72394848,5.816124916,75.80665588,5.822791576,14.65180302,5.847125053,87.85591125,5.853791714,16.12881851,
6.001666546,236.0101013,6.008312702,168.89151,6.032624722,340.774231,6.039291859,188.5510712,6.062624931,205.2233582,6.069291592,155.7553558,6.092458248,251.4402924,6.099125385,157.7893524,6.219958305,773.4244995,6.226624966,55.47774506,6.190124989,626.5200195,6.196791649,47.75322342,6.159291744,647.6224976,6.165957928,47.54460907,6.128291607,725.3580933,6.134958267,51.52069092,6.255958557,93.82984924,6.262625217,17.28088951,6.28595829,79.41265869,6.29262495,14.82352066,6.316957951,74.13864899,6.323625088,13.32213211,6.346958637,87.59588623,6.353624821,15.44894981,
6.501666546,236.6237946,6.508312702,168.8756714,6.532624722,338.8938599,6.539291859,189.1729279,6.563458443,202.0729065,6.570124626,157.5933075,6.593291759,251.3435822,6.59995842,159.5392151,6.720958233,778.710022,6.727624893,56.82365036,6.689958096,649.0673828,6.696624756,46.36352921,6.659124851,637.911438,6.665791988,47.8562088,6.629125118,727.1664429,6.635791302,51.75975037,6.755958557,92.748909,6.762646198,17.40844154,6.786958218,80.73739624,6.793624878,14.51211262,6.816957951,76.02579498,6.823625088,14.25274181,6.847958565,87.63332367,6.854624748,16.27543449,
7.001666546,243.4076385,7.008312702,166.1473846,7.031458378,335.2633972,7.038083553,186.9121704,7.062458515,203.993454,7.069124699,153.6485138,7.092458248,255.2178192,7.099125385,156.7612762,7.220291615,779.6798096,7.226958275,55.77051163,7.18945837,637.8204956,7.196124554,46.17946243,7.158458233,634.8334961,7.165124893,47.71902847,7.128458023,727.3079834,7.13512516,52.31123352,7.256291866,94.9730072,7.26295805,17.69753075,7.287291527,82.27279663,7.293958664,14.81861305,7.317291737,74.97155762,7.323958397,13.30965137,7.348291397,87.25527954,7.354958057,15.98975277,
7.501666546,245.8696442,7.508312702,171.4304047,7.533124924,342.1742859,7.539792061,185.9180756,7.564125061,204.4376373,7.570791721,156.1981506,7.594124794,261.9962158,7.600791454,156.5167389,7.720124722,784.7785645,7.726791859,55.36774063,7.689125061,635.012146,7.695812702,46.44953537,7.659124851,662.7109375,7.665791988,47.31700897,7.628125191,717.9709473,7.634791374,51.16653061,7.756124973,92.04329681,7.762791634,18.05138779,7.786125183,81.40678406,7.792791843,14.73510361,7.816124916,76.31978607,7.822791576,13.46881104,7.847125053,87.18351746,7.853791714,16.03019142,
8.001667023,244.6655426,8.008312225,171.4341125,8.033124924,341.896759,8.039792061,181.9062805,8.063124657,204.687027,8.069791794,155.9781799,8.093958855,259.0119629,8.100625038,157.1739807,8.221291542,762.6773682,8.227957726,54.67695236,8.190458298,643.1854248,8.197125435,46.41836166,8.160458565,644.1831665,8.167124748,46.99689102,8.129958153,723.0350952,8.13662529,52.56235123,8.256958961,90.73010254,8.263625145,18.27903557,8.286958694,80.68249512,8.293624878,15.11524105,8.317958832,77.49186707,8.324625015,14.5582943,8.347958565,87.39443207,8.354624748,15.96482468,
8.501667023,244.5964813,8.508312225,172.8094177,8.532458305,340.2153015,8.539124489,183.1791229,8.562458038,206.1248322,8.569125175,159.0666962,8.593291283,256.1787109,8.59995842,159.4615936,8.719125748,776.7397461,8.725790977,55.72467804,8.689291,635.8625488,8.695958138,45.87945557,8.659313202,640.5546875,8.665979385,47.02738953,8.628292084,702.776001,8.634958267,50.37717438,8.754958153,91.44924164,8.761645317,17.31435204,8.78595829,80.71911621,8.792624474,14.63326931,8.815958977,77.86782837,8.82262516,13.53002739,8.84695816,86.30917358,8.853625298,16.25593948,
9.001666069,250.5327454,9.008333206,171.0040131,9.032124519,335.6366882,9.038791656,185.0219879,9.061959267,204.5144806,9.068624496,155.2846069,9.092791557,261.4078674,9.099458694,157.7126617,9.219624519,768.8145142,9.226291656,54.48916245,9.189624786,647.0758057,9.196291924,47.17286682,9.159791946,656.6676636,9.166479111,47.78636932,9.128790855,712.9226685,9.135457993,52.93035889,9.25362587,92.71102142,9.2602911,17.96367073,9.283625603,82.13412476,9.290291786,14.48472118,9.314624786,76.31332397,9.321312904,13.62419128,9.344457626,87.41226196,9.351145744,16.10482407,
9.501666069,246.631546,9.508333206,174.9741516,9.531812668,335.9925537,9.538479805,183.6872864,9.562624931,205.068222,9.569291115,155.7359314,9.593458176,265.2533264,9.600125313,160.4202271,9.719624519,773.5788574,9.726291656,54.60501099,9.689791679,643.3948975,9.696457863,45.65555191,9.659124374,660.1896362,9.665791512,47.60034943,9.629124641,717.5640259,9.635791779,51.3807373,9.75362587,92.46201324,9.7602911,17.89910507,9.784291267,80.55316162,9.790958405,14.57062054,9.814291,75.29629517,9.820958138,14.06149101,9.844290733,88.02162933,9.850979805,16.30101585,
10.00166607,253.140625,10.00831318,172.8815918,10.03162575,340.4512329,10.03831291,185.0245056,10.06262493,203.0747375,10.06929111,157.6562042,10.09329128,266.4703369,10.09995842,159.8834991,10.21745777,777.4521484,10.22412491,55.64170456,10.18779182,637.7182617,10.19445801,46.97519302,10.15779209,654.8783569,10.16445827,47.36593628,10.12695789,717.0288086,10.13362503,52.64992142,10.25329208,94.41470337,10.25995827,17.23113251,10.28412437,80.66264343,10.29079151,14.7936306,10.31412411,77.45206451,10.32079124,14.62413216,10.34412575,86.8540802,10.35081291,16.40212631,
10.50166607,251.7718353,10.50831318,172.465332,10.53345871,336.4264221,10.54012489,180.848175,10.56345844,202.6375732,10.57012558,158.0413666,10.59445763,264.4777832,10.60112476,157.0834808,10.72045803,772.3139648,10.7271452,55.94789505,10.6904583,641.7570801,10.69712543,46.18213272,10.66045856,654.9884033,10.6671257,47.17223358,10.62945843,723.1118774,10.63614559,51.23903656,10.75645828,93.13488007,10.76312447,18.2022953,10.78645802,81.76171112,10.79312515,14.84863091,10.81745815,75.34139252,10.82414532,14.11829376,10.84829235,88.30485535,10.85495853,15.95425606,
11.00166607,250.6758575,11.00831318,171.7710114,11.03195763,339.1509094,11.03862476,181.9607086,11.06195927,209.5813599,11.06864643,153.7480927,11.09295845,267.337738,11.09962463,155.1206207,11.21962452,772.1494141,11.22629166,55.02631378,11.18979168,636.8370361,11.19645786,47.04921722,11.1587925,647.6962891,11.16545773,47.53265762,11.12895775,730.5806274,11.13562489,53.05352783,11.25362587,94.54846954,11.2602911,18.16410255,11.2836256,80.02524567,11.29031277,14.46225929,11.31445789,77.31867218,11.32112503,14.47722912,11.34445763,87.17206573,11.35112476,16.52775002,
11.50166607,250.2545776,11.50831318,174.0569305,11.5326252,338.8421631,11.53931236,178.2057343,11.56345844,207.2947693,11.57012558,154.8212585,11.59329128,274.2121277,11.59995842,155.1285248,11.71962452,780.1051636,11.72629166,53.40348053,11.68979168,632.394104,11.69645786,47.93660736,11.65979195,643.6707764,11.66645813,47.49399185,11.62895775,717.7192383,11.63562489,51.7290802,11.75345898,93.16452026,11.76012516,18.11211395,11.78329182,79.69049835,11.78997898,15.05702209,11.814291,76.35145569,11.82095814,14.01518154,11.84429073,87.81530762,11.85095787,16.79265404,
12.00166607,259.3198853,12.00831318,170.339859,12.03279209,338.1191711,12.03947926,182.9008179,12.06362534,208.2891235,12.07029247,155.2390594,12.09345818,274.6150818,12.10014534,156.7201385,12.22062492,758.4661865,12.22731209,55.90605545,12.19062519,629.0046387,12.19729233,46.93044662,12.15979195,646.9296265,12.16645813,46.47200012,12.12995815,710.2310181,12.13662529,53.02359772,12.25645828,93.64346313,12.2631464,18.04250908,12.28745842,81.8283844,12.29412556,14.73285866,12.31812572,74.17176819,12.32479191,14.07583904,12.34812546,87.14820862,12.35479164,16.38077164,
12.50166607,255.1485901,12.50831318,169.4954834,12.53164577,337.3127441,12.53831291,181.1634064,12.56245804,210.9610138,12.56912518,159.0424042,12.59320927,273.8615417,12.5998745,155.521637,12.71879196,761.4541016,12.7254591,54.49544525,12.68779182,633.0057373,12.69445801,46.51224518,12.65764523,648.2148438,12.66431236,45.17790604,12.6270628,722.4933472,12.63372898,51.26833725,12.75362587,93.67966461,12.7602911,17.63388062,12.78412437,79.42703247,12.79079151,14.82555389,12.81447983,76.12519073,12.82112503,14.68900394,12.84522915,87.75691223,12.85189629,16.24657822,
13.00166607,259.1497192,13.00831318,172.8674164,13.03222942,340.3466187,13.03889561,182.548233,13.06222916,202.8498535,13.06889534,154.955658,13.09354115,272.1212769,13.10020828,156.2837677,13.22279167,767.2339478,13.22947884,55.68005371,13.19145775,642.2167358,13.19812489,46.71458435,13.16114616,650.9498901,13.16781235,46.75120163,13.13006306,711.9439087,13.13672924,50.59869385,13.25916672,92.32386017,13.26581192,18.01914978,13.28929138,80.23999786,13.29595852,14.40352154,13.32054138,75.00218964,13.32720852,14.3245306,13.35131264,87.15943146,13.35797977,16.31031227,
13.50166607,257.1992493,13.50831318,171.5265045,13.53179073,339.4124756,13.53845787,180.4856873,13.56229115,204.1760712,13.56895828,155.3081055,13.59329128,276.6508179,13.59995842,159.9748383,13.71995831,764.6907349,13.72662449,55.00281906,13.68845844,635.1743774,13.69512558,47.56744385,13.65772915,652.423584,13.66439629,47.00918198,13.6277914,715.4639282,13.63445854,51.90078354,13.75529194,91.92416382,13.76195908,18.56368828,13.78645802,79.20217896,13.79312515,15.02303982,13.81681252,75.22771454,13.82347965,14.61359406,13.84745789,88.1197052,13.85412502,16.00233078,
14.00166607,257.0243225,14.00831318,170.6519318,14.03145885,336.9221191,14.03812504,183.0872803,14.06245804,207.3184204,14.06912518,156.6222534,14.09329128,280.567749,14.09995842,157.953186,14.22045803,769.4543457,14.22712517,54.89819336,14.19006252,623.1038208,14.19672966,46.75231934,14.15962505,650.2758789,14.16629124,47.28423309,14.1277914,712.2491455,14.13445854,52.04053497,14.2561245,93.78897858,14.26279163,17.8004818,14.28689575,79.87684631,14.29356289,14.65100002,14.31781197,75.20988464,14.3244791,14.20832062,14.34839535,87.95890045,14.35506248,15.92746544,
14.50166607,263.9044495,14.50831318,171.3589935,14.53270912,335.6026611,14.53937435,179.5915985,14.56312466,206.3610229,14.56979179,155.1338959,14.5930624,283.7965393,14.59972954,154.9768677,14.72131252,775.1514893,14.72797966,54.43556595,14.69062519,628.0689697,14.69729233,46.95905304,14.65995789,635.1793213,14.66662502,47.64099503,14.62912464,710.7885132,14.63579178,52.32335663,14.75747871,92.28746033,14.76414585,18.62622833,14.78814602,80.31798553,14.7948122,15.06294823,14.81864643,76.93067932,14.82531261,13.92325497,14.848979,86.52893066,14.85564613,16.05379105,
15.00166607,267.3325806,15.00831318,172.5225372,15.03212452,334.2510681,15.03879166,180.2772827,15.06329155,207.9206543,15.06995869,152.7476654,15.09389591,279.0062256,15.1005621,157.4623108,15.22095871,763.7606201,15.22764587,54.96379089,15.19037437,632.890564,15.19704151,47.10621262,15.15945816,632.0452881,15.1661253,46.75477219,15.12979126,721.6845093,15.1364584,51.55412292,15.2572298,91.47581482,15.26389599,18.49710464,15.28779221,79.83982849,15.29445839,14.79567623,15.31789589,75.50845337,15.32456303,13.82797337,15.34822941,87.06607056,15.35489559,15.61770725,
15.50166607,268.6418457,15.50831318,173.121521,15.53264523,339.5224915,15.53931236,182.381546,15.56329155,209.5017548,15.56995869,154.9188232,15.59331226,285.6616821,15.5999794,157.1960144,15.71979141,771.2641602,15.72645855,54.18306732,15.689291,620.6616211,15.69597912,46.47037888,15.65845871,643.5502319,15.66512489,46.41026306,15.62739563,721.7573853,15.63406277,51.66407394,15.7561245,93.07720947,15.76279163,17.80648041,15.78664589,79.1624527,15.79331303,14.84730244,15.81729126,75.06767273,15.8239584,13.70919514,15.84806252,87.14165497,15.85472965,16.52676773,
16.00166702,271.0038757,16.00831223,170.0641022,16.03279305,335.1378479,16.03948021,178.720047,16.06362534,211.4319153,16.0703125,155.3039093,16.09445763,289.3503418,16.10112572,156.8972015,16.21947861,770.4332275,16.22614479,55.10042572,16.18979263,634.076355,16.19645882,47.39214706,16.15912437,654.7987061,16.16579247,46.63461304,16.12937546,715.1912842,16.13604164,51.88570786,16.25312424,92.42751312,16.25981331,17.04916191,16.28389549,81.2069931,16.29058266,15.02292156,16.31464577,74.60124207,16.32131195,14.22329235,16.34479141,87.88265228,16.3514595,16.16630173,
16.50166702,267.3001709,16.50831223,168.9104309,16.53131294,340.5424194,16.53797913,180.5290375,16.56281281,211.1007843,16.56947899,149.8932037,16.5931263,290.2000122,16.59979057,152.4992828,16.7201252,773.7455444,16.72681236,53.34068298,16.68997955,631.24646,16.69664574,46.12992477,16.65962601,638.390686,16.66629219,46.40987396,16.62862587,720.7588501,16.63529205,52.61274719,16.75562477,92.7197113,16.76231194,18.40953064,16.78639603,81.63620758,16.79308319,14.88837242,16.81679153,74.61051178,16.8234787,14.22593403,16.84745789,88.54211426,16.85414696,16.47840881,
17.00166702,269.789093,17.00831223,171.114151,17.03245926,336.3149414,17.03912544,177.4306946,17.0627079,210.6495972,17.06937408,150.9080505,17.09262466,288.2192078,17.09929276,160.0665131,17.21995926,785.8842773,17.22662544,55.32419586,17.18979073,629.3580933,17.19645882,46.32440948,17.15847969,639.1556396,17.16514397,48.03351593,17.12864494,707.9277954,17.13531303,51.02574539,17.25545883,92.94052887,17.26212502,17.95779419,17.28595734,80.88576508,17.29262543,15.22383595,17.31639671,75.98976898,17.3230629,14.19807243,17.34714508,88.47077179,17.35381317,16.52295685,
17.50166702,276.0952759,17.50831223,174.5621338,17.53229141,337.5035706,17.5389595,175.3626862,17.56212616,210.3840485,17.56879044,151.8579407,17.59264565,295.1963501,17.59931183,155.0003662,17.71920776,764.2390137,17.72587395,55.27874756,17.68937492,636.9483032,17.69604111,46.03699112,17.65922928,648.1452026,17.66589546,45.27667236,17.62845802,718.8720093,17.63512611,51.55796432,17.75545883,92.59405518,17.76212502,17.73619461,17.78595734,81.62773895,17.79262543,14.60280037,17.81629181,74.2904892,17.82295799,14.03260899,17.84729195,88.61597443,17.85396004,16.29621124,
18.00166702,271.6060486,18.00831223,173.4383545,18.0326252,332.1939087,18.03929329,175.6283264,18.06237602,207.9814148,18.0690403,151.4361572,18.0939579,298.0697632,18.10062408,157.7673798,18.21912384,766.7993774,18.22579193,54.93011475,18.18881226,628.298584,18.19547844,46.43403625,18.15839577,645.37146,18.16506386,47.76195526,18.12822914,704.8729248,18.13489532,49.78994751,18.25529099,91.10401154,18.26198006,18.02351189,18.28656197,82.46047974,18.29323006,15.00096035,18.31612587,73.97444916,18.32279205,14.32784748,18.34664536,88.04959869,18.35331154,16.17980003,
18.50166702,280.071228,18.50831223,173.7884979,18.53329277,331.2272949,18.53995705,176.4820709,18.56331253,209.6866455,18.56997871,151.3574677,18.59414673,304.1585083,18.600811,157.9387512,18.72139549,766.4879761,18.72806168,55.4560318,18.69079208,626.0755005,18.69745827,47.00136948,18.66012573,642.5733032,18.66679001,46.45451736,18.62956429,716.9707642,18.63622856,51.57468414,18.75689507,92.65759277,18.76356125,18.06649399,18.78829193,80.01544952,18.79495811,14.50728798,18.81831169,75.85701752,18.82497978,13.90854263,18.84895897,86.17419434,18.85564613,15.98597336,
19.00166702,284.0296936,19.00831223,172.2121582,19.03212547,334.2798157,19.03881264,175.2195892,19.06329155,212.6522369,19.06995773,152.3177338,19.09362602,302.8583069,19.1002903,156.0938416,19.22131348,775.7052002,19.22797775,55.38315582,19.19014549,636.5505981,19.19681168,46.95810699,19.16062355,645.3952637,19.16729164,47.40280151,19.1291256,714.5001831,19.13581276,52.22137833,19.25747871,94.6854248,19.2641468,17.36598969,19.2877903,80.89142609,19.29445839,14.57055569,19.31797981,75.59284973,19.324646,14.47223949,19.34945869,87.99996185,19.35612679,16.04904747,
19.50166702,287.2516479,19.50831223,169.8231201,19.5314579,334.3965149,19.53814507,175.822052,19.56189537,210.2786865,19.56856346,151.1509247,19.59281158,302.6137695,19.59947968,156.3861389,19.71947861,769.1242676,19.72614479,54.1673317,19.68895912,638.1332397,19.69562531,47.77200317,19.65879059,663.8724365,19.66547775,47.13058472,19.6279583,731.9342041,19.63462448,51.47032166,19.75614548,91.97324371,19.76281357,18.40130806,19.78595734,81.20171356,19.79262543,14.53368092,19.81645966,75.67450714,19.82312393,14.08380127,19.84662437,88.61804199,19.85329247,15.99249077,
20.00166702,289.0557861,20.00831223,171.3929443,20.03181076,332.0061646,20.03847885,173.1909485,20.0631237,209.7280121,20.06979179,149.0215302,20.09295845,303.9291077,20.09962654,155.095932,20.21906281,762.5775757,20.22572899,56.09821701,20.18889618,628.5646362,20.19556236,46.6554451,20.15895844,650.7960815,20.16562462,47.19015503,20.12845802,700.0255127,20.13512611,52.07770538,20.25545883,90.15623474,20.26212502,17.74174309,20.28581429,79.13382721,20.29247856,14.82963181,20.31612587,75.31066895,20.32281303,14.61964703,20.34645844,87.90541077,20.35312462,16.14550972,
20.50166702,292.6394043,20.50831223,171.1697235,20.53179169,332.6879578,20.53845787,173.6740112,20.56247902,213.2384033,20.56914711,152.7069855,20.59279251,309.7896729,20.59945869,157.9479218,20.71945763,760.6306763,20.72612572,53.09309006,20.68956375,640.7614136,20.69622993,46.86207199,20.65879059,649.3223267,20.66545868,46.48042297,20.62831306,704.7242432,20.63497925,51.07658768,20.75579262,89.97373199,20.7624588,17.25198364,20.78656197,78.6015625,20.79323006,14.80321884,20.81647873,76.06018829,20.82314682,14.81276321,20.84781265,87.62282562,20.85448074,16.3784771,
21.00166702,295.6889038,21.00831223,171.1212769,21.0326252,333.0427856,21.03929329,173.6852417,21.0631237,208.2010803,21.06979179,148.8210907,21.09389687,307.2452393,21.10056114,155.713089,21.22097969,740.3731079,21.22764397,52.56985855,21.19056129,635.7428589,21.19722939,46.18061829,21.16020966,657.6100464,21.16687393,47.35830307,21.12972832,711.1570435,21.1363945,50.65276718,21.25597954,94.36470032,21.26264572,17.66049576,21.28664589,80.18434143,21.29331207,15.15111446,21.31645966,75.80915833,21.32312393,13.83902836,21.34689522,87.44882202,21.35356331,15.9902668,
21.50166702,297.3717957,21.50831223,173.759552,21.53212547,328.4117432,21.53879166,172.3348236,21.56222916,210.2656097,21.56889725,153.1337738,21.59279251,311.9498291,21.59945869,156.7462158,21.72029305,755.9746094,21.72695923,53.68418884,21.6904583,635.8070679,21.69712448,46.53785706,21.65964508,652.28479,21.66631317,45.49884415,21.62937355,710.9191284,21.63604164,52.02829361,21.75581169,92.15383148,21.76247978,17.17602921,21.78662491,81.26641083,21.793293,14.62258625,21.81612587,75.69593811,21.82281303,14.01175022,21.84689522,85.74763489,21.85356331,16.11401749,
22.00166702,294.2008667,22.00831223,171.4536743,22.03129005,330.3644409,22.03795815,170.9796295,22.06306076,208.1192322,22.06972885,150.3773499,22.09264565,311.6915894,22.09931183,158.783905,22.22195816,770.3779297,22.22864532,54.62214279,22.19081306,635.1962891,22.19747925,45.96869278,22.15947914,635.9486084,22.16614532,47.1888237,22.13022804,710.2437134,22.13689613,51.30132675,22.25829315,91.84766388,22.26495743,18.6016922,22.28889656,80.26676941,22.29556274,14.61480713,22.31923103,74.06141663,22.32589531,13.68101215,22.34995842,86.84857941,22.3566246,15.78495502,
22.50166702,295.0280457,22.50831223,170.8566132,22.53089523,327.6069336,22.53756332,171.2862091,22.56120872,211.481369,22.56787491,149.6108093,22.59195709,317.4822083,22.59862518,155.409256,22.72062492,764.5137939,22.72729111,53.65211105,22.68979073,628.4108276,22.69645882,46.56311035,22.65931129,653.2299805,22.66597939,46.75712967,22.62814522,711.203125,22.63481331,50.59100342,22.75697899,91.29742432,22.76364517,17.94719124,22.78681183,79.43983459,22.79347992,15.40090275,22.81679153,75.798172,22.82345772,13.71616173,22.84762573,86.56728363,22.85429001,15.78585815,
23.00166702,302.4580383,23.00831223,172.3202667,23.031147,328.2595215,23.03781319,172.8137054,23.06231308,215.1594543,23.06897926,150.1337585,23.09289551,316.0107117,23.09956169,156.804718,23.21997833,767.2821045,23.22664642,53.71172333,23.18945885,628.8671875,23.19612503,46.72478104,23.15929222,647.2636108,23.1659584,46.88505936,23.12845802,716.4263306,23.13512611,52.46918869,23.25448036,92.3509903,23.26114464,17.45885277,23.28422928,79.78205872,23.29089546,14.61204243,23.31572914,74.86256409,23.32239532,13.65143776,23.34647751,87.21696472,23.3531456,15.96520615,
23.50166702,302.5375671,23.50831223,170.6998901,23.53212547,326.441925,23.53881264,172.6072998,23.5631237,214.199585,23.56979179,150.607132,23.59339523,321.1107483,23.60006332,157.3708038,23.71945763,785.9847412,23.72612572,53.45441437,23.68931198,631.5426636,23.69598007,46.27954102,23.65862465,636.3499146,23.66529083,45.65158844,23.62822914,706.6098633,23.63489532,51.16035461,23.75512505,92.55714417,23.76181221,17.4505043,23.7857914,81.4465332,23.79245758,14.9944458,23.8166256,74.98140717,23.82329178,14.1932621,23.84762573,88.22829437,23.8543129,15.41501904,
24.00166702,300.6572571,24.00831223,172.9853058,24.03162384,328.4216614,24.03829193,171.4608307,24.06179237,209.1953735,24.06847954,152.7153625,24.09281158,319.5083313,24.09947968,154.1640472,24.2209568,762.0307617,24.22762489,55.74094391,24.19062424,626.5757446,24.19729233,46.47798157,24.16020966,649.4249268,24.16687393,46.25614548,24.12945747,713.352356,24.13612556,50.06435394,24.25712395,93.34016418,24.26381302,18.73782921,24.28712654,81.0917511,24.29381371,15.0712347,24.31762505,76.1428299,24.32429123,13.91939354,24.34714508,87.6114502,24.35381317,16.06476974,
24.50166702,309.8542786,24.50831223,174.9836884,24.53256226,324.7002563,24.53924942,171.7465515,24.56379128,210.5394897,24.57045937,146.2362366,24.59347916,324.7788391,24.60014725,156.1999207,24.72154045,762.4025269,24.72820854,54.90316391,24.69095802,627.5689087,24.69762611,45.64587402,24.66014671,633.3356323,24.6668129,47.21087265,24.62972832,700.8574219,24.6363945,51.02607727,24.75729179,93.2205658,24.76397896,17.62737083,24.78862572,77.52168274,24.7952919,14.98825169,24.81914711,75.75708771,24.82581139,14.11490345,24.84929276,89.41022491,24.85597992,16.19887352,
25.00166702,312.574707,25.00831223,171.1979828,25.03197861,330.4649353,25.03864479,169.3803558,25.06314468,216.234375,25.06981277,153.1439972,25.0939579,327.3751221,25.10062408,157.1952057,25.22079277,768.2072754,25.22747993,54.76824188,25.1904583,618.5498047,25.19712448,46.48674011,25.16064644,631.9337158,25.16731071,46.15529251,25.1300621,706.8380127,25.13672829,50.7412262,25.25545883,93.89447784,25.262146,17.23707008,25.2854805,80.42002869,25.29214668,14.40559959,25.3166256,75.15781403,25.32331276,14.31732559,25.34645844,86.33835602,25.35312462,16.19543076,
25.50166702,312.2921143,25.50831223,169.9559021,25.53229141,322.1406555,25.5389595,169.463974,25.56245995,210.8307037,25.56912422,150.1606903,25.59297943,322.3398743,25.59964561,153.1887817,25.72062492,758.7296753,25.727314,53.06585312,25.69029045,620.0021973,25.69695854,46.26118469,25.65929222,646.4910889,25.66597939,46.55258942,25.62879181,710.8685303,25.63545799,51.82640076,25.75545883,93.20411682,25.76212502,18.19794083,25.78531265,80.49311829,25.79198074,14.31007957,25.81679153,76.00570679,25.82345772,14.13576412,25.84697914,87.01663208,25.85364532,15.66803646,
26.00166702,312.7187195,26.00831223,172.2898254,26.03281212,319.6028748,26.03948021,169.1045074,26.06264687,214.2291107,26.06931114,150.6018066,26.09297943,325.6094666,26.09964561,154.9112396,26.21979141,775.0599365,26.2264595,53.66675949,26.18945885,628.6533813,26.19614601,46.78614807,26.15862465,632.27948,26.16529083,45.4637146,26.12881279,708.6228027,26.13547897,50.76417923,26.2561264,92.9726944,26.26279068,18.1382103,26.28556252,80.74628448,26.29224968,15.49265862,26.31656265,75.26415253,26.32323074,13.54449463,26.34695816,88.91853333,26.35362625,15.60247898,
26.50166702,317.0654602,26.50831223,167.1557617,26.53181076,325.0029602,26.53847885,168.1467743,26.56329155,210.2260742,26.56995773,145.7785492,26.59329224,325.1078491,26.5999794,153.552002,26.72104073,760.5894165,26.72770882,55.6781311,26.69112587,631.3067627,26.69779205,46.50857162,26.65995979,646.4545898,26.66664696,47.40307999,26.62979126,700.9142456,26.63645744,51.66122055,26.75595856,93.62236023,26.76262474,18.59669495,26.78629112,81.12677765,26.79295921,14.88002968,26.81647873,74.77288818,26.82314682,14.30608749,26.84629059,87.39866638,26.85295868,16.63556862,
27.00166702,317.9108582,27.00831223,172.5378571,27.03279305,322.8384705,27.03945923,171.0989685,27.06314468,211.6980743,27.06981277,148.2651825,27.09345818,333.6875916,27.10012436,152.1924286,27.2209568,773.1657104,27.22764397,55.18805695,27.19062424,632.7460938,27.19729233,46.39189529,27.16012573,649.019165,27.16679001,46.35793686,27.1291256,701.8348999,27.13581276,50.97668076,27.25812531,93.74173737,27.26479149,19.16543579,27.28822899,80.64772797,27.29489517,14.89541912,27.31879044,74.56501007,27.32545853,14.34011936,27.35031319,85.48014069,27.35697746,16.17203331,
27.50166702,316.3461914,27.50831223,175.3405762,27.53181076,322.2338867,27.53847885,167.6470184,27.56245995,212.8845825,27.56912422,151.9472961,27.59281158,334.6492615,27.59947968,153.7947845,27.72070885,761.4691772,27.72737503,55.28299713,27.69014549,622.5361938,27.69681168,45.83440399,27.65945816,640.1410522,27.66614532,46.47682953,27.62879181,696.0689697,27.63545799,50.80440521,27.75712395,94.43343353,27.76379204,18.01781464,27.7877903,80.19699097,27.79445839,14.61363125,27.81789589,74.6967392,27.82456207,14.65426826,27.84845734,86.61598969,27.85512543,16.49182129,
28.00166702,326.7242432,28.00831223,167.9714355,28.03197861,318.9650879,28.03864479,166.5832062,28.06247902,214.4085541,28.06914711,145.7826385,28.09295845,331.2333374,28.09962654,155.7833557,28.21979141,758.3983765,28.2264595,53.14232254,28.18922997,619.3789673,28.19589615,45.07012177,28.15864754,644.4558105,28.16531181,47.12967682,28.12897873,694.427002,28.13564682,52.61627197,28.25620842,93.20391846,28.2628746,18.06693649,28.28595734,78.85934448,28.29262543,14.60767937,28.31645966,75.51390076,28.32312393,14.06852722,28.34679222,87.78764343,28.35347939,16.35164642,
28.50166702,328.9383545,28.50831223,166.2445679,28.53197861,320.5212402,28.53864479,167.8465729,28.56262398,207.3126221,28.56929207,147.0907593,28.59295845,340.7176208,28.59962654,154.0473328,28.71970749,761.2835083,28.72637558,56.043396,28.68920898,633.9676514,28.69587326,45.58062363,28.6584568,639.0300293,28.66514397,47.21583557,28.62812424,703.0276489,28.63481331,51.6703186,28.75562477,94.25682831,28.76229286,18.83091545,28.78604126,79.19633484,28.79270744,14.67183495,28.81579208,74.73059082,28.82245827,13.29565811,28.84656143,87.15293121,28.85322952,16.36141777,
29.00166702,327.5297241,29.00831223,167.9420471,29.0326252,315.5153809,29.03931236,165.735611,29.06314468,216.2043152,29.06981277,146.4856415,29.09347916,335.2858276,29.10014725,152.7201233,29.21939468,754.1018066,29.22608185,54.22949982,29.18979073,621.2475586,29.19645882,45.42671585,29.15962601,640.1369019,29.16629219,47.12424088,29.12897873,705.7003174,29.13564682,50.25947952,29.25514603,93.26157379,29.26181221,18.1973114,29.28581429,81.80010986,29.29247856,14.2515974,29.31514549,75.80339813,29.32181168,14.08796692,29.34629059,88.44672394,29.35295868,16.69509506,
29.50166702,331.4985046,29.50831223,170.3658752,29.53312492,317.26474,29.53979111,164.7450714,29.56362534,215.3611603,29.57029152,145.8657074,29.5939579,341.9110413,29.60062408,155.303009,29.72179222,773.6447754,29.7284584,54.39704895,29.69195747,608.8728027,29.69862556,46.64113235,29.66145897,641.9388428,29.66812515,47.91044998,29.63012505,718.2071533,29.63679123,51.41262054,29.75848007,95.59992218,29.76514435,18.74718475,29.78879166,79.19486237,29.79545975,15.40525818,29.81920815,74.01702118,29.82587433,14.01822662,29.84981346,86.48643494,29.85647964,16.93221283,
30.00166702,335.4320374,30.00831223,171.0819397,30.0334568,315.1743469,30.04012489,164.7444763,30.06345749,217.8078918,30.07012558,146.181015,30.09281158,348.8492432,30.09947968,154.6460876,30.21797943,772.1486816,30.22464561,53.28020859,30.18795776,615.156189,30.19464493,45.05639648,30.15745926,633.5231323,30.16412544,45.54439926,30.12681198,711.428833,30.13348007,50.83755875,30.25229073,95.53088379,30.25897789,18.7439537,30.28312492,80.70474243,30.289814,14.64529419,30.31456375,74.68363953,30.32122993,14.70649052,30.34479141,86.44642639,30.3514595,16.45701027,
30.50166702,344.696167,30.50831223,170.6430817,30.53254128,315.7631531,30.53920937,162.559845,30.56262398,215.6063538,30.56929207,145.6460876,30.59270859,344.0150452,30.59937477,150.9681549,30.7206459,756.0360107,30.727314,54.58671951,30.69056129,621.9953613,30.69722939,46.57782745,30.65939522,631.6018677,30.66608238,45.66281128,30.62895966,708.0838013,30.63564682,49.84469223,30.75714493,96.57322693,30.76381302,18.79083824,30.78781319,77.88460541,30.79447746,14.53025723,30.81829262,74.37549591,30.82497978,14.10497284,30.84889603,87.91208649,30.85556221,16.68157959,
31.00166702,343.0769653,31.00831223,169.9443665,31.03295898,315.0571899,31.03962326,162.763443,31.06339455,212.9518433,31.07006264,144.5978241,31.09398079,347.5828247,31.10064507,152.7442932,31.21995926,758.6589355,31.22662544,55.26842117,31.18929291,627.5754395,31.19595718,46.36951828,31.15847969,633.5773926,31.16514397,46.25653839,31.12864494,687.5302124,31.13531303,50.30982208,31.2565403,95.74424744,31.26320839,18.84363174,31.28681183,78.65272522,31.29347992,14.64398766,31.31779099,75.8160553,31.32445908,14.13790035,31.34772873,87.36212921,31.35439682,15.60854435,
31.50166702,347.7943726,31.50831223,168.6143188,31.53245926,316.6268616,31.53914642,161.4219055,31.5631237,217.7124329,31.56979179,147.0833282,31.59381294,346.0913391,31.60048103,151.8529816,31.71929169,761.6021118,31.72595787,54.56656265,31.68895912,615.994873,31.69562531,46.02254486,31.65812492,635.8876953,31.66479111,46.37990189,31.62781143,697.2818604,31.63447952,50.44231415,31.75562477,96.0030365,31.76229286,19.04468155,31.78629112,79.08917999,31.79295921,15.34839439,31.81612587,75.28381348,31.82279205,14.01837444,31.84747887,88.04044342,31.85414696,16.07683563,
32.00166702,351.2864075,32.00831223,170.9827423,32.03156281,310.4593811,32.03822708,162.6447754,32.06295776,216.631897,32.06962585,144.9271393,32.09314728,349.4161072,32.09981155,155.258194,32.22112274,778.4823608,32.22779083,54.31731033,32.19012451,612.8796387,32.19681168,46.45911026,32.15995789,625.1754761,32.16662598,46.18458557,32.12931442,697.2599487,32.1359787,50.84442139,32.25545883,97.77201843,32.26212692,19.54488564,32.28514481,80.20211792,32.2918129,14.39152145,32.31595993,75.48698425,32.32262421,14.49526787,32.34664536,87.81406403,32.35331345,15.91444969,
32.50166702,348.8363647,32.50831223,169.2189941,32.53164673,315.8893433,32.538311,161.9430237,32.56229401,213.387207,32.56895828,145.247757,32.59245682,351.2862854,32.59912491,151.4960022,32.71846008,758.1452026,32.72514725,55.62959671,32.68812561,625.7127075,32.69478989,46.57476044,32.65779114,645.036499,32.66445923,45.01660919,32.62679291,695.5273438,32.63345718,50.82021332,32.75445938,98.37444305,32.76112366,19.28830338,32.78539658,80.34112549,32.79206467,14.2919426,32.81514359,74.98653412,32.82181168,14.15567303,32.84589767,88.93598175,32.85256195,16.10890007,
33.00166702,349.2563171,33.00831223,170.1937256,33.03181076,308.1402283,33.03847885,160.5801544,33.06264496,217.384201,33.06931305,145.2405701,33.09314728,353.3990784,33.09981155,149.5372772,33.21962357,766.2607422,33.22629166,53.4145813,33.18946075,624.4417114,33.19614792,44.98382568,33.1584816,632.7808228,33.16514587,47.16014862,33.12822723,712.6657104,33.13489532,51.33997726,33.25547791,98.71122742,33.262146,19.74523354,33.28595734,80.54285431,33.29262543,14.75802326,33.31575012,75.9147644,33.3224144,13.99394321,33.34664536,88.63896942,33.35331345,16.9349575,
33.50166702,354.3759766,33.50831223,172.6973114,33.53212357,310.0472412,33.53879166,158.5748596,33.56278992,214.1753693,33.56947708,143.0899353,33.59346008,352.9651794,33.60014725,150.757782,33.72129059,772.0266724,33.72795868,56.60795593,33.69129181,624.8596191,33.69795609,45.99688721,33.65995789,632.1374512,33.66662598,46.30577087,33.62981033,700.2544556,33.63647842,50.19157791,33.75645828,97.53884888,33.76312637,20.01885414,33.7869606,80.22127533,33.79364777,14.53055191,33.81787491,75.98553467,33.824543,13.91789055,33.84779358,88.09270477,33.85445786,16.07807541,
34.00166702,358.9473572,34.00831223,171.0626831,34.03264618,303.6159363,34.03931427,154.0993347,34.06328964,216.9696198,34.06995773,143.6985779,34.09379196,352.6862183,34.10045624,151.246109,34.22045898,743.5224609,34.22712326,55.39233398,34.19012451,633.0631104,34.1967926,46.19646072,34.15864563,627.460022,34.16530991,46.17372513,34.12787628,695.4432373,34.13454056,50.61882401,34.25679016,98.92388916,34.26346207,19.93884087,34.2869606,81.48369598,34.29362488,14.67566395,34.31745911,76.24085999,34.32412338,14.25903797,34.34797668,89.83576965,34.35464859,16.70078087,
34.50166702,362.9759827,34.50831223,170.3689728,34.5318985,305.3273315,34.53856277,161.5795593,34.56362152,218.7193604,34.57029343,144.0213928,34.59412384,352.1497803,34.60079193,150.6664429,34.7212944,750.3337402,34.72795868,55.1512413,34.690979,618.3796387,34.69764328,46.20267868,34.65979004,643.5061646,34.66648102,45.51723862,34.62962723,701.4185181,34.6362915,50.18883896,34.75695801,100.7801285,34.76362228,20.46543121,34.78731155,80.03878021,34.79397964,15.38234997,34.81795502,76.28353119,34.824646,13.7567215,34.84912491,89.56135559,34.85578918,17.12339592,
35.00166702,367.9265442,35.00831223,171.4243469,35.03214645,307.4758606,35.03881454,159.6963196,35.06296158,215.7786713,35.06964493,141.4586945,35.09345627,365.7740784,35.10014725,150.4405823,35.21929169,746.458374,35.22597885,55.81393051,35.18928909,623.5509644,35.195961,45.33251953,35.15912628,629.2766724,35.16579056,46.40911102,35.12795639,688.7434082,35.13462448,51.92478561,35.25595856,102.2329025,35.26262665,20.80212784,35.28647995,80.88803101,35.29314804,14.65479279,35.31712723,76.71259308,35.3237915,14.14460373,35.34778976,91.63189697,35.35445786,16.38383865,
35.50166702,365.5693359,35.50831223,168.98703,35.53195953,309.2487183,35.53862381,156.8944855,35.56279373,219.0524139,35.56945801,145.4529114,35.59312439,360.7176208,35.59979248,150.5843811,35.71997833,759.8986816,35.72664261,56.04636383,35.68947601,607.5708618,35.69614792,44.36767197,35.65979004,634.7537231,35.66645813,46.8951149,35.62862396,704.5784302,35.63531113,49.93977356,35.75397873,102.0371628,35.76064301,20.5243206,35.78514481,81.50708008,35.7918129,14.50222397,35.81545639,75.38732147,35.82212448,14.21746635,35.8462944,90.11135101,35.85297775,16.56408119,
36.00166702,371.588623,36.00831223,171.1404114,36.03179169,302.3244934,36.03845978,155.8547516,36.06312561,215.6424713,36.06978989,140.6264801,36.09345627,360.821167,36.10012436,150.6515045,36.21964645,754.9892578,36.22631454,55.84140778,36.18937683,616.3226318,36.19604111,46.67452621,36.15889359,633.7791748,36.16556549,45.87473297,36.12879181,703.3493652,36.13545609,51.60562134,36.25498199,101.9049988,36.26164627,21.07872009,36.28545761,79.52693939,36.2921257,14.38739491,36.3158989,74.01092529,36.32256317,13.65003777,36.34581375,90.92841339,36.35247803,16.25505638,
36.50166702,377.0878601,36.50831223,171.3840027,36.53114319,311.1350403,36.53781509,156.2738342,36.56272888,222.1695099,36.56939697,142.9867859,36.59314728,358.5759583,36.59981155,149.3579407,36.72156143,767.0878906,36.72822952,55.74871445,36.69029236,614.1985474,36.69695663,46.66581726,36.65995789,641.9998779,36.66662598,46.836586,36.628479,689.6596069,36.63514328,51.77843475,36.75737381,103.4809265,36.7640419,21.36359596,36.78879166,78.96352386,36.79545975,14.74711132,36.81912613,77.05256653,36.82583237,13.93143559,36.84962463,88.72457123,36.85628891,17.0093956,
37.00166702,378.6651917,37.00831223,173.1628571,37.03297806,300.9543457,37.03964615,157.6134338,37.06378937,220.9163055,37.07045746,137.3064728,37.0947113,364.2557983,37.10137558,149.16362,37.22229004,767.2611084,37.22895813,56.62904358,37.19095993,621.8902588,37.19762421,47.76689148,37.1613121,638.6266479,37.16798019,46.19569016,37.1307106,693.0598145,37.13737488,51.90359497,37.25812531,102.308754,37.26478958,20.83560371,37.28845978,80.13163757,37.29512405,14.76130867,37.31845856,75.13495636,37.32514572,14.07812691,37.34906387,90.15686035,37.35572815,18.01960754,
37.50166702,384.2791748,37.50831223,167.2178192,37.53145599,298.846283,37.53814697,154.2034302,37.56162643,223.6090698,37.56830978,139.3857269,37.59214783,364.7312927,37.5988121,151.4711914,37.71828842,768.8463135,37.72496033,56.18215179,37.68745804,623.1427002,37.6941452,45.58212662,37.65762711,630.2832642,37.66431046,47.15476227,37.62620926,690.6998901,37.63287354,51.31111526,37.75212479,105.068718,37.75879288,23.03166771,37.78279114,79.95413971,37.7894783,15.15579987,37.81329346,75.01280975,37.81998062,14.49061394,37.84445953,92.3837738,37.85112381,17.34019852,
38.00166702,381.7755432,38.00831223,168.2237396,38.03212357,302.3843384,38.03879166,153.2738342,38.06281281,219.8754578,38.06947708,138.4064789,38.09312439,371.1966858,38.09979248,147.8938751,38.21987152,750.2357788,38.22654343,55.8588829,38.18979263,619.7410889,38.19646072,45.9946022,38.1581459,621.0534058,38.16481018,46.42897034,38.12745667,689.8168335,38.13412857,51.25737,38.25414658,108.0565491,38.26081085,21.79135323,38.28514481,80.80300903,38.2918129,14.80955505,38.31539536,75.7326355,38.32206345,14.49872875,38.34670639,89.91438293,38.35337448,16.76290894,
38.50166702,389.2151489,38.50831223,168.9730835,38.53264618,301.6941223,38.53931046,155.3349152,38.5634613,222.4906311,38.57012558,140.5539246,38.59445953,365.0885925,38.60112381,150.8553162,38.7221489,761.0172119,38.72881317,56.38321686,38.69181442,616.0487671,38.6984787,45.94187927,38.66120911,637.7976685,38.66787338,46.7879982,38.63012695,688.881897,38.63679123,51.01034927,38.75787354,107.602623,38.76454163,22.23307228,38.78879166,78.86225128,38.79547882,14.90670586,38.81887436,76.50534058,38.82554245,14.25488281,38.8494606,91.55787659,38.85612488,16.54044151,
39.00166702,391.6937561,39.00831223,167.6951447,39.03262711,297.7779846,39.03929138,154.9689941,39.06312561,223.4638977,39.06978989,140.142807,39.09354401,367.8631592,39.10020828,146.071106,39.22278976,759.8677979,39.22945786,56.43624115,39.19114685,631.4572144,39.19781113,46.1764183,39.16087723,637.9414673,39.1675415,46.29158401,39.13031387,699.5248413,39.13697815,51.7521286,39.25864792,109.1943588,39.26531219,22.46829033,39.28962326,80.06916809,39.29629135,14.9750042,39.31931305,74.0369873,39.32598114,13.33779049,39.35029221,93.98799896,39.35695648,17.54165268,
39.50166702,402.620697,39.50831223,169.6977386,39.53129196,293.6815186,39.53796005,156.1257629,39.56239319,226.8438416,39.56906509,136.2688751,39.5928154,369.9524231,39.59947968,147.3413849,39.72081375,771.7098389,39.72747803,55.22189713,39.68954086,612.7799072,39.69620895,46.8074913,39.6587944,627.0608521,39.66547775,46.29634094,39.62829208,700.2491455,39.63497543,51.84360886,39.75556183,111.6840591,39.7622261,22.1609478,39.78528976,81.40166473,39.79195786,14.93187046,39.81629181,77.02194977,39.82297897,14.78897476,39.84704208,92.19264984,39.85370636,17.12877083,
40.00166702,398.2709351,40.00831223,173.0381775,40.03295898,301.4097595,40.03962326,155.0021515,40.06296158,226.6843872,40.06962585,142.6890259,40.09429169,373.0358276,40.10095978,146.3276367,40.22198105,764.2657471,40.22864532,56.00099945,40.19139481,603.5847778,40.1980629,45.39503479,40.16095734,620.4743652,40.16762543,45.76262665,40.13045502,693.9862061,40.13712692,51.82357025,40.25789261,112.5460434,40.26456451,22.22797775,40.28779221,79.52801514,40.29445648,14.43472481,40.31822968,75.99570465,40.32491684,13.61389637,40.34914398,93.36032104,40.35581207,17.52621651,
40.50166702,398.509613,40.50831223,171.8128204,40.53195953,294.1772156,40.53862381,153.1506348,40.56279373,226.9600372,40.56945801,138.6768951,40.59322739,367.4933167,40.59989548,145.3789063,40.71845627,774.7394409,40.72512436,57.23116684,40.6881485,617.706665,40.69481277,47.45796585,40.65789413,629.7869873,40.66456223,47.28521729,40.62706375,705.3051758,40.63372803,51.52698517,40.75495911,112.3440781,40.76162338,22.78659821,40.78528976,79.22904968,40.79195786,14.48199272,40.81545639,77.27241516,40.82212448,14.74911308,40.84645844,94.56624603,40.85312653,17.48444557,
41.00166702,407.212616,41.00831223,168.1347198,41.0318985,294.356781,41.03856277,152.4097443,41.06245804,226.2301025,41.06912613,138.7957001,41.09289551,366.6456604,41.09955978,147.3229065,41.22029114,771.1776733,41.22695541,56.29003906,41.18981171,611.3760376,41.1964798,47.30421066,41.15920639,632.104248,41.16587448,45.60591888,41.12862396,696.409729,41.13529205,51.02188873,41.25579071,113.7672272,41.26247787,22.954216,41.28662491,78.81620789,41.29328918,14.55480576,41.31614685,75.48921204,41.32281113,14.23260117,41.34795761,92.97624969,41.3546257,18.37182999,
41.50166702,410.6973267,41.50831223,168.8759308,41.53247833,295.1915588,41.53914261,153.3955994,41.5634613,226.041687,41.57012558,136.3006287,41.59358215,377.5158386,41.60029221,145.5605774,41.72029114,773.760498,41.72695541,57.70898819,41.69012451,613.1869507,41.6967926,47.09523773,41.65948105,642.0691528,41.66614532,47.60520172,41.62979507,693.0772705,41.63645935,51.46877289,41.75595856,114.4412308,41.76264572,23.85859299,41.78647995,78.30082703,41.79314804,14.83559799,41.81812286,75.35355377,41.82481384,14.09912586,41.84929276,95.63121033,41.85595703,17.44286919,
42.00166702,411.9727173,42.00833511,171.2942047,42.03197861,288.5494385,42.0386467,150.5270538,42.06262589,225.7061157,42.06929016,138.3354187,42.09379196,375.3108521,42.10046005,147.8694305,42.22062683,768.7824097,42.22731018,56.48809433,42.19081116,611.8973389,42.19747543,45.53853989,42.16028976,625.0854492,42.16695786,47.07000351,42.12981415,697.0144653,42.13647842,52.46194839,42.25679016,117.0709,42.26348114,23.61551094,42.28729248,81.08631897,42.29395676,14.93291187,42.31829071,76.8537674,42.3249588,14.20618343,42.34812546,93.87638855,42.35479355,17.37730217,
42.50166702,417.6579895,42.50831223,172.1874695,42.53129196,299.6062927,42.53796005,151.3877869,42.56195831,224.965744,42.56864548,136.8309174,42.59297943,374.4644165,42.59964752,143.9842072,42.72029114,778.0795288,42.72695541,56.78903198,42.68995667,614.9710693,42.69662857,46.78657532,42.6593132,639.0062866,42.66597748,45.81702042,42.62829208,691.3543701,42.63495636,51.11024475,42.75562286,118.8962021,42.76231384,24.28224373,42.78673172,79.55432892,42.793396,14.85128307,42.81695938,75.20096588,42.82364655,13.89477253,42.84778976,97.46800232,42.85445786,17.36807251,
43.00166702,410.1524353,43.00831223,168.6037598,43.03212357,292.0130005,43.03881454,150.4367218,43.06262589,234.054184,43.06929016,136.2301941,43.09289551,378.1828613,43.09955978,145.2777252,43.22114563,757.8566284,43.22780991,58.03929138,43.19047928,604.8099365,43.19714737,45.62382889,43.15929413,618.005249,43.16597748,47.4544487,43.12945938,698.2681274,43.13612366,52.56629944,43.25645828,118.6603775,43.26312637,24.12752533,43.28746033,78.5326767,43.2941246,14.76881313,43.31748199,76.30801392,43.32414627,14.73868561,43.3488121,95.28028107,43.35548019,18.1285038,
43.50166702,424.1318054,43.50831223,170.8315125,43.53245926,291.3356628,43.53912354,150.6664429,43.56320953,229.1454468,43.56987381,133.176239,43.59364319,382.9640503,43.60031509,144.5325165,43.72012711,757.2436523,43.72679138,57.23373032,43.68964386,621.3623047,43.69631195,45.83995438,43.65864563,635.0039063,43.66530991,45.49289322,43.62737656,697.0481567,43.63404083,53.06535721,43.75595856,125.5314178,43.76262665,24.33145523,43.7863121,79.66451263,43.79298019,15.03902721,43.81629181,75.77713776,43.82297897,14.61524677,43.8468132,96.46315765,43.85347748,18.45882034,
44.00166702,418.6054077,44.00831223,171.3009796,44.03179169,292.5336304,44.03845978,152.0223541,44.06245804,231.823349,44.06912613,137.5037537,44.09339523,383.8846436,44.10005951,141.7893372,44.22062683,756.9524536,44.22729111,56.78540421,44.18979263,611.2520752,44.19646072,45.94274902,44.15995789,613.3344727,44.16662598,46.38369751,44.12931442,697.1195679,44.1359787,52.70629883,44.25481415,124.2811584,44.26147842,25.47888756,44.28547668,78.76824188,44.29214859,14.38071537,44.31645966,76.51599884,44.32312393,14.56385517,44.34704208,99.21051025,44.35370636,18.60446739,
44.50166702,426.9500427,44.50831223,171.2371063,44.53214645,289.3578186,44.53881454,149.1923676,44.56229401,228.6316528,44.56897736,133.9520416,44.59314728,383.5519409,44.59981155,141.5589294,44.7212944,764.230896,44.72795868,58.32255554,44.69114685,610.3059082,44.69781113,46.64417267,44.66020966,622.1577148,44.66689301,46.552742,44.62906265,702.5808716,44.63573074,51.8287468,44.75529099,127.5880966,44.76195908,24.65999222,44.78522873,77.71151733,44.79189301,14.2975359,44.81631088,75.22084808,44.82297897,14.86978912,44.84595871,97.1171875,44.85264587,18.53562737,
45.00166702,431.3534546,45.00831223,166.015564,45.03147888,289.8648682,45.03814697,145.9422607,45.06164551,229.3802948,45.06830978,133.6916809,45.09295654,383.7909546,45.09962463,139.9047241,45.21931076,761.4239502,45.22597885,57.4017868,45.18979263,612.413269,45.19646072,46.29763031,45.15912628,619.9144897,45.16579056,46.14056015,45.12862396,700.369751,45.13529205,50.63497925,45.25245667,126.5118103,45.25912857,25.79548454,45.28412628,80.6733017,45.29079056,14.95541668,45.31378937,77.722229,45.32045746,14.77302647,45.34447861,96.85932922,45.3511467,18.12905884,
45.50166702,429.7127991,45.50831223,168.8258362,45.53129196,283.8299561,45.53796005,150.4446106,45.56145859,229.9684906,45.56812286,135.3190155,45.59148026,383.1565857,45.59814453,140.1152344,45.71839523,756.1178589,45.72505951,58.84533691,45.68812561,613.00354,45.69478989,46.65642548,45.65745926,628.2695313,45.66414261,46.76782227,45.6275444,695.0722046,45.63420868,52.99356079,45.7541275,126.2970276,45.76079178,25.47406578,45.78487396,80.3126297,45.79154205,14.97079849,45.81531143,79.15970612,45.82197952,13.57035351,45.84579086,98.93340302,45.85247803,18.69756699,
46.00166702,437.877655,46.00831223,170.0937195,46.03114319,282.9776917,46.03781509,146.1358795,46.06245804,232.3162994,46.06912613,134.1657257,46.09312439,380.3398743,46.09979248,140.3844147,46.21895599,765.4611816,46.2256279,60.37324905,46.18912506,617.1021729,46.19579315,44.95858002,46.15945816,623.8243408,46.16612625,45.90525818,46.12945938,706.0488892,46.13612366,52.50082397,46.25379181,132.851593,46.26045609,27.00344086,46.28404236,80.62243652,46.29070663,15.58160114,46.31447601,75.40400696,46.32114792,14.13240147,46.34445953,99.9436264,46.3511467,19.31082726,
46.50166702,446.4829102,46.50831223,168.4405365,46.53129196,281.5643616,46.53796005,144.8661804,46.56279373,236.8244629,46.56945801,132.5130615,46.59247971,389.6103821,46.59914398,138.7807159,46.71981049,767.3383179,46.72648239,60.85616302,46.68979263,611.8901367,46.69646072,46.35462189,46.65839386,631.2313843,46.66506195,45.46417618,46.62814713,695.9515991,46.63481522,53.86413574,46.75572968,132.5387878,46.76239395,27.13953972,46.78612518,79.05909729,46.79278946,14.67461872,46.81679153,75.70498657,46.82345963,14.82826042,46.84812546,100.2705231,46.85479355,19.39649391,
47.00166702,444.9915466,47.00831223,166.2489929,47.03279114,281.6570435,47.0394783,147.1946564,47.06356049,238.4017944,47.07023239,131.5690918,47.09412384,384.4501648,47.10079193,139.6532288,47.22003937,768.0180664,47.22670746,60.10779572,47.18964386,604.1495361,47.19631195,46.32374573,47.15914536,623.4567871,47.16581345,46.24554443,47.12773132,695.0158691,47.1343956,53.05018234,47.25564957,130.2200165,47.26231384,27.08804703,47.28629303,78.97473145,47.29295731,14.32291698,47.31622696,78.60009003,47.32289505,14.25621319,47.34737396,102.2954559,47.35404205,19.78856468,
47.50166702,452.8379517,47.50831223,168.5533295,47.53212357,278.6125488,47.53879166,146.7695313,47.56298065,241.7648163,47.56964493,133.2575073,47.59328842,388.0964355,47.59996033,137.9638519,47.72012711,765.2554932,47.72679138,58.79091644,47.69031143,619.159668,47.69697952,46.67945862,47.65962219,624.4434204,47.6662941,47.11844254,47.62831116,693.5472412,47.63497543,53.56178665,47.75645828,139.5388947,47.76312637,27.65901756,47.78656387,77.87232971,47.79322815,15.07299042,47.81764603,76.26306152,47.82431412,14.40883923,47.84856415,102.5469208,47.85522842,20.16495705,
48.00166702,455.9534302,48.00831223,168.0169678,48.03312683,285.7752686,48.03979111,145.8865356,48.06362152,234.8977814,48.07029343,134.9423828,48.09414291,383.5643921,48.10081482,138.7798462,48.22145844,750.5452881,48.2281456,59.57268143,48.19112396,604.4579468,48.19781113,47.23019409,48.16031265,633.0578003,48.16698074,46.01447678,48.13072968,706.5089111,48.13739395,54.43118668,48.25762558,141.4384918,48.26428986,28.49639893,48.28797913,80.38264465,48.2946434,15.14206028,48.31879044,74.93667603,48.32545853,14.83717251,48.3499794,102.7466965,48.35664368,19.78386116,
48.50166702,461.1126709,48.50831223,171.4322205,48.53147888,285.7183533,48.53814697,144.6253357,48.56229401,241.5894775,48.56895828,128.4695587,48.59306335,388.0686951,48.59972763,136.9755554,48.71931076,779.7548218,48.72597885,59.54719543,48.68981171,615.109375,48.69649887,47.52514648,48.65929413,623.7251587,48.6659584,46.60934448,48.62947845,694.3754272,48.63614655,54.2612381,48.75512695,142.6368256,48.76181412,28.24691772,48.78545761,79.47107697,48.7921257,15.25021839,48.81562424,76.41500854,48.82228851,14.75986862,48.84612656,102.3242416,48.85279083,19.58036232,
49.00166702,465.6034546,49.00831223,168.1450653,49.03114319,278.7547302,49.03781509,145.9130402,49.06264496,235.624939,49.06931305,133.8112793,49.09345627,390.9312439,49.10012436,136.9875336,49.21895599,771.3018188,49.2256279,59.19118118,49.18881607,622.821228,49.19548035,46.65962219,49.15795898,625.5982056,49.16462326,46.42766571,49.12745667,709.9658203,49.13412857,54.37460709,49.25512695,143.1258698,49.26179123,28.08786011,49.28514481,77.25504303,49.2918129,14.02727795,49.31629181,75.50410461,49.32295609,14.68539333,49.34672928,103.2155304,49.35339737,19.43954659,
49.50166702,465.7183533,49.50831223,169.1638184,49.53256607,277.0643311,49.53923035,143.0967407,49.56279373,240.5321808,49.56945801,130.9116364,49.59289551,388.3957214,49.59955978,136.9251099,49.71881104,768.1646118,49.72547913,59.27960587,49.68812561,616.1133423,49.69478989,46.92002487,49.65812683,625.0789185,49.66479111,46.5228157,49.62697601,698.446106,49.63364792,54.84739304,49.75406265,145.8438416,49.76074982,27.51992226,49.7846489,78.86466217,49.79131317,14.49491978,49.81497955,78.79029846,49.82164764,14.18004227,49.84612656,105.7824173,49.85279083,19.72787285,
50.00166702,465.044342,50.00831223,168.5156097,50.03281403,276.8354797,50.0394783,141.6442566,50.0634613,236.6383057,50.07012558,129.4682922,50.09412384,386.6167297,50.10081482,133.4539032,50.2221489,770.8292847,50.22881317,60.83426666,50.19189453,614.0543823,50.19856262,46.53373337,50.16064453,621.4822998,50.16731262,46.86145782,50.13029099,697.604126,50.13695908,53.11189651,50.2578125,147.949234,50.26447678,29.36399269,50.28895569,79.01074219,50.29562759,14.84057045,50.31939697,78.05960846,50.32606125,14.46975327,50.35012436,106.0080566,50.35679245,19.72391129,
50.50166702,468.589447,50.50831223,167.3724365,50.53145599,280.7111511,50.5381279,140.1020813,50.56197739,242.474472,50.56864548,129.2795868,50.5927887,395.0275574,50.5994606,134.8988953,50.71714783,771.8501587,50.7238121,59.6581955,50.68681335,607.7713013,50.69347763,47.96227264,50.65712357,621.776062,50.66379166,46.66705704,50.62678909,692.8726807,50.633461,55.30038071,50.7533989,150.655014,50.76006317,29.72081566,50.7831459,79.58816528,50.78981018,14.84883213,50.81462479,77.73983765,50.82129288,14.48942184,50.84456253,106.3041992,50.85123062,19.50291634,
51.00166702,485.9452515,51.00831223,170.2947845,51.03245926,276.0423584,51.03912354,141.5861053,51.06378937,242.5771484,51.07045746,127.4704666,51.09412384,388.929657,51.10079193,134.0961914,51.22148132,792.6764526,51.2281456,61.1312294,51.19031143,613.5064087,51.19697952,46.44942093,51.15997696,615.0855103,51.16664505,45.89198303,51.12979507,698.267395,51.13645935,53.62863159,51.25731277,149.8890686,51.26398087,29.74396896,51.2874794,79.14206696,51.29414368,14.78055668,51.31879044,76.37482452,51.32545853,14.71962452,51.34923172,106.1655807,51.355896,20.1068821,
51.50166702,483.1355591,51.50831223,167.9447632,51.53206253,278.6329346,51.53873062,141.802597,51.56189728,248.4192963,51.56856155,130.7717285,51.5927887,391.8275757,51.5994606,133.9139099,51.71979141,765.0650024,51.72645569,60.02435303,51.68914413,613.3883057,51.69581223,47.48889923,51.65864563,629.0386353,51.66530991,45.81973267,51.62829208,706.0903931,51.63495636,55.84996033,51.75545502,152.8148499,51.762146,30.14738274,51.78597641,78.90260315,51.79264832,15.24578381,51.81656265,79.99007416,51.82323074,14.48466015,51.84737396,107.6870499,51.85404205,19.16814423,
52.00166702,480.5047607,52.00831223,169.5483093,52.03204346,275.6584473,52.03870773,139.050766,52.06262589,244.6808929,52.06929016,127.3166962,52.09256363,391.8292847,52.09923172,133.247879,52.21947861,786.5935669,52.2261467,61.33084106,52.18906403,607.9128418,52.1957283,47.91542816,52.1587944,621.7684326,52.16545868,46.09917831,52.12929153,711.7211914,52.13595963,55.72906494,52.25512695,157.7769775,52.26179123,30.97679138,52.28578949,78.75746918,52.29248047,14.58835983,52.31631088,80.64862823,52.32297897,15.0007391,52.34712219,108.4158249,52.3537941,20.67132759,
52.50166702,491.1081848,52.50831223,172.5894623,52.53231049,274.0811157,52.53898239,140.8603363,52.56312561,248.2328796,52.56978989,127.9139252,52.59262848,398.4807739,52.59931183,130.5067291,52.72029114,769.9366455,52.7269783,61.8156395,52.69029236,609.8014526,52.69695663,47.45204926,52.6593132,631.0352173,52.66597748,46.6359787,52.62879181,717.7909546,52.63545609,56.76011276,52.75495911,161.1836395,52.76162338,31.07090569,52.78528976,80.08353424,52.79195786,15.02753353,52.81595993,78.10164642,52.82262421,15.23633957,52.84664536,110.6678467,52.85331345,20.45368576,
53.00166702,487.1447754,53.00831223,166.2667999,53.03179169,279.2631836,53.03845978,143.114212,53.06203842,247.6535339,53.06871033,127.4321518,53.09312439,390.7194519,53.09979248,132.0132141,53.22079086,771.7467041,53.22747803,62.04231644,53.19014359,616.5497437,53.19681549,47.0081749,53.15987396,626.7072144,53.16656113,46.32056427,53.12947845,704.890564,53.13614655,55.65645981,53.25728989,166.2786255,53.26395798,31.79909706,53.28779221,79.54036713,53.29445648,14.6577692,53.31829071,78.23083496,53.3249588,15.04666615,53.34879303,109.1588287,53.35545731,20.85773659,
53.50166702,496.5108032,53.50831223,167.7625275,53.53247833,283.1861267,53.53914261,139.8390656,53.56312561,252.814682,53.56978989,127.0093307,53.59345627,396.684967,53.60014725,132.570343,53.71954346,772.8236694,53.72620773,62.41892242,53.68895721,621.77771,53.69564438,47.80366135,53.65831375,627.6401978,53.66497803,46.58917236,53.62812424,708.3829346,53.63478851,56.61304092,53.7557106,159.3090057,53.76237488,31.25127029,53.78679276,80.46418762,53.79345703,14.44514084,53.81712723,76.83371735,53.82381058,15.42172337,53.8478775,109.0567627,53.85454178,19.98883438,
54.00166702,496.606842,54.00833511,164.1138153,54.03195953,284.9308472,54.0386467,138.2327881,54.06248093,244.3900757,54.0691452,125.3465424,54.09395599,391.439209,54.1006279,127.9591293,54.22114563,772.7642212,54.22780991,61.58118439,54.19031143,613.2142334,54.19697952,47.91520691,54.16045761,629.9003906,54.1671257,45.35213089,54.12962723,702.4214478,54.1362915,56.71569443,54.25595856,164.9649353,54.26262665,33.32172012,54.28629303,78.09547424,54.29295731,14.71382332,54.31745911,81.11135101,54.32412338,15.62679005,54.34828949,109.1244965,54.35498047,21.2804966,
54.50166702,502.9637756,54.50831223,164.3027344,54.53137589,284.6838379,54.53806305,137.4063263,54.56245804,257.3526001,54.56912613,127.2502518,54.59312439,400.0064392,54.59979248,129.1095886,54.71962357,771.3994751,54.72629166,62.95930481,54.69012451,608.5891113,54.6967926,46.55454636,54.65981293,629.8247681,54.66648102,45.63615036,54.62931442,726.7092896,54.6359787,56.68614197,54.75645828,168.9038849,54.76312637,33.43235016,54.78712463,79.74182892,54.79378891,14.76828575,54.81679153,84.68241882,54.82345963,15.80809784,54.84739685,108.9234009,54.85406113,20.56808853,
55.00166702,512.7976074,55.00831223,168.2579346,55.03114319,276.6506653,55.03781509,137.6242828,55.06248093,251.8308105,55.0691452,127.9978638,55.09328842,395.1817322,55.09996033,129.8822632,55.22003937,761.8890381,55.22670746,63.57896423,55.18945694,624.7763672,55.19614792,47.79071045,55.15979004,614.6964722,55.16645813,45.42834854,55.12862396,704.3386841,55.13531113,57.65345001,55.25679016,171.8103638,55.26346207,33.24962616,55.28664398,80.4575119,55.29331207,15.16730499,55.31731415,86.60350037,55.32397842,15.10714149,55.34822845,111.8183746,55.35489655,20.82248306,
55.50166702,503.7684326,55.50831223,167.8534393,55.53164291,280.3540344,55.53831482,136.2418518,55.56272888,253.5836945,55.56939697,125.7318573,55.59328842,390.6429443,55.59996033,126.314209,55.72162628,781.0480347,55.72829056,62.14367294,55.68981171,608.2927246,55.6964798,49.00940323,55.65995789,632.463501,55.66662598,46.70766449,55.62879181,706.0466309,55.63545609,57.7779007,55.75579071,171.587677,55.7624588,33.12320328,55.78614426,77.65044403,55.79281235,15.11925793,55.81645966,82.33254242,55.82312393,15.21460438,55.84781265,112.4423752,55.85448074,20.9756012,
56.00166702,517.2073975,56.00831223,170.7628784,56.03206253,280.6195679,56.03873062,134.9596405,56.06264496,258.2167053,56.06931305,124.314209,56.0927887,395.778595,56.0994606,126.0986328,56.22029114,769.052063,56.22695541,63.2682457,56.18981171,603.7279663,56.1964798,47.59809113,56.15914536,632.9308472,56.16581345,47.02842712,56.12831116,721.2525635,56.13497543,57.2136116,56.25587463,176.0053253,56.26253891,33.04860687,56.28595734,78.26939392,56.29262543,14.80331612,56.31645966,86.38919067,56.32312393,15.88692474,56.34814453,113.0034637,56.35481262,21.22264099,
56.50166702,518.4414063,56.50831223,170.1932526,56.53312683,266.1187744,56.53979111,135.710022,56.56289291,254.3666992,56.56956482,124.3418732,56.59354401,397.0193176,56.60020828,124.3846893,56.72179413,781.9274902,56.7284584,61.39701843,56.69079208,609.8364258,56.69745636,49.41091919,56.66047668,630.0793457,56.66714859,46.82502747,56.6300621,720.4225464,56.63673019,57.35162735,56.75712585,177.3972778,56.76379013,34.72069931,56.78845978,79.21966553,56.79512405,14.99555302,56.81895828,86.2299881,56.82562637,16.27485657,56.84964752,111.7999573,56.8563118,20.98629379,
57.00166702,523.6517334,57.00831223,169.3459625,57.03179169,274.3580933,57.03845978,134.3846893,57.06212616,255.5538483,57.06879044,125.4370499,57.09247971,397.2591553,57.09914398,126.3082886,57.22045898,792.0670166,57.22712326,63.86510849,57.18964386,600.3449707,57.19631195,48.29389191,57.15970993,630.963562,57.16637421,45.86795425,57.12889481,726.0984497,57.1355629,57.89204025,57.25639725,177.569519,57.26306152,34.03353119,57.28679276,79.48679352,57.29345703,14.56272507,57.31689453,87.25317383,57.32356262,17.18625259,57.34795761,116.0709229,57.3546257,21.81631851,
57.50166702,525.8629761,57.50831223,165.4809875,57.53245926,274.2558899,57.53912354,133.0026855,57.56329346,255.0756073,57.56995773,123.4806595,57.59328842,396.5756836,57.59996033,127.0322952,57.72031403,774.5358276,57.7269783,62.69099426,57.68964386,612.6113281,57.69631195,48.83405685,57.65939713,629.6596069,57.66606522,44.8304863,57.62895966,720.5765381,57.63562393,57.67587662,57.75548172,178.9705811,57.762146,34.53334045,57.78712463,77.36052704,57.79378891,14.80533409,57.81748199,88.97151947,57.82414627,17.06346893,57.84778976,117.1014023,57.85445786,21.37668037,
58.00166702,530.4851074,58.00831223,167.6200104,58.03295898,271.8327026,58.03962326,133.2815857,58.06329346,259.0843201,58.06995773,122.7380905,58.09362411,395.375824,58.10029221,125.2800674,58.22131348,792.6230469,58.22797775,64.48814392,58.19081116,609.352478,58.19747543,47.45629883,58.15989685,621.5596924,58.16658401,45.94643021,58.12962723,720.1077271,58.1362915,59.21827698,58.25562286,185.1902771,58.26229095,35.09885406,58.28581238,80.97670746,58.29248047,15.09908199,58.3166275,87.84200287,58.32331085,16.2739048,58.34720993,117.8654938,58.35387421,21.19831085,
58.50166702,543.2653809,58.50831223,169.068634,58.53187561,278.6246643,58.53856277,131.886673,58.56262589,263.852417,58.56929016,120.1206894,58.59312439,396.1596985,58.59979248,124.4911041,58.7218132,794.1755371,58.72847748,62.41225815,58.69054413,603.501709,58.6972084,47.91023636,58.66012192,621.0264282,58.66679382,46.1639328,58.62864685,708.8355713,58.63531113,58.00197601,58.75712585,185.6631317,58.76379013,36.17398834,58.78839493,80.22505188,58.79506302,15.23285961,58.8191452,84.95828247,58.82581329,16.83815384,58.84962463,118.1508026,58.85628891,21.95253181,
59.00166702,535.6015015,59.00831223,165.9644928,59.03162384,275.5189819,59.03829193,132.4443054,59.06212616,265.444519,59.06880951,122.627533,59.09262848,393.8916321,59.09929276,122.3357391,59.21862411,810.5101929,59.22529221,64.98839569,59.1884613,602.8346558,59.19512558,47.99003601,59.15729141,634.2021484,59.16395569,46.7790947,59.1268959,719.168457,59.13356018,58.72408676,59.25462723,184.6190338,59.26131058,34.67105865,59.28581238,77.50623322,59.29248047,15.21986008,59.31579208,84.11709595,59.32245636,16.76755714,59.3468132,116.0698395,59.35347748,21.9723835,
59.50166702,538.0517578,59.50831223,165.6026917,59.53329086,275.119812,59.53995895,132.3583374,59.5634613,267.8179016,59.57012558,123.0422821,59.59406281,401.4511719,59.60072708,121.6552505,59.72095871,795.0161133,59.72762299,66.01243591,59.68995667,617.4028931,59.69664764,48.37511444,59.65948105,624.19104,59.66614532,47.02485275,59.62895966,724.8928833,59.63562393,58.53455353,59.75645828,193.9700317,59.76312637,36.67136383,59.78679276,80.23049164,59.79345703,15.36577797,59.81695938,89.90103912,59.82362366,17.40953445,59.84828949,114.9720078,59.8549614,21.36133194,
60.00166702,549.0753174,60.00831223,167.1476898,60.03247833,277.0675659,60.03914261,130.2644958,60.06362152,271.2084045,60.07029343,118.7982712,60.09328842,400.0550232,60.09996033,124.3753128,60.22198105,780.0643311,60.22864532,65.54264832,60.19079208,612.7492676,60.19745636,48.7161293,60.16012192,628.8266602,60.16679382,46.403965,60.13045502,717.4863892,60.13712692,57.21707153,60.25770569,194.0806122,60.26437759,36.89461517,60.28831482,79.73804474,60.2949791,15.00229454,60.31812286,86.50164795,60.32479095,17.3107605,60.34879303,116.6403122,60.35545731,21.72755241,
60.50166702,547.5368652,60.50831223,165.2718811,60.5318985,275.1437683,60.53856277,129.736969,60.56289291,264.6271057,60.56956482,120.5910416,60.59312439,397.8390808,60.59979248,124.8142929,60.71973038,783.2597046,60.72639465,63.65483856,60.68895721,621.5909424,60.69562531,48.45862198,60.65762711,623.7553101,60.66429138,46.80255508,60.62745667,708.7056885,60.63412857,59.44592667,60.75498199,201.7732849,60.76164627,37.40322495,60.78612518,80.14060974,60.79278946,15.37021637,60.81656265,89.81377411,60.82323074,17.51366425,60.84637451,118.5044861,60.8530426,21.91925621,
61.00166702,556.7034912,61.00831223,168.3349762,61.03156281,282.9176636,61.03822708,128.8317719,61.06272888,270.6307068,61.06939697,120.824585,61.09322739,396.0306091,61.09989548,122.5299606,61.2206459,778.977478,61.22731018,66.37017822,61.1905632,612.3822632,61.19722748,49.3752594,61.16045761,622.7432251,61.1671257,46.43312454,61.12920761,721.1158447,61.1358757,60.04768753,61.25545502,200.8709869,61.26212692,36.64258957,61.28531265,77.44511414,61.29198074,15.35251236,61.31612396,91.57398224,61.32279205,17.52365685,61.34662628,120.9795837,61.35329056,21.86207581,
61.50166702,562.09021,61.50831223,167.4999542,61.53229141,269.4416809,61.53895569,130.1343536,61.56279373,269.8752441,61.56947708,125.2341843,61.59347916,400.7041016,61.60014725,123.7570038,61.72095871,812.3616943,61.72762299,64.14612579,61.69047928,603.5559692,61.69714737,49.4756012,61.66062546,635.7237549,61.66729355,47.52787399,61.62931442,721.1956177,61.6359787,60.03644562,61.75762558,199.2133484,61.76428986,37.61332321,61.78779221,81.21907806,61.79445648,14.94115543,61.81804276,92.70747375,61.82470703,17.85016823,61.84879303,124.2082748,61.85545731,22.42635727,
62.00166702,560.7388916,62.00831223,169.4149475,62.0331459,275.7572632,62.03981018,129.2375946,62.06447601,269.7383728,62.07114792,120.1934128,62.09495926,399.3811035,62.10162354,123.6858978,62.22314453,816.4915161,62.22981262,64.83567047,62.19289398,624.4057617,62.19956207,49.11137772,62.16162491,622.4798584,62.16831207,47.53088379,62.13079071,719.5935669,62.13747787,60.2062645,62.2597084,210.2152863,62.26637268,38.07582092,62.28995895,79.16668701,62.29664612,15.06321907,62.32079315,92.9281311,62.3274765,18.4655323,62.35162354,121.9888153,62.35829163,22.95573997,
62.50166702,563.0148926,62.50831223,167.7908325,62.53195953,278.599884,62.53862381,127.6922684,62.56181335,273.8679199,62.56847763,121.2225571,62.59297943,400.8968506,62.59964752,119.0714188,62.71873093,800.0825195,62.7253952,66.02545929,62.6884613,615.2086792,62.69512558,50.02721024,62.65729141,633.0358887,62.66395569,46.75091171,62.62712479,729.1308594,62.63379288,60.50790405,62.75445938,205.3632202,62.76112366,38.63965607,62.78514481,79.1187973,62.7918129,15.2918005,62.81579208,95.47774506,62.82245636,18.41984558,62.8462944,121.8151855,62.85295868,22.70970345,
63.00166702,588.6514893,63.00831223,163.3946686,63.0331459,276.6727905,63.03981018,129.0805206,63.0634613,278.2190857,63.07012558,118.7980728,63.09362411,407.0099792,63.10029221,119.8851318,63.22079086,820.3397827,63.22747803,65.66255188,63.18995667,615.6331787,63.19664764,49.43338394,63.16012192,625.3654785,63.16679382,47.06318283,63.12945938,726.6412354,63.13612366,60.82390213,63.25728989,213.9084167,63.26395798,39.32862854,63.28689957,78.53694916,63.29356384,14.21575546,63.3172493,93.84667206,63.32391739,18.24082756,63.34887695,122.5881805,63.35554123,22.19935989,
63.50166702,580.3158569,63.50831223,165.5539246,63.53295898,278.7249451,63.53962326,125.8134995,63.56312561,282.9062805,63.56978989,120.8885498,63.59445953,402.6566467,63.60112381,119.28508,63.72112656,791.7382813,63.72780991,68.49229431,63.69047928,604.3668823,63.69714737,51.08320999,63.65962219,622.4873047,63.66631317,48.22272491,63.62979507,743.5482178,63.63645935,61.38692093,63.75629044,212.3414612,63.76295853,40.69077301,63.78629303,79.68389893,63.79295731,14.80687237,63.81720734,95.60307312,63.82389832,18.6500473,63.84831238,123.5942154,63.85498047,22.62916374,
64.00167084,576.6272583,64.00831604,165.9015503,64.03295898,276.1503296,64.03962708,126.9378357,64.06331635,278.1975098,64.06997681,119.8344879,64.09395599,402.6628723,64.10064697,118.7945023,64.22212219,798.4697266,64.22879028,65.73477936,64.19078827,613.322876,64.19747925,50.02476883,64.1604538,622.770752,64.16712952,47.03358459,64.1294632,733.5488892,64.13614655,61.9041214,64.25812531,215.0150604,64.2647934,39.95493698,64.28831482,79.57154083,64.29497528,15.0652895,64.31879425,96.76441956,64.32546234,18.09996414,64.34945679,126.6763687,64.35612488,22.77589417,
64.50167084,577.6057739,64.50831604,161.4563599,64.53212738,279.3065491,64.53878784,127.025528,64.56278992,281.8421326,64.56945801,119.345108,64.59329224,395.4736328,64.59996033,119.1390381,64.72029114,808.7147217,64.72695923,66.13973236,64.69029236,627.1478882,64.69695282,49.30641174,64.65956116,629.8938599,64.66622925,46.96252441,64.62929535,736.3590088,64.63595581,62.21015549,64.75645447,219.6721802,64.76313019,40.224617,64.78804016,79.24042511,64.79470825,14.87155342,64.81897736,98.51044464,64.82564545,19.19885254,64.84962463,125.5026932,64.85630798,22.56303406,
65.00167084,593.1654663,65.0083313,168.3239899,65.03179169,277.8594666,65.03845978,125.0285645,65.06246185,283.305603,65.0691452,117.0320282,65.0936203,407.0779419,65.10031128,117.9661865,65.21945953,801.5278931,65.22615051,66.57850647,65.18906403,616.5559082,65.19572449,50.8959465,65.15864563,619.6644897,65.16531372,47.74052429,65.12731171,726.8662109,65.1339798,63.11240768,65.25630951,225.4382324,65.2629776,40.83894348,65.28646088,78.65737152,65.29312134,15.13545132,65.31781769,99.36177063,65.32447815,19.76646423,65.34862518,124.8333435,65.35531616,22.80233955,
65.50167084,599.5628052,65.5083313,164.5911102,65.53289032,286.6495667,65.53956604,127.6249847,65.56329346,287.8518066,65.56996155,117.4282684,65.59312439,398.4810791,65.59981537,117.9275436,65.71895599,811.7275391,65.72562408,68.10464478,65.68889618,613.6739502,65.69556427,51.0496254,65.65779114,629.5695801,65.66447449,48.59845352,65.62728882,735.7495728,65.63395691,63.27422714,65.75362396,227.738205,65.76029205,41.40732193,65.78395844,79.21273804,65.79064178,15.39638901,65.8151474,104.9200134,65.82181549,20.18721771,65.84512329,126.3622055,65.85181427,24.14004517,
66.00167084,600.9134521,66.00831604,168.2115326,66.03179169,276.4654236,66.03848267,123.1255341,66.0623703,286.7394104,66.06904602,117.1999283,66.0936203,401.7360535,66.10029602,115.2367325,66.22064972,806.7901001,66.22731018,67.0672226,66.19039917,623.5592041,66.19705963,51.46242523,66.15979004,625.0634155,66.16645813,47.51955032,66.12937164,746.8707886,66.13603973,62.15079498,66.25645447,229.2494354,66.26313019,42.8661499,66.28720856,80.95798492,66.29387665,14.03283501,66.31854248,99.7268219,66.32521057,19.31665039,66.34912872,126.9777679,66.35578918,23.21861839,
66.50167084,604.0147705,66.50831604,166.0234833,66.53372955,280.8347473,66.54039764,124.3291626,66.56364441,293.7919006,66.5703125,118.6727371,66.59381104,402.0811157,66.60047913,115.9515533,66.72162628,808.8793945,66.72829437,68.13872528,66.69148254,611.5964355,66.69814301,51.41391754,66.66064453,628.3212891,66.66731262,48.09765625,66.63031769,741.0241089,66.63697815,63.68587875,66.75746155,228.576004,66.76412201,42.46522903,66.78839874,81.19482422,66.79506683,15.15654278,66.8191452,103.0873871,66.82581329,20.27396393,66.84962463,126.4554825,66.85629272,23.53814697,
67.00167084,618.9411621,67.00831604,165.615036,67.03179169,274.8152161,67.03845978,123.9837723,67.06295776,297.8555603,67.06962585,115.9735413,67.09346008,401.0638428,67.10012817,117.2225266,67.22045898,803.0162964,67.22712708,68.06385803,67.19029236,626.6376953,67.19695282,51.91963196,67.15964508,624.8220215,67.16631317,46.87643051,67.1291275,737.9090576,67.13581085,62.28303909,67.2561264,234.8753357,67.26280975,43.05670929,67.28712463,80.43151093,67.29379272,15.33316803,67.31772614,106.2888489,67.32439423,20.26831818,67.34739685,127.9635315,67.35405731,23.36191177,
67.50167084,611.6185303,67.50831604,166.6451111,67.53229523,285.7618408,67.53895569,123.6863251,67.56331635,290.7364807,67.56997681,116.1509705,67.59346008,410.6105957,67.60012817,114.9124298,67.72096252,811.678772,67.72762299,66.72836304,67.69037628,615.0566406,67.69704437,52.39503479,67.65979004,622.5318604,67.66645813,48.66692734,67.62979126,745.8579712,67.63645935,62.99271393,67.75629425,234.8717041,67.76296234,43.34024429,67.78746033,78.89953613,67.79414368,14.71645546,67.81839752,107.3422394,67.82505798,21.11220932,67.84831238,127.2452774,67.85498047,23.54389191,
68.00167084,616.916748,68.00831604,165.4709167,68.0311203,286.9778748,68.03779602,121.7364655,68.06062317,290.907959,68.06729126,116.5343781,68.09131622,406.1065369,68.09797668,114.3186035,68.21995544,828.649231,68.22662354,69.27062988,68.18862152,619.1225586,68.19528961,51.59301758,68.15829468,638.8424072,68.16497803,48.03679657,68.12797546,729.1711426,68.13465118,62.00737762,68.25512695,237.6524658,68.26179504,42.91342545,68.28562927,78.80054474,68.29228973,14.71585751,68.31612396,108.043251,68.32279205,21.96677971,68.34664917,130.3242188,68.35330963,23.76350594,
68.50167084,622.7577515,68.50830841,168.0023041,68.53262329,282.8902588,68.53929138,118.4098358,68.56328583,299.027832,68.56995392,112.1730804,68.59371185,409.6729736,68.60037231,115.2469254,68.71981812,818.1054077,68.72647858,66.9021225,68.68889618,620.1656494,68.69556427,52.89820099,68.65797424,632.7959595,68.66464996,47.99349594,68.62747955,745.3040771,68.63414764,62.73679352,68.75556946,243.0780182,68.76222992,44.57052612,68.78614807,78.17332458,68.79281616,15.18615723,68.8166275,110.5539932,68.82328796,21.20144653,68.84680939,128.4384918,68.85348511,23.82885933,
69.00167084,632.7689209,69.00830841,165.6513062,69.03116608,274.0061035,69.03783417,119.7559052,69.06095886,307.6694336,69.06762695,116.1169586,69.09095764,400.6900024,69.09762573,112.2803268,69.21871185,841.2158203,69.22537231,68.13976288,69.18775177,619.8962402,69.19441986,52.04469299,69.15731812,632.6779785,69.16397858,48.37415695,69.12679291,749.0782471,69.13345337,64.78747559,69.25447845,247.1716919,69.26114655,44.31259918,69.28529358,79.56904602,69.29196167,14.75213337,69.31612396,110.6868057,69.32280731,20.4919796,69.34695435,129.4809265,69.35362244,23.7029953,
69.50167084,634.0169067,69.50830841,168.3080902,69.53128815,277.6702576,69.53795624,122.5072403,69.56295776,303.7397766,69.56962585,116.847908,69.59346008,407.091095,69.60012054,113.4801636,69.71962738,813.5164795,69.72629547,70.54602051,69.68987274,620.3660889,69.69654083,51.75850296,69.65945435,641.8953247,69.66612244,49.52936554,69.62828827,750.3623657,69.63496399,63.85429764,69.75462341,252.8700256,69.76131439,44.42632294,69.78498077,81.02344513,69.79164124,14.84425068,69.81555939,113.0888672,69.82223511,21.42111206,69.84614563,129.3781891,69.85281372,23.17383766,
70.00167084,644.6594238,70.00830841,166.1405029,70.03156281,282.9429932,70.0382309,118.8403091,70.06164551,304.996521,70.0683136,116.3088379,70.09312439,412.1694641,70.09978485,116.0080261,70.21981812,806.8790283,70.22647858,70.61108398,70.18947601,611.9778442,70.1961441,52.04666901,70.15906525,629.1220703,70.16573334,50.36930466,70.1291275,741.5407715,70.13578796,64.45116425,70.25504303,254.3076019,70.26171112,46.03070068,70.28612518,78.60861206,70.29281616,15.13689232,70.31645203,115.7972031,70.32312775,22.28944778,70.34720612,132.1354218,70.35389709,23.21982193,
70.50167084,644.2163086,70.50830841,169.3197784,70.5322113,278.5216064,70.53887177,119.3439178,70.56246185,305.3926697,70.56912231,116.5800171,70.59378815,408.5628357,70.60045624,115.3735428,70.72080994,822.1265259,70.72748566,70.63140106,70.68987274,631.47052,70.69656372,53.76344299,70.66029358,631.9832153,70.66696167,48.81349564,70.62979126,751.3132324,70.63645935,64.82632446,70.75639343,255.6873932,70.76306152,46.69913864,70.78681946,77.74620056,70.79347992,15.03553677,70.81645203,116.943924,70.82312775,22.38680458,70.84754181,130.640625,70.85423279,23.59322357,
71.00167084,660.7075195,71.0083313,164.688736,71.03295898,286.7442322,71.03962708,119.204361,71.06314087,308.0386963,71.06981659,115.2679214,71.09348297,415.2669067,71.10014343,112.463974,71.21979523,833.3356323,71.22645569,71.96887207,71.18946075,618.6113281,71.1961441,52.8327179,71.15964508,629.5668335,71.16630554,49.81162643,71.1294632,746.5230713,71.13612366,65.45318604,71.25595856,256.2869873,71.26264954,45.84759903,71.28712463,80.45993042,71.29379272,14.5273819,71.31745911,113.2222061,71.32414246,22.84139442,71.34780884,130.7759094,71.35447693,23.85883522,
71.50167084,647.8706055,71.50830841,167.4822388,71.53281403,283.2940369,71.539505,118.2215042,71.56347656,310.9069519,71.57015228,115.9243393,71.59329224,410.1666565,71.59996033,113.557869,71.72064972,833.0480957,71.72731018,71.50839233,71.69046021,617.0982666,71.6971283,53.64707947,71.65979004,635.6977539,71.66645813,49.57061768,71.62914276,757.9697266,71.63581848,65.78916931,71.7572937,259.8557129,71.76395416,47.67117691,71.78787231,78.30732727,71.79456329,14.14154339,71.8183136,117.3807449,71.82497406,22.3986187,71.84928894,130.7068939,71.85595703,23.64593506,
72.00167084,665.4515381,72.00830841,167.887558,72.03229523,281.5148621,72.03895569,119.5881271,72.06362152,313.0845642,72.07028961,115.5626984,72.09329224,404.1889648,72.09997559,113.5425186,72.22212982,846.7098389,72.22879028,69.55013275,72.19114685,631.1752319,72.19780731,55.76062012,72.16096497,645.223999,72.16762543,50.49642563,72.13037109,746.6724854,72.13704681,66.02209473,72.25847626,265.800415,72.26514435,47.22761154,72.28979492,79.4396286,72.29646301,15.11553669,72.32047272,119.5890503,72.32714844,23.78616714,72.35063934,131.4235229,72.35731506,23.91476631,
72.50167084,668.5670166,72.50830841,166.8591461,72.53214264,292.0582581,72.53881073,119.5973587,72.56262207,312.5371399,72.56929779,119.1025772,72.59348297,413.222229,72.60014343,113.0546722,72.7209549,812.3672485,72.72763062,71.37660217,72.69062805,621.1304321,72.69728851,55.33847809,72.66030884,628.7600098,72.66697693,48.89948273,72.62962341,755.133728,72.63629913,66.74501801,72.75747681,271.0720215,72.7641449,48.53268814,72.78862,79.78855896,72.79528809,14.10963345,72.81833649,121.3953552,72.82497406,23.50388527,72.84962463,132.8563385,72.85629272,23.69864464,
73.00167084,681.2633667,73.00830841,166.8782959,73.03314972,290.2951355,73.03981018,120.1872482,73.06328583,313.2075806,73.06997681,116.487114,73.09406281,420.2017212,73.1007309,113.0738678,73.22245789,830.9945679,73.22912598,71.18412018,73.1919632,627.5286255,73.19864655,55.24163818,73.16148376,638.6156006,73.16814423,50.71886444,73.13088989,752.2439575,73.13756561,66.60204315,73.25862885,276.6450195,73.26531219,48.3449173,73.28945923,77.61869049,73.29612732,15.23790741,73.31995392,119.2442703,73.32662964,22.92414284,73.35006714,133.5857086,73.3567276,24.04626846,
73.50167084,676.6029053,73.50830841,165.5760345,73.53364563,288.1132507,73.54031372,118.4553452,73.5634613,320.4523621,73.57015228,116.9868851,73.59396362,403.9325562,73.60062408,111.3888779,73.7206192,828.0300903,73.72729492,70.53783417,73.69029236,638.1700439,73.69695282,56.47765732,73.65945435,636.0808105,73.66612244,50.63969421,73.62822723,751.8641357,73.63489532,66.48300171,73.75712585,276.0466003,73.76379395,49.60478592,73.78728485,81.50991821,73.79396057,14.72669506,73.81773376,124.0114288,73.82439423,23.79253197,73.8479538,131.611496,73.85462189,24.24954796,
74.00167084,687.0588379,74.0083313,167.6346436,74.03229523,293.2976685,74.03897858,117.8515549,74.06264496,323.9564514,74.06931305,115.8006516,74.09346008,416.7356262,74.10012054,112.2485275,74.2202301,830.006958,74.22692108,72.08370209,74.18995667,632.0582886,74.19662476,57.21133041,74.15929413,636.7357788,74.16598511,49.59836197,74.12914276,772.2993164,74.13581848,66.41915131,74.25447845,280.1386414,74.26114655,50.24702072,74.28529358,79.37834167,74.29197693,14.39353085,74.31629181,123.1148148,74.32298279,24.11371803,74.34729004,132.9390717,74.35398102,24.39873123,
74.50167084,684.6845703,74.50830841,165.0305939,74.53212738,288.7576904,74.53879547,117.8553925,74.56295776,327.1305542,74.56962585,117.5814056,74.5933075,411.3400574,74.59997559,110.891861,74.72112274,825.7792358,74.72779083,71.35709381,74.69095612,641.4121094,74.69762421,56.69974518,74.65973663,631.0481567,74.66639709,50.92634964,74.6291275,749.0078735,74.63581848,65.68525696,74.75795746,281.2991638,74.76462555,50.75998688,74.78764343,80.21448517,74.79431152,15.19079399,74.81864166,129.5919495,74.82530975,24.49736977,74.84928894,135.1615906,74.85595703,24.15761948,
75.00167084,681.4730835,75.00830841,168.0377808,75.03181458,292.5661011,75.03847504,115.2786484,75.06230927,325.3976135,75.06897736,114.8370819,75.09346008,415.0264893,75.10012054,110.0738373,75.2206192,842.8654785,75.22731018,75.04827118,75.19029236,643.6035767,75.19695282,56.14938736,75.15995789,634.1387329,75.16662598,51.77721405,75.12914276,772.6235352,75.13581848,68.175354,75.25712585,291.3616028,75.26379395,51.56737518,75.28779602,79.29148865,75.29445648,14.9362278,75.31845856,127.2714005,75.32511902,24.61699677,75.34873199,132.6257782,75.35539246,24.07914162,
75.50167084,688.597168,75.50830841,166.8206024,75.53231812,297.6638794,75.53897858,116.4837723,75.56295776,327.1298218,75.56962585,113.5158997,75.59296417,411.9667969,75.59962463,111.607399,75.72172546,834.7094727,75.72839355,73.06050873,75.69029236,641.2911987,75.69698334,58.38753128,75.65945435,646.4893799,75.66612244,51.03948212,75.62895203,745.5159302,75.63564301,66.77998352,75.75789642,289.3895569,75.76455688,52.01140213,75.78806305,79.60410309,75.79472351,14.54120827,75.81897736,127.6910324,75.82564545,25.20635414,75.8498764,134.0998688,75.85654449,23.7438755,
76.00167084,721.0808105,76.00830841,165.2281342,76.03128815,298.640564,76.03795624,116.9873428,76.06189728,331.2055664,76.06856537,116.4112778,76.09297943,421.2451172,76.09963989,110.0804138,76.21979523,839.0042725,76.22645569,74.19814301,76.18946075,641.1420898,76.19612885,57.19144058,76.15879059,663.0441895,76.16545868,51.71014404,76.12845612,759.4880371,76.13512421,68.80674744,76.2561264,291.1593018,76.26279449,52.65486526,76.28681946,81.44081116,76.29347992,15.72790718,76.31721497,131.0030518,76.32387543,24.44529152,76.34764862,131.7671356,76.35431671,24.11866188,
76.50167084,700.2354126,76.50830841,168.5264282,76.53147888,289.7676392,76.53813934,113.7322617,76.56246185,333.8732605,76.56912231,113.0571899,76.59346008,425.551178,76.60012054,109.9107666,76.71862793,852.5827026,76.72529602,73.75430298,76.68814087,639.7835083,76.69481659,59.21136475,76.65789032,646.4002686,76.66455841,52.10169601,76.62796021,743.1618652,76.6346283,68.16127014,76.75512695,300.0013733,76.76179504,52.23204422,76.78553772,79.60588837,76.79221344,15.17296886,76.81595612,133.9031067,76.82262421,24.71326256,76.8459549,137.3532715,76.85263062,24.51418114,
77.00167084,717.4525757,77.00830841,165.2299347,77.03229523,294.5740356,77.03895569,117.0801239,77.06370544,332.0610046,77.07038116,116.2683029,77.09381866,422.6376953,77.10047913,108.1641235,77.21931458,851.5865479,77.22597504,74.46529388,77.18795776,635.5357666,77.19462585,58.48158646,77.1581192,643.3925171,77.16479492,51.51901245,77.12754059,765.5255127,77.13420868,68.05374908,77.25514221,293.8674011,77.26181793,53.18100357,77.28629303,82.39887238,77.29297638,15.41002369,77.31664276,136.2819672,77.32331848,25.528965,77.34798431,133.7526703,77.35464478,24.57808113,
77.50167084,710.5216064,77.50830841,161.4886322,77.53262329,303.1413574,77.53929138,115.7359085,77.56347656,332.4222107,77.57015228,114.1686325,77.59362793,413.0513,77.60029602,109.7647781,77.72079468,835.4597168,77.72745514,75.71880341,77.69046021,636.9348145,77.6971283,58.40804291,77.65998077,648.5827637,77.66664124,52.6145668,77.62962341,774.5897217,77.63629913,69.59861755,77.75614166,310.7427979,77.76280975,52.07556915,77.78629303,82.41056824,77.79296112,15.61166763,77.81629181,139.459259,77.8229599,26.19708061,77.84664917,132.7141113,77.85330963,24.12739754,
78.00167084,734.0230103,78.00830841,165.3259888,78.03179169,295.8867798,78.03845978,113.5827942,78.06189728,332.7732849,78.06856537,113.8945389,78.092453,419.2326965,78.09914398,107.983345,78.22006226,833.8583374,78.22672272,74.0847702,78.19046021,649.7741089,78.19714355,58.73272705,78.15929413,640.8123779,78.16596222,53.45796585,78.12864685,774.5284424,78.13530731,69.94998169,78.25562286,315.9006348,78.26229095,54.21678543,78.28646088,80.55586243,78.29312134,15.55920792,78.3169632,138.2182922,78.32362366,26.71306038,78.34729004,131.2593689,78.35395813,24.72271347,
78.50167084,719.2997437,78.5083313,165.5356903,78.53279114,297.4888306,78.53945923,115.8358994,78.56295776,337.1181946,78.56964874,114.7482758,78.59362793,428.1343384,78.60029602,107.9715042,78.72145844,854.5037231,78.72812653,74.53298187,78.69029236,650.328125,78.69695282,59.83388901,78.66029358,661.6248779,78.66696167,52.61911011,78.62895203,772.4598999,78.63564301,69.16947174,78.75778961,316.6008911,78.7644577,54.84937286,78.78779602,82.62576294,78.79445648,15.68198013,78.81787109,142.8824463,78.82454681,26.82184792,78.84812927,133.1218567,78.85478973,24.504879,
79.00167084,731.1622314,79.0083313,166.9793854,79.03237152,294.2398682,79.03903961,116.0018005,79.06278992,344.1049194,79.06945801,115.0595474,79.09355927,423.0497437,79.10022736,106.9165878,79.22145844,840.8386841,79.22812653,75.58190155,79.19095612,646.1243896,79.19762421,59.55004883,79.16023254,646.7396851,79.16689301,53.8614502,79.12989807,776.361084,79.13656616,68.9813385,79.25722504,319.2920837,79.26390076,55.37866974,79.28781128,80.58144379,79.29447937,15.559515,79.31829071,142.6309814,79.32497406,26.77177429,79.34903717,133.4831238,79.35572815,23.88911247,
79.50167084,738.2572021,79.5083313,168.3942108,79.53262329,297.4124756,79.53929138,114.4624176,79.56247711,341.652771,79.5691452,113.2120667,79.59378815,430.6824951,79.60045624,109.5028305,79.71979523,856.6373901,79.72647858,76.16468811,79.69029236,642.8955688,79.69695282,61.61152649,79.6604538,656.0604248,79.66712189,52.27298355,79.6294632,761.0961914,79.63612366,69.69033051,79.75629425,324.0380249,79.76295471,55.27524948,79.78656769,82.38945007,79.79322815,15.2384758,79.81730652,144.1299896,79.82398224,27.55363464,79.84862518,132.6476593,79.85529327,23.83629227,
80.00167084,723.0057373,80.00830841,170.4198303,80.03262329,309.4289246,80.03929138,113.6453781,80.06214142,354.2052307,80.06881714,114.6278992,80.0927887,431.3759155,80.09947968,110.0727005,80.21878815,847.0134277,80.22547913,74.96044922,80.18862152,649.586792,80.19528961,61.09866333,80.15729523,654.2084351,80.16395569,53.40258026,80.12745667,780.8894043,80.13412476,69.13585663,80.25328827,327.5309448,80.25996399,56.30379105,80.28422546,82.85155487,80.29089355,16.02192497,80.31462097,148.0093536,80.32128906,27.63139153,80.34495544,135.3701935,80.35163116,24.54694366,
80.50167084,732.9810181,80.50830841,167.9007568,80.53279114,306.593811,80.53945923,117.1837234,80.5634613,351.2555237,80.57012177,112.5517426,80.59389496,421.3981323,80.60056305,106.1849365,80.72080994,856.6317749,80.72748566,74.45631409,80.69081116,653.4874268,80.69747925,61.2638855,80.65937805,640.5809937,80.66603851,54.32863998,80.62962341,774.0285645,80.63629913,71.62093353,80.75631714,330.6318665,80.7629776,55.97785187,80.78656769,85.93930054,80.79322815,15.52271843,80.81797791,151.9016113,80.82463837,28.35194206,80.84879303,133.8310242,80.85546112,24.3026886,
81.00167084,759.0914307,81.00830841,167.3283081,81.03198242,307.7118225,81.03865051,111.7218704,81.06328583,353.0860596,81.06995392,114.5875854,81.09346008,423.8486023,81.10012054,109.3338394,81.22097778,881.2429199,81.22764587,74.91381836,81.19081116,639.461792,81.19747925,61.90514755,81.16056061,664.4385376,81.1672287,53.02540207,81.12995911,790.7077637,81.13661957,70.99748993,81.25770569,332.4843445,81.26437378,58.15613174,81.28731537,85.43610382,81.29397583,15.60470581,81.31778717,154.0330811,81.32445526,28.19246483,81.34848022,135.3430176,81.35514069,24.96966934,
81.50167084,745.5615845,81.50830841,167.2378845,81.53297424,314.7459717,81.53964996,111.121109,81.56328583,352.9320984,81.56997681,114.1142731,81.59412384,432.5648499,81.60079193,106.8370285,81.72014618,846.2022095,81.72681427,75.91201019,81.68946075,647.0415649,81.69612885,62.54736328,81.65879059,653.6176147,81.66545868,54.57760239,81.62889862,785.4092407,81.63556671,72.98336792,81.75431061,339.6888123,81.7609787,58.50994873,81.78512573,82.63991547,81.79178619,16.15665627,81.81547546,150.3440399,81.82214355,27.75601006,81.8459549,133.651123,81.85263062,24.45153999,
82.00167084,745.4793091,82.00830841,166.1129761,82.03262329,313.8470459,82.03931427,115.3851318,82.06328583,351.6068115,82.06995392,111.5768814,82.09329224,429.6022034,82.09996033,105.6460037,82.22164917,869.4661255,82.22830963,76.12862396,82.19120789,648.9909668,82.19787598,63.85022354,82.16096497,659.4025269,82.16762543,55.30940628,82.12995911,781.9295654,82.13661957,71.12133789,82.2572937,343.4475403,82.26395416,59.90202713,82.28762054,84.64509583,82.29429626,16.40676117,82.31829071,153.2470703,82.3249588,27.29792023,82.34879303,133.9311066,82.35546112,24.25864983,
82.50167084,751.4245605,82.50830841,170.2441559,82.53256226,309.727417,82.53922272,112.3232422,82.56320953,353.4787903,82.56987,114.7593536,82.59348297,430.2554016,82.60014343,107.6114197,82.72162628,866.4676514,82.72828674,76.35004425,82.69065094,666.335083,82.6973114,61.87527466,82.65947723,650.927124,82.66614532,55.33349228,82.62895203,788.3972168,82.63564301,72.67518616,82.7578125,350.0027466,82.76448059,59.30014801,82.78847504,83.43320465,82.79515076,16.58094025,82.8189621,154.9629364,82.82563019,28.88525009,82.84898376,134.5597534,82.85564423,23.85141945,
83.00167084,748.4490967,83.00830841,168.2623596,83.03195953,311.9563599,83.03865051,113.3424072,83.06287384,363.7345581,83.06954193,113.974823,83.09314728,442.0479126,83.09981537,108.2473755,83.21939087,863.607666,83.22606659,77.13145447,83.18895721,650.9904785,83.19562531,62.64187241,83.15847778,664.3964844,83.16514587,54.07950592,83.12797546,764.2579346,83.13464355,70.51976776,83.25531769,348.8503723,83.26197815,60.03540802,83.2854538,86.0311203,83.29214478,16.40012169,83.31612396,158.7337189,83.32280731,28.80221748,83.34690094,134.37883,83.3535614,24.89956284,
83.50167084,790.1859741,83.50830841,169.1757813,83.53195953,314.5102844,83.53862,111.1726074,83.56262207,366.6621704,83.56929779,113.6971817,83.59297943,424.8744812,83.59963989,106.365448,83.71997833,856.6323242,83.72664642,77.46995544,83.68997955,664.0577393,83.69664764,64.54972076,83.65930939,657.7475586,83.66598511,54.13693619,83.62864685,785.9678955,83.63530731,72.72436523,83.7561264,355.6664429,83.76279449,60.87634659,83.78646088,84.37540436,83.79312134,17.0554142,83.81581116,156.0292816,83.82247925,28.41131783,83.84712982,132.0886993,83.85380554,24.05034256,
84.00167084,776.8580933,84.00830841,167.5082703,84.03289032,322.3867798,84.03955841,112.4716034,84.063797,368.3424377,84.07045746,113.8603821,84.09429169,428.5051575,84.10095978,106.6861038,84.21987152,876.9482422,84.22653961,76.41690063,84.18929291,659.357605,84.19597626,64.46359253,84.15872955,660.6997681,84.16539764,53.97834778,84.12831116,795.4876709,84.13497925,73.30175018,84.25498199,354.6688232,84.26164246,60.22146988,84.28529358,89.14308929,84.29196167,17.33359337,84.31506348,167.6201019,84.32175446,29.51110077,84.34531403,133.2602692,84.35197449,24.56695747,
84.50167084,792.6364136,84.50830841,169.0937042,84.53164673,326.9693909,84.53831482,109.1196289,84.56179047,381.0142212,84.56845856,115.7033997,84.59248352,427.0474854,84.59914398,106.0532761,84.7177887,883.1710815,84.72445679,79.49380493,84.68781281,665.3578491,84.6944809,66.09489441,84.65779114,652.3768921,84.66445923,56.88403702,84.62722778,794.9577026,84.63389587,72.76170349,84.75322723,366.311554,84.75989532,61.45505905,84.78464508,88.77264404,84.79130554,17.23010254,84.81529236,161.4856262,84.82195282,29.80319023,84.84604645,135.6765442,84.85270691,23.51867485,
85.00167084,802.5131836,85.00830841,168.5001831,85.03214264,324.2250061,85.03881073,113.6038742,85.06347656,369.7852173,85.07015228,111.8565292,85.09353638,447.6333313,85.1002121,106.7923737,85.22162628,875.5253296,85.22828674,78.80063629,85.19029236,662.9819946,85.19695282,64.02278137,85.16048431,661.2514038,85.16714478,56.96777344,85.1292038,790.9564819,85.13587189,73.3531723,85.25546265,366.5534058,85.26212311,61.65193558,85.28612518,85.70157623,85.29279327,16.81680679,85.3169632,163.3014221,85.32362366,30.29084396,85.34754181,133.7505951,85.3542099,24.58067703,
85.50167084,794.4667969,85.50830841,168.1751862,85.53295898,327.6733704,85.53962708,113.366745,85.56320953,385.0900269,85.56990051,112.5442581,85.59381866,442.8758545,85.60047913,109.6792374,85.72104645,893.81073,85.72770691,79.04914093,85.69095612,659.2659912,85.69762421,64.80900574,85.66048431,669.3078003,85.66714478,56.36725235,85.62980652,805.9743042,85.63648224,72.78650665,85.75770569,365.5605774,85.76437378,62.83889771,85.78829193,88.31298828,85.79495239,17.63326645,85.81945801,168.3323669,85.8261261,30.29490852,85.84996033,133.2841949,85.85662079,24.36040688,
86.00167084,800.8551636,86.00830841,172.5938416,86.03173065,329.7614746,86.03839874,112.0544205,86.06262207,385.7245789,86.06929779,111.355423,86.0927887,442.147644,86.09945679,108.1805725,86.21896362,891.0974121,86.22562408,79.94367981,86.18812561,678.2116089,86.19481659,65.8061142,86.15795898,660.2512207,86.16462708,55.15849304,86.12763214,802.347229,86.1342926,73.54386139,86.2544632,380.1317139,86.26112366,63.87718201,86.28514862,87.46032715,86.29181671,17.47999191,86.31546021,169.5227966,86.32214355,30.72654152,86.34614563,138.8994446,86.35281372,24.08472443,
86.50167084,801.5703735,86.50830841,175.1703491,86.53245544,324.4752502,86.53913116,111.106369,86.56354523,386.3654175,86.57020569,112.7047882,86.59464264,445.2740784,86.60131073,107.4687119,86.72229004,880.4955444,86.72895813,80.11568451,86.69098663,676.5792847,86.69764709,67.43444824,86.66123199,667.729126,86.66789246,56.31487656,86.63095856,807.5128174,86.63761902,74.50025177,86.75812531,386.2889099,86.7647934,65.58213043,86.78895569,90.49036407,86.79562378,17.69462395,86.81856537,172.1871796,86.82522583,30.86937523,86.84880829,133.1999512,86.85547638,23.62135696,
87.00167084,811.2346191,87.00830841,172.0601959,87.03297424,338.1425781,87.03964996,110.1339645,87.06312561,380.3005371,87.0697937,111.8676758,87.09445953,447.1548157,87.10112,106.5984421,87.22179413,899.9940796,87.22848511,80.42575073,87.19129181,681.9539185,87.1979599,66.49414063,87.16029358,663.8867798,87.16696167,56.43292618,87.13023376,813.1856689,87.13689423,73.6311264,87.25579071,385.9761353,87.26247406,65.08574677,87.28620911,92.61057281,87.29286957,18.15855789,87.31754303,173.3689728,87.32421112,30.85671806,87.34848022,134.7719727,87.35514069,24.35634613,
87.50167084,814.7181396,87.50830841,174.2947083,87.53262329,332.2590332,87.53929138,109.3503036,87.56312561,382.047821,87.5697937,113.8374557,87.59429169,443.299408,87.60095978,104.8192978,87.72039032,877.5107422,87.72705841,80.86513519,87.68929291,686.5651245,87.69595337,68.67714691,87.65864563,668.6973877,87.66531372,57.42298889,87.62831116,800.6901245,87.63497925,74.506073,87.75621033,381.3530579,87.76290131,64.80782318,87.78695679,96.48371887,87.79362488,18.61019707,87.81778717,176.7470245,87.82445526,31.55620384,87.84870911,133.9048157,87.85536957,24.30510521,
88.00167084,810.1813965,88.00830841,171.419693,88.03139496,325.3789063,88.03806305,109.9648132,88.06287384,388.5743103,88.06954193,112.5692139,88.09348297,449.0775757,88.10014343,104.4096069,88.21956635,902.8094482,88.22622681,81.36962128,88.18922424,685.1512451,88.19589996,67.42321777,88.15895844,669.0514526,88.16562653,56.87070465,88.12828827,817.2227173,88.13496399,74.80797577,88.25562286,393.1688843,88.26229095,65.74188232,88.28562927,95.12744141,88.29228973,19.09857941,88.31595612,179.1769409,88.32264709,31.47962379,88.34638214,135.5673218,88.3530426,24.84007263,
88.50167084,816.3604736,88.5083313,173.5935669,88.53247833,330.2225342,88.53914642,110.0744476,88.56278992,397.3324585,88.56945801,115.110672,88.59362793,458.8492126,88.60029602,105.7627335,88.720047,896.1220703,88.72670746,79.70933533,88.69046021,691.6615601,88.6971283,69.80823517,88.65995789,668.0209351,88.66662598,56.79693604,88.62928772,812.5924072,88.63596344,76.34085083,88.75647736,400.5509338,88.76314545,66.29252625,88.78795624,96.39861298,88.79463196,18.14129829,88.81800079,178.4037781,88.82463837,31.85983086,88.84912109,136.1055298,88.85579681,24.56919861,
89.00167084,828.1934204,89.00830841,173.8365173,89.03112793,336.6212463,89.03779602,109.5076523,89.06195831,397.4690247,89.0686264,112.3775787,89.09237671,455.5585022,89.09903717,105.3893433,89.22145844,899.0814209,89.22812653,83.53568268,89.19046021,697.0809326,89.1971283,71.40318298,89.15995789,674.8720703,89.16662598,58.32426453,89.12887573,825.7574463,89.13553619,75.89957428,89.25712585,408.9185181,89.26379395,66.94895935,89.28746033,95.07906342,89.29412079,19.58098793,89.31781769,185.3079987,89.32447815,32.23070526,89.34828949,134.6171722,89.35495758,24.38295555,
89.50167084,842.0367432,89.50830841,172.0430145,89.53356171,342.1654053,89.5402298,107.7846222,89.56414032,403.0664673,89.57080841,113.2373276,89.59462738,454.2731628,89.60131073,104.9694748,89.72079468,909.7287598,89.72745514,82.41323853,89.69062805,691.9327393,89.69728851,69.37316895,89.65995789,684.1113892,89.66662598,59.79858398,89.62962341,810.2579956,89.63629913,76.04987335,89.7564621,405.4855957,89.76313019,64.59024811,89.78712463,97.98628998,89.79379272,19.11085129,89.81762695,182.0984802,89.82429504,33.21092987,89.84798431,134.7874908,89.85464478,23.65704155,
90.00167084,814.9961548,90.00830841,169.4286804,90.03229523,335.6646423,90.03895569,110.1733246,90.0634613,401.2705994,90.07012177,111.5332947,90.09348297,463.0690613,90.10014343,107.1122894,90.22145844,900.2108154,90.22812653,83.30190277,90.1916275,698.078064,90.19828796,72.08696747,90.16114807,685.8595581,90.16781616,60.01249695,90.12989807,832.2893677,90.13656616,77.37952423,90.25762177,409.7338867,90.26428986,69.50114441,90.28779602,99.72386169,90.29447937,20.33850098,90.3189621,189.6022186,90.32563019,33.31983566,90.34914398,136.1447144,90.35581207,24.60354424,

Sample D1_Ex509_Em563,
Sample D1_Ex509_Em563
Collection Time: 15-Feb-24 12:11:13 PM
Operator Name  :
Kinetics Software Version: 1.2(146)
Parameter List :
Report Time: Thu 15 Feb 12:11:13 PM 2024
Software version: 1.2(146)
Operator:
Instrument Parameters
Instrument                        Cary Eclipse
Instrument Serial Number          MY18160001
Data mode                         Fluorescence
Ex. wavelengths (nm)              509.0000 ; 509.0000
Em. wavelengths (nm)              563.0000 ; 660.0000
Ex. Slit (nm)                     20
Em. Slit (nm)                     20
Averaging Time (s)                0.2000
Cycle time(min)                   0.5000
Stop time(min)                    90.0000
Emission filter                   Open
Excitation Filter                 Auto
PMT voltage (V)                   700
Wellplate                         ON
Plate format                     96 Wells
Read position                    Well centre
Multi-zero                       OFF
Auto-zero                        OFF
Well                            A1
Comments:
Method Log     :
Method Name    : Default
Date/Time stamp: 15-Feb-24 11:56:40 AM
Method Modifications:
Wellplate Overlay Mode Changed: 15-Feb-24 11:56:41 AM, Old:Individual, New:Choice 1
Wellplate Overlay Mode Changed: 15-Feb-24 11:56:41 AM, Old:Overlay all, New:Choice 2
Wellplate Overlay Mode Changed: 15-Feb-24 11:56:41 AM, Old:Overlay rows, New:Choice 3
Wellplate Overlay Mode Changed: 15-Feb-24 11:56:41 AM, Old:Overlay columns, New:Choice 4
Wellplate Overlay Mode Changed: 15-Feb-24 11:56:41 AM, Old:User defined, New:Overlay columns
PMT Volts Changed: 15-Feb-24 11:59:32 AM, Old:600, New:800
Well plate reader Changed: 15-Feb-24 11:59:32 AM, Old:OFF, New:ON
Multiwavelength Changed: 15-Feb-24 11:59:32 AM, Old:OFF, New:ON
Excitation Wavelengths 1 Changed: 15-Feb-24 11:59:32 AM, Old:   350.0000, New:   509.0000
Emission Wavelengths 1 Changed: 15-Feb-24 11:59:32 AM, Old:   450.0000, New:   563.0000
Excitation Wavelengths 2 Changed: 15-Feb-24 11:59:32 AM, Old:   360.0000, New:   509.0000
Emission Wavelengths 2 Changed: 15-Feb-24 11:59:32 AM, Old:   460.0000, New:   660.0000
Excitation Wavelength Changed: 15-Feb-24 11:59:32 AM, Old: 400.00, New: 509.00
Emission Wavelength Changed: 15-Feb-24 11:59:32 AM, Old: 600.00, New: 563.00
Ex. Slit Width (nm): Changed: 15-Feb-24 11:59:32 AM, Old:5, New:20
Em. Slit Width (nm): Changed: 15-Feb-24 11:59:32 AM, Old:5, New:20
Ave. time (s): Changed: 15-Feb-24 11:59:32 AM, Old:0.10000, New:0.20000
Cycle Time 1 Changed: 15-Feb-24 11:59:32 AM, Old: 0.0000, New: 0.5000
Stop Time 1 Changed: 15-Feb-24 11:59:32 AM, Old: 1.0000, New:90.0000
Emission PMT (V): Changed: 15-Feb-24 11:59:32 AM, Old: 600, New: 800
Wellplate Samples Changed: 15-Feb-24 11:59:32 AM, Old:, New:D1;D2;D3;D4;E1;E2;E3;E4;F1;F2;F3;F4;
PMT Volts Changed: 15-Feb-24 12:00:17 PM, Old:800, New:600
Emission PMT (V): Changed: 15-Feb-24 12:00:17 PM, Old: 800, New: 600
PMT Volts Changed: 15-Feb-24 12:01:09 PM, Old:600, New:700
Emission PMT (V): Changed: 15-Feb-24 12:01:09 PM, Old: 600, New: 700
PMT Volts Changed: 15-Feb-24 12:01:49 PM, Old:700, New:800
Emission PMT (V): Changed: 15-Feb-24 12:01:49 PM, Old: 700, New: 800
PMT Volts Changed: 15-Feb-24 12:03:19 PM, Old:800, New:750
Emission PMT (V): Changed: 15-Feb-24 12:03:19 PM, Old: 800, New: 750
PMT Volts Changed: 15-Feb-24 12:08:42 PM, Old:750, New:800
Emission PMT (V): Changed: 15-Feb-24 12:08:43 PM, Old: 750, New: 800
PMT Volts Changed: 15-Feb-24 12:10:18 PM, Old:800, New:600
Emission PMT (V): Changed: 15-Feb-24 12:10:19 PM, Old: 800, New: 600
PMT Volts Changed: 15-Feb-24 12:11:09 PM, Old:600, New:700
Emission PMT (V): Changed: 15-Feb-24 12:11:09 PM, Old: 600, New: 700
End Method Modifications

Sample D1_Ex509_Em660,
Sample D1_Ex509_Em660
Collection Time: 15-Feb-24 12:11:13 PM
Operator Name  :
Kinetics Software Version: 1.2(146)
Parameter List :
Report Time: Thu 15 Feb 12:11:13 PM 2024
Software version: 1.2(146)
Operator:
Instrument Parameters
Instrument                        Cary Eclipse
Instrument Serial Number          MY18160001
Data mode                         Fluorescence
Ex. wavelengths (nm)              509.0000 ; 509.0000
Em. wavelengths (nm)              563.0000 ; 660.0000
Ex. Slit (nm)                     20
Em. Slit (nm)                     20
Averaging Time (s)                0.2000
Cycle time(min)                   0.5000
Stop time(min)                    90.0000
Emission filter                   Open
Excitation Filter                 Auto
PMT voltage (V)                   700
Wellplate                         ON
Plate format                     96 Wells
Read position                    Well centre
Multi-zero                       OFF
Auto-zero                        OFF
Well                            A1
Comments:
Method Log     :
Method Name    : Default
Date/Time stamp: 15-Feb-24 11:56:40 AM
Method Modifications:
Wellplate Overlay Mode Changed: 15-Feb-24 11:56:41 AM, Old:Individual, New:Choice 1
Wellplate Overlay Mode Changed: 15-Feb-24 11:56:41 AM, Old:Overlay all, New:Choice 2
Wellplate Overlay Mode Changed: 15-Feb-24 11:56:41 AM, Old:Overlay rows, New:Choice 3
Wellplate Overlay Mode Changed: 15-Feb-24 11:56:41 AM, Old:Overlay columns, New:Choice 4
Wellplate Overlay Mode Changed: 15-Feb-24 11:56:41 AM, Old:User defined, New:Overlay columns
PMT Volts Changed: 15-Feb-24 11:59:32 AM, Old:600, New:800
Well plate reader Changed: 15-Feb-24 11:59:32 AM, Old:OFF, New:ON
Multiwavelength Changed: 15-Feb-24 11:59:32 AM, Old:OFF, New:ON
Excitation Wavelengths 1 Changed: 15-Feb-24 11:59:32 AM, Old:   350.0000, New:   509.0000
Emission Wavelengths 1 Changed: 15-Feb-24 11:59:32 AM, Old:   450.0000, New:   563.0000
Excitation Wavelengths 2 Changed: 15-Feb-24 11:59:32 AM, Old:   360.0000, New:   509.0000
Emission Wavelengths 2 Changed: 15-Feb-24 11:59:32 AM, Old:   460.0000, New:   660.0000
Excitation Wavelength Changed: 15-Feb-24 11:59:32 AM, Old: 400.00, New: 509.00
Emission Wavelength Changed: 15-Feb-24 11:59:32 AM, Old: 600.00, New: 563.00
Ex. Slit Width (nm): Changed: 15-Feb-24 11:59:32 AM, Old:5, New:20
Em. Slit Width (nm): Changed: 15-Feb-24 11:59:32 AM, Old:5, New:20
Ave. time (s): Changed: 15-Feb-24 11:59:32 AM, Old:0.10000, New:0.20000
Cycle Time 1 Changed: 15-Feb-24 11:59:32 AM, Old: 0.0000, New: 0.5000
Stop Time 1 Changed: 15-Feb-24 11:59:32 AM, Old: 1.0000, New:90.0000
Emission PMT (V): Changed: 15-Feb-24 11:59:32 AM, Old: 600, New: 800
Wellplate Samples Changed: 15-Feb-24 11:59:32 AM, Old:, New:D1;D2;D3;D4;E1;E2;E3;E4;F1;F2;F3;F4;
PMT Volts Changed: 15-Feb-24 12:00:17 PM, Old:800, New:600
Emission PMT (V): Changed: 15-Feb-24 12:00:17 PM, Old: 800, New: 600
PMT Volts Changed: 15-Feb-24 12:01:09 PM, Old:600, New:700
Emission PMT (V): Changed: 15-Feb-24 12:01:09 PM, Old: 600, New: 700
PMT Volts Changed: 15-Feb-24 12:01:49 PM, Old:700, New:800
Emission PMT (V): Changed: 15-Feb-24 12:01:49 PM, Old: 700, New: 800
PMT Volts Changed: 15-Feb-24 12:03:19 PM, Old:800, New:750
Emission PMT (V): Changed: 15-Feb-24 12:03:19 PM, Old: 800, New: 750
PMT Volts Changed: 15-Feb-24 12:08:42 PM, Old:750, New:800
Emission PMT (V): Changed: 15-Feb-24 12:08:43 PM, Old: 750, New: 800
PMT Volts Changed: 15-Feb-24 12:10:18 PM, Old:800, New:600
Emission PMT (V): Changed: 15-Feb-24 12:10:19 PM, Old: 800, New: 600
PMT Volts Changed: 15-Feb-24 12:11:09 PM, Old:600, New:700
Emission PMT (V): Changed: 15-Feb-24 12:11:09 PM, Old: 600, New: 700
End Method Modifications

Sample D2_Ex509_Em563,
Sample D2_Ex509_Em563
Collection Time: 15-Feb-24 12:11:13 PM
Operator Name  :
Kinetics Software Version: 1.2(146)
Parameter List :
Report Time: Thu 15 Feb 12:11:13 PM 2024
Software version: 1.2(146)
Operator:
Instrument Parameters
Instrument                        Cary Eclipse
Instrument Serial Number          MY18160001
Data mode                         Fluorescence
Ex. wavelengths (nm)              509.0000 ; 509.0000
Em. wavelengths (nm)              563.0000 ; 660.0000
Ex. Slit (nm)                     20
Em. Slit (nm)                     20
Averaging Time (s)                0.2000
Cycle time(min)                   0.5000
Stop time(min)                    90.0000
Emission filter                   Open
Excitation Filter                 Auto
PMT voltage (V)                   700
Wellplate                         ON
Plate format                     96 Wells
Read position                    Well centre
Multi-zero                       OFF
Auto-zero                        OFF
Well                            A1
Comments:
Method Log     :
Method Name    : Default
Date/Time stamp: 15-Feb-24 11:56:40 AM
Method Modifications:
Wellplate Overlay Mode Changed: 15-Feb-24 11:56:41 AM, Old:Individual, New:Choice 1
Wellplate Overlay Mode Changed: 15-Feb-24 11:56:41 AM, Old:Overlay all, New:Choice 2
Wellplate Overlay Mode Changed: 15-Feb-24 11:56:41 AM, Old:Overlay rows, New:Choice 3
Wellplate Overlay Mode Changed: 15-Feb-24 11:56:41 AM, Old:Overlay columns, New:Choice 4
Wellplate Overlay Mode Changed: 15-Feb-24 11:56:41 AM, Old:User defined, New:Overlay columns
PMT Volts Changed: 15-Feb-24 11:59:32 AM, Old:600, New:800
Well plate reader Changed: 15-Feb-24 11:59:32 AM, Old:OFF, New:ON
Multiwavelength Changed: 15-Feb-24 11:59:32 AM, Old:OFF, New:ON
Excitation Wavelengths 1 Changed: 15-Feb-24 11:59:32 AM, Old:   350.0000, New:   509.0000
Emission Wavelengths 1 Changed: 15-Feb-24 11:59:32 AM, Old:   450.0000, New:   563.0000
Excitation Wavelengths 2 Changed: 15-Feb-24 11:59:32 AM, Old:   360.0000, New:   509.0000
Emission Wavelengths 2 Changed: 15-Feb-24 11:59:32 AM, Old:   460.0000, New:   660.0000
Excitation Wavelength Changed: 15-Feb-24 11:59:32 AM, Old: 400.00, New: 509.00
Emission Wavelength Changed: 15-Feb-24 11:59:32 AM, Old: 600.00, New: 563.00
Ex. Slit Width (nm): Changed: 15-Feb-24 11:59:32 AM, Old:5, New:20
Em. Slit Width (nm): Changed: 15-Feb-24 11:59:32 AM, Old:5, New:20
Ave. time (s): Changed: 15-Feb-24 11:59:32 AM, Old:0.10000, New:0.20000
Cycle Time 1 Changed: 15-Feb-24 11:59:32 AM, Old: 0.0000, New: 0.5000
Stop Time 1 Changed: 15-Feb-24 11:59:32 AM, Old: 1.0000, New:90.0000
Emission PMT (V): Changed: 15-Feb-24 11:59:32 AM, Old: 600, New: 800
Wellplate Samples Changed: 15-Feb-24 11:59:32 AM, Old:, New:D1;D2;D3;D4;E1;E2;E3;E4;F1;F2;F3;F4;
PMT Volts Changed: 15-Feb-24 12:00:17 PM, Old:800, New:600
Emission PMT (V): Changed: 15-Feb-24 12:00:17 PM, Old: 800, New: 600
PMT Volts Changed: 15-Feb-24 12:01:09 PM, Old:600, New:700
Emission PMT (V): Changed: 15-Feb-24 12:01:09 PM, Old: 600, New: 700
PMT Volts Changed: 15-Feb-24 12:01:49 PM, Old:700, New:800
Emission PMT (V): Changed: 15-Feb-24 12:01:49 PM, Old: 700, New: 800
PMT Volts Changed: 15-Feb-24 12:03:19 PM, Old:800, New:750
Emission PMT (V): Changed: 15-Feb-24 12:03:19 PM, Old: 800, New: 750
PMT Volts Changed: 15-Feb-24 12:08:42 PM, Old:750, New:800
Emission PMT (V): Changed: 15-Feb-24 12:08:43 PM, Old: 750, New: 800
PMT Volts Changed: 15-Feb-24 12:10:18 PM, Old:800, New:600
Emission PMT (V): Changed: 15-Feb-24 12:10:19 PM, Old: 800, New: 600
PMT Volts Changed: 15-Feb-24 12:11:09 PM, Old:600, New:700
Emission PMT (V): Changed: 15-Feb-24 12:11:09 PM, Old: 600, New: 700
End Method Modifications

Sample D2_Ex509_Em660,
Sample D2_Ex509_Em660
Collection Time: 15-Feb-24 12:11:13 PM
Operator Name  :
Kinetics Software Version: 1.2(146)
Parameter List :
Report Time: Thu 15 Feb 12:11:13 PM 2024
Software version: 1.2(146)
Operator:
Instrument Parameters
Instrument                        Cary Eclipse
Instrument Serial Number          MY18160001
Data mode                         Fluorescence
Ex. wavelengths (nm)              509.0000 ; 509.0000
Em. wavelengths (nm)              563.0000 ; 660.0000
Ex. Slit (nm)                     20
Em. Slit (nm)                     20
Averaging Time (s)                0.2000
Cycle time(min)                   0.5000
Stop time(min)                    90.0000
Emission filter                   Open
Excitation Filter                 Auto
PMT voltage (V)                   700
Wellplate                         ON
Plate format                     96 Wells
Read position                    Well centre
Multi-zero                       OFF
Auto-zero                        OFF
Well                            A1
Comments:
Method Log     :
Method Name    : Default
Date/Time stamp: 15-Feb-24 11:56:40 AM
Method Modifications:
Wellplate Overlay Mode Changed: 15-Feb-24 11:56:41 AM, Old:Individual, New:Choice 1
Wellplate Overlay Mode Changed: 15-Feb-24 11:56:41 AM, Old:Overlay all, New:Choice 2
Wellplate Overlay Mode Changed: 15-Feb-24 11:56:41 AM, Old:Overlay rows, New:Choice 3
Wellplate Overlay Mode Changed: 15-Feb-24 11:56:41 AM, Old:Overlay columns, New:Choice 4
Wellplate Overlay Mode Changed: 15-Feb-24 11:56:41 AM, Old:User defined, New:Overlay columns
PMT Volts Changed: 15-Feb-24 11:59:32 AM, Old:600, New:800
Well plate reader Changed: 15-Feb-24 11:59:32 AM, Old:OFF, New:ON
Multiwavelength Changed: 15-Feb-24 11:59:32 AM, Old:OFF, New:ON
Excitation Wavelengths 1 Changed: 15-Feb-24 11:59:32 AM, Old:   350.0000, New:   509.0000
Emission Wavelengths 1 Changed: 15-Feb-24 11:59:32 AM, Old:   450.0000, New:   563.0000
Excitation Wavelengths 2 Changed: 15-Feb-24 11:59:32 AM, Old:   360.0000, New:   509.0000
Emission Wavelengths 2 Changed: 15-Feb-24 11:59:32 AM, Old:   460.0000, New:   660.0000
Excitation Wavelength Changed: 15-Feb-24 11:59:32 AM, Old: 400.00, New: 509.00
Emission Wavelength Changed: 15-Feb-24 11:59:32 AM, Old: 600.00, New: 563.00
Ex. Slit Width (nm): Changed: 15-Feb-24 11:59:32 AM, Old:5, New:20
Em. Slit Width (nm): Changed: 15-Feb-24 11:59:32 AM, Old:5, New:20
Ave. time (s): Changed: 15-Feb-24 11:59:32 AM, Old:0.10000, New:0.20000
Cycle Time 1 Changed: 15-Feb-24 11:59:32 AM, Old: 0.0000, New: 0.5000
Stop Time 1 Changed: 15-Feb-24 11:59:32 AM, Old: 1.0000, New:90.0000
Emission PMT (V): Changed: 15-Feb-24 11:59:32 AM, Old: 600, New: 800
Wellplate Samples Changed: 15-Feb-24 11:59:32 AM, Old:, New:D1;D2;D3;D4;E1;E2;E3;E4;F1;F2;F3;F4;
PMT Volts Changed: 15-Feb-24 12:00:17 PM, Old:800, New:600
Emission PMT (V): Changed: 15-Feb-24 12:00:17 PM, Old: 800, New: 600
PMT Volts Changed: 15-Feb-24 12:01:09 PM, Old:600, New:700
Emission PMT (V): Changed: 15-Feb-24 12:01:09 PM, Old: 600, New: 700
PMT Volts Changed: 15-Feb-24 12:01:49 PM, Old:700, New:800
Emission PMT (V): Changed: 15-Feb-24 12:01:49 PM, Old: 700, New: 800
PMT Volts Changed: 15-Feb-24 12:03:19 PM, Old:800, New:750
Emission PMT (V): Changed: 15-Feb-24 12:03:19 PM, Old: 800, New: 750
PMT Volts Changed: 15-Feb-24 12:08:42 PM, Old:750, New:800
Emission PMT (V): Changed: 15-Feb-24 12:08:43 PM, Old: 750, New: 800
PMT Volts Changed: 15-Feb-24 12:10:18 PM, Old:800, New:600
Emission PMT (V): Changed: 15-Feb-24 12:10:19 PM, Old: 800, New: 600
PMT Volts Changed: 15-Feb-24 12:11:09 PM, Old:600, New:700
Emission PMT (V): Changed: 15-Feb-24 12:11:09 PM, Old: 600, New: 700
End Method Modifications

Sample D3_Ex509_Em563,
Sample D3_Ex509_Em563
Collection Time: 15-Feb-24 12:11:13 PM
Operator Name  :
Kinetics Software Version: 1.2(146)
Parameter List :
Report Time: Thu 15 Feb 12:11:13 PM 2024
Software version: 1.2(146)
Operator:
Instrument Parameters
Instrument                        Cary Eclipse
Instrument Serial Number          MY18160001
Data mode                         Fluorescence
Ex. wavelengths (nm)              509.0000 ; 509.0000
Em. wavelengths (nm)              563.0000 ; 660.0000
Ex. Slit (nm)                     20
Em. Slit (nm)                     20
Averaging Time (s)                0.2000
Cycle time(min)                   0.5000
Stop time(min)                    90.0000
Emission filter                   Open
Excitation Filter                 Auto
PMT voltage (V)                   700
Wellplate                         ON
Plate format                     96 Wells
Read position                    Well centre
Multi-zero                       OFF
Auto-zero                        OFF
Well                            A1
Comments:
Method Log     :
Method Name    : Default
Date/Time stamp: 15-Feb-24 11:56:40 AM
Method Modifications:
Wellplate Overlay Mode Changed: 15-Feb-24 11:56:41 AM, Old:Individual, New:Choice 1
Wellplate Overlay Mode Changed: 15-Feb-24 11:56:41 AM, Old:Overlay all, New:Choice 2
Wellplate Overlay Mode Changed: 15-Feb-24 11:56:41 AM, Old:Overlay rows, New:Choice 3
Wellplate Overlay Mode Changed: 15-Feb-24 11:56:41 AM, Old:Overlay columns, New:Choice 4
Wellplate Overlay Mode Changed: 15-Feb-24 11:56:41 AM, Old:User defined, New:Overlay columns
PMT Volts Changed: 15-Feb-24 11:59:32 AM, Old:600, New:800
Well plate reader Changed: 15-Feb-24 11:59:32 AM, Old:OFF, New:ON
Multiwavelength Changed: 15-Feb-24 11:59:32 AM, Old:OFF, New:ON
Excitation Wavelengths 1 Changed: 15-Feb-24 11:59:32 AM, Old:   350.0000, New:   509.0000
Emission Wavelengths 1 Changed: 15-Feb-24 11:59:32 AM, Old:   450.0000, New:   563.0000
Excitation Wavelengths 2 Changed: 15-Feb-24 11:59:32 AM, Old:   360.0000, New:   509.0000
Emission Wavelengths 2 Changed: 15-Feb-24 11:59:32 AM, Old:   460.0000, New:   660.0000
Excitation Wavelength Changed: 15-Feb-24 11:59:32 AM, Old: 400.00, New: 509.00
Emission Wavelength Changed: 15-Feb-24 11:59:32 AM, Old: 600.00, New: 563.00
Ex. Slit Width (nm): Changed: 15-Feb-24 11:59:32 AM, Old:5, New:20
Em. Slit Width (nm): Changed: 15-Feb-24 11:59:32 AM, Old:5, New:20
Ave. time (s): Changed: 15-Feb-24 11:59:32 AM, Old:0.10000, New:0.20000
Cycle Time 1 Changed: 15-Feb-24 11:59:32 AM, Old: 0.0000, New: 0.5000
Stop Time 1 Changed: 15-Feb-24 11:59:32 AM, Old: 1.0000, New:90.0000
Emission PMT (V): Changed: 15-Feb-24 11:59:32 AM, Old: 600, New: 800
Wellplate Samples Changed: 15-Feb-24 11:59:32 AM, Old:, New:D1;D2;D3;D4;E1;E2;E3;E4;F1;F2;F3;F4;
PMT Volts Changed: 15-Feb-24 12:00:17 PM, Old:800, New:600
Emission PMT (V): Changed: 15-Feb-24 12:00:17 PM, Old: 800, New: 600
PMT Volts Changed: 15-Feb-24 12:01:09 PM, Old:600, New:700
Emission PMT (V): Changed: 15-Feb-24 12:01:09 PM, Old: 600, New: 700
PMT Volts Changed: 15-Feb-24 12:01:49 PM, Old:700, New:800
Emission PMT (V): Changed: 15-Feb-24 12:01:49 PM, Old: 700, New: 800
PMT Volts Changed: 15-Feb-24 12:03:19 PM, Old:800, New:750
Emission PMT (V): Changed: 15-Feb-24 12:03:19 PM, Old: 800, New: 750
PMT Volts Changed: 15-Feb-24 12:08:42 PM, Old:750, New:800
Emission PMT (V): Changed: 15-Feb-24 12:08:43 PM, Old: 750, New: 800
PMT Volts Changed: 15-Feb-24 12:10:18 PM, Old:800, New:600
Emission PMT (V): Changed: 15-Feb-24 12:10:19 PM, Old: 800, New: 600
PMT Volts Changed: 15-Feb-24 12:11:09 PM, Old:600, New:700
Emission PMT (V): Changed: 15-Feb-24 12:11:09 PM, Old: 600, New: 700
End Method Modifications

Sample D3_Ex509_Em660,
Sample D3_Ex509_Em660
Collection Time: 15-Feb-24 12:11:13 PM
Operator Name  :
Kinetics Software Version: 1.2(146)
Parameter List :
Report Time: Thu 15 Feb 12:11:13 PM 2024
Software version: 1.2(146)
Operator:
Instrument Parameters
Instrument                        Cary Eclipse
Instrument Serial Number          MY18160001
Data mode                         Fluorescence
Ex. wavelengths (nm)              509.0000 ; 509.0000
Em. wavelengths (nm)              563.0000 ; 660.0000
Ex. Slit (nm)                     20
Em. Slit (nm)                     20
Averaging Time (s)                0.2000
Cycle time(min)                   0.5000
Stop time(min)                    90.0000
Emission filter                   Open
Excitation Filter                 Auto
PMT voltage (V)                   700
Wellplate                         ON
Plate format                     96 Wells
Read position                    Well centre
Multi-zero                       OFF
Auto-zero                        OFF
Well                            A1
Comments:
Method Log     :
Method Name    : Default
Date/Time stamp: 15-Feb-24 11:56:40 AM
Method Modifications:
Wellplate Overlay Mode Changed: 15-Feb-24 11:56:41 AM, Old:Individual, New:Choice 1
Wellplate Overlay Mode Changed: 15-Feb-24 11:56:41 AM, Old:Overlay all, New:Choice 2
Wellplate Overlay Mode Changed: 15-Feb-24 11:56:41 AM, Old:Overlay rows, New:Choice 3
Wellplate Overlay Mode Changed: 15-Feb-24 11:56:41 AM, Old:Overlay columns, New:Choice 4
Wellplate Overlay Mode Changed: 15-Feb-24 11:56:41 AM, Old:User defined, New:Overlay columns
PMT Volts Changed: 15-Feb-24 11:59:32 AM, Old:600, New:800
Well plate reader Changed: 15-Feb-24 11:59:32 AM, Old:OFF, New:ON
Multiwavelength Changed: 15-Feb-24 11:59:32 AM, Old:OFF, New:ON
Excitation Wavelengths 1 Changed: 15-Feb-24 11:59:32 AM, Old:   350.0000, New:   509.0000
Emission Wavelengths 1 Changed: 15-Feb-24 11:59:32 AM, Old:   450.0000, New:   563.0000
Excitation Wavelengths 2 Changed: 15-Feb-24 11:59:32 AM, Old:   360.0000, New:   509.0000
Emission Wavelengths 2 Changed: 15-Feb-24 11:59:32 AM, Old:   460.0000, New:   660.0000
Excitation Wavelength Changed: 15-Feb-24 11:59:32 AM, Old: 400.00, New: 509.00
Emission Wavelength Changed: 15-Feb-24 11:59:32 AM, Old: 600.00, New: 563.00
Ex. Slit Width (nm): Changed: 15-Feb-24 11:59:32 AM, Old:5, New:20
Em. Slit Width (nm): Changed: 15-Feb-24 11:59:32 AM, Old:5, New:20
Ave. time (s): Changed: 15-Feb-24 11:59:32 AM, Old:0.10000, New:0.20000
Cycle Time 1 Changed: 15-Feb-24 11:59:32 AM, Old: 0.0000, New: 0.5000
Stop Time 1 Changed: 15-Feb-24 11:59:32 AM, Old: 1.0000, New:90.0000
Emission PMT (V): Changed: 15-Feb-24 11:59:32 AM, Old: 600, New: 800
Wellplate Samples Changed: 15-Feb-24 11:59:32 AM, Old:, New:D1;D2;D3;D4;E1;E2;E3;E4;F1;F2;F3;F4;
PMT Volts Changed: 15-Feb-24 12:00:17 PM, Old:800, New:600
Emission PMT (V): Changed: 15-Feb-24 12:00:17 PM, Old: 800, New: 600
PMT Volts Changed: 15-Feb-24 12:01:09 PM, Old:600, New:700
Emission PMT (V): Changed: 15-Feb-24 12:01:09 PM, Old: 600, New: 700
PMT Volts Changed: 15-Feb-24 12:01:49 PM, Old:700, New:800
Emission PMT (V): Changed: 15-Feb-24 12:01:49 PM, Old: 700, New: 800
PMT Volts Changed: 15-Feb-24 12:03:19 PM, Old:800, New:750
Emission PMT (V): Changed: 15-Feb-24 12:03:19 PM, Old: 800, New: 750
PMT Volts Changed: 15-Feb-24 12:08:42 PM, Old:750, New:800
Emission PMT (V): Changed: 15-Feb-24 12:08:43 PM, Old: 750, New: 800
PMT Volts Changed: 15-Feb-24 12:10:18 PM, Old:800, New:600
Emission PMT (V): Changed: 15-Feb-24 12:10:19 PM, Old: 800, New: 600
PMT Volts Changed: 15-Feb-24 12:11:09 PM, Old:600, New:700
Emission PMT (V): Changed: 15-Feb-24 12:11:09 PM, Old: 600, New: 700
End Method Modifications

Sample D4_Ex509_Em563,
Sample D4_Ex509_Em563
Collection Time: 15-Feb-24 12:11:13 PM
Operator Name  :
Kinetics Software Version: 1.2(146)
Parameter List :
Report Time: Thu 15 Feb 12:11:13 PM 2024
Software version: 1.2(146)
Operator:
Instrument Parameters
Instrument                        Cary Eclipse
Instrument Serial Number          MY18160001
Data mode                         Fluorescence
Ex. wavelengths (nm)              509.0000 ; 509.0000
Em. wavelengths (nm)              563.0000 ; 660.0000
Ex. Slit (nm)                     20
Em. Slit (nm)                     20
Averaging Time (s)                0.2000
Cycle time(min)                   0.5000
Stop time(min)                    90.0000
Emission filter                   Open
Excitation Filter                 Auto
PMT voltage (V)                   700
Wellplate                         ON
Plate format                     96 Wells
Read position                    Well centre
Multi-zero                       OFF
Auto-zero                        OFF
Well                            A1
Comments:
Method Log     :
Method Name    : Default
Date/Time stamp: 15-Feb-24 11:56:40 AM
Method Modifications:
Wellplate Overlay Mode Changed: 15-Feb-24 11:56:41 AM, Old:Individual, New:Choice 1
Wellplate Overlay Mode Changed: 15-Feb-24 11:56:41 AM, Old:Overlay all, New:Choice 2
Wellplate Overlay Mode Changed: 15-Feb-24 11:56:41 AM, Old:Overlay rows, New:Choice 3
Wellplate Overlay Mode Changed: 15-Feb-24 11:56:41 AM, Old:Overlay columns, New:Choice 4
Wellplate Overlay Mode Changed: 15-Feb-24 11:56:41 AM, Old:User defined, New:Overlay columns
PMT Volts Changed: 15-Feb-24 11:59:32 AM, Old:600, New:800
Well plate reader Changed: 15-Feb-24 11:59:32 AM, Old:OFF, New:ON
Multiwavelength Changed: 15-Feb-24 11:59:32 AM, Old:OFF, New:ON
Excitation Wavelengths 1 Changed: 15-Feb-24 11:59:32 AM, Old:   350.0000, New:   509.0000
Emission Wavelengths 1 Changed: 15-Feb-24 11:59:32 AM, Old:   450.0000, New:   563.0000
Excitation Wavelengths 2 Changed: 15-Feb-24 11:59:32 AM, Old:   360.0000, New:   509.0000
Emission Wavelengths 2 Changed: 15-Feb-24 11:59:32 AM, Old:   460.0000, New:   660.0000
Excitation Wavelength Changed: 15-Feb-24 11:59:32 AM, Old: 400.00, New: 509.00
Emission Wavelength Changed: 15-Feb-24 11:59:32 AM, Old: 600.00, New: 563.00
Ex. Slit Width (nm): Changed: 15-Feb-24 11:59:32 AM, Old:5, New:20
Em. Slit Width (nm): Changed: 15-Feb-24 11:59:32 AM, Old:5, New:20
Ave. time (s): Changed: 15-Feb-24 11:59:32 AM, Old:0.10000, New:0.20000
Cycle Time 1 Changed: 15-Feb-24 11:59:32 AM, Old: 0.0000, New: 0.5000
Stop Time 1 Changed: 15-Feb-24 11:59:32 AM, Old: 1.0000, New:90.0000
Emission PMT (V): Changed: 15-Feb-24 11:59:32 AM, Old: 600, New: 800
Wellplate Samples Changed: 15-Feb-24 11:59:32 AM, Old:, New:D1;D2;D3;D4;E1;E2;E3;E4;F1;F2;F3;F4;
PMT Volts Changed: 15-Feb-24 12:00:17 PM, Old:800, New:600
Emission PMT (V): Changed: 15-Feb-24 12:00:17 PM, Old: 800, New: 600
PMT Volts Changed: 15-Feb-24 12:01:09 PM, Old:600, New:700
Emission PMT (V): Changed: 15-Feb-24 12:01:09 PM, Old: 600, New: 700
PMT Volts Changed: 15-Feb-24 12:01:49 PM, Old:700, New:800
Emission PMT (V): Changed: 15-Feb-24 12:01:49 PM, Old: 700, New: 800
PMT Volts Changed: 15-Feb-24 12:03:19 PM, Old:800, New:750
Emission PMT (V): Changed: 15-Feb-24 12:03:19 PM, Old: 800, New: 750
PMT Volts Changed: 15-Feb-24 12:08:42 PM, Old:750, New:800
Emission PMT (V): Changed: 15-Feb-24 12:08:43 PM, Old: 750, New: 800
PMT Volts Changed: 15-Feb-24 12:10:18 PM, Old:800, New:600
Emission PMT (V): Changed: 15-Feb-24 12:10:19 PM, Old: 800, New: 600
PMT Volts Changed: 15-Feb-24 12:11:09 PM, Old:600, New:700
Emission PMT (V): Changed: 15-Feb-24 12:11:09 PM, Old: 600, New: 700
End Method Modifications

Sample D4_Ex509_Em660,
Sample D4_Ex509_Em660
Collection Time: 15-Feb-24 12:11:13 PM
Operator Name  :
Kinetics Software Version: 1.2(146)
Parameter List :
Report Time: Thu 15 Feb 12:11:13 PM 2024
Software version: 1.2(146)
Operator:
Instrument Parameters
Instrument                        Cary Eclipse
Instrument Serial Number          MY18160001
Data mode                         Fluorescence
Ex. wavelengths (nm)              509.0000 ; 509.0000
Em. wavelengths (nm)              563.0000 ; 660.0000
Ex. Slit (nm)                     20
Em. Slit (nm)                     20
Averaging Time (s)                0.2000
Cycle time(min)                   0.5000
Stop time(min)                    90.0000
Emission filter                   Open
Excitation Filter                 Auto
PMT voltage (V)                   700
Wellplate                         ON
Plate format                     96 Wells
Read position                    Well centre
Multi-zero                       OFF
Auto-zero                        OFF
Well                            A1
Comments:
Method Log     :
Method Name    : Default
Date/Time stamp: 15-Feb-24 11:56:40 AM
Method Modifications:
Wellplate Overlay Mode Changed: 15-Feb-24 11:56:41 AM, Old:Individual, New:Choice 1
Wellplate Overlay Mode Changed: 15-Feb-24 11:56:41 AM, Old:Overlay all, New:Choice 2
Wellplate Overlay Mode Changed: 15-Feb-24 11:56:41 AM, Old:Overlay rows, New:Choice 3
Wellplate Overlay Mode Changed: 15-Feb-24 11:56:41 AM, Old:Overlay columns, New:Choice 4
Wellplate Overlay Mode Changed: 15-Feb-24 11:56:41 AM, Old:User defined, New:Overlay columns
PMT Volts Changed: 15-Feb-24 11:59:32 AM, Old:600, New:800
Well plate reader Changed: 15-Feb-24 11:59:32 AM, Old:OFF, New:ON
Multiwavelength Changed: 15-Feb-24 11:59:32 AM, Old:OFF, New:ON
Excitation Wavelengths 1 Changed: 15-Feb-24 11:59:32 AM, Old:   350.0000, New:   509.0000
Emission Wavelengths 1 Changed: 15-Feb-24 11:59:32 AM, Old:   450.0000, New:   563.0000
Excitation Wavelengths 2 Changed: 15-Feb-24 11:59:32 AM, Old:   360.0000, New:   509.0000
Emission Wavelengths 2 Changed: 15-Feb-24 11:59:32 AM, Old:   460.0000, New:   660.0000
Excitation Wavelength Changed: 15-Feb-24 11:59:32 AM, Old: 400.00, New: 509.00
Emission Wavelength Changed: 15-Feb-24 11:59:32 AM, Old: 600.00, New: 563.00
Ex. Slit Width (nm): Changed: 15-Feb-24 11:59:32 AM, Old:5, New:20
Em. Slit Width (nm): Changed: 15-Feb-24 11:59:32 AM, Old:5, New:20
Ave. time (s): Changed: 15-Feb-24 11:59:32 AM, Old:0.10000, New:0.20000
Cycle Time 1 Changed: 15-Feb-24 11:59:32 AM, Old: 0.0000, New: 0.5000
Stop Time 1 Changed: 15-Feb-24 11:59:32 AM, Old: 1.0000, New:90.0000
Emission PMT (V): Changed: 15-Feb-24 11:59:32 AM, Old: 600, New: 800
Wellplate Samples Changed: 15-Feb-24 11:59:32 AM, Old:, New:D1;D2;D3;D4;E1;E2;E3;E4;F1;F2;F3;F4;
PMT Volts Changed: 15-Feb-24 12:00:17 PM, Old:800, New:600
Emission PMT (V): Changed: 15-Feb-24 12:00:17 PM, Old: 800, New: 600
PMT Volts Changed: 15-Feb-24 12:01:09 PM, Old:600, New:700
Emission PMT (V): Changed: 15-Feb-24 12:01:09 PM, Old: 600, New: 700
PMT Volts Changed: 15-Feb-24 12:01:49 PM, Old:700, New:800
Emission PMT (V): Changed: 15-Feb-24 12:01:49 PM, Old: 700, New: 800
PMT Volts Changed: 15-Feb-24 12:03:19 PM, Old:800, New:750
Emission PMT (V): Changed: 15-Feb-24 12:03:19 PM, Old: 800, New: 750
PMT Volts Changed: 15-Feb-24 12:08:42 PM, Old:750, New:800
Emission PMT (V): Changed: 15-Feb-24 12:08:43 PM, Old: 750, New: 800
PMT Volts Changed: 15-Feb-24 12:10:18 PM, Old:800, New:600
Emission PMT (V): Changed: 15-Feb-24 12:10:19 PM, Old: 800, New: 600
PMT Volts Changed: 15-Feb-24 12:11:09 PM, Old:600, New:700
Emission PMT (V): Changed: 15-Feb-24 12:11:09 PM, Old: 600, New: 700
End Method Modifications

Sample E1_Ex509_Em563,
Sample E1_Ex509_Em563
Collection Time: 15-Feb-24 12:11:13 PM
Operator Name  :
Kinetics Software Version: 1.2(146)
Parameter List :
Report Time: Thu 15 Feb 12:11:13 PM 2024
Software version: 1.2(146)
Operator:
Instrument Parameters
Instrument                        Cary Eclipse
Instrument Serial Number          MY18160001
Data mode                         Fluorescence
Ex. wavelengths (nm)              509.0000 ; 509.0000
Em. wavelengths (nm)              563.0000 ; 660.0000
Ex. Slit (nm)                     20
Em. Slit (nm)                     20
Averaging Time (s)                0.2000
Cycle time(min)                   0.5000
Stop time(min)                    90.0000
Emission filter                   Open
Excitation Filter                 Auto
PMT voltage (V)                   700
Wellplate                         ON
Plate format                     96 Wells
Read position                    Well centre
Multi-zero                       OFF
Auto-zero                        OFF
Well                            A1
Comments:
Method Log     :
Method Name    : Default
Date/Time stamp: 15-Feb-24 11:56:40 AM
Method Modifications:
Wellplate Overlay Mode Changed: 15-Feb-24 11:56:41 AM, Old:Individual, New:Choice 1
Wellplate Overlay Mode Changed: 15-Feb-24 11:56:41 AM, Old:Overlay all, New:Choice 2
Wellplate Overlay Mode Changed: 15-Feb-24 11:56:41 AM, Old:Overlay rows, New:Choice 3
Wellplate Overlay Mode Changed: 15-Feb-24 11:56:41 AM, Old:Overlay columns, New:Choice 4
Wellplate Overlay Mode Changed: 15-Feb-24 11:56:41 AM, Old:User defined, New:Overlay columns
PMT Volts Changed: 15-Feb-24 11:59:32 AM, Old:600, New:800
Well plate reader Changed: 15-Feb-24 11:59:32 AM, Old:OFF, New:ON
Multiwavelength Changed: 15-Feb-24 11:59:32 AM, Old:OFF, New:ON
Excitation Wavelengths 1 Changed: 15-Feb-24 11:59:32 AM, Old:   350.0000, New:   509.0000
Emission Wavelengths 1 Changed: 15-Feb-24 11:59:32 AM, Old:   450.0000, New:   563.0000
Excitation Wavelengths 2 Changed: 15-Feb-24 11:59:32 AM, Old:   360.0000, New:   509.0000
Emission Wavelengths 2 Changed: 15-Feb-24 11:59:32 AM, Old:   460.0000, New:   660.0000
Excitation Wavelength Changed: 15-Feb-24 11:59:32 AM, Old: 400.00, New: 509.00
Emission Wavelength Changed: 15-Feb-24 11:59:32 AM, Old: 600.00, New: 563.00
Ex. Slit Width (nm): Changed: 15-Feb-24 11:59:32 AM, Old:5, New:20
Em. Slit Width (nm): Changed: 15-Feb-24 11:59:32 AM, Old:5, New:20
Ave. time (s): Changed: 15-Feb-24 11:59:32 AM, Old:0.10000, New:0.20000
Cycle Time 1 Changed: 15-Feb-24 11:59:32 AM, Old: 0.0000, New: 0.5000
Stop Time 1 Changed: 15-Feb-24 11:59:32 AM, Old: 1.0000, New:90.0000
Emission PMT (V): Changed: 15-Feb-24 11:59:32 AM, Old: 600, New: 800
Wellplate Samples Changed: 15-Feb-24 11:59:32 AM, Old:, New:D1;D2;D3;D4;E1;E2;E3;E4;F1;F2;F3;F4;
PMT Volts Changed: 15-Feb-24 12:00:17 PM, Old:800, New:600
Emission PMT (V): Changed: 15-Feb-24 12:00:17 PM, Old: 800, New: 600
PMT Volts Changed: 15-Feb-24 12:01:09 PM, Old:600, New:700
Emission PMT (V): Changed: 15-Feb-24 12:01:09 PM, Old: 600, New: 700
PMT Volts Changed: 15-Feb-24 12:01:49 PM, Old:700, New:800
Emission PMT (V): Changed: 15-Feb-24 12:01:49 PM, Old: 700, New: 800
PMT Volts Changed: 15-Feb-24 12:03:19 PM, Old:800, New:750
Emission PMT (V): Changed: 15-Feb-24 12:03:19 PM, Old: 800, New: 750
PMT Volts Changed: 15-Feb-24 12:08:42 PM, Old:750, New:800
Emission PMT (V): Changed: 15-Feb-24 12:08:43 PM, Old: 750, New: 800
PMT Volts Changed: 15-Feb-24 12:10:18 PM, Old:800, New:600
Emission PMT (V): Changed: 15-Feb-24 12:10:19 PM, Old: 800, New: 600
PMT Volts Changed: 15-Feb-24 12:11:09 PM, Old:600, New:700
Emission PMT (V): Changed: 15-Feb-24 12:11:09 PM, Old: 600, New: 700
End Method Modifications

Sample E1_Ex509_Em660,
Sample E1_Ex509_Em660
Collection Time: 15-Feb-24 12:11:13 PM
Operator Name  :
Kinetics Software Version: 1.2(146)
Parameter List :
Report Time: Thu 15 Feb 12:11:13 PM 2024
Software version: 1.2(146)
Operator:
Instrument Parameters
Instrument                        Cary Eclipse
Instrument Serial Number          MY18160001
Data mode                         Fluorescence
Ex. wavelengths (nm)              509.0000 ; 509.0000
Em. wavelengths (nm)              563.0000 ; 660.0000
Ex. Slit (nm)                     20
Em. Slit (nm)                     20
Averaging Time (s)                0.2000
Cycle time(min)                   0.5000
Stop time(min)                    90.0000
Emission filter                   Open
Excitation Filter                 Auto
PMT voltage (V)                   700
Wellplate                         ON
Plate format                     96 Wells
Read position                    Well centre
Multi-zero                       OFF
Auto-zero                        OFF
Well                            A1
Comments:
Method Log     :
Method Name    : Default
Date/Time stamp: 15-Feb-24 11:56:40 AM
Method Modifications:
Wellplate Overlay Mode Changed: 15-Feb-24 11:56:41 AM, Old:Individual, New:Choice 1
Wellplate Overlay Mode Changed: 15-Feb-24 11:56:41 AM, Old:Overlay all, New:Choice 2
Wellplate Overlay Mode Changed: 15-Feb-24 11:56:41 AM, Old:Overlay rows, New:Choice 3
Wellplate Overlay Mode Changed: 15-Feb-24 11:56:41 AM, Old:Overlay columns, New:Choice 4
Wellplate Overlay Mode Changed: 15-Feb-24 11:56:41 AM, Old:User defined, New:Overlay columns
PMT Volts Changed: 15-Feb-24 11:59:32 AM, Old:600, New:800
Well plate reader Changed: 15-Feb-24 11:59:32 AM, Old:OFF, New:ON
Multiwavelength Changed: 15-Feb-24 11:59:32 AM, Old:OFF, New:ON
Excitation Wavelengths 1 Changed: 15-Feb-24 11:59:32 AM, Old:   350.0000, New:   509.0000
Emission Wavelengths 1 Changed: 15-Feb-24 11:59:32 AM, Old:   450.0000, New:   563.0000
Excitation Wavelengths 2 Changed: 15-Feb-24 11:59:32 AM, Old:   360.0000, New:   509.0000
Emission Wavelengths 2 Changed: 15-Feb-24 11:59:32 AM, Old:   460.0000, New:   660.0000
Excitation Wavelength Changed: 15-Feb-24 11:59:32 AM, Old: 400.00, New: 509.00
Emission Wavelength Changed: 15-Feb-24 11:59:32 AM, Old: 600.00, New: 563.00
Ex. Slit Width (nm): Changed: 15-Feb-24 11:59:32 AM, Old:5, New:20
Em. Slit Width (nm): Changed: 15-Feb-24 11:59:32 AM, Old:5, New:20
Ave. time (s): Changed: 15-Feb-24 11:59:32 AM, Old:0.10000, New:0.20000
Cycle Time 1 Changed: 15-Feb-24 11:59:32 AM, Old: 0.0000, New: 0.5000
Stop Time 1 Changed: 15-Feb-24 11:59:32 AM, Old: 1.0000, New:90.0000
Emission PMT (V): Changed: 15-Feb-24 11:59:32 AM, Old: 600, New: 800
Wellplate Samples Changed: 15-Feb-24 11:59:32 AM, Old:, New:D1;D2;D3;D4;E1;E2;E3;E4;F1;F2;F3;F4;
PMT Volts Changed: 15-Feb-24 12:00:17 PM, Old:800, New:600
Emission PMT (V): Changed: 15-Feb-24 12:00:17 PM, Old: 800, New: 600
PMT Volts Changed: 15-Feb-24 12:01:09 PM, Old:600, New:700
Emission PMT (V): Changed: 15-Feb-24 12:01:09 PM, Old: 600, New: 700
PMT Volts Changed: 15-Feb-24 12:01:49 PM, Old:700, New:800
Emission PMT (V): Changed: 15-Feb-24 12:01:49 PM, Old: 700, New: 800
PMT Volts Changed: 15-Feb-24 12:03:19 PM, Old:800, New:750
Emission PMT (V): Changed: 15-Feb-24 12:03:19 PM, Old: 800, New: 750
PMT Volts Changed: 15-Feb-24 12:08:42 PM, Old:750, New:800
Emission PMT (V): Changed: 15-Feb-24 12:08:43 PM, Old: 750, New: 800
PMT Volts Changed: 15-Feb-24 12:10:18 PM, Old:800, New:600
Emission PMT (V): Changed: 15-Feb-24 12:10:19 PM, Old: 800, New: 600
PMT Volts Changed: 15-Feb-24 12:11:09 PM, Old:600, New:700
Emission PMT (V): Changed: 15-Feb-24 12:11:09 PM, Old: 600, New: 700
End Method Modifications

Sample E2_Ex509_Em563,
Sample E2_Ex509_Em563
Collection Time: 15-Feb-24 12:11:13 PM
Operator Name  :
Kinetics Software Version: 1.2(146)
Parameter List :
Report Time: Thu 15 Feb 12:11:13 PM 2024
Software version: 1.2(146)
Operator:
Instrument Parameters
Instrument                        Cary Eclipse
Instrument Serial Number          MY18160001
Data mode                         Fluorescence
Ex. wavelengths (nm)              509.0000 ; 509.0000
Em. wavelengths (nm)              563.0000 ; 660.0000
Ex. Slit (nm)                     20
Em. Slit (nm)                     20
Averaging Time (s)                0.2000
Cycle time(min)                   0.5000
Stop time(min)                    90.0000
Emission filter                   Open
Excitation Filter                 Auto
PMT voltage (V)                   700
Wellplate                         ON
Plate format                     96 Wells
Read position                    Well centre
Multi-zero                       OFF
Auto-zero                        OFF
Well                            A1
Comments:
Method Log     :
Method Name    : Default
Date/Time stamp: 15-Feb-24 11:56:40 AM
Method Modifications:
Wellplate Overlay Mode Changed: 15-Feb-24 11:56:41 AM, Old:Individual, New:Choice 1
Wellplate Overlay Mode Changed: 15-Feb-24 11:56:41 AM, Old:Overlay all, New:Choice 2
Wellplate Overlay Mode Changed: 15-Feb-24 11:56:41 AM, Old:Overlay rows, New:Choice 3
Wellplate Overlay Mode Changed: 15-Feb-24 11:56:41 AM, Old:Overlay columns, New:Choice 4
Wellplate Overlay Mode Changed: 15-Feb-24 11:56:41 AM, Old:User defined, New:Overlay columns
PMT Volts Changed: 15-Feb-24 11:59:32 AM, Old:600, New:800
Well plate reader Changed: 15-Feb-24 11:59:32 AM, Old:OFF, New:ON
Multiwavelength Changed: 15-Feb-24 11:59:32 AM, Old:OFF, New:ON
Excitation Wavelengths 1 Changed: 15-Feb-24 11:59:32 AM, Old:   350.0000, New:   509.0000
Emission Wavelengths 1 Changed: 15-Feb-24 11:59:32 AM, Old:   450.0000, New:   563.0000
Excitation Wavelengths 2 Changed: 15-Feb-24 11:59:32 AM, Old:   360.0000, New:   509.0000
Emission Wavelengths 2 Changed: 15-Feb-24 11:59:32 AM, Old:   460.0000, New:   660.0000
Excitation Wavelength Changed: 15-Feb-24 11:59:32 AM, Old: 400.00, New: 509.00
Emission Wavelength Changed: 15-Feb-24 11:59:32 AM, Old: 600.00, New: 563.00
Ex. Slit Width (nm): Changed: 15-Feb-24 11:59:32 AM, Old:5, New:20
Em. Slit Width (nm): Changed: 15-Feb-24 11:59:32 AM, Old:5, New:20
Ave. time (s): Changed: 15-Feb-24 11:59:32 AM, Old:0.10000, New:0.20000
Cycle Time 1 Changed: 15-Feb-24 11:59:32 AM, Old: 0.0000, New: 0.5000
Stop Time 1 Changed: 15-Feb-24 11:59:32 AM, Old: 1.0000, New:90.0000
Emission PMT (V): Changed: 15-Feb-24 11:59:32 AM, Old: 600, New: 800
Wellplate Samples Changed: 15-Feb-24 11:59:32 AM, Old:, New:D1;D2;D3;D4;E1;E2;E3;E4;F1;F2;F3;F4;
PMT Volts Changed: 15-Feb-24 12:00:17 PM, Old:800, New:600
Emission PMT (V): Changed: 15-Feb-24 12:00:17 PM, Old: 800, New: 600
PMT Volts Changed: 15-Feb-24 12:01:09 PM, Old:600, New:700
Emission PMT (V): Changed: 15-Feb-24 12:01:09 PM, Old: 600, New: 700
PMT Volts Changed: 15-Feb-24 12:01:49 PM, Old:700, New:800
Emission PMT (V): Changed: 15-Feb-24 12:01:49 PM, Old: 700, New: 800
PMT Volts Changed: 15-Feb-24 12:03:19 PM, Old:800, New:750
Emission PMT (V): Changed: 15-Feb-24 12:03:19 PM, Old: 800, New: 750
PMT Volts Changed: 15-Feb-24 12:08:42 PM, Old:750, New:800
Emission PMT (V): Changed: 15-Feb-24 12:08:43 PM, Old: 750, New: 800
PMT Volts Changed: 15-Feb-24 12:10:18 PM, Old:800, New:600
Emission PMT (V): Changed: 15-Feb-24 12:10:19 PM, Old: 800, New: 600
PMT Volts Changed: 15-Feb-24 12:11:09 PM, Old:600, New:700
Emission PMT (V): Changed: 15-Feb-24 12:11:09 PM, Old: 600, New: 700
End Method Modifications

Sample E2_Ex509_Em660,
Sample E2_Ex509_Em660
Collection Time: 15-Feb-24 12:11:13 PM
Operator Name  :
Kinetics Software Version: 1.2(146)
Parameter List :
Report Time: Thu 15 Feb 12:11:13 PM 2024
Software version: 1.2(146)
Operator:
Instrument Parameters
Instrument                        Cary Eclipse
Instrument Serial Number          MY18160001
Data mode                         Fluorescence
Ex. wavelengths (nm)              509.0000 ; 509.0000
Em. wavelengths (nm)              563.0000 ; 660.0000
Ex. Slit (nm)                     20
Em. Slit (nm)                     20
Averaging Time (s)                0.2000
Cycle time(min)                   0.5000
Stop time(min)                    90.0000
Emission filter                   Open
Excitation Filter                 Auto
PMT voltage (V)                   700
Wellplate                         ON
Plate format                     96 Wells
Read position                    Well centre
Multi-zero                       OFF
Auto-zero                        OFF
Well                            A1
Comments:
Method Log     :
Method Name    : Default
Date/Time stamp: 15-Feb-24 11:56:40 AM
Method Modifications:
Wellplate Overlay Mode Changed: 15-Feb-24 11:56:41 AM, Old:Individual, New:Choice 1
Wellplate Overlay Mode Changed: 15-Feb-24 11:56:41 AM, Old:Overlay all, New:Choice 2
Wellplate Overlay Mode Changed: 15-Feb-24 11:56:41 AM, Old:Overlay rows, New:Choice 3
Wellplate Overlay Mode Changed: 15-Feb-24 11:56:41 AM, Old:Overlay columns, New:Choice 4
Wellplate Overlay Mode Changed: 15-Feb-24 11:56:41 AM, Old:User defined, New:Overlay columns
PMT Volts Changed: 15-Feb-24 11:59:32 AM, Old:600, New:800
Well plate reader Changed: 15-Feb-24 11:59:32 AM, Old:OFF, New:ON
Multiwavelength Changed: 15-Feb-24 11:59:32 AM, Old:OFF, New:ON
Excitation Wavelengths 1 Changed: 15-Feb-24 11:59:32 AM, Old:   350.0000, New:   509.0000
Emission Wavelengths 1 Changed: 15-Feb-24 11:59:32 AM, Old:   450.0000, New:   563.0000
Excitation Wavelengths 2 Changed: 15-Feb-24 11:59:32 AM, Old:   360.0000, New:   509.0000
Emission Wavelengths 2 Changed: 15-Feb-24 11:59:32 AM, Old:   460.0000, New:   660.0000
Excitation Wavelength Changed: 15-Feb-24 11:59:32 AM, Old: 400.00, New: 509.00
Emission Wavelength Changed: 15-Feb-24 11:59:32 AM, Old: 600.00, New: 563.00
Ex. Slit Width (nm): Changed: 15-Feb-24 11:59:32 AM, Old:5, New:20
Em. Slit Width (nm): Changed: 15-Feb-24 11:59:32 AM, Old:5, New:20
Ave. time (s): Changed: 15-Feb-24 11:59:32 AM, Old:0.10000, New:0.20000
Cycle Time 1 Changed: 15-Feb-24 11:59:32 AM, Old: 0.0000, New: 0.5000
Stop Time 1 Changed: 15-Feb-24 11:59:32 AM, Old: 1.0000, New:90.0000
Emission PMT (V): Changed: 15-Feb-24 11:59:32 AM, Old: 600, New: 800
Wellplate Samples Changed: 15-Feb-24 11:59:32 AM, Old:, New:D1;D2;D3;D4;E1;E2;E3;E4;F1;F2;F3;F4;
PMT Volts Changed: 15-Feb-24 12:00:17 PM, Old:800, New:600
Emission PMT (V): Changed: 15-Feb-24 12:00:17 PM, Old: 800, New: 600
PMT Volts Changed: 15-Feb-24 12:01:09 PM, Old:600, New:700
Emission PMT (V): Changed: 15-Feb-24 12:01:09 PM, Old: 600, New: 700
PMT Volts Changed: 15-Feb-24 12:01:49 PM, Old:700, New:800
Emission PMT (V): Changed: 15-Feb-24 12:01:49 PM, Old: 700, New: 800
PMT Volts Changed: 15-Feb-24 12:03:19 PM, Old:800, New:750
Emission PMT (V): Changed: 15-Feb-24 12:03:19 PM, Old: 800, New: 750
PMT Volts Changed: 15-Feb-24 12:08:42 PM, Old:750, New:800
Emission PMT (V): Changed: 15-Feb-24 12:08:43 PM, Old: 750, New: 800
PMT Volts Changed: 15-Feb-24 12:10:18 PM, Old:800, New:600
Emission PMT (V): Changed: 15-Feb-24 12:10:19 PM, Old: 800, New: 600
PMT Volts Changed: 15-Feb-24 12:11:09 PM, Old:600, New:700
Emission PMT (V): Changed: 15-Feb-24 12:11:09 PM, Old: 600, New: 700
End Method Modifications

Sample E3_Ex509_Em563,
Sample E3_Ex509_Em563
Collection Time: 15-Feb-24 12:11:13 PM
Operator Name  :
Kinetics Software Version: 1.2(146)
Parameter List :
Report Time: Thu 15 Feb 12:11:13 PM 2024
Software version: 1.2(146)
Operator:
Instrument Parameters
Instrument                        Cary Eclipse
Instrument Serial Number          MY18160001
Data mode                         Fluorescence
Ex. wavelengths (nm)              509.0000 ; 509.0000
Em. wavelengths (nm)              563.0000 ; 660.0000
Ex. Slit (nm)                     20
Em. Slit (nm)                     20
Averaging Time (s)                0.2000
Cycle time(min)                   0.5000
Stop time(min)                    90.0000
Emission filter                   Open
Excitation Filter                 Auto
PMT voltage (V)                   700
Wellplate                         ON
Plate format                     96 Wells
Read position                    Well centre
Multi-zero                       OFF
Auto-zero                        OFF
Well                            A1
Comments:
Method Log     :
Method Name    : Default
Date/Time stamp: 15-Feb-24 11:56:40 AM
Method Modifications:
Wellplate Overlay Mode Changed: 15-Feb-24 11:56:41 AM, Old:Individual, New:Choice 1
Wellplate Overlay Mode Changed: 15-Feb-24 11:56:41 AM, Old:Overlay all, New:Choice 2
Wellplate Overlay Mode Changed: 15-Feb-24 11:56:41 AM, Old:Overlay rows, New:Choice 3
Wellplate Overlay Mode Changed: 15-Feb-24 11:56:41 AM, Old:Overlay columns, New:Choice 4
Wellplate Overlay Mode Changed: 15-Feb-24 11:56:41 AM, Old:User defined, New:Overlay columns
PMT Volts Changed: 15-Feb-24 11:59:32 AM, Old:600, New:800
Well plate reader Changed: 15-Feb-24 11:59:32 AM, Old:OFF, New:ON
Multiwavelength Changed: 15-Feb-24 11:59:32 AM, Old:OFF, New:ON
Excitation Wavelengths 1 Changed: 15-Feb-24 11:59:32 AM, Old:   350.0000, New:   509.0000
Emission Wavelengths 1 Changed: 15-Feb-24 11:59:32 AM, Old:   450.0000, New:   563.0000
Excitation Wavelengths 2 Changed: 15-Feb-24 11:59:32 AM, Old:   360.0000, New:   509.0000
Emission Wavelengths 2 Changed: 15-Feb-24 11:59:32 AM, Old:   460.0000, New:   660.0000
Excitation Wavelength Changed: 15-Feb-24 11:59:32 AM, Old: 400.00, New: 509.00
Emission Wavelength Changed: 15-Feb-24 11:59:32 AM, Old: 600.00, New: 563.00
Ex. Slit Width (nm): Changed: 15-Feb-24 11:59:32 AM, Old:5, New:20
Em. Slit Width (nm): Changed: 15-Feb-24 11:59:32 AM, Old:5, New:20
Ave. time (s): Changed: 15-Feb-24 11:59:32 AM, Old:0.10000, New:0.20000
Cycle Time 1 Changed: 15-Feb-24 11:59:32 AM, Old: 0.0000, New: 0.5000
Stop Time 1 Changed: 15-Feb-24 11:59:32 AM, Old: 1.0000, New:90.0000
Emission PMT (V): Changed: 15-Feb-24 11:59:32 AM, Old: 600, New: 800
Wellplate Samples Changed: 15-Feb-24 11:59:32 AM, Old:, New:D1;D2;D3;D4;E1;E2;E3;E4;F1;F2;F3;F4;
PMT Volts Changed: 15-Feb-24 12:00:17 PM, Old:800, New:600
Emission PMT (V): Changed: 15-Feb-24 12:00:17 PM, Old: 800, New: 600
PMT Volts Changed: 15-Feb-24 12:01:09 PM, Old:600, New:700
Emission PMT (V): Changed: 15-Feb-24 12:01:09 PM, Old: 600, New: 700
PMT Volts Changed: 15-Feb-24 12:01:49 PM, Old:700, New:800
Emission PMT (V): Changed: 15-Feb-24 12:01:49 PM, Old: 700, New: 800
PMT Volts Changed: 15-Feb-24 12:03:19 PM, Old:800, New:750
Emission PMT (V): Changed: 15-Feb-24 12:03:19 PM, Old: 800, New: 750
PMT Volts Changed: 15-Feb-24 12:08:42 PM, Old:750, New:800
Emission PMT (V): Changed: 15-Feb-24 12:08:43 PM, Old: 750, New: 800
PMT Volts Changed: 15-Feb-24 12:10:18 PM, Old:800, New:600
Emission PMT (V): Changed: 15-Feb-24 12:10:19 PM, Old: 800, New: 600
PMT Volts Changed: 15-Feb-24 12:11:09 PM, Old:600, New:700
Emission PMT (V): Changed: 15-Feb-24 12:11:09 PM, Old: 600, New: 700
End Method Modifications

Sample E3_Ex509_Em660,
Sample E3_Ex509_Em660
Collection Time: 15-Feb-24 12:11:13 PM
Operator Name  :
Kinetics Software Version: 1.2(146)
Parameter List :
Report Time: Thu 15 Feb 12:11:13 PM 2024
Software version: 1.2(146)
Operator:
Instrument Parameters
Instrument                        Cary Eclipse
Instrument Serial Number          MY18160001
Data mode                         Fluorescence
Ex. wavelengths (nm)              509.0000 ; 509.0000
Em. wavelengths (nm)              563.0000 ; 660.0000
Ex. Slit (nm)                     20
Em. Slit (nm)                     20
Averaging Time (s)                0.2000
Cycle time(min)                   0.5000
Stop time(min)                    90.0000
Emission filter                   Open
Excitation Filter                 Auto
PMT voltage (V)                   700
Wellplate                         ON
Plate format                     96 Wells
Read position                    Well centre
Multi-zero                       OFF
Auto-zero                        OFF
Well                            A1
Comments:
Method Log     :
Method Name    : Default
Date/Time stamp: 15-Feb-24 11:56:40 AM
Method Modifications:
Wellplate Overlay Mode Changed: 15-Feb-24 11:56:41 AM, Old:Individual, New:Choice 1
Wellplate Overlay Mode Changed: 15-Feb-24 11:56:41 AM, Old:Overlay all, New:Choice 2
Wellplate Overlay Mode Changed: 15-Feb-24 11:56:41 AM, Old:Overlay rows, New:Choice 3
Wellplate Overlay Mode Changed: 15-Feb-24 11:56:41 AM, Old:Overlay columns, New:Choice 4
Wellplate Overlay Mode Changed: 15-Feb-24 11:56:41 AM, Old:User defined, New:Overlay columns
PMT Volts Changed: 15-Feb-24 11:59:32 AM, Old:600, New:800
Well plate reader Changed: 15-Feb-24 11:59:32 AM, Old:OFF, New:ON
Multiwavelength Changed: 15-Feb-24 11:59:32 AM, Old:OFF, New:ON
Excitation Wavelengths 1 Changed: 15-Feb-24 11:59:32 AM, Old:   350.0000, New:   509.0000
Emission Wavelengths 1 Changed: 15-Feb-24 11:59:32 AM, Old:   450.0000, New:   563.0000
Excitation Wavelengths 2 Changed: 15-Feb-24 11:59:32 AM, Old:   360.0000, New:   509.0000
Emission Wavelengths 2 Changed: 15-Feb-24 11:59:32 AM, Old:   460.0000, New:   660.0000
Excitation Wavelength Changed: 15-Feb-24 11:59:32 AM, Old: 400.00, New: 509.00
Emission Wavelength Changed: 15-Feb-24 11:59:32 AM, Old: 600.00, New: 563.00
Ex. Slit Width (nm): Changed: 15-Feb-24 11:59:32 AM, Old:5, New:20
Em. Slit Width (nm): Changed: 15-Feb-24 11:59:32 AM, Old:5, New:20
Ave. time (s): Changed: 15-Feb-24 11:59:32 AM, Old:0.10000, New:0.20000
Cycle Time 1 Changed: 15-Feb-24 11:59:32 AM, Old: 0.0000, New: 0.5000
Stop Time 1 Changed: 15-Feb-24 11:59:32 AM, Old: 1.0000, New:90.0000
Emission PMT (V): Changed: 15-Feb-24 11:59:32 AM, Old: 600, New: 800
Wellplate Samples Changed: 15-Feb-24 11:59:32 AM, Old:, New:D1;D2;D3;D4;E1;E2;E3;E4;F1;F2;F3;F4;
PMT Volts Changed: 15-Feb-24 12:00:17 PM, Old:800, New:600
Emission PMT (V): Changed: 15-Feb-24 12:00:17 PM, Old: 800, New: 600
PMT Volts Changed: 15-Feb-24 12:01:09 PM, Old:600, New:700
Emission PMT (V): Changed: 15-Feb-24 12:01:09 PM, Old: 600, New: 700
PMT Volts Changed: 15-Feb-24 12:01:49 PM, Old:700, New:800
Emission PMT (V): Changed: 15-Feb-24 12:01:49 PM, Old: 700, New: 800
PMT Volts Changed: 15-Feb-24 12:03:19 PM, Old:800, New:750
Emission PMT (V): Changed: 15-Feb-24 12:03:19 PM, Old: 800, New: 750
PMT Volts Changed: 15-Feb-24 12:08:42 PM, Old:750, New:800
Emission PMT (V): Changed: 15-Feb-24 12:08:43 PM, Old: 750, New: 800
PMT Volts Changed: 15-Feb-24 12:10:18 PM, Old:800, New:600
Emission PMT (V): Changed: 15-Feb-24 12:10:19 PM, Old: 800, New: 600
PMT Volts Changed: 15-Feb-24 12:11:09 PM, Old:600, New:700
Emission PMT (V): Changed: 15-Feb-24 12:11:09 PM, Old: 600, New: 700
End Method Modifications

Sample E4_Ex509_Em563,
Sample E4_Ex509_Em563
Collection Time: 15-Feb-24 12:11:13 PM
Operator Name  :
Kinetics Software Version: 1.2(146)
Parameter List :
Report Time: Thu 15 Feb 12:11:13 PM 2024
Software version: 1.2(146)
Operator:
Instrument Parameters
Instrument                        Cary Eclipse
Instrument Serial Number          MY18160001
Data mode                         Fluorescence
Ex. wavelengths (nm)              509.0000 ; 509.0000
Em. wavelengths (nm)              563.0000 ; 660.0000
Ex. Slit (nm)                     20
Em. Slit (nm)                     20
Averaging Time (s)                0.2000
Cycle time(min)                   0.5000
Stop time(min)                    90.0000
Emission filter                   Open
Excitation Filter                 Auto
PMT voltage (V)                   700
Wellplate                         ON
Plate format                     96 Wells
Read position                    Well centre
Multi-zero                       OFF
Auto-zero                        OFF
Well                            A1
Comments:
Method Log     :
Method Name    : Default
Date/Time stamp: 15-Feb-24 11:56:40 AM
Method Modifications:
Wellplate Overlay Mode Changed: 15-Feb-24 11:56:41 AM, Old:Individual, New:Choice 1
Wellplate Overlay Mode Changed: 15-Feb-24 11:56:41 AM, Old:Overlay all, New:Choice 2
Wellplate Overlay Mode Changed: 15-Feb-24 11:56:41 AM, Old:Overlay rows, New:Choice 3
Wellplate Overlay Mode Changed: 15-Feb-24 11:56:41 AM, Old:Overlay columns, New:Choice 4
Wellplate Overlay Mode Changed: 15-Feb-24 11:56:41 AM, Old:User defined, New:Overlay columns
PMT Volts Changed: 15-Feb-24 11:59:32 AM, Old:600, New:800
Well plate reader Changed: 15-Feb-24 11:59:32 AM, Old:OFF, New:ON
Multiwavelength Changed: 15-Feb-24 11:59:32 AM, Old:OFF, New:ON
Excitation Wavelengths 1 Changed: 15-Feb-24 11:59:32 AM, Old:   350.0000, New:   509.0000
Emission Wavelengths 1 Changed: 15-Feb-24 11:59:32 AM, Old:   450.0000, New:   563.0000
Excitation Wavelengths 2 Changed: 15-Feb-24 11:59:32 AM, Old:   360.0000, New:   509.0000
Emission Wavelengths 2 Changed: 15-Feb-24 11:59:32 AM, Old:   460.0000, New:   660.0000
Excitation Wavelength Changed: 15-Feb-24 11:59:32 AM, Old: 400.00, New: 509.00
Emission Wavelength Changed: 15-Feb-24 11:59:32 AM, Old: 600.00, New: 563.00
Ex. Slit Width (nm): Changed: 15-Feb-24 11:59:32 AM, Old:5, New:20
Em. Slit Width (nm): Changed: 15-Feb-24 11:59:32 AM, Old:5, New:20
Ave. time (s): Changed: 15-Feb-24 11:59:32 AM, Old:0.10000, New:0.20000
Cycle Time 1 Changed: 15-Feb-24 11:59:32 AM, Old: 0.0000, New: 0.5000
Stop Time 1 Changed: 15-Feb-24 11:59:32 AM, Old: 1.0000, New:90.0000
Emission PMT (V): Changed: 15-Feb-24 11:59:32 AM, Old: 600, New: 800
Wellplate Samples Changed: 15-Feb-24 11:59:32 AM, Old:, New:D1;D2;D3;D4;E1;E2;E3;E4;F1;F2;F3;F4;
PMT Volts Changed: 15-Feb-24 12:00:17 PM, Old:800, New:600
Emission PMT (V): Changed: 15-Feb-24 12:00:17 PM, Old: 800, New: 600
PMT Volts Changed: 15-Feb-24 12:01:09 PM, Old:600, New:700
Emission PMT (V): Changed: 15-Feb-24 12:01:09 PM, Old: 600, New: 700
PMT Volts Changed: 15-Feb-24 12:01:49 PM, Old:700, New:800
Emission PMT (V): Changed: 15-Feb-24 12:01:49 PM, Old: 700, New: 800
PMT Volts Changed: 15-Feb-24 12:03:19 PM, Old:800, New:750
Emission PMT (V): Changed: 15-Feb-24 12:03:19 PM, Old: 800, New: 750
PMT Volts Changed: 15-Feb-24 12:08:42 PM, Old:750, New:800
Emission PMT (V): Changed: 15-Feb-24 12:08:43 PM, Old: 750, New: 800
PMT Volts Changed: 15-Feb-24 12:10:18 PM, Old:800, New:600
Emission PMT (V): Changed: 15-Feb-24 12:10:19 PM, Old: 800, New: 600
PMT Volts Changed: 15-Feb-24 12:11:09 PM, Old:600, New:700
Emission PMT (V): Changed: 15-Feb-24 12:11:09 PM, Old: 600, New: 700
End Method Modifications

Sample E4_Ex509_Em660,
Sample E4_Ex509_Em660
Collection Time: 15-Feb-24 12:11:13 PM
Operator Name  :
Kinetics Software Version: 1.2(146)
Parameter List :
Report Time: Thu 15 Feb 12:11:13 PM 2024
Software version: 1.2(146)
Operator:
Instrument Parameters
Instrument                        Cary Eclipse
Instrument Serial Number          MY18160001
Data mode                         Fluorescence
Ex. wavelengths (nm)              509.0000 ; 509.0000
Em. wavelengths (nm)              563.0000 ; 660.0000
Ex. Slit (nm)                     20
Em. Slit (nm)                     20
Averaging Time (s)                0.2000
Cycle time(min)                   0.5000
Stop time(min)                    90.0000
Emission filter                   Open
Excitation Filter                 Auto
PMT voltage (V)                   700
Wellplate                         ON
Plate format                     96 Wells
Read position                    Well centre
Multi-zero                       OFF
Auto-zero                        OFF
Well                            A1
Comments:
Method Log     :
Method Name    : Default
Date/Time stamp: 15-Feb-24 11:56:40 AM
Method Modifications:
Wellplate Overlay Mode Changed: 15-Feb-24 11:56:41 AM, Old:Individual, New:Choice 1
Wellplate Overlay Mode Changed: 15-Feb-24 11:56:41 AM, Old:Overlay all, New:Choice 2
Wellplate Overlay Mode Changed: 15-Feb-24 11:56:41 AM, Old:Overlay rows, New:Choice 3
Wellplate Overlay Mode Changed: 15-Feb-24 11:56:41 AM, Old:Overlay columns, New:Choice 4
Wellplate Overlay Mode Changed: 15-Feb-24 11:56:41 AM, Old:User defined, New:Overlay columns
PMT Volts Changed: 15-Feb-24 11:59:32 AM, Old:600, New:800
Well plate reader Changed: 15-Feb-24 11:59:32 AM, Old:OFF, New:ON
Multiwavelength Changed: 15-Feb-24 11:59:32 AM, Old:OFF, New:ON
Excitation Wavelengths 1 Changed: 15-Feb-24 11:59:32 AM, Old:   350.0000, New:   509.0000
Emission Wavelengths 1 Changed: 15-Feb-24 11:59:32 AM, Old:   450.0000, New:   563.0000
Excitation Wavelengths 2 Changed: 15-Feb-24 11:59:32 AM, Old:   360.0000, New:   509.0000
Emission Wavelengths 2 Changed: 15-Feb-24 11:59:32 AM, Old:   460.0000, New:   660.0000
Excitation Wavelength Changed: 15-Feb-24 11:59:32 AM, Old: 400.00, New: 509.00
Emission Wavelength Changed: 15-Feb-24 11:59:32 AM, Old: 600.00, New: 563.00
Ex. Slit Width (nm): Changed: 15-Feb-24 11:59:32 AM, Old:5, New:20
Em. Slit Width (nm): Changed: 15-Feb-24 11:59:32 AM, Old:5, New:20
Ave. time (s): Changed: 15-Feb-24 11:59:32 AM, Old:0.10000, New:0.20000
Cycle Time 1 Changed: 15-Feb-24 11:59:32 AM, Old: 0.0000, New: 0.5000
Stop Time 1 Changed: 15-Feb-24 11:59:32 AM, Old: 1.0000, New:90.0000
Emission PMT (V): Changed: 15-Feb-24 11:59:32 AM, Old: 600, New: 800
Wellplate Samples Changed: 15-Feb-24 11:59:32 AM, Old:, New:D1;D2;D3;D4;E1;E2;E3;E4;F1;F2;F3;F4;
PMT Volts Changed: 15-Feb-24 12:00:17 PM, Old:800, New:600
Emission PMT (V): Changed: 15-Feb-24 12:00:17 PM, Old: 800, New: 600
PMT Volts Changed: 15-Feb-24 12:01:09 PM, Old:600, New:700
Emission PMT (V): Changed: 15-Feb-24 12:01:09 PM, Old: 600, New: 700
PMT Volts Changed: 15-Feb-24 12:01:49 PM, Old:700, New:800
Emission PMT (V): Changed: 15-Feb-24 12:01:49 PM, Old: 700, New: 800
PMT Volts Changed: 15-Feb-24 12:03:19 PM, Old:800, New:750
Emission PMT (V): Changed: 15-Feb-24 12:03:19 PM, Old: 800, New: 750
PMT Volts Changed: 15-Feb-24 12:08:42 PM, Old:750, New:800
Emission PMT (V): Changed: 15-Feb-24 12:08:43 PM, Old: 750, New: 800
PMT Volts Changed: 15-Feb-24 12:10:18 PM, Old:800, New:600
Emission PMT (V): Changed: 15-Feb-24 12:10:19 PM, Old: 800, New: 600
PMT Volts Changed: 15-Feb-24 12:11:09 PM, Old:600, New:700
Emission PMT (V): Changed: 15-Feb-24 12:11:09 PM, Old: 600, New: 700
End Method Modifications

Sample F1_Ex509_Em563,
Sample F1_Ex509_Em563
Collection Time: 15-Feb-24 12:11:13 PM
Operator Name  :
Kinetics Software Version: 1.2(146)
Parameter List :
Report Time: Thu 15 Feb 12:11:13 PM 2024
Software version: 1.2(146)
Operator:
Instrument Parameters
Instrument                        Cary Eclipse
Instrument Serial Number          MY18160001
Data mode                         Fluorescence
Ex. wavelengths (nm)              509.0000 ; 509.0000
Em. wavelengths (nm)              563.0000 ; 660.0000
Ex. Slit (nm)                     20
Em. Slit (nm)                     20
Averaging Time (s)                0.2000
Cycle time(min)                   0.5000
Stop time(min)                    90.0000
Emission filter                   Open
Excitation Filter                 Auto
PMT voltage (V)                   700
Wellplate                         ON
Plate format                     96 Wells
Read position                    Well centre
Multi-zero                       OFF
Auto-zero                        OFF
Well                            A1
Comments:
Method Log     :
Method Name    : Default
Date/Time stamp: 15-Feb-24 11:56:40 AM
Method Modifications:
Wellplate Overlay Mode Changed: 15-Feb-24 11:56:41 AM, Old:Individual, New:Choice 1
Wellplate Overlay Mode Changed: 15-Feb-24 11:56:41 AM, Old:Overlay all, New:Choice 2
Wellplate Overlay Mode Changed: 15-Feb-24 11:56:41 AM, Old:Overlay rows, New:Choice 3
Wellplate Overlay Mode Changed: 15-Feb-24 11:56:41 AM, Old:Overlay columns, New:Choice 4
Wellplate Overlay Mode Changed: 15-Feb-24 11:56:41 AM, Old:User defined, New:Overlay columns
PMT Volts Changed: 15-Feb-24 11:59:32 AM, Old:600, New:800
Well plate reader Changed: 15-Feb-24 11:59:32 AM, Old:OFF, New:ON
Multiwavelength Changed: 15-Feb-24 11:59:32 AM, Old:OFF, New:ON
Excitation Wavelengths 1 Changed: 15-Feb-24 11:59:32 AM, Old:   350.0000, New:   509.0000
Emission Wavelengths 1 Changed: 15-Feb-24 11:59:32 AM, Old:   450.0000, New:   563.0000
Excitation Wavelengths 2 Changed: 15-Feb-24 11:59:32 AM, Old:   360.0000, New:   509.0000
Emission Wavelengths 2 Changed: 15-Feb-24 11:59:32 AM, Old:   460.0000, New:   660.0000
Excitation Wavelength Changed: 15-Feb-24 11:59:32 AM, Old: 400.00, New: 509.00
Emission Wavelength Changed: 15-Feb-24 11:59:32 AM, Old: 600.00, New: 563.00
Ex. Slit Width (nm): Changed: 15-Feb-24 11:59:32 AM, Old:5, New:20
Em. Slit Width (nm): Changed: 15-Feb-24 11:59:32 AM, Old:5, New:20
Ave. time (s): Changed: 15-Feb-24 11:59:32 AM, Old:0.10000, New:0.20000
Cycle Time 1 Changed: 15-Feb-24 11:59:32 AM, Old: 0.0000, New: 0.5000
Stop Time 1 Changed: 15-Feb-24 11:59:32 AM, Old: 1.0000, New:90.0000
Emission PMT (V): Changed: 15-Feb-24 11:59:32 AM, Old: 600, New: 800
Wellplate Samples Changed: 15-Feb-24 11:59:32 AM, Old:, New:D1;D2;D3;D4;E1;E2;E3;E4;F1;F2;F3;F4;
PMT Volts Changed: 15-Feb-24 12:00:17 PM, Old:800, New:600
Emission PMT (V): Changed: 15-Feb-24 12:00:17 PM, Old: 800, New: 600
PMT Volts Changed: 15-Feb-24 12:01:09 PM, Old:600, New:700
Emission PMT (V): Changed: 15-Feb-24 12:01:09 PM, Old: 600, New: 700
PMT Volts Changed: 15-Feb-24 12:01:49 PM, Old:700, New:800
Emission PMT (V): Changed: 15-Feb-24 12:01:49 PM, Old: 700, New: 800
PMT Volts Changed: 15-Feb-24 12:03:19 PM, Old:800, New:750
Emission PMT (V): Changed: 15-Feb-24 12:03:19 PM, Old: 800, New: 750
PMT Volts Changed: 15-Feb-24 12:08:42 PM, Old:750, New:800
Emission PMT (V): Changed: 15-Feb-24 12:08:43 PM, Old: 750, New: 800
PMT Volts Changed: 15-Feb-24 12:10:18 PM, Old:800, New:600
Emission PMT (V): Changed: 15-Feb-24 12:10:19 PM, Old: 800, New: 600
PMT Volts Changed: 15-Feb-24 12:11:09 PM, Old:600, New:700
Emission PMT (V): Changed: 15-Feb-24 12:11:09 PM, Old: 600, New: 700
End Method Modifications

Sample F1_Ex509_Em660,
Sample F1_Ex509_Em660
Collection Time: 15-Feb-24 12:11:13 PM
Operator Name  :
Kinetics Software Version: 1.2(146)
Parameter List :
Report Time: Thu 15 Feb 12:11:13 PM 2024
Software version: 1.2(146)
Operator:
Instrument Parameters
Instrument                        Cary Eclipse
Instrument Serial Number          MY18160001
Data mode                         Fluorescence
Ex. wavelengths (nm)              509.0000 ; 509.0000
Em. wavelengths (nm)              563.0000 ; 660.0000
Ex. Slit (nm)                     20
Em. Slit (nm)                     20
Averaging Time (s)                0.2000
Cycle time(min)                   0.5000
Stop time(min)                    90.0000
Emission filter                   Open
Excitation Filter                 Auto
PMT voltage (V)                   700
Wellplate                         ON
Plate format                     96 Wells
Read position                    Well centre
Multi-zero                       OFF
Auto-zero                        OFF
Well                            A1
Comments:
Method Log     :
Method Name    : Default
Date/Time stamp: 15-Feb-24 11:56:40 AM
Method Modifications:
Wellplate Overlay Mode Changed: 15-Feb-24 11:56:41 AM, Old:Individual, New:Choice 1
Wellplate Overlay Mode Changed: 15-Feb-24 11:56:41 AM, Old:Overlay all, New:Choice 2
Wellplate Overlay Mode Changed: 15-Feb-24 11:56:41 AM, Old:Overlay rows, New:Choice 3
Wellplate Overlay Mode Changed: 15-Feb-24 11:56:41 AM, Old:Overlay columns, New:Choice 4
Wellplate Overlay Mode Changed: 15-Feb-24 11:56:41 AM, Old:User defined, New:Overlay columns
PMT Volts Changed: 15-Feb-24 11:59:32 AM, Old:600, New:800
Well plate reader Changed: 15-Feb-24 11:59:32 AM, Old:OFF, New:ON
Multiwavelength Changed: 15-Feb-24 11:59:32 AM, Old:OFF, New:ON
Excitation Wavelengths 1 Changed: 15-Feb-24 11:59:32 AM, Old:   350.0000, New:   509.0000
Emission Wavelengths 1 Changed: 15-Feb-24 11:59:32 AM, Old:   450.0000, New:   563.0000
Excitation Wavelengths 2 Changed: 15-Feb-24 11:59:32 AM, Old:   360.0000, New:   509.0000
Emission Wavelengths 2 Changed: 15-Feb-24 11:59:32 AM, Old:   460.0000, New:   660.0000
Excitation Wavelength Changed: 15-Feb-24 11:59:32 AM, Old: 400.00, New: 509.00
Emission Wavelength Changed: 15-Feb-24 11:59:32 AM, Old: 600.00, New: 563.00
Ex. Slit Width (nm): Changed: 15-Feb-24 11:59:32 AM, Old:5, New:20
Em. Slit Width (nm): Changed: 15-Feb-24 11:59:32 AM, Old:5, New:20
Ave. time (s): Changed: 15-Feb-24 11:59:32 AM, Old:0.10000, New:0.20000
Cycle Time 1 Changed: 15-Feb-24 11:59:32 AM, Old: 0.0000, New: 0.5000
Stop Time 1 Changed: 15-Feb-24 11:59:32 AM, Old: 1.0000, New:90.0000
Emission PMT (V): Changed: 15-Feb-24 11:59:32 AM, Old: 600, New: 800
Wellplate Samples Changed: 15-Feb-24 11:59:32 AM, Old:, New:D1;D2;D3;D4;E1;E2;E3;E4;F1;F2;F3;F4;
PMT Volts Changed: 15-Feb-24 12:00:17 PM, Old:800, New:600
Emission PMT (V): Changed: 15-Feb-24 12:00:17 PM, Old: 800, New: 600
PMT Volts Changed: 15-Feb-24 12:01:09 PM, Old:600, New:700
Emission PMT (V): Changed: 15-Feb-24 12:01:09 PM, Old: 600, New: 700
PMT Volts Changed: 15-Feb-24 12:01:49 PM, Old:700, New:800
Emission PMT (V): Changed: 15-Feb-24 12:01:49 PM, Old: 700, New: 800
PMT Volts Changed: 15-Feb-24 12:03:19 PM, Old:800, New:750
Emission PMT (V): Changed: 15-Feb-24 12:03:19 PM, Old: 800, New: 750
PMT Volts Changed: 15-Feb-24 12:08:42 PM, Old:750, New:800
Emission PMT (V): Changed: 15-Feb-24 12:08:43 PM, Old: 750, New: 800
PMT Volts Changed: 15-Feb-24 12:10:18 PM, Old:800, New:600
Emission PMT (V): Changed: 15-Feb-24 12:10:19 PM, Old: 800, New: 600
PMT Volts Changed: 15-Feb-24 12:11:09 PM, Old:600, New:700
Emission PMT (V): Changed: 15-Feb-24 12:11:09 PM, Old: 600, New: 700
End Method Modifications

Sample F2_Ex509_Em563,
Sample F2_Ex509_Em563
Collection Time: 15-Feb-24 12:11:13 PM
Operator Name  :
Kinetics Software Version: 1.2(146)
Parameter List :
Report Time: Thu 15 Feb 12:11:13 PM 2024
Software version: 1.2(146)
Operator:
Instrument Parameters
Instrument                        Cary Eclipse
Instrument Serial Number          MY18160001
Data mode                         Fluorescence
Ex. wavelengths (nm)              509.0000 ; 509.0000
Em. wavelengths (nm)              563.0000 ; 660.0000
Ex. Slit (nm)                     20
Em. Slit (nm)                     20
Averaging Time (s)                0.2000
Cycle time(min)                   0.5000
Stop time(min)                    90.0000
Emission filter                   Open
Excitation Filter                 Auto
PMT voltage (V)                   700
Wellplate                         ON
Plate format                     96 Wells
Read position                    Well centre
Multi-zero                       OFF
Auto-zero                        OFF
Well                            A1
Comments:
Method Log     :
Method Name    : Default
Date/Time stamp: 15-Feb-24 11:56:40 AM
Method Modifications:
Wellplate Overlay Mode Changed: 15-Feb-24 11:56:41 AM, Old:Individual, New:Choice 1
Wellplate Overlay Mode Changed: 15-Feb-24 11:56:41 AM, Old:Overlay all, New:Choice 2
Wellplate Overlay Mode Changed: 15-Feb-24 11:56:41 AM, Old:Overlay rows, New:Choice 3
Wellplate Overlay Mode Changed: 15-Feb-24 11:56:41 AM, Old:Overlay columns, New:Choice 4
Wellplate Overlay Mode Changed: 15-Feb-24 11:56:41 AM, Old:User defined, New:Overlay columns
PMT Volts Changed: 15-Feb-24 11:59:32 AM, Old:600, New:800
Well plate reader Changed: 15-Feb-24 11:59:32 AM, Old:OFF, New:ON
Multiwavelength Changed: 15-Feb-24 11:59:32 AM, Old:OFF, New:ON
Excitation Wavelengths 1 Changed: 15-Feb-24 11:59:32 AM, Old:   350.0000, New:   509.0000
Emission Wavelengths 1 Changed: 15-Feb-24 11:59:32 AM, Old:   450.0000, New:   563.0000
Excitation Wavelengths 2 Changed: 15-Feb-24 11:59:32 AM, Old:   360.0000, New:   509.0000
Emission Wavelengths 2 Changed: 15-Feb-24 11:59:32 AM, Old:   460.0000, New:   660.0000
Excitation Wavelength Changed: 15-Feb-24 11:59:32 AM, Old: 400.00, New: 509.00
Emission Wavelength Changed: 15-Feb-24 11:59:32 AM, Old: 600.00, New: 563.00
Ex. Slit Width (nm): Changed: 15-Feb-24 11:59:32 AM, Old:5, New:20
Em. Slit Width (nm): Changed: 15-Feb-24 11:59:32 AM, Old:5, New:20
Ave. time (s): Changed: 15-Feb-24 11:59:32 AM, Old:0.10000, New:0.20000
Cycle Time 1 Changed: 15-Feb-24 11:59:32 AM, Old: 0.0000, New: 0.5000
Stop Time 1 Changed: 15-Feb-24 11:59:32 AM, Old: 1.0000, New:90.0000
Emission PMT (V): Changed: 15-Feb-24 11:59:32 AM, Old: 600, New: 800
Wellplate Samples Changed: 15-Feb-24 11:59:32 AM, Old:, New:D1;D2;D3;D4;E1;E2;E3;E4;F1;F2;F3;F4;
PMT Volts Changed: 15-Feb-24 12:00:17 PM, Old:800, New:600
Emission PMT (V): Changed: 15-Feb-24 12:00:17 PM, Old: 800, New: 600
PMT Volts Changed: 15-Feb-24 12:01:09 PM, Old:600, New:700
Emission PMT (V): Changed: 15-Feb-24 12:01:09 PM, Old: 600, New: 700
PMT Volts Changed: 15-Feb-24 12:01:49 PM, Old:700, New:800
Emission PMT (V): Changed: 15-Feb-24 12:01:49 PM, Old: 700, New: 800
PMT Volts Changed: 15-Feb-24 12:03:19 PM, Old:800, New:750
Emission PMT (V): Changed: 15-Feb-24 12:03:19 PM, Old: 800, New: 750
PMT Volts Changed: 15-Feb-24 12:08:42 PM, Old:750, New:800
Emission PMT (V): Changed: 15-Feb-24 12:08:43 PM, Old: 750, New: 800
PMT Volts Changed: 15-Feb-24 12:10:18 PM, Old:800, New:600
Emission PMT (V): Changed: 15-Feb-24 12:10:19 PM, Old: 800, New: 600
PMT Volts Changed: 15-Feb-24 12:11:09 PM, Old:600, New:700
Emission PMT (V): Changed: 15-Feb-24 12:11:09 PM, Old: 600, New: 700
End Method Modifications

Sample F2_Ex509_Em660,
Sample F2_Ex509_Em660
Collection Time: 15-Feb-24 12:11:13 PM
Operator Name  :
Kinetics Software Version: 1.2(146)
Parameter List :
Report Time: Thu 15 Feb 12:11:13 PM 2024
Software version: 1.2(146)
Operator:
Instrument Parameters
Instrument                        Cary Eclipse
Instrument Serial Number          MY18160001
Data mode                         Fluorescence
Ex. wavelengths (nm)              509.0000 ; 509.0000
Em. wavelengths (nm)              563.0000 ; 660.0000
Ex. Slit (nm)                     20
Em. Slit (nm)                     20
Averaging Time (s)                0.2000
Cycle time(min)                   0.5000
Stop time(min)                    90.0000
Emission filter                   Open
Excitation Filter                 Auto
PMT voltage (V)                   700
Wellplate                         ON
Plate format                     96 Wells
Read position                    Well centre
Multi-zero                       OFF
Auto-zero                        OFF
Well                            A1
Comments:
Method Log     :
Method Name    : Default
Date/Time stamp: 15-Feb-24 11:56:40 AM
Method Modifications:
Wellplate Overlay Mode Changed: 15-Feb-24 11:56:41 AM, Old:Individual, New:Choice 1
Wellplate Overlay Mode Changed: 15-Feb-24 11:56:41 AM, Old:Overlay all, New:Choice 2
Wellplate Overlay Mode Changed: 15-Feb-24 11:56:41 AM, Old:Overlay rows, New:Choice 3
Wellplate Overlay Mode Changed: 15-Feb-24 11:56:41 AM, Old:Overlay columns, New:Choice 4
Wellplate Overlay Mode Changed: 15-Feb-24 11:56:41 AM, Old:User defined, New:Overlay columns
PMT Volts Changed: 15-Feb-24 11:59:32 AM, Old:600, New:800
Well plate reader Changed: 15-Feb-24 11:59:32 AM, Old:OFF, New:ON
Multiwavelength Changed: 15-Feb-24 11:59:32 AM, Old:OFF, New:ON
Excitation Wavelengths 1 Changed: 15-Feb-24 11:59:32 AM, Old:   350.0000, New:   509.0000
Emission Wavelengths 1 Changed: 15-Feb-24 11:59:32 AM, Old:   450.0000, New:   563.0000
Excitation Wavelengths 2 Changed: 15-Feb-24 11:59:32 AM, Old:   360.0000, New:   509.0000
Emission Wavelengths 2 Changed: 15-Feb-24 11:59:32 AM, Old:   460.0000, New:   660.0000
Excitation Wavelength Changed: 15-Feb-24 11:59:32 AM, Old: 400.00, New: 509.00
Emission Wavelength Changed: 15-Feb-24 11:59:32 AM, Old: 600.00, New: 563.00
Ex. Slit Width (nm): Changed: 15-Feb-24 11:59:32 AM, Old:5, New:20
Em. Slit Width (nm): Changed: 15-Feb-24 11:59:32 AM, Old:5, New:20
Ave. time (s): Changed: 15-Feb-24 11:59:32 AM, Old:0.10000, New:0.20000
Cycle Time 1 Changed: 15-Feb-24 11:59:32 AM, Old: 0.0000, New: 0.5000
Stop Time 1 Changed: 15-Feb-24 11:59:32 AM, Old: 1.0000, New:90.0000
Emission PMT (V): Changed: 15-Feb-24 11:59:32 AM, Old: 600, New: 800
Wellplate Samples Changed: 15-Feb-24 11:59:32 AM, Old:, New:D1;D2;D3;D4;E1;E2;E3;E4;F1;F2;F3;F4;
PMT Volts Changed: 15-Feb-24 12:00:17 PM, Old:800, New:600
Emission PMT (V): Changed: 15-Feb-24 12:00:17 PM, Old: 800, New: 600
PMT Volts Changed: 15-Feb-24 12:01:09 PM, Old:600, New:700
Emission PMT (V): Changed: 15-Feb-24 12:01:09 PM, Old: 600, New: 700
PMT Volts Changed: 15-Feb-24 12:01:49 PM, Old:700, New:800
Emission PMT (V): Changed: 15-Feb-24 12:01:49 PM, Old: 700, New: 800
PMT Volts Changed: 15-Feb-24 12:03:19 PM, Old:800, New:750
Emission PMT (V): Changed: 15-Feb-24 12:03:19 PM, Old: 800, New: 750
PMT Volts Changed: 15-Feb-24 12:08:42 PM, Old:750, New:800
Emission PMT (V): Changed: 15-Feb-24 12:08:43 PM, Old: 750, New: 800
PMT Volts Changed: 15-Feb-24 12:10:18 PM, Old:800, New:600
Emission PMT (V): Changed: 15-Feb-24 12:10:19 PM, Old: 800, New: 600
PMT Volts Changed: 15-Feb-24 12:11:09 PM, Old:600, New:700
Emission PMT (V): Changed: 15-Feb-24 12:11:09 PM, Old: 600, New: 700
End Method Modifications

Sample F3_Ex509_Em563,
Sample F3_Ex509_Em563
Collection Time: 15-Feb-24 12:11:13 PM
Operator Name  :
Kinetics Software Version: 1.2(146)
Parameter List :
Report Time: Thu 15 Feb 12:11:13 PM 2024
Software version: 1.2(146)
Operator:
Instrument Parameters
Instrument                        Cary Eclipse
Instrument Serial Number          MY18160001
Data mode                         Fluorescence
Ex. wavelengths (nm)              509.0000 ; 509.0000
Em. wavelengths (nm)              563.0000 ; 660.0000
Ex. Slit (nm)                     20
Em. Slit (nm)                     20
Averaging Time (s)                0.2000
Cycle time(min)                   0.5000
Stop time(min)                    90.0000
Emission filter                   Open
Excitation Filter                 Auto
PMT voltage (V)                   700
Wellplate                         ON
Plate format                     96 Wells
Read position                    Well centre
Multi-zero                       OFF
Auto-zero                        OFF
Well                            A1
Comments:
Method Log     :
Method Name    : Default
Date/Time stamp: 15-Feb-24 11:56:40 AM
Method Modifications:
Wellplate Overlay Mode Changed: 15-Feb-24 11:56:41 AM, Old:Individual, New:Choice 1
Wellplate Overlay Mode Changed: 15-Feb-24 11:56:41 AM, Old:Overlay all, New:Choice 2
Wellplate Overlay Mode Changed: 15-Feb-24 11:56:41 AM, Old:Overlay rows, New:Choice 3
Wellplate Overlay Mode Changed: 15-Feb-24 11:56:41 AM, Old:Overlay columns, New:Choice 4
Wellplate Overlay Mode Changed: 15-Feb-24 11:56:41 AM, Old:User defined, New:Overlay columns
PMT Volts Changed: 15-Feb-24 11:59:32 AM, Old:600, New:800
Well plate reader Changed: 15-Feb-24 11:59:32 AM, Old:OFF, New:ON
Multiwavelength Changed: 15-Feb-24 11:59:32 AM, Old:OFF, New:ON
Excitation Wavelengths 1 Changed: 15-Feb-24 11:59:32 AM, Old:   350.0000, New:   509.0000
Emission Wavelengths 1 Changed: 15-Feb-24 11:59:32 AM, Old:   450.0000, New:   563.0000
Excitation Wavelengths 2 Changed: 15-Feb-24 11:59:32 AM, Old:   360.0000, New:   509.0000
Emission Wavelengths 2 Changed: 15-Feb-24 11:59:32 AM, Old:   460.0000, New:   660.0000
Excitation Wavelength Changed: 15-Feb-24 11:59:32 AM, Old: 400.00, New: 509.00
Emission Wavelength Changed: 15-Feb-24 11:59:32 AM, Old: 600.00, New: 563.00
Ex. Slit Width (nm): Changed: 15-Feb-24 11:59:32 AM, Old:5, New:20
Em. Slit Width (nm): Changed: 15-Feb-24 11:59:32 AM, Old:5, New:20
Ave. time (s): Changed: 15-Feb-24 11:59:32 AM, Old:0.10000, New:0.20000
Cycle Time 1 Changed: 15-Feb-24 11:59:32 AM, Old: 0.0000, New: 0.5000
Stop Time 1 Changed: 15-Feb-24 11:59:32 AM, Old: 1.0000, New:90.0000
Emission PMT (V): Changed: 15-Feb-24 11:59:32 AM, Old: 600, New: 800
Wellplate Samples Changed: 15-Feb-24 11:59:32 AM, Old:, New:D1;D2;D3;D4;E1;E2;E3;E4;F1;F2;F3;F4;
PMT Volts Changed: 15-Feb-24 12:00:17 PM, Old:800, New:600
Emission PMT (V): Changed: 15-Feb-24 12:00:17 PM, Old: 800, New: 600
PMT Volts Changed: 15-Feb-24 12:01:09 PM, Old:600, New:700
Emission PMT (V): Changed: 15-Feb-24 12:01:09 PM, Old: 600, New: 700
PMT Volts Changed: 15-Feb-24 12:01:49 PM, Old:700, New:800
Emission PMT (V): Changed: 15-Feb-24 12:01:49 PM, Old: 700, New: 800
PMT Volts Changed: 15-Feb-24 12:03:19 PM, Old:800, New:750
Emission PMT (V): Changed: 15-Feb-24 12:03:19 PM, Old: 800, New: 750
PMT Volts Changed: 15-Feb-24 12:08:42 PM, Old:750, New:800
Emission PMT (V): Changed: 15-Feb-24 12:08:43 PM, Old: 750, New: 800
PMT Volts Changed: 15-Feb-24 12:10:18 PM, Old:800, New:600
Emission PMT (V): Changed: 15-Feb-24 12:10:19 PM, Old: 800, New: 600
PMT Volts Changed: 15-Feb-24 12:11:09 PM, Old:600, New:700
Emission PMT (V): Changed: 15-Feb-24 12:11:09 PM, Old: 600, New: 700
End Method Modifications

Sample F3_Ex509_Em660,
Sample F3_Ex509_Em660
Collection Time: 15-Feb-24 12:11:13 PM
Operator Name  :
Kinetics Software Version: 1.2(146)
Parameter List :
Report Time: Thu 15 Feb 12:11:13 PM 2024
Software version: 1.2(146)
Operator:
Instrument Parameters
Instrument                        Cary Eclipse
Instrument Serial Number          MY18160001
Data mode                         Fluorescence
Ex. wavelengths (nm)              509.0000 ; 509.0000
Em. wavelengths (nm)              563.0000 ; 660.0000
Ex. Slit (nm)                     20
Em. Slit (nm)                     20
Averaging Time (s)                0.2000
Cycle time(min)                   0.5000
Stop time(min)                    90.0000
Emission filter                   Open
Excitation Filter                 Auto
PMT voltage (V)                   700
Wellplate                         ON
Plate format                     96 Wells
Read position                    Well centre
Multi-zero                       OFF
Auto-zero                        OFF
Well                            A1
Comments:
Method Log     :
Method Name    : Default
Date/Time stamp: 15-Feb-24 11:56:40 AM
Method Modifications:
Wellplate Overlay Mode Changed: 15-Feb-24 11:56:41 AM, Old:Individual, New:Choice 1
Wellplate Overlay Mode Changed: 15-Feb-24 11:56:41 AM, Old:Overlay all, New:Choice 2
Wellplate Overlay Mode Changed: 15-Feb-24 11:56:41 AM, Old:Overlay rows, New:Choice 3
Wellplate Overlay Mode Changed: 15-Feb-24 11:56:41 AM, Old:Overlay columns, New:Choice 4
Wellplate Overlay Mode Changed: 15-Feb-24 11:56:41 AM, Old:User defined, New:Overlay columns
PMT Volts Changed: 15-Feb-24 11:59:32 AM, Old:600, New:800
Well plate reader Changed: 15-Feb-24 11:59:32 AM, Old:OFF, New:ON
Multiwavelength Changed: 15-Feb-24 11:59:32 AM, Old:OFF, New:ON
Excitation Wavelengths 1 Changed: 15-Feb-24 11:59:32 AM, Old:   350.0000, New:   509.0000
Emission Wavelengths 1 Changed: 15-Feb-24 11:59:32 AM, Old:   450.0000, New:   563.0000
Excitation Wavelengths 2 Changed: 15-Feb-24 11:59:32 AM, Old:   360.0000, New:   509.0000
Emission Wavelengths 2 Changed: 15-Feb-24 11:59:32 AM, Old:   460.0000, New:   660.0000
Excitation Wavelength Changed: 15-Feb-24 11:59:32 AM, Old: 400.00, New: 509.00
Emission Wavelength Changed: 15-Feb-24 11:59:32 AM, Old: 600.00, New: 563.00
Ex. Slit Width (nm): Changed: 15-Feb-24 11:59:32 AM, Old:5, New:20
Em. Slit Width (nm): Changed: 15-Feb-24 11:59:32 AM, Old:5, New:20
Ave. time (s): Changed: 15-Feb-24 11:59:32 AM, Old:0.10000, New:0.20000
Cycle Time 1 Changed: 15-Feb-24 11:59:32 AM, Old: 0.0000, New: 0.5000
Stop Time 1 Changed: 15-Feb-24 11:59:32 AM, Old: 1.0000, New:90.0000
Emission PMT (V): Changed: 15-Feb-24 11:59:32 AM, Old: 600, New: 800
Wellplate Samples Changed: 15-Feb-24 11:59:32 AM, Old:, New:D1;D2;D3;D4;E1;E2;E3;E4;F1;F2;F3;F4;
PMT Volts Changed: 15-Feb-24 12:00:17 PM, Old:800, New:600
Emission PMT (V): Changed: 15-Feb-24 12:00:17 PM, Old: 800, New: 600
PMT Volts Changed: 15-Feb-24 12:01:09 PM, Old:600, New:700
Emission PMT (V): Changed: 15-Feb-24 12:01:09 PM, Old: 600, New: 700
PMT Volts Changed: 15-Feb-24 12:01:49 PM, Old:700, New:800
Emission PMT (V): Changed: 15-Feb-24 12:01:49 PM, Old: 700, New: 800
PMT Volts Changed: 15-Feb-24 12:03:19 PM, Old:800, New:750
Emission PMT (V): Changed: 15-Feb-24 12:03:19 PM, Old: 800, New: 750
PMT Volts Changed: 15-Feb-24 12:08:42 PM, Old:750, New:800
Emission PMT (V): Changed: 15-Feb-24 12:08:43 PM, Old: 750, New: 800
PMT Volts Changed: 15-Feb-24 12:10:18 PM, Old:800, New:600
Emission PMT (V): Changed: 15-Feb-24 12:10:19 PM, Old: 800, New: 600
PMT Volts Changed: 15-Feb-24 12:11:09 PM, Old:600, New:700
Emission PMT (V): Changed: 15-Feb-24 12:11:09 PM, Old: 600, New: 700
End Method Modifications

Sample F4_Ex509_Em563,
Sample F4_Ex509_Em563
Collection Time: 15-Feb-24 12:11:13 PM
Operator Name  :
Kinetics Software Version: 1.2(146)
Parameter List :
Report Time: Thu 15 Feb 12:11:13 PM 2024
Software version: 1.2(146)
Operator:
Instrument Parameters
Instrument                        Cary Eclipse
Instrument Serial Number          MY18160001
Data mode                         Fluorescence
Ex. wavelengths (nm)              509.0000 ; 509.0000
Em. wavelengths (nm)              563.0000 ; 660.0000
Ex. Slit (nm)                     20
Em. Slit (nm)                     20
Averaging Time (s)                0.2000
Cycle time(min)                   0.5000
Stop time(min)                    90.0000
Emission filter                   Open
Excitation Filter                 Auto
PMT voltage (V)                   700
Wellplate                         ON
Plate format                     96 Wells
Read position                    Well centre
Multi-zero                       OFF
Auto-zero                        OFF
Well                            A1
Comments:
Method Log     :
Method Name    : Default
Date/Time stamp: 15-Feb-24 11:56:40 AM
Method Modifications:
Wellplate Overlay Mode Changed: 15-Feb-24 11:56:41 AM, Old:Individual, New:Choice 1
Wellplate Overlay Mode Changed: 15-Feb-24 11:56:41 AM, Old:Overlay all, New:Choice 2
Wellplate Overlay Mode Changed: 15-Feb-24 11:56:41 AM, Old:Overlay rows, New:Choice 3
Wellplate Overlay Mode Changed: 15-Feb-24 11:56:41 AM, Old:Overlay columns, New:Choice 4
Wellplate Overlay Mode Changed: 15-Feb-24 11:56:41 AM, Old:User defined, New:Overlay columns
PMT Volts Changed: 15-Feb-24 11:59:32 AM, Old:600, New:800
Well plate reader Changed: 15-Feb-24 11:59:32 AM, Old:OFF, New:ON
Multiwavelength Changed: 15-Feb-24 11:59:32 AM, Old:OFF, New:ON
Excitation Wavelengths 1 Changed: 15-Feb-24 11:59:32 AM, Old:   350.0000, New:   509.0000
Emission Wavelengths 1 Changed: 15-Feb-24 11:59:32 AM, Old:   450.0000, New:   563.0000
Excitation Wavelengths 2 Changed: 15-Feb-24 11:59:32 AM, Old:   360.0000, New:   509.0000
Emission Wavelengths 2 Changed: 15-Feb-24 11:59:32 AM, Old:   460.0000, New:   660.0000
Excitation Wavelength Changed: 15-Feb-24 11:59:32 AM, Old: 400.00, New: 509.00
Emission Wavelength Changed: 15-Feb-24 11:59:32 AM, Old: 600.00, New: 563.00
Ex. Slit Width (nm): Changed: 15-Feb-24 11:59:32 AM, Old:5, New:20
Em. Slit Width (nm): Changed: 15-Feb-24 11:59:32 AM, Old:5, New:20
Ave. time (s): Changed: 15-Feb-24 11:59:32 AM, Old:0.10000, New:0.20000
Cycle Time 1 Changed: 15-Feb-24 11:59:32 AM, Old: 0.0000, New: 0.5000
Stop Time 1 Changed: 15-Feb-24 11:59:32 AM, Old: 1.0000, New:90.0000
Emission PMT (V): Changed: 15-Feb-24 11:59:32 AM, Old: 600, New: 800
Wellplate Samples Changed: 15-Feb-24 11:59:32 AM, Old:, New:D1;D2;D3;D4;E1;E2;E3;E4;F1;F2;F3;F4;
PMT Volts Changed: 15-Feb-24 12:00:17 PM, Old:800, New:600
Emission PMT (V): Changed: 15-Feb-24 12:00:17 PM, Old: 800, New: 600
PMT Volts Changed: 15-Feb-24 12:01:09 PM, Old:600, New:700
Emission PMT (V): Changed: 15-Feb-24 12:01:09 PM, Old: 600, New: 700
PMT Volts Changed: 15-Feb-24 12:01:49 PM, Old:700, New:800
Emission PMT (V): Changed: 15-Feb-24 12:01:49 PM, Old: 700, New: 800
PMT Volts Changed: 15-Feb-24 12:03:19 PM, Old:800, New:750
Emission PMT (V): Changed: 15-Feb-24 12:03:19 PM, Old: 800, New: 750
PMT Volts Changed: 15-Feb-24 12:08:42 PM, Old:750, New:800
Emission PMT (V): Changed: 15-Feb-24 12:08:43 PM, Old: 750, New: 800
PMT Volts Changed: 15-Feb-24 12:10:18 PM, Old:800, New:600
Emission PMT (V): Changed: 15-Feb-24 12:10:19 PM, Old: 800, New: 600
PMT Volts Changed: 15-Feb-24 12:11:09 PM, Old:600, New:700
Emission PMT (V): Changed: 15-Feb-24 12:11:09 PM, Old: 600, New: 700
End Method Modifications

Sample F4_Ex509_Em660,
Sample F4_Ex509_Em660
Collection Time: 15-Feb-24 12:11:13 PM
Operator Name  :
Kinetics Software Version: 1.2(146)
Parameter List :
Report Time: Thu 15 Feb 12:11:13 PM 2024
Software version: 1.2(146)
Operator:
Instrument Parameters
Instrument                        Cary Eclipse
Instrument Serial Number          MY18160001
Data mode                         Fluorescence
Ex. wavelengths (nm)              509.0000 ; 509.0000
Em. wavelengths (nm)              563.0000 ; 660.0000
Ex. Slit (nm)                     20
Em. Slit (nm)                     20
Averaging Time (s)                0.2000
Cycle time(min)                   0.5000
Stop time(min)                    90.0000
Emission filter                   Open
Excitation Filter                 Auto
PMT voltage (V)                   700
Wellplate                         ON
Plate format                     96 Wells
Read position                    Well centre
Multi-zero                       OFF
Auto-zero                        OFF
Well                            A1
Comments:
Method Log     :
Method Name    : Default
Date/Time stamp: 15-Feb-24 11:56:40 AM
Method Modifications:
Wellplate Overlay Mode Changed: 15-Feb-24 11:56:41 AM, Old:Individual, New:Choice 1
Wellplate Overlay Mode Changed: 15-Feb-24 11:56:41 AM, Old:Overlay all, New:Choice 2
Wellplate Overlay Mode Changed: 15-Feb-24 11:56:41 AM, Old:Overlay rows, New:Choice 3
Wellplate Overlay Mode Changed: 15-Feb-24 11:56:41 AM, Old:Overlay columns, New:Choice 4
Wellplate Overlay Mode Changed: 15-Feb-24 11:56:41 AM, Old:User defined, New:Overlay columns
PMT Volts Changed: 15-Feb-24 11:59:32 AM, Old:600, New:800
Well plate reader Changed: 15-Feb-24 11:59:32 AM, Old:OFF, New:ON
Multiwavelength Changed: 15-Feb-24 11:59:32 AM, Old:OFF, New:ON
Excitation Wavelengths 1 Changed: 15-Feb-24 11:59:32 AM, Old:   350.0000, New:   509.0000
Emission Wavelengths 1 Changed: 15-Feb-24 11:59:32 AM, Old:   450.0000, New:   563.0000
Excitation Wavelengths 2 Changed: 15-Feb-24 11:59:32 AM, Old:   360.0000, New:   509.0000
Emission Wavelengths 2 Changed: 15-Feb-24 11:59:32 AM, Old:   460.0000, New:   660.0000
Excitation Wavelength Changed: 15-Feb-24 11:59:32 AM, Old: 400.00, New: 509.00
Emission Wavelength Changed: 15-Feb-24 11:59:32 AM, Old: 600.00, New: 563.00
Ex. Slit Width (nm): Changed: 15-Feb-24 11:59:32 AM, Old:5, New:20
Em. Slit Width (nm): Changed: 15-Feb-24 11:59:32 AM, Old:5, New:20
Ave. time (s): Changed: 15-Feb-24 11:59:32 AM, Old:0.10000, New:0.20000
Cycle Time 1 Changed: 15-Feb-24 11:59:32 AM, Old: 0.0000, New: 0.5000
Stop Time 1 Changed: 15-Feb-24 11:59:32 AM, Old: 1.0000, New:90.0000
Emission PMT (V): Changed: 15-Feb-24 11:59:32 AM, Old: 600, New: 800
Wellplate Samples Changed: 15-Feb-24 11:59:32 AM, Old:, New:D1;D2;D3;D4;E1;E2;E3;E4;F1;F2;F3;F4;
PMT Volts Changed: 15-Feb-24 12:00:17 PM, Old:800, New:600
Emission PMT (V): Changed: 15-Feb-24 12:00:17 PM, Old: 800, New: 600
PMT Volts Changed: 15-Feb-24 12:01:09 PM, Old:600, New:700
Emission PMT (V): Changed: 15-Feb-24 12:01:09 PM, Old: 600, New: 700
PMT Volts Changed: 15-Feb-24 12:01:49 PM, Old:700, New:800
Emission PMT (V): Changed: 15-Feb-24 12:01:49 PM, Old: 700, New: 800
PMT Volts Changed: 15-Feb-24 12:03:19 PM, Old:800, New:750
Emission PMT (V): Changed: 15-Feb-24 12:03:19 PM, Old: 800, New: 750
PMT Volts Changed: 15-Feb-24 12:08:42 PM, Old:750, New:800
Emission PMT (V): Changed: 15-Feb-24 12:08:43 PM, Old: 750, New: 800
PMT Volts Changed: 15-Feb-24 12:10:18 PM, Old:800, New:600
Emission PMT (V): Changed: 15-Feb-24 12:10:19 PM, Old: 800, New: 600
PMT Volts Changed: 15-Feb-24 12:11:09 PM, Old:600, New:700
Emission PMT (V): Changed: 15-Feb-24 12:11:09 PM, Old: 600, New: 700
End Method Modifications

