Sample A1,,Sample A2,,Sample A3,,Sample A4,,Sample A5,,Sample A6,,Sample B1,,Sample B2,,Sample B3,,Sample B4,,Sample B5,,Sample B6,,Sample C1,,Sample C2,,Sample C3,,Sample C4,,Sample C5,,Sample C6,,Sample D1,,Sample D2,,Sample D3,,Sample D4,,Sample D5,,Sample D6,,Sample E1,,Sample E2,,Sample E3,,Sample E4,,Sample E5,,Sample E6,,Sample F1,,Sample F2,,Sample F3,,Sample F4,,Sample F5,,Sample F6,,
Time (min),Intensity (a.u.),Time (min),Intensity (a.u.),Time (min),Intensity (a.u.),Time (min),Intensity (a.u.),Time (min),Intensity (a.u.),Time (min),Intensity (a.u.),Time (min),Intensity (a.u.),Time (min),Intensity (a.u.),Time (min),Intensity (a.u.),Time (min),Intensity (a.u.),Time (min),Intensity (a.u.),Time (min),Intensity (a.u.),Time (min),Intensity (a.u.),Time (min),Intensity (a.u.),Time (min),Intensity (a.u.),Time (min),Intensity (a.u.),Time (min),Intensity (a.u.),Time (min),Intensity (a.u.),Time (min),Intensity (a.u.),Time (min),Intensity (a.u.),Time (min),Intensity (a.u.),Time (min),Intensity (a.u.),Time (min),Intensity (a.u.),Time (min),Intensity (a.u.),Time (min),Intensity (a.u.),Time (min),Intensity (a.u.),Time (min),Intensity (a.u.),Time (min),Intensity (a.u.),Time (min),Intensity (a.u.),Time (min),Intensity (a.u.),Time (min),Intensity (a.u.),Time (min),Intensity (a.u.),Time (min),Intensity (a.u.),Time (min),Intensity (a.u.),Time (min),Intensity (a.u.),Time (min),Intensity (a.u.),
0.0008333333535,208.8743286,0.0225416664,235.3066559,0.04325000197,341.0631714,0.06433333457,345.987915,0.08475000411,174.7950592,0.1058333293,234.9898529,0.2373750061,16.02984428,0.2163750082,13.87928295,0.1953333318,11.98580647,0.174333334,12.01043129,0.1534166634,10.69642258,0.1322291642,12.57481194,0.2619999945,26.87818146,0.2821666598,25.17297935,0.3033749759,121.2516937,0.3242500126,129.8259125,0.345333308,26.04450417,0.3657083213,26.23895454,0.4973333478,280.0068665,0.4761249721,275.9163208,0.454708308,345.8315735,0.4342083335,376.5774231,0.413166672,217.6981659,0.3928333223,256.2674561,0.5237083435,13.38255978,0.543833375,10.50583935,0.5651250482,9.747389793,0.5863333344,12.36053085,0.6068333387,10.30324078,0.62787503,9.473112106,0.7590833306,160.1769867,0.7377499938,219.7510681,0.7168750167,277.6105957,0.6955000162,249.0819702,0.6751666665,61.67086411,0.6543332934,79.71199799,
1.000833273,226.8138428,1.022041678,238.034256,1.043208361,306.8336182,1.06387496,349.8634644,1.084645867,171.697464,1.105708361,232.223053,1.236708283,15.63258266,1.215458274,13.60821533,1.194395781,11.4689436,1.174041629,12.10927868,1.15304172,11.24615192,1.131729126,12.67991447,1.263062596,26.48025131,1.28412497,24.63989639,1.305145741,117.4639282,1.325562596,129.2870331,1.346708298,25.90781975,1.367583394,25.94061661,1.498958349,292.0939026,1.477916718,277.1582336,1.457062483,345.6798706,1.436041594,380.664978,1.415729165,224.29422,1.394374967,254.6850739,1.525208235,12.14600277,1.545562506,10.01391697,1.566645861,10.43383217,1.588062525,12.66042995,1.608895898,9.333614349,1.630062461,8.950058937,1.759062409,178.6968536,1.738062501,235.6678467,1.717041612,287.8076782,1.696624994,268.3666992,1.675395846,71.57705688,1.654395819,91.86620331,
2.000833273,221.5312042,2.021729231,236.8569031,2.04297924,298.2129822,2.064375162,342.5303955,2.084979057,181.769577,2.106208324,234.0562134,2.23656249,16.09509659,2.215541601,14.37974548,2.194875002,11.67556667,2.173645735,12.33363056,2.152729273,11.51078033,2.13222909,12.26979637,2.260375023,26.34272766,2.28137517,25.00508118,2.302562475,120.7143097,2.323083162,124.1030807,2.344208241,25.76821899,2.365375042,26.3733902,2.494083405,290.7438965,2.473416567,283.5094299,2.451895952,347.8514404,2.431916475,374.5461731,2.41072917,222.5437317,2.390062571,258.3920593,2.520041704,12.75530052,2.540874958,10.14956856,2.561208248,9.615309715,2.58239603,11.37621212,2.602916718,9.225666046,2.624145746,9.136179924,2.75470829,193.1272278,2.734541655,236.1788483,2.713395834,299.1626892,2.69208312,278.945282,2.671729326,81.9912262,2.650375128,101.4308701,
3.000833273,221.8663788,3.022041559,232.4680786,3.042645693,294.5160217,3.063541651,353.0093079,3.084708452,175.3386383,3.105208397,228.4342194,3.235895872,14.66483116,3.214916706,14.05960274,3.194229126,11.54251289,3.173562527,12.53227234,3.152229071,11.44553852,3.131395817,12.55775547,3.26229167,27.923563,3.283562422,23.5908947,3.303916693,121.5404663,3.324729204,120.3551407,3.345708132,26.34873962,3.366708279,24.94115829,3.497874975,288.3755798,3.476875067,284.745636,3.456208229,353.6571655,3.4349792,379.064209,3.414624929,230.0163879,3.393062592,255.2594299,3.524395704,12.83846664,3.544895887,10.70446301,3.56639576,10.50944901,3.586562634,11.99335384,3.607749939,9.25296402,3.629083157,9.545038223,3.759791613,199.2395477,3.738895893,236.9382477,3.717729092,305.0134277,3.697729349,290.5991821,3.676208258,89.21416473,3.655395746,114.3839035,
4.000833511,223.810379,4.022062302,228.6616516,4.042395592,294.9005737,4.063395977,342.7863464,4.084729195,172.8952637,4.105395794,229.1772156,4.236208439,15.59322643,4.214979172,13.40657997,4.194583416,11.99094677,4.173562527,12.08146667,4.152395725,10.84348583,4.131062508,12.80085564,4.262708187,25.97250938,4.284041882,24.79307175,4.304396152,119.1011429,4.325395584,120.8305206,4.345958233,24.91322517,4.366708279,25.41290092,4.497749805,291.5293274,4.476729393,283.0921326,4.455749989,361.8232727,4.434812546,387.6125488,4.413792133,232.3885956,4.393562317,256.322113,4.52414608,13.16206264,4.54537487,10.75017738,4.566229343,10.10247135,4.587229252,12.37360573,4.607791424,9.195803642,4.628875256,9.074765205,4.758375168,202.3966217,4.737374783,239.7689667,4.716875076,311.403595,4.695541859,290.7550049,4.674395561,96.82537079,4.654124737,125.9561615,
5.000833035,223.369278,5.021791458,226.5779266,5.043041706,290.5316162,5.063708305,337.6045532,5.084875107,167.2373199,5.105208397,235.1744537,5.236749649,16.05777168,5.215458393,13.37296772,5.194645882,11.36753273,5.173291683,11.73191452,5.152374744,11.27273846,5.131896019,12.47816372,5.260625362,27.45180321,5.281645775,25.04303932,5.302874565,123.4725189,5.324041843,120.1632614,5.345041752,25.09439659,5.365395546,25.48257065,5.496791363,285.5100403,5.475583553,292.9768066,5.454895973,366.3637695,5.433896065,369.8623352,5.413250446,233.9214783,5.392083168,251.6566467,5.521375179,12.44010067,5.541895866,10.64237785,5.562541485,10.61584282,5.583562851,12.04039288,5.604958057,9.494515419,5.625374794,9.001849174,5.75631237,206.6479645,5.735249996,237.045929,5.714729309,315.479248,5.693562508,304.6003113,5.672874928,100.125946,5.651875019,130.6994781,
6.000833035,219.384491,6.021958351,231.6099243,6.042812824,288.1436157,6.063146114,342.4778748,6.084541798,171.215271,6.105041504,228.0878143,6.236583233,15.63033867,6.215062618,13.54499817,6.194541454,11.6322155,6.173562527,12.61542892,6.151895523,10.95060539,6.131708145,12.25999355,6.262374878,27.36771011,6.28356266,25.3295269,6.30397892,122.3058624,6.324958324,119.6409531,6.346374989,26.11290359,6.367041588,25.32772064,6.499312401,289.3370361,6.478083134,292.3730164,6.456291676,367.0490417,6.43554163,369.6072388,6.414395809,233.2836761,6.393249989,254.4169464,6.523541927,13.47579098,6.544374943,10.65631485,6.565750122,10.53721714,6.586416721,12.85757065,6.607542038,9.636255264,6.62854147,8.730867386,6.759062767,209.7539825,6.738395691,242.729538,6.717229366,317.0739441,6.696708202,307.6231079,6.675812244,105.912178,6.654958248,137.214035,
7.000833035,223.1351471,7.020874977,234.7691345,7.04172945,298.1918335,7.063041687,334.0445557,7.083708286,168.72612,7.104375362,229.6908112,7.235249996,16.42961693,7.214062691,13.99457741,7.193728924,12.1711216,7.172874928,12.27659416,7.151646137,10.7205162,7.130750179,11.96743774,7.26137495,26.28613472,7.282729149,24.48677826,7.303625107,124.5693665,7.324145794,120.390831,7.345208168,25.71833801,7.36639595,24.53651047,7.495396137,295.5198364,7.474395752,282.4575195,7.45337534,361.5673828,7.433042049,375.5215759,7.411812305,237.046875,7.391125202,247.7828674,7.521708012,13.53132153,7.542562485,10.92869854,7.563895702,10.71035004,7.585042,12.31746006,7.60537529,9.77234745,7.626562595,9.579885483,7.755478859,214.2907257,7.734250069,244.0273743,7.713729382,316.5137939,7.692541599,313.7557068,7.672208309,112.1538391,7.651479244,147.9652252,
8.000833511,221.8233185,8.022062302,234.2469635,8.042729378,284.5045166,8.063646317,342.0886536,8.085042,172.4810486,8.105541229,231.8262482,8.236124992,16.71004868,8.215729713,14.39263535,8.19470787,12.38208961,8.173791885,12.84778786,8.153291702,12.01673889,8.131917,12.73509502,8.262541771,26.7011261,8.2837286,25.2374897,8.305062294,121.0870438,8.325458527,120.3737183,8.346208572,26.79106331,8.367375374,25.528759,8.498562813,288.9658508,8.477229118,287.8397217,8.456041336,368.9434509,8.435375214,370.7702637,8.414896011,237.2572479,8.393396378,252.2667694,8.524874687,12.68125916,8.545062065,10.88334274,8.566083908,10.48800182,8.587291718,12.1894846,8.608291626,9.81424427,8.628728867,9.552824974,8.759207726,223.4865723,8.738207817,237.7366943,8.717875481,320.9884033,8.697541237,314.7591553,8.676291466,114.6531067,8.655562401,156.9330139,
9.000833511,222.0262451,9.021708488,229.5521851,9.042895317,285.5973816,9.063396454,343.0295105,9.084645271,168.092926,9.104979515,228.9511871,9.236541748,16.05318642,9.215208054,14.12556553,9.194540977,12.33701897,9.173978806,12.0915184,9.152584076,10.93849468,9.131479263,12.61958694,9.262812614,26.91580391,9.284395218,25.43725395,9.304896355,117.7096024,9.326062202,118.553215,9.346479416,26.98721695,9.367541313,25.83423805,9.499083519,295.2342834,9.477728844,286.1907959,9.456728935,365.059845,9.436396599,376.2801514,9.414645195,241.7709503,9.394124985,247.4575195,9.523708344,13.50026512,9.544708252,10.83175659,9.565229416,9.864807129,9.586291313,12.51609039,9.607208252,9.93621254,9.627542496,9.421285629,9.758791924,222.2721252,9.737812042,241.9920044,9.717416763,320.0516052,9.696208954,317.8039246,9.674875259,111.9716949,9.65464592,160.8130188,
10.00083351,218.9633636,10.02062511,229.4347687,10.04137516,284.1646729,10.06187534,342.5715942,10.08354187,169.7848663,10.10387516,227.5321045,10.23454189,16.46997261,10.21420765,13.56755733,10.19329166,11.46567249,10.17208385,12.16197777,10.1513958,11.01241302,10.13039589,12.51474476,10.26062489,26.16378021,10.28197956,24.02084732,10.30304146,120.7822189,10.32406235,122.8890305,10.34429073,25.57501411,10.36554146,25.34476662,10.49587536,292.4944153,10.4754591,283.7113342,10.45456219,361.9972534,10.43370914,380.6154785,10.41304111,240.1534729,10.39239597,251.2580414,10.52258301,13.44156551,10.54308414,10.24267292,10.56431293,10.87864113,10.58570862,12.25352097,10.60670853,9.881205559,10.62720871,9.269035339,10.75789547,221.0257721,10.73756218,244.0721588,10.71654129,333.3634949,10.69547939,322.7286987,10.67491627,118.0484161,10.65374947,169.919632,
11.00083351,217.5839233,11.02122879,225.1100769,11.04156303,285.4291687,11.06272888,328.9094238,11.08406258,169.5399323,11.10506248,228.8103333,11.23620796,15.59073734,11.21554184,13.79052734,11.19439602,12.01873398,11.17320824,13.15314579,11.15287495,10.71197033,11.13114643,12.75759888,11.26229191,27.55478287,11.28354168,24.74638939,11.30487442,119.9593506,11.3250618,122.2026672,11.3461256,25.80650139,11.36745834,25.84798622,11.49804211,294.6954041,11.47772884,280.5924377,11.45658398,365.1511536,11.43539619,384.5348511,11.41454124,237.9056549,11.39337444,248.2306213,11.52241611,13.52589512,11.54354191,10.85612297,11.56454182,10.24400902,11.58520794,12.21662617,11.60579109,9.269597054,11.62695789,9.53969574,11.7583952,219.3792877,11.73737526,238.8955994,11.7163744,336.5196838,11.6953125,323.3940125,11.67412472,123.0604401,11.65289593,174.9174194,
12.00083351,216.9797668,12.02104187,233.1152344,12.04156303,288.0934448,12.06272888,335.6470337,12.08312511,169.1209412,12.10445881,224.4207001,12.23589611,16.8469944,12.21487522,13.97817421,12.19439602,11.25823593,12.17347908,12.88935852,12.1520834,10.84705925,12.13081264,12.38808632,12.26056194,28.30746651,12.28087425,25.24886894,12.3016243,118.3376465,12.3225832,118.4730606,12.34370804,26.13151169,12.36489582,25.16854286,12.49564648,294.2880859,12.47456264,280.0177917,12.45372963,368.9647827,12.43322945,391.3458862,12.4122076,242.6205902,12.39129162,250.1356964,12.5220623,13.16892433,12.54347897,10.8397665,12.56370831,10.81555367,12.58487511,11.84557724,12.60539532,9.535188675,12.626791,9.271840096,12.75704098,228.1986694,12.73670864,242.2917023,12.71514606,328.0359192,12.69429111,325.6361389,12.6732502,127.265274,12.65239525,185.593689,
13.00083351,221.110611,13.02212524,237.4155426,13.04237461,280.2167664,13.06354141,344.8898315,13.08472919,168.686203,13.10562515,228.8200989,13.23439503,16.67657852,13.2137289,14.8236742,13.192729,11.76855755,13.17220879,12.81517792,13.15104198,10.63634109,13.13004112,12.00421143,13.26106262,27.73325729,13.28158379,24.87324905,13.30287457,120.1371613,13.32372952,119.2709503,13.3447504,26.12187004,13.36524963,26.15215874,13.49681282,291.315155,13.4755621,287.9803162,13.45520878,369.9442139,13.43337536,382.4344482,13.4130621,244.799469,13.39170837,251.9539642,13.52306175,13.69690895,13.54374981,10.13089752,13.5648756,10.8588047,13.58520794,12.35797596,13.60654163,10.01532173,13.62741661,9.650839806,13.75772953,232.2587891,13.73679161,244.438324,13.71654129,321.5436096,13.69562435,343.360321,13.67406178,125.9267349,13.65354252,189.2041473,
14.00083351,220.9495087,14.02212524,227.6124878,14.04262447,290.0394897,14.06404209,340.4448547,14.08470821,170.1303406,14.10556221,229.3900757,14.23470879,16.46502686,14.2133131,13.67701244,14.19245815,11.54055214,14.17122936,12.08055878,14.15025043,11.08761597,14.12941647,11.93831825,14.26106262,26.48730087,14.28145885,24.45416832,14.30287457,122.3652191,14.3233757,118.5655823,14.34404182,25.04432297,14.36522961,25.07333946,14.49604225,288.5401611,14.4758749,284.2697144,14.45439529,365.6662292,14.43339539,389.0030212,14.41254139,241.0457306,14.3922081,247.8950348,14.52075005,13.45658207,14.54204178,11.61557865,14.56237507,10.02373791,14.58270836,12.45133781,14.60437489,10.04134178,14.62537575,9.398495674,14.75529194,228.6737061,14.73489571,234.296402,14.7138958,327.2915955,14.69320869,332.503479,14.67237568,133.5776978,14.65187454,194.4886475,
15.00083351,220.6892395,15.02114582,233.1247711,15.0427084,286.0226746,15.06304073,338.4807434,15.08422947,164.579483,15.10506248,226.2401428,15.23558331,17.09274673,15.2138958,13.89385414,15.19370842,12.46090889,15.17320824,12.7959404,15.15204144,10.65763664,15.13187504,12.7208147,15.26004124,26.55044174,15.28037548,24.88549805,15.30112553,121.4331131,15.32229233,119.3833771,15.34291649,24.96338272,15.36389542,24.59153175,15.49420834,296.7815552,15.47379112,279.9230042,15.45281315,374.9544678,15.43245888,387.3791199,15.41112423,244.7523499,15.39020824,248.5566864,15.51972961,13.48139572,15.54022884,11.11815453,15.5613966,10.25624657,15.58204174,12.21901131,15.60281277,9.691566467,15.62289619,8.642129898,15.75454235,228.8487854,15.73389626,241.9627228,15.71239662,328.9916382,15.69106197,335.5187988,15.67041588,135.4100037,15.64979172,201.5731506,
16.00083351,216.0479279,16.02106285,226.621933,16.04258347,279.4756165,16.06337547,339.0044556,16.0845623,169.4512634,16.10506248,229.6615295,16.23514557,16.09442902,16.21408272,13.80171013,16.19275093,11.47067928,16.17256355,12.42782497,16.15189552,10.88805199,16.13154221,12.62461948,16.26158333,27.03383446,16.28224945,25.57743835,16.30306244,117.9644012,16.32389641,120.6444016,16.34489632,26.05128098,16.3652916,25.74485588,16.49639511,301.3128357,16.4750843,290.6190491,16.45456314,367.7929382,16.43339539,390.2272339,16.41206169,247.8025513,16.39189529,248.7033691,16.52039528,12.81856918,16.5407505,10.89720345,16.56220818,10.42283535,16.5828743,12.65113354,16.60306358,9.81024456,16.62425041,9.175748825,16.75314522,229.2960052,16.73212433,245.3339386,16.71112442,338.1569214,16.69089508,335.627594,16.67004204,136.63797,16.64881325,207.4135742,
17.00083351,216.1558685,17.0220623,228.7106781,17.04270744,283.5238953,17.06320763,331.5000305,17.08422852,169.3000183,17.1047287,228.6723175,17.23541641,16.08216667,17.21425056,13.40418625,17.19375038,12.88726902,17.17254257,12.84270287,17.15237427,11.35932732,17.13114548,12.79230595,17.25954247,27.34306526,17.28072929,24.87645149,17.30124855,118.0579681,17.32195854,120.4688034,17.34320831,25.12135506,17.36354256,25.49720764,17.4943943,299.0511169,17.47256279,299.5046997,17.45206261,375.4077759,17.43154144,388.43573,17.41104126,242.2756042,17.38995743,250.9438171,17.52014542,13.45209694,17.54087448,11.67578602,17.5612278,10.15746784,17.58189583,12.77780437,17.6031456,10.07177258,17.6243763,8.806679726,17.75489426,228.9901428,17.73420906,241.9179993,17.71370888,328.7594299,17.6921463,326.2419434,17.67145729,141.4465179,17.6501236,216.7081299,
18.00083351,213.4683075,18.02137375,233.0926056,18.04187393,279.8645325,18.06320763,332.0315247,18.08387375,166.8253937,18.10439682,228.6997986,18.23422813,16.52333641,18.2138958,13.76475906,18.19270897,12.21119499,18.17237473,14.06326866,18.15124893,11.37207985,18.13087654,13.22091961,18.26154137,27.52720451,18.28204155,25.35775757,18.30287552,117.7302017,18.32337379,117.7105865,18.34362602,25.85812378,18.36512375,25.01125717,18.49541664,300.7876587,18.47489548,285.1815796,18.45354271,372.1884766,18.43270874,387.0224609,18.41206169,242.4225616,18.39104271,247.3626251,18.52170753,13.02058697,18.54206276,11.311203,18.56331253,10.26575279,18.58420753,12.57158089,18.60462379,9.13115406,18.62587547,8.973563194,18.75691795,229.7981262,18.7357502,245.1434326,18.71472931,332.5535889,18.6940403,330.678009,18.67270851,143.5267944,18.65162468,221.4859772,
19.00083351,214.2141724,19.02187538,231.1955261,19.04237556,288.6577759,19.0627079,325.7686462,19.08391762,163.1844177,19.10487556,232.3406372,19.23547935,16.64557838,19.21397972,14.13097668,19.19337654,11.65924931,19.17270851,12.88162231,19.15141678,10.73139191,19.13089561,13.73074436,19.25954247,28.25293922,19.28089523,25.94791412,19.30139542,118.1253815,19.32206154,116.8941422,19.34254074,26.7775135,19.36372948,25.30081177,19.4922905,301.7326355,19.47122955,289.5844421,19.45006371,367.8851624,19.42970848,397.8687744,19.40939522,239.4250183,19.38758278,259.9168091,19.51620865,13.4250946,19.53756332,10.90495205,19.55856323,10.85319138,19.57958412,12.87223244,19.60022926,9.690361023,19.62089729,9.075242043,19.75104141,230.2066193,19.73054123,245.632782,19.71012497,335.454071,19.68889618,332.829834,19.66772842,148.0081024,19.64737511,223.1434784,
20.00083351,220.0309601,20.02006149,227.048584,20.04137611,276.40979,20.06220818,335.3008423,20.08256149,174.1657104,20.10356331,225.4992065,20.23231125,17.40070534,20.21191597,13.58112431,20.19122887,12.37455368,20.16987419,12.58982658,20.14937592,11.19508743,20.12872887,12.31928444,20.25839615,29.12694168,20.27945709,24.08924294,20.30054092,118.6867523,20.32089615,121.4436111,20.34195709,25.20642471,20.36289597,25.95776558,20.4907093,299.8443298,20.4702282,288.474884,20.44956207,377.3263245,20.42839622,397.5042114,20.40787506,244.352066,20.38687515,254.0260925,20.51739502,13.27982426,20.53854179,11.32694721,20.55906105,10.69939518,20.57956314,12.56980991,20.60072899,10.23898888,20.62108421,9.207694054,20.7513752,225.7814636,20.730793,247.6439362,20.7095623,335.3855591,20.68854141,329.9463806,20.66823006,152.4627686,20.64720917,227.5282593,
21.00083351,210.5383148,21.0215416,227.6423492,21.04204178,279.7745056,21.06337547,329.3043823,21.08406258,163.5307007,21.10454178,228.6650391,21.23495865,16.77486992,21.2144165,13.9630003,21.19412422,12.57780933,21.17304039,12.76499748,21.15264511,11.66221714,21.13108253,12.67224503,21.26156235,27.84434891,21.28245926,24.93089867,21.3027916,120.4203186,21.32387543,117.1936569,21.34491539,26.159132,21.3657093,25.42013931,21.49572945,312.1581116,21.47520828,279.3856506,21.45437431,376.1490173,21.43387413,400.1804199,21.41270828,245.3461456,21.39222908,249.9939728,21.52114677,13.19267464,21.54156303,11.35161209,21.56291771,9.857534409,21.58347893,12.82416821,21.60389519,9.738451004,21.62454224,9.228704453,21.75491714,235.598938,21.7345829,242.1090393,21.71356201,335.021698,21.69320869,335.6170959,21.67179108,154.2464294,21.6513958,231.9251556,
22.00083351,210.1908875,22.02087402,225.1726227,22.04122925,285.2095642,22.06172943,333.6760254,22.08291626,164.5863037,22.10391617,228.7994843,22.23412514,16.61932373,22.21322823,13.72636986,22.1925621,11.82369614,22.17204094,12.87614346,22.15091705,10.81887817,22.12972832,13.19674969,22.26041603,26.06296921,22.28091621,24.11827278,22.3017292,117.8870239,22.32324982,116.0431213,22.34370995,26.62304878,22.36454201,25.36533165,22.49522972,298.100708,22.47504044,286.0965576,22.45389557,375.0866089,22.43270874,386.0120239,22.41229248,249.3440247,22.39106178,250.6811676,22.52179146,13.40719795,22.54287529,11.54424572,22.56339455,10.20306683,22.58387375,12.03935337,22.60539627,10.34848881,22.62572861,8.917555809,22.75679207,234.8844147,22.73522949,241.4572144,22.71489716,336.6871948,22.69356346,335.2246094,22.67339706,158.2993469,22.65254021,228.421463,
23.00083351,208.0436096,23.02087402,231.21138,23.04206276,285.7673035,23.06262398,331.6293945,23.0830822,166.3466949,23.10379219,226.4858856,23.23470879,16.79861641,23.21354103,14.13283443,23.19291496,12.35472107,23.17154121,12.27856731,23.15079117,11.05505085,23.13056183,13.11136913,23.25841713,27.55211258,23.27970695,24.14350891,23.30020714,122.6564026,23.32137489,116.6309814,23.34187508,25.92318916,23.36224937,26.23278236,23.49258423,306.3926086,23.47122955,289.4845581,23.45070839,375.2838135,23.43037605,404.6275635,23.40979195,243.7853851,23.38887596,253.4631805,23.51822853,13.67847919,23.53941727,11.37627697,23.56054115,11.48192692,23.58137321,13.51874733,23.60220718,10.54278469,23.62322998,9.394936562,23.7518959,231.3868713,23.73064613,245.8448486,23.70981216,330.6852417,23.68872833,332.8578491,23.66854286,161.4187622,23.64720917,230.7710571,
24.00083351,212.6580048,24.0215416,225.6760864,24.04256248,279.1520996,24.06345749,328.1140442,24.08370781,162.7260437,24.10487556,222.5223694,24.23506355,16.59313774,24.21404266,14.31633759,24.19337654,11.85297585,24.17204094,12.67855358,24.15164566,11.64334011,24.13095856,13.11044216,24.26054001,27.69641685,24.28106308,24.40128517,24.30256271,117.3838577,24.32381248,118.8027573,24.34472847,25.80867958,24.36522865,26.00647163,24.49531174,303.0985413,24.47458267,281.3834229,24.45354271,373.9368591,24.4325428,400.4741821,24.41220856,246.1768036,24.39095879,256.7776184,24.51970863,13.7525034,24.54047775,11.35998726,24.56197929,10.89648724,24.58231163,13.00889015,24.60370827,9.770593643,24.62406158,9.174453735,24.75537491,230.7602234,24.73487473,237.4159241,24.71347809,339.3410339,24.69206429,341.3575745,24.67106247,165.9530029,24.65054131,236.6098175,
25.00083351,211.89151,25.02156258,227.1561737,25.04295921,283.5552673,25.06347847,325.1709595,25.08520889,167.0325165,25.10520744,228.2217865,25.23539543,16.26568222,25.21439552,14.15911007,25.19406319,12.34729767,25.17320824,13.04082012,25.15214729,11.72466278,25.13162422,12.67237854,25.26156235,28.32754517,25.28239632,25.21048737,25.30304146,116.8526688,25.32424927,120.3240967,25.34454155,25.12827301,25.36537552,26.87506866,25.49423027,298.3842468,25.47387505,298.4527893,25.45229149,375.4133606,25.43222809,398.9969482,25.41122818,245.4380951,25.39012527,258.4284973,25.52079201,13.89938831,25.54120827,11.46846008,25.56156158,10.74175644,25.58222771,12.20320129,25.60337448,10.36781216,25.62472916,9.907945633,25.75470734,233.0747681,25.73320961,246.6022491,25.71329117,334.0027466,25.69225121,342.8885193,25.67141724,171.1981049,25.65039635,236.7720032,
26.00083351,210.8008881,26.02072906,225.3115997,26.04122925,282.3798218,26.06245995,341.788208,26.08314705,163.6228027,26.10439682,222.7874908,26.23472977,17.51809883,26.2138958,14.69863415,26.19320869,11.77662182,26.17220879,12.74731064,26.15131187,10.61777592,26.12991714,12.47511959,26.26039696,27.24437523,26.28154182,23.87808609,26.30206299,115.186203,26.32245827,118.2137833,26.34356308,25.43551254,26.3639164,25.03597641,26.49395752,301.4866028,26.47289658,289.4932251,26.45239639,389.528656,26.4310627,392.1630554,26.41056252,252.341507,26.39054108,257.491394,26.52006149,13.05815983,26.54122925,10.72031307,26.5617485,10.58965111,26.58212471,12.51697159,26.60275078,9.21086216,26.62412453,9.295399666,26.7522068,230.2967682,26.73187447,246.4975281,26.71064568,332.5079041,26.68956375,332.2976379,26.66904068,174.1784058,26.64820671,250.4469452,
27.00083351,205.7797089,27.02091599,227.7600861,27.04214668,276.9476929,27.0627079,329.2510681,27.08370781,161.6853638,27.10487556,221.7817841,27.23314667,18.52470589,27.21258354,13.91257668,27.19189644,11.46479988,27.17056274,13.16865349,27.14987564,10.93292809,27.12931252,12.51970768,27.25941658,29.10790062,27.28020859,25.15767097,27.30087471,119.6434631,27.32120705,116.2643356,27.34220695,26.10098648,27.36329079,25.1133728,27.49464607,307.5553589,27.47356224,291.9336548,27.45289421,373.6629639,27.43154144,395.3700256,27.4103756,247.0101929,27.3898735,255.1864319,27.52039528,13.82436752,27.54158401,11.58250618,27.56220818,10.93494511,27.58256149,12.33674908,27.60306168,9.808382034,27.62414551,9.420877457,27.75281143,230.7964478,27.73212433,242.8356476,27.71095848,337.2886658,27.69056129,334.5767212,27.66937447,173.7979889,27.64839745,246.487442,
28.00083351,211.9266815,28.02064705,225.7433777,28.0418129,282.0746155,28.06220818,330.0138245,28.08262444,162.9395447,28.10356331,223.4118347,28.234375,17.43472672,28.21370888,14.00301743,28.19262505,12.1620121,28.17141724,13.07766151,28.15072823,10.79399204,28.13020897,13.28791046,28.25974846,28.56875992,28.28097916,24.84673309,28.30162621,119.9553833,28.32204247,120.3080444,28.34306145,26.25830841,28.36425018,25.10401344,28.49379158,305.5635071,28.47331429,299.5374146,28.4523735,395.6828308,28.43148041,401.986084,28.40995979,241.6829224,28.38989639,261.7252502,28.52054214,13.81553459,28.54106331,11.18556309,28.56222916,11.37067318,28.58272934,12.16550922,28.60322952,9.8624506,28.62462616,9.642938614,28.75508499,235.2552185,28.73373032,242.0401917,28.71339607,335.4108582,28.69212532,337.5276794,28.67139435,173.9865723,28.65023041,243.410614,
29.00083351,213.426712,29.02081299,227.4669495,29.04198074,275.0095215,29.06254005,328.3771667,29.08370781,164.4338989,29.10439682,224.2757263,29.23456192,17.25299263,29.21329117,14.27188587,29.19239426,12.60593319,29.17206192,12.81724358,29.15054131,11.86597157,29.13004112,13.41349506,29.25823021,28.23501968,29.27947998,24.93849754,29.3001461,117.4390182,29.32089615,117.0718231,29.3420639,25.83363152,29.3630619,25.9731884,29.49189568,303.816864,29.47089577,282.3648071,29.4503746,379.6134338,29.43004227,409.3909607,29.40808296,242.6201019,29.38756371,263.4204712,29.51772881,13.27091789,29.53847885,11.2431078,29.55979156,10.71809673,29.58037567,12.66966915,29.60072899,9.999620438,29.6217289,9.57300663,29.75256348,229.5766602,29.73106194,240.5762787,29.71064568,344.3480835,29.68956375,341.0965271,29.66856194,177.5223541,29.64820671,249.3906708,
30.00083351,207.2286072,30.0217514,222.3546295,30.04231071,273.8554382,30.06370926,336.9958801,30.08472824,164.8457642,30.10506248,223.1251984,30.23522949,17.96892548,30.21406174,14.35084057,30.19387436,12.95173073,30.1720829,13.1496706,30.15204239,12.22354317,30.1315403,12.87478352,30.25987625,27.70398712,30.28020859,24.53686142,30.30089569,119.5855637,30.32191658,118.7649231,30.3423748,25.97879791,30.36356163,26.13015938,30.49373055,299.4644165,30.47224998,293.5098267,30.45189667,384.6509094,30.43072891,397.2805786,30.41039658,241.4506836,30.38929176,254.4500275,30.5193119,14.10352421,30.5405407,11.26917267,30.56156158,11.04959297,30.58206177,12.55897808,30.60241699,10.21416759,30.6236248,9.42815876,30.75395966,229.6252289,30.73272896,242.9271393,30.71222878,342.8703003,30.69120979,331.2486877,30.67024994,183.9746246,30.64989662,260.8301697,
31.00083351,210.3670807,31.02204132,231.8276215,31.0425415,273.3551636,31.06322861,331.6113892,31.08470917,160.91539,31.10506248,221.9942017,31.23622894,17.94482613,31.21472931,14.16703224,31.19441795,13.03504276,31.17322922,13.26966858,31.15220833,10.90863037,31.13164711,12.19906521,31.262043,28.07206726,31.28320885,25.03467178,31.30389595,119.1387863,31.32479286,114.7668762,31.34504128,25.81585503,31.36623001,26.18613243,31.49691582,302.835083,31.47654152,290.533783,31.45539474,380.5789185,31.43470955,401.6105652,31.41372871,243.4204865,31.39237404,253.5323792,31.52356148,14.15219688,31.54414749,11.53325939,31.56464577,11.02728176,31.58564568,12.67116928,31.60704231,9.498965263,31.62839508,9.74552536,31.75620842,230.7490387,31.73487473,240.4503937,31.71454239,335.3533325,31.69445801,333.8206482,31.67322922,183.4942932,31.65304184,255.6928101,
32.00083542,207.9254608,32.02128983,223.8959808,32.0425415,280.9431763,32.06304169,338.7073975,32.0837059,166.9794312,32.1047287,219.8951721,32.23312759,17.84557343,32.21273041,13.60712147,32.19139481,12.57135582,32.17103958,13.10658264,32.14981461,11.08110046,32.12870789,12.40168381,32.2593956,27.59166718,32.28029251,25.18269348,32.30104065,120.3826675,32.32222748,115.5560989,32.34337616,27.00774765,32.36404037,25.57660294,32.49341583,305.3667908,32.47289658,290.6512146,32.45170975,378.1593323,32.4313736,399.3261108,32.41095734,243.7133636,32.38989639,258.8669739,32.51987457,14.57741928,32.54072952,11.18528175,32.56147766,10.9104414,32.58222961,12.62502575,32.60337448,10.05774021,32.62372971,9.721785545,32.75389481,227.026123,32.73356247,242.2679291,32.71223068,333.0370483,32.69139481,338.6038208,32.67103958,186.1346741,32.65039825,258.0086365,
33.00083542,213.625824,33.02089691,219.2736206,33.04141617,274.3865967,33.06212616,329.1570129,33.08314514,157.4027252,33.10464859,226.8641357,33.23472977,18.03178406,33.21439743,14.4952116,33.19337463,12.42413425,33.17206192,13.74459839,33.15174866,12.26354694,33.13108444,13.47438812,33.26106262,27.58826637,33.28206253,25.16887283,33.30253983,118.8454514,33.32387543,115.0140991,33.34429169,26.04486465,33.36470795,27.48730278,33.49554062,302.5081787,33.4749794,288.6549988,33.4542923,373.0170898,33.43308258,392.1954651,33.4125824,244.5963287,33.39156342,254.149231,33.52206039,14.38192177,33.543293,11.53788662,33.56381226,10.81373692,33.58470917,12.73283291,33.60587692,10.69138622,33.62645721,9.352276802,33.75695801,229.141037,33.73572922,245.1983948,33.71537399,339.7535706,33.69454193,335.3878784,33.67341614,195.734024,33.65239716,269.0313416,
34.00083542,210.3802948,34.02204132,223.2067566,34.04354095,282.548645,34.06420898,327.9572144,34.08439636,168.6003571,34.10506058,221.3338928,34.23424911,17.36607933,34.21424866,13.9939394,34.19304276,12.44626713,34.17220688,12.39642715,34.15189743,11.64754391,34.13087463,12.70236778,34.2605629,27.54660988,34.28158188,25.31894875,34.30195618,118.3409729,34.3225441,118.5326614,34.34341812,24.68766022,34.36389542,26.33569145,34.49298096,298.8582458,34.47264481,298.9226379,34.45145798,376.7003174,34.43024826,401.3079834,34.40904236,242.4691162,34.38887405,252.1874847,34.51924896,13.75357246,34.5405426,11.63911629,34.56106186,10.91701317,34.58139801,12.72680187,34.60174942,9.935760498,34.62279129,9.240652084,34.75291824,225.3710938,34.73256302,240.9007263,34.71205902,335.8539124,34.69120789,331.8786011,34.6702919,194.4091339,34.64889908,257.4096069,
35.00083542,204.6240082,35.02108002,219.5714874,35.04145813,276.1162415,35.06203842,326.4535217,35.08289337,161.1814575,35.10420609,224.1556091,35.2328949,17.1762085,35.21173096,14.80583096,35.19120789,12.23098087,35.17053986,13.77589607,35.14929199,10.90956402,35.12862396,13.12185287,35.25731277,27.44539261,35.27781296,25.39987183,35.29920578,118.4257507,35.31972885,118.2399139,35.34022903,26.75754547,35.36145782,25.6158905,35.49258041,309.8833313,35.47204208,286.1708374,35.45098114,384.2064209,35.42989349,405.772522,35.40870667,247.8728485,35.38820648,256.5177917,35.51887512,14.10777187,35.53923035,11.62503147,35.56054306,11.06409645,35.5808754,12.9162178,35.60206223,9.836431503,35.62223053,9.600849152,35.75256348,229.9258575,35.73189545,242.3170929,35.71137619,333.4171448,35.68995667,338.6568909,35.66971207,190.3897095,35.64837646,259.689209,
36.00083542,202.9195862,36.0203743,222.8348694,36.04170609,283.086792,36.06206131,325.110321,36.08270645,163.7582245,36.1037941,216.6656036,36.23439407,17.60454941,36.21389389,14.78090858,36.19270706,11.63517094,36.17156219,12.84545612,36.15106201,11.62633991,36.13020706,13.30021,36.26029205,28.19237137,36.28171158,25.11728287,36.30206299,121.4940567,36.3233757,118.1537552,36.34389496,26.13817787,36.36439514,26.77240562,36.49425125,302.6680603,36.47337723,290.06073,36.45245743,384.5836792,36.4317894,405.0794373,36.41123199,244.0907593,36.3902092,253.7233887,36.51820755,13.87378502,36.53887558,11.52518749,36.56023026,10.82748318,36.58056259,12.83563805,36.60106277,9.656938553,36.62212372,9.459125519,36.75164413,231.3769989,36.73108292,242.6236115,36.71054459,338.0813293,36.68956375,338.7355957,36.66914368,193.146698,36.64806366,262.1444397,
37.00083542,211.2463531,37.02056122,221.0387268,37.04239655,281.2445679,37.06312561,334.5731201,37.08348083,157.1768036,37.10470963,225.5046539,37.23420715,17.82658958,37.21354294,14.69687653,37.19287491,12.6821022,37.17079163,12.42893791,37.15056229,11.49370384,37.12939453,12.47356224,37.26045609,28.1154232,37.28131104,26.2732048,37.30197906,118.7121353,37.32323074,119.7339096,37.34339523,25.99234009,37.36441803,26.45063782,37.49272919,295.2252197,37.47237396,292.6337891,37.4512291,379.9862671,37.43091583,402.3825684,37.40989685,247.7329407,37.38930893,255.6042633,37.51737595,14.41885567,37.53889465,11.66600037,37.55906296,11.23775101,37.58048248,12.16437912,37.60103989,9.556747437,37.62220764,10.10038567,37.75164413,231.3357849,37.73095703,242.3607178,37.71041489,341.1418762,37.6893959,338.337616,37.66920853,197.2845154,37.64795685,256.3023987,
38.00083542,203.6755524,38.0215416,219.283371,38.04256058,273.4248962,38.06339645,330.5606079,38.08458328,157.7064362,38.10539627,222.3329773,38.23522949,18.26559067,38.21458435,14.64349842,38.1937294,12.08369255,38.17354202,12.88169765,38.15230942,11.01943779,38.13197708,12.42191887,38.26006317,29.60485458,38.28045654,24.08389282,38.30187607,116.7024155,38.3222084,114.4526825,38.34322739,24.89430046,38.3641243,26.03348351,38.49287415,303.5221252,38.47187424,291.4269104,38.45064545,386.728241,38.43024826,398.3776245,38.40898132,244.0272675,38.38887405,253.4753113,38.51824951,14.30038643,38.53945541,11.47704601,38.55981445,10.27345562,38.58123016,12.81857491,38.6015625,9.826734543,38.62195587,9.514980316,38.75273132,235.67453,38.73223114,239.4361725,38.71104431,340.4585876,38.68989563,334.4362793,38.66920853,205.3542938,38.64820862,263.3838196,
39.00083542,201.4000397,39.02087402,224.0049744,39.04106522,275.5089111,39.06225204,336.9490662,39.08272934,159.3766022,39.10325241,216.7974243,39.23225021,19.43290329,39.21141815,15.04130936,39.19122696,12.17205715,39.17006302,13.01713943,39.14887619,11.81421471,39.12854004,13.2041502,39.25837326,27.48444366,39.27939606,25.37069893,39.30072784,116.5784531,39.32108307,117.6813049,39.34239578,25.9234581,39.36306,26.89143372,39.49404144,300.0687561,39.47278976,292.3267517,39.45191574,375.9944458,39.43125153,403.9622803,39.41020966,244.8750305,39.38930893,259.5383301,39.51862335,13.67003918,39.53887558,12.11381245,39.56023026,11.02357197,39.58058167,13.47932053,39.60181046,9.576641083,39.6222496,8.833585739,39.75389481,226.4319458,39.73254013,241.319397,39.71203995,337.5342712,39.69079208,335.098999,39.67058563,205.6051025,39.64923096,265.2496338,
40.00083542,203.7207642,40.02106094,217.6950378,40.04139328,273.4403076,40.06195831,330.7876282,40.08337402,160.5949249,40.10404205,220.9297791,40.23241806,17.26197815,40.21156311,13.56799698,40.19139481,12.69215298,40.17020798,12.85034084,40.14925003,11.80809975,40.12789536,12.99824619,40.2593956,28.91621017,40.27962494,23.43041992,40.30114746,120.1399155,40.32154083,118.8950272,40.34254074,26.14338493,40.36289597,26.03136063,40.49306107,296.0351868,40.47208405,285.7573853,40.45204163,376.3097839,40.43072891,392.4821777,40.41047668,250.1504974,40.38922882,256.6326904,40.51971054,14.44925499,40.54089737,11.43160439,40.56141663,10.35223103,40.58197784,13.3420496,40.60254288,10.14922047,40.62339783,10.02983093,40.75372696,230.2083435,40.73339462,242.5906982,40.71289444,341.0719604,40.69203949,331.4151917,40.67081451,204.2085876,40.64995956,262.3088379,
41.00083542,210.0702515,41.02029037,218.1918335,41.04164505,275.2266541,41.06220627,325.8030396,41.08337402,159.0574036,41.10389328,217.6952667,41.2332077,17.84008789,41.21337509,14.0395155,41.19189453,12.25392342,41.17154312,12.1931057,41.1505394,11.49378967,41.13037491,12.4893055,41.2593956,27.31808662,41.28064728,24.18688393,41.30187607,119.3221893,41.3222084,116.1956406,41.34256363,25.77077293,41.36339569,25.89523697,41.49354172,300.9905396,41.47320938,282.0862122,41.45204163,372.3840027,41.43145752,403.1317749,41.41112518,247.3838043,41.38987732,248.0138092,41.51808167,14.51240635,41.53912354,12.29318523,41.56037521,10.75877285,41.58070755,12.54442501,41.60206223,9.812180519,41.62258148,8.762450218,41.7522316,230.3696594,41.73087692,246.0275269,41.71020889,336.2068787,41.6889801,332.8009644,41.66858292,204.1186066,41.64854431,259.6734924,
42.00083542,204.995163,42.02187347,220.8567047,42.04237366,267.5189819,42.06387711,332.0665588,42.08439636,162.8005371,42.10474777,223.9045258,42.23537445,18.12875557,42.21408463,14.33487606,42.19362259,12.55670166,42.17272949,12.81093502,42.15237808,12.09280872,42.13087463,12.83627415,42.25954056,27.12464714,42.27987289,24.22679901,42.30137634,116.7455521,42.32139587,118.5755005,42.34208298,26.14990616,42.36287308,25.53507423,42.49170685,298.852478,42.47106171,291.4988403,42.44987488,380.1940308,42.42945862,404.9361267,42.40820694,244.9165344,42.38747787,255.2074738,42.51545715,14.05034924,42.53670502,12.15045166,42.55704498,11.01558781,42.57841873,13.16847229,42.59879303,9.644987106,42.61987305,9.359312057,42.75058365,224.2567444,42.73022842,244.3519897,42.7087059,336.5509644,42.68831253,329.9767456,42.66698074,212.0794678,42.64658356,266.0879211,
43.00083542,207.2503204,43.02062607,219.3319092,43.04108429,271.2969055,43.06241989,326.6655884,43.08306122,155.4514923,43.10372543,219.4916992,43.23464584,18.54876518,43.21362305,14.57721329,43.19324875,12.90552044,43.17204285,13.20277977,43.15104294,11.44440365,43.13020706,13.97110176,43.26091766,29.00141335,43.28147888,25.69651413,43.30324936,120.2107544,43.32374954,116.2015305,43.34421158,26.07465553,43.36537552,25.5844326,43.49570847,300.850647,43.47512436,292.1620178,43.45489502,376.9564209,43.43387604,402.765686,43.41254044,245.2335052,43.39212799,252.2573547,43.52206039,13.77828121,43.54308319,11.80241203,43.56420898,11.05953693,43.58472824,12.25478363,43.60587692,9.947623253,43.6268959,9.237745285,43.75737381,228.4062347,43.73628998,248.985611,43.71539688,344.5260925,43.69456482,340.1950684,43.67406464,205.7492676,43.65345764,268.0427856,
44.00083542,209.3124542,44.02137375,222.1221466,44.04156113,266.3077393,44.06248093,326.5637512,44.08281326,155.8176422,44.10404205,217.5795746,44.2328949,18.35639572,44.21205902,14.55463982,44.19153976,12.23541832,44.17014694,12.58311462,44.14891815,12.13922119,44.12879181,12.70143414,44.25937653,27.62643814,44.28056335,24.88808441,44.30041504,118.7997208,44.32146072,117.6309738,44.34206009,24.62078094,44.36225128,25.3138237,44.49254227,300.1325378,44.47195816,289.8768311,44.45091629,374.3353271,44.43078995,396.458374,44.40989685,247.8251038,44.38854218,254.6926422,44.51895905,13.78453732,44.53979111,12.41808414,44.56104279,10.80204391,44.58139801,12.43048477,44.60289764,9.91036129,44.62312317,9.447357178,44.75370789,230.2058716,44.73237228,247.0036926,44.71237564,338.5481873,44.69153976,340.3396606,44.67012405,208.8495636,44.64955902,267.3852234,
45.00083542,201.0778503,45.02048111,220.3116913,45.04131317,272.8292542,45.06254196,325.9493103,45.08337402,159.7231903,45.10404205,221.2264557,45.23504257,17.6927948,45.21381378,14.59720325,45.19279099,12.64708614,45.17173004,12.42080116,45.15106201,11.87988663,45.13022995,12.99701881,45.26106262,27.40492058,45.28156281,25.51228523,45.30241776,119.938858,45.32354355,116.356781,45.34456253,28.05266571,45.36481094,27.64790154,45.49345779,293.51651,45.47289658,289.9143066,45.45156097,373.1395874,45.43120956,398.6629944,45.41014481,245.821167,45.3890419,253.9487762,45.52020645,13.81000137,45.54122543,12.19256306,45.56172943,11.55967236,45.58298111,12.59760952,45.60404205,9.455260277,45.62422943,9.777693748,45.75341797,235.7019806,45.73206329,240.9497375,45.71156311,339.1252747,45.69020844,340.0242004,45.67006302,212.2944794,45.64875031,263.2164612,
46.00083542,200.456665,46.02056122,225.2155914,46.04191589,274.5045776,46.06298065,327.2252502,46.0837059,160.8083496,46.1047287,218.8698273,46.23664474,17.76980591,46.21529007,14.51819801,46.19406509,12.48089695,46.17370987,12.50374699,46.15254211,12.09351349,46.13130951,12.65332603,46.2622261,28.55944633,46.28356171,24.34826279,46.30474854,118.7977371,46.32572937,113.819725,46.34595871,26.6889019,46.36720657,25.75715828,46.49804306,294.4271851,46.47679138,286.7594604,46.45639801,378.852478,46.43537521,389.4015808,46.41464615,248.2927399,46.39373016,250.0670624,46.52373123,13.87783146,46.54487228,12.34931564,46.56470871,11.04740238,46.58606339,12.41200352,46.60737228,10.55890942,46.62737656,9.719034195,46.75762558,230.8799591,46.73725128,241.9526672,46.71556473,338.2384949,46.69556046,334.9596863,46.67470551,211.9257965,46.65395737,272.6201782,
47.00083542,201.2735443,47.0215416,213.0707855,47.04256058,273.9916382,47.06378937,323.1479187,47.08437347,153.4662476,47.10537338,224.7852783,47.23522949,18.73795891,47.21472931,14.46935177,47.19371033,12.66600704,47.17321014,12.8926096,47.15187454,11.53527641,47.13130951,13.95952225,47.26237488,28.42196846,47.28270721,25.44023705,47.30389404,117.7395172,47.32441711,115.6974792,47.34537506,26.04650497,47.36639404,26.19154167,47.49462509,295.3757019,47.47423172,288.7190247,47.45389557,375.6583557,47.43287277,397.2291565,47.41237259,244.0541229,47.39025116,257.2397766,47.5208931,14.50923252,47.5421257,12.27291298,47.56337357,11.09052944,47.58356094,13.53301239,47.60422897,9.612232208,47.62587357,9.594664574,47.75504303,230.5195618,47.73424911,244.4710541,47.71424866,343.8401489,47.69270706,332.7398682,47.67222977,212.4850159,47.65189743,263.2140503,
48.00083542,199.2286072,48.0208931,224.8697357,48.04248047,268.5843811,48.06370926,333.9363098,48.08437347,161.0523529,48.10487366,221.7346649,48.23522949,19.46013832,48.2144165,14.60296154,48.19358444,12.73773289,48.17321014,13.1642313,48.15221024,11.36256027,48.13130951,13.44468498,48.26131058,28.09280014,48.28197861,23.98818588,48.3032074,117.1496735,48.32354355,116.2015533,48.3449173,26.17269516,48.36473083,26.86193085,48.49570847,298.5536194,48.47425079,290.8789368,48.45323181,369.861908,48.43273163,396.0879517,48.41173172,250.3409729,48.39154053,258.0502625,48.52020645,14.87612247,48.54056549,12.37410069,48.56097794,11.46611786,48.58222961,12.93545628,48.60254288,9.326333046,48.62339783,9.877318382,48.75358582,228.7849426,48.7334137,240.2601471,48.71205902,332.681427,48.69170761,337.7745361,48.67053986,215.97995,48.64979172,272.0513306,
49.00083542,206.8383789,49.0212059,215.6075745,49.0422287,269.0584106,49.06262589,322.0796509,49.08364487,154.4893799,49.10414505,218.2411194,49.23474884,18.65055466,49.21472931,14.61904335,49.19339752,12.91700459,49.1730423,13.18439007,49.15174866,11.86169529,49.13064957,12.77748489,49.26123047,29.08318901,49.28179169,25.03759766,49.30273056,118.732399,49.32397842,117.4566345,49.34520721,25.93174934,49.36587143,26.11504173,49.49614716,312.2606201,49.47489548,291.04422,49.45437241,379.5550842,49.43304062,411.731781,49.41287613,251.6217804,49.39162445,255.6110992,49.52222824,14.15306282,49.54272842,11.97298527,49.5639801,11.05476189,49.58537674,13.31357479,49.60556412,9.829853058,49.62622833,9.972686768,49.75612259,230.1368561,49.73575211,236.0322266,49.71491623,345.9914246,49.69445801,339.1925659,49.67321014,219.5228729,49.65272903,270.8709106,
50.00083542,209.0458221,50.02124786,223.2535706,50.04206085,274.4185181,50.06289291,326.2671814,50.08356094,154.3255005,50.10404205,217.7854462,50.23439407,18.73175049,50.21387482,13.48374081,50.19248199,12.52965832,50.17191696,13.20640945,50.15129089,11.50237751,50.13072968,13.17811966,50.26058197,28.30895424,50.28204346,24.8546524,50.30264664,120.6045532,50.3237114,115.3153839,50.34456253,25.35043335,50.36558533,26.27811432,50.49622726,293.9462585,50.47522736,296.3487549,50.45439529,384.3146362,50.43370819,397.0189819,50.41237259,247.7850952,50.39214706,257.5090332,50.52237701,14.12703419,50.543396,11.76713753,50.56378937,10.6859951,50.58478928,13.23864651,50.60604095,9.818535805,50.62637711,9.846134186,50.75654221,226.1126556,50.73537445,245.5615845,50.71495819,336.338501,50.69429016,336.5392456,50.6730423,218.3864594,50.65279007,268.7157593,
51.00083542,198.4721985,51.02039337,217.4207001,51.04120636,269.9364014,51.06245804,328.7632751,51.08270645,162.0096893,51.10404205,220.2862396,51.23225021,18.68445206,51.21154022,14.64124107,51.19145966,12.47676754,51.17023087,12.42722988,51.14887619,11.89060593,51.12870789,13.29295254,51.25764465,28.04796791,51.27804184,24.78663635,51.29872894,117.6860809,51.31956482,115.5241547,51.34131241,26.34466743,51.36206055,25.30703735,51.49212646,298.3216858,51.47162628,285.2167053,51.45064545,378.4218445,51.42914581,402.9355774,51.40791702,246.1863861,51.38772964,254.8024902,51.51787567,14.99153328,51.53889465,12.19925785,51.56006241,11.08939266,51.58058167,12.46103477,51.60124969,10.49760628,51.6224556,9.083984375,51.75325012,226.0313721,51.73204422,237.7041626,51.71146011,335.4877625,51.69108582,325.7207642,51.66956329,226.9931183,51.64889908,269.2668152,
52.00083542,201.8308868,52.02287674,221.7416534,52.04320908,269.3550415,52.0643959,321.1075745,52.08487701,162.8828125,52.10539627,220.330658,52.23571014,18.81463814,52.21520996,15.47682667,52.19464493,12.30621243,52.17354202,14.11177826,52.15320587,11.29234695,52.13181305,13.18941879,52.26164627,29.04472733,52.28287506,24.91585732,52.30353928,115.9213715,52.32453918,114.9207764,52.34575272,26.50286674,52.36641693,26.59165192,52.49514389,299.9504395,52.47406387,296.1972961,52.45304489,376.8338013,52.43220901,401.2946472,52.41091537,253.9050903,52.39073181,255.993042,52.52087402,14.9419899,52.5412941,11.53746223,52.56187439,11.49650764,52.58239746,12.8207159,52.60372543,9.755986214,52.62441635,9.640486717,52.75508118,231.8045807,52.73470688,241.9183502,52.7134819,341.0218506,52.69304276,328.4283142,52.67191696,220.0058136,52.65087509,278.292572,
53.00083542,203.9835815,53.02220917,215.0746307,53.04287338,261.6131592,53.06337357,325.4985046,53.08489609,156.675415,53.1050415,213.6852112,53.23489761,18.23836708,53.21387482,15.17995548,53.19347763,12.88297176,53.17289734,12.46057892,53.152565,11.07923222,53.13171005,13.34774971,53.26137543,28.69651222,53.28173065,25.30747604,53.30223083,121.6234055,53.32356262,115.982132,53.34406281,26.7181778,53.36524963,24.90690041,53.49328995,297.8586426,53.47291565,289.6938477,53.45228958,370.1651611,53.4315834,393.9233093,53.41022873,247.4938049,53.39004135,256.0468445,53.51972961,14.16243267,53.54062653,12.07425976,53.56206131,11.11259079,53.58189774,12.85560322,53.60320663,9.96928978,53.62356186,9.455323219,53.75504303,226.7930298,53.73404312,242.1477356,53.71253967,332.0251465,53.69208145,331.9901123,53.67072678,227.5808563,53.65020752,268.3612061,
54.00083542,199.9541473,54.02020645,215.0434723,54.04058456,275.3023071,54.06220627,322.1317139,54.0825386,152.5220947,54.10356522,211.0299988,54.23412704,19.16181374,54.21306229,15.77584839,54.19220734,12.87001324,54.17106247,12.86566639,54.1505394,11.06334496,54.13004303,13.353302,54.2605629,28.87014961,54.28089523,25.00614929,54.30125046,118.1661224,54.32191467,115.006073,54.34304047,25.89805794,54.36406326,25.15343285,54.49439621,302.5324097,54.47387695,294.344696,54.45231247,376.5242615,54.43206406,398.6669922,54.41054153,244.5142212,54.3899765,257.2533875,54.52062607,14.95074844,54.54164505,12.3784523,54.56287384,10.77137375,54.58289337,13.02721977,54.60406113,9.591711998,54.6245842,10.26913548,54.75556183,227.9944153,54.73506165,237.5963745,54.71356201,332.1850891,54.69314957,336.1489868,54.67173004,221.6933594,54.65122986,270.1976013,
55.00083542,200.4342346,55.02214813,217.286972,55.0425415,270.0667725,55.06378937,322.1255188,55.08429337,159.8571777,55.1047287,220.999649,55.23504257,19.3882122,55.21404266,15.04848194,55.19337463,12.15421963,55.17308426,12.79677677,55.15172958,11.51204777,55.13106155,13.45109367,55.2608757,28.8107338,55.28275299,24.25516891,55.30304337,118.4682236,55.32437515,113.8653488,55.34473038,25.40173721,55.36579132,26.82790756,55.49689484,300.7037964,55.47572708,288.6668396,55.45520782,374.5402832,55.433815,414.8358459,55.41322708,245.8639679,55.39237595,254.639389,55.52320862,14.39568424,55.543396,12.29358864,55.56462479,10.57711029,55.58564377,12.00990677,55.60670853,10.11925888,55.62737656,9.944407463,55.75756454,232.6026764,55.73673248,239.9891968,55.71589661,337.8825378,55.69556046,336.7232971,55.67456055,227.5642395,55.65345764,268.2485352,
56.00083542,199.1840057,56.02112579,217.4374237,56.04237366,269.5683289,56.06354141,321.52948,56.08406067,154.090683,56.10489655,217.5423126,56.23329163,18.62073517,56.21274948,14.95936775,56.19122696,13.82351112,56.17072678,13.21077633,56.14987564,11.20109653,56.12870789,12.97951031,56.25972748,28.7798214,56.28041458,24.90501595,56.30096054,116.7647858,56.32204056,112.8517532,56.34325027,26.0587101,56.3641243,25.24664879,56.49220657,296.1998291,56.47198105,293.0541382,56.45114899,384.8303833,56.43058395,395.3096619,56.40895844,242.8256531,56.38871002,256.7272339,56.51862335,14.69933891,56.54004288,11.5879755,56.56037521,11.30644321,56.58154297,13.16594505,56.60223007,10.20175743,56.6224556,9.467558861,56.75381088,224.1577606,56.73225021,237.9746399,56.71147919,335.1050415,56.69120789,334.761322,56.66991806,224.319809,56.64906311,271.962616,
57.00083542,202.2563934,57.02222824,213.2599792,57.04270935,270.7287903,57.06372833,323.5902405,57.08441544,152.459259,57.10531235,215.1758118,57.23571014,19.78792,57.21537781,15.47323322,57.19404221,12.49623394,57.17289734,13.567626,57.15239716,11.61184597,57.1312294,13.09317207,57.26197815,28.33387756,57.28303909,24.27313232,57.30337143,112.6482544,57.32423019,115.0457077,57.34553909,26.41575241,57.36587143,25.84261513,57.49654007,297.2463074,57.47547913,291.3414001,57.4540596,377.7430115,57.43355942,405.9110107,57.41270828,252.4906158,57.39245987,258.39505,57.52289581,14.55348778,57.54406357,12.05747414,57.5643959,11.36238384,57.58539581,12.35298157,57.60591507,10.52457047,57.62704086,9.816114426,57.75604248,230.9174042,57.7355423,233.5781403,57.71520996,340.1956482,57.69439697,333.6446228,57.67389679,222.8566589,57.652565,272.6309814,
58.00083542,201.5385437,58.02072906,215.9161682,58.04122543,276.5337524,58.06248093,326.037262,58.0837059,158.2449951,58.10470963,219.7071228,58.23303986,19.43996429,58.21239471,14.89190865,58.19145966,13.30217552,58.1703949,12.44415855,58.1493988,11.74048996,58.12856293,14.3719244,58.25972748,29.08472824,58.28006363,25.40940857,58.30114746,117.4302826,58.32247543,115.847908,58.34287643,26.66392517,58.36404037,26.55678368,58.49406433,294.755188,58.4733963,289.5933838,58.45220947,374.1181641,58.43189621,398.5004578,58.41054153,246.0829315,58.39012527,260.4346313,58.51979065,13.84444046,58.54103851,12.16759586,58.56139755,10.97835636,58.58206558,11.69836807,58.60325241,10.32428551,58.62445831,9.847849846,58.75453949,226.3157501,58.73347855,241.9241943,58.71256256,327.8041687,58.69212723,338.56073,58.67106247,229.6251526,58.65039444,265.4830017,
59.00083542,201.5236053,59.02039337,214.2164612,59.04162598,262.0152283,59.06220627,327.7247925,59.08337402,157.1191254,59.10422897,222.5480499,59.23441696,18.00318146,59.21406174,14.36537552,59.19272995,12.62638378,59.17237473,13.3306818,59.15122986,11.6829567,59.13095856,13.82474136,59.26070786,28.45538139,59.28187561,24.2133007,59.30239487,118.1771011,59.32374954,116.5114899,59.34404373,25.07030869,59.36521149,26.44845963,59.49555969,304.9912109,59.4753952,286.3703613,59.45387268,374.7835388,59.43339539,391.644104,59.41197968,249.5595245,59.39172745,256.2799072,59.52170944,14.29770947,59.54287338,12.1264677,59.56372833,11.10806084,59.58389664,13.74090385,59.60489655,10.07395554,59.62631607,9.992255211,59.75675201,226.2756348,59.73606491,241.1442719,59.71556473,328.5081482,59.69421005,336.8609314,59.67337799,228.4052124,59.652565,281.2002869,
60.00083542,199.3908997,60.02108002,215.0832214,60.04214859,263.625,60.06320953,323.0862732,60.08387375,155.0473328,60.10439301,213.5206757,60.23439407,18.39926529,60.21398163,14.3154335,60.19279099,13.41988087,60.17239761,13.07184219,60.15089417,11.87501431,60.1307106,13.73275375,60.25954056,28.78824806,60.28004074,25.90407944,60.30070877,118.1872635,60.32154083,113.275795,60.34295654,26.36661148,60.36322784,25.31176949,60.49339676,295.0066528,60.4728775,288.321228,60.45239639,376.2298889,60.43106461,394.7250061,60.41070938,249.3109894,60.38958359,255.0751495,60.51954269,15.34542656,60.54075241,12.84412384,60.56104279,10.62405491,60.58171082,12.84300232,60.60287857,9.646943092,60.62389755,10.041399,60.75237656,225.9987335,60.73112488,237.4576111,60.71025085,333.1903687,60.69020844,332.0680542,60.6688118,232.5817566,60.64795685,275.6320801,
61.00083542,197.4987335,61.0212059,218.7670288,61.04237366,275.5080261,61.06341553,325.0220947,61.08487701,154.7094879,61.10520935,214.274826,61.23571014,19.4167099,61.21437454,14.25739098,61.19404221,13.55657959,61.17321014,13.38792896,61.15229034,11.21601963,61.13172913,14.24412918,61.25958252,28.92946434,61.28081131,25.17691231,61.30139542,115.3185425,61.32237625,113.1840286,61.34337616,26.70003319,61.36372757,26.73608017,61.49372864,295.0222168,61.47337723,285.9329529,61.45241547,374.6586304,61.4319191,390.2770081,61.41156387,243.318512,61.3902092,253.6154327,61.52025223,14.77443981,61.54131317,12.61424828,61.56170654,11.25510788,61.58237457,12.8979578,61.60291672,9.811950684,61.62437439,10.07464409,61.75304413,225.0139618,61.73237228,239.6982727,61.71137619,333.5537109,61.69008255,328.1758423,61.66956329,236.1920776,61.64906311,275.2776184,
62.00083542,197.8737183,62.02170944,212.7714996,62.04306412,264.8229065,62.06374741,317.1613464,62.08439636,151.8774414,62.10506058,213.5814209,62.23439407,19.84527397,62.21404266,15.22612476,62.1930809,12.30698109,62.17206192,13.88395596,62.15104294,12.01426697,62.12981415,13.2566824,62.2612915,28.57400322,62.28147888,24.88544655,62.30254364,118.1726456,62.32354355,119.3727341,62.34391785,26.33403587,62.36425018,26.35412216,62.49489594,298.4181519,62.47454071,284.1025085,62.45347977,387.5992432,62.43320847,397.7704773,62.41197968,239.5779724,62.39056396,252.6351166,62.52129364,14.49012089,62.5425415,11.48740768,62.56339645,11.96640778,62.58462143,12.68079376,62.6050415,9.811804771,62.62572861,9.392286301,62.75639725,228.2136841,62.73572922,244.214325,62.71424866,338.3650513,62.6937294,333.3032227,62.67272949,230.7122498,62.65237808,274.1873474,
63.00083542,201.2874451,63.02148056,213.0682526,63.04304123,264.6847839,63.06370926,319.5140686,63.08489609,152.888092,63.10539627,222.1277008,63.23379135,19.80810547,63.21245956,13.8665514,63.19189453,13.43464375,63.17154312,12.73113346,63.15106201,11.6216116,63.13039398,13.77586842,63.25989532,29.40654755,63.28041458,24.17211533,63.30189514,121.0882721,63.32204056,115.170639,63.34306335,25.60682106,63.36339569,25.56962204,63.49439621,305.3886414,63.47322845,290.1921387,63.4527092,372.7380066,63.43204498,397.339447,63.4108963,253.488327,63.39006424,261.5272217,63.51972961,15.2383337,63.54056549,11.93859196,63.56164551,11.21228504,63.58221054,13.02837753,63.60271072,10.39583206,63.62339783,10.42500782,63.75389481,229.3175354,63.73237228,239.3684387,63.7118721,329.372467,63.69045639,330.7063904,63.67006302,233.8588409,63.64887619,276.0048828,
64.0008316,206.1632233,64.02172852,217.9258423,64.04220581,264.8899536,64.06306458,317.3621521,64.08391571,150.9305573,64.10462952,216.3597717,64.23537445,18.84103203,64.21421051,14.05447769,64.19380951,13.54312134,64.17256165,12.42549801,64.15154266,11.4956274,64.13089752,13.96997356,64.25991821,28.39159584,64.28054047,25.59223747,64.30106354,115.268898,64.32254028,116.8182983,64.34289551,26.32880211,64.36425018,25.809412,64.49239349,298.3879089,64.47179413,291.7883911,64.45058441,370.1517334,64.43025208,398.2731323,64.40870667,243.7624054,64.38831329,251.8222046,64.51875305,14.46323967,64.5395813,11.33731174,64.56064606,11.63484287,64.58123016,12.93566132,64.60206604,10.44090748,64.62291718,9.817188263,64.75154114,222.8141479,64.7312088,241.0497589,64.7099762,336.3541565,64.68889618,334.400116,64.66804504,233.0488739,64.64772797,267.3072205,
65.0008316,201.20961,65.02139282,208.9440613,65.04172516,264.2269592,65.06307983,319.2554321,65.08337402,149.9179535,65.10391998,215.5458221,65.2342453,19.12145805,65.21391296,15.4952383,65.19272614,13.46228504,65.17253876,13.77047729,65.15154266,11.21235085,65.13031769,13.39566803,65.26054382,28.93113136,65.28105927,24.86762047,65.30187225,120.0778275,65.32254028,116.2176514,65.34372711,25.17897797,65.36396027,25.99825096,65.49512482,301.0682678,65.4745636,285.8872681,65.45353699,376.8148499,65.43204498,394.2926331,65.41156769,247.1353912,65.39054108,250.6954651,65.52004242,15.18690681,65.54070282,12.63018322,65.56192017,11.25891685,65.58229065,12.93229771,65.60364532,9.832960129,65.6240387,9.950758934,65.75539398,225.3235779,65.73403931,232.9997864,65.71379089,335.4631958,65.69255829,333.8683472,65.67173004,240.2977753,65.65065002,270.5928955,
66.0008316,197.537735,66.02137756,213.5430756,66.04270935,265.9611816,66.06304169,316.240448,66.08372498,150.8243561,66.10422516,214.6284027,66.23474884,18.94694138,66.21439362,14.9594326,66.19306183,12.53508663,66.1727066,12.92246532,66.15129089,11.4849844,66.13095856,13.43837261,66.26106262,28.32695198,66.28139496,25.28781319,66.30245972,117.4318695,66.32373047,116.720665,66.34403992,26.81389236,66.36558533,25.39478493,66.49562836,303.5643005,66.47489166,290.9975281,66.45455933,374.4863586,66.43305969,404.0273743,66.41272736,247.5419769,66.39154053,253.6594238,66.52223206,15.07435799,66.54291534,12.33900452,66.5634613,11.53031731,66.58470917,12.9881134,66.6053772,9.757199287,66.62670898,9.651287079,66.75624847,232.0440674,66.73522949,239.9716339,66.71456146,331.7103882,66.69406128,336.9477539,66.67281342,237.0178528,66.65229034,269.3678589,
67.0008316,191.8676605,67.02122498,210.1453247,67.04172516,267.1482239,67.06295776,329.1416016,67.08437347,149.9871674,67.10487366,218.4035339,67.23423004,18.25294495,67.21305847,14.76582909,67.19272614,12.80166149,67.1712265,12.70806789,67.15006256,11.44945526,67.12956238,13.57006264,67.25989532,28.71939659,67.28089905,25.91775894,67.30155945,120.5798492,67.32225037,114.3057709,67.34329224,26.68232727,67.36387634,27.37935066,67.49471283,295.0526733,67.47356415,284.522644,67.45304108,377.2902222,67.43154144,393.3420715,67.41106415,243.4683533,67.39041901,260.6752319,67.51853943,14.1407299,67.53939819,12.86819458,67.56092072,11.4511652,67.58112335,13.15237141,67.60247803,10.2313509,67.6233139,10.02056885,67.75389099,222.3548126,67.73264313,241.0300598,67.71195984,337.0583801,67.69154358,339.2349854,67.6710434,243.2015076,67.6499176,272.8197327,
68.0008316,197.238739,68.02056122,208.3848572,68.04155731,263.2374268,68.06192017,320.3477173,68.0832901,158.7137756,68.10379028,210.8383636,68.23454285,18.44273949,68.21346283,15.39172077,68.19289398,13.31325531,68.17181396,12.94046307,68.15141296,11.8881731,68.13005829,13.31574059,68.26078796,28.22166634,68.28112793,24.95834923,68.30175018,119.6342316,68.3229599,116.7892761,68.34403992,25.48644066,68.36439514,26.44920921,68.49589539,297.627533,68.47504425,287.8903809,68.45375061,376.743927,68.43308258,391.6984863,68.41231537,245.5675201,68.39091492,258.1844788,68.51998138,14.92419338,68.54121399,12.42035007,68.56172943,11.2590847,68.58255768,13.41272163,68.60308075,10.28243542,68.62362671,9.703692436,68.75439453,225.3765106,68.73314667,240.1937866,68.7128067,341.7093506,68.6916275,338.7494812,68.67073059,236.1070557,68.65006256,270.2959595,
69.0008316,208.4687042,69.0220871,211.7048035,69.04338837,262.5978699,69.06372833,319.6469421,69.08473206,155.385788,69.10556793,215.9390869,69.23389435,18.96644402,69.21256256,14.69876671,69.19230652,12.90511131,69.17105865,12.69382668,69.15055847,11.88234711,69.12953949,13.58227539,69.26004028,28.2276001,69.28121185,24.70900345,69.30189514,115.8480911,69.32255554,112.6009445,69.34355927,26.24831963,69.36412811,25.88152695,69.49412537,296.7851257,69.47306061,286.4555664,69.45272827,387.8296509,69.4313736,401.4838867,69.4108963,246.6791992,69.39039612,252.2335358,69.51887512,14.96095371,69.53970337,12.13681793,69.56004333,11.27759457,69.58106232,13.07686329,69.60137177,10.73131943,69.62239838,9.8411026,69.75241852,228.8841553,69.73229218,239.9272461,69.71175385,329.4315796,69.69054413,341.0111389,69.66954041,240.3408661,69.64854431,277.1980286,
70.0008316,199.2586823,70.02189636,214.5950012,70.04228973,266.6708679,70.06295776,318.2269897,70.08421326,151.1852875,70.10471344,217.0445251,70.23503876,19.47900009,70.2145462,15.15000629,70.19314575,13.15104866,70.17275238,13.74665165,70.15156555,12.08297634,70.13088989,13.97174931,70.25912476,28.998806,70.28070831,25.63740349,70.30106354,114.5228577,70.32225037,117.185997,70.34262848,25.70559311,70.36387634,26.08982086,70.49370575,291.6914368,70.47245789,293.7381287,70.45191956,373.9249878,70.43162537,396.2790222,70.41041565,252.4082336,70.39025116,254.5319824,70.5200882,15.20861053,70.54129028,12.95204163,70.5615387,11.40740967,70.58255768,13.16312599,70.60308075,10.18336391,70.6240387,9.206831932,70.7546463,222.3923035,70.73441315,239.7276306,70.71321106,336.7915039,70.69303894,335.8569031,70.67162323,239.4324951,70.65041351,270.7492371,
71.0008316,198.9351196,71.02021027,214.0077209,71.04155731,265.4039307,71.06208801,319.0167847,71.08262634,151.8263092,71.10404205,217.9997864,71.23387909,18.96724319,71.21321106,15.77932549,71.19245911,13.07568836,71.17139435,13.55055428,71.1510849,11.20024872,71.13056946,14.14139843,71.2592926,28.52658272,71.27954102,25.14039612,71.30089569,115.6237335,71.32108307,115.1640701,71.34241486,25.99296188,71.36304474,26.29361725,71.49323273,298.6812744,71.4728775,290.1936951,71.45170593,374.1383972,71.43120575,398.3589172,71.41064453,243.2436676,71.38922882,251.9197693,71.51987457,14.74265862,71.5405426,12.01025867,71.56195831,11.76635933,71.58280945,12.88355064,71.60323334,10.28356552,71.62422943,10.15267372,71.75245667,229.4411469,71.73122406,238.8006134,71.71072388,334.1860046,71.69006348,324.9500427,71.66904449,244.8044891,71.64870453,271.4369812,
72.0008316,199.9984283,72.02106476,215.9443665,72.04139709,265.372406,72.06253815,312.8440247,72.08321381,151.7997437,72.10439301,217.4016113,72.23281097,18.78181267,72.21245575,14.26414394,72.19106293,12.83974934,72.1710434,12.76412678,72.14995575,11.50733089,72.12928772,13.76894093,72.25923157,28.37847328,72.28037262,25.02223969,72.30073547,115.9661026,72.32162476,116.146843,72.34204102,25.7581768,72.36320496,25.39199638,72.49420929,296.9424744,72.47291565,289.3336182,72.45140076,389.7602539,72.43089294,394.9910278,72.41020203,242.8388062,72.38974762,255.7209167,72.52005768,15.05079842,72.54154205,12.51897717,72.56187439,10.96084213,72.5817337,13.66385937,72.60308075,9.922657967,72.62398529,10.03850174,72.75453949,229.7014771,72.73330688,239.1586151,72.71231079,336.6465454,72.69173431,329.0985718,72.67053986,238.612854,72.65037537,273.655426,
73.0008316,194.5111084,73.02072906,212.4856567,73.04125214,265.9743652,73.06204224,322.4736023,73.08264923,152.9206238,73.10414124,216.4718933,73.23270416,18.87880325,73.21214294,14.71296501,73.19123077,12.57519054,73.16972351,13.89321327,73.14922333,11.75575638,73.12887573,13.50122643,73.25912476,27.73765182,73.27970886,24.64518547,73.30088043,116.7341232,73.32170868,121.5294418,73.34220886,26.60253143,73.36323547,27.10129738,73.49389648,298.2413635,73.47264862,283.592041,73.45248413,378.2326355,73.43095398,409.6810303,73.41039276,244.8861542,73.38987732,254.1246643,73.51808167,14.83826542,73.53913116,12.07523346,73.55979156,11.66333771,73.58047485,13.11357212,73.60189819,9.420416832,73.62270355,10.39547443,73.75354004,223.9887238,73.73287964,237.9160309,73.71154022,329.2920532,73.69039917,335.0342102,73.67008209,238.9669342,73.64858246,275.5080566,
74.0008316,192.7317352,74.02206421,212.7986908,74.04264069,264.9481812,74.06304169,315.1737976,74.08439636,152.6460266,74.10462189,217.7383575,74.23397827,18.63109207,74.2126236,15.2907629,74.19173431,13.37188053,74.17171478,13.05562019,74.1503067,11.6428051,74.13012695,13.46688461,74.26106262,29.5603466,74.28141022,23.84409142,74.30178833,118.4490509,74.3229599,114.7987595,74.34403992,27.45672607,74.36455536,26.12086105,74.49446106,308.3372192,74.47389221,290.5886841,74.45305634,378.7809448,74.43270874,402.3644409,74.41187286,245.5901794,74.39112091,256.044281,74.52106476,15.7263279,74.54174805,12.54053497,74.56281281,11.83870029,74.58321381,13.80059719,74.60453796,10.10442066,74.62489319,10.81030273,74.75564575,224.0894623,74.73462677,238.5203247,74.71421051,336.2450867,74.69337463,329.1389771,74.67237091,240.4912567,74.65153503,272.0493774,
75.0008316,198.3543091,75.02106476,210.5258789,75.04208374,263.6276245,75.06287384,320.901062,75.0842514,150.5983124,75.1047287,213.6080322,75.2352066,19.70310974,75.21456146,14.41363621,75.19322968,12.94193649,75.17253876,14.2118063,75.1520462,12.5518446,75.13129425,13.19274139,75.26145935,29.36427116,75.28179169,24.67217255,75.30241394,113.8605423,75.32374573,114.3775024,75.34453583,25.67123413,75.36521149,26.32658195,75.49345398,294.3123474,75.47223663,289.8093567,75.45158386,380.8183899,75.43091583,393.1055908,75.41005707,251.6050568,75.38954163,261.2738953,75.51987457,15.1866188,75.54020691,12.18834782,75.56139374,11.44128799,75.5817337,13.57731342,75.6030426,9.980996132,75.62373352,10.50349998,75.75373077,226.0953369,75.73306274,237.2934875,75.71256256,329.0389404,75.69139862,333.9657593,75.67105865,244.6484833,75.65003967,274.8143616,
76.0008316,191.6095428,76.0215683,214.8439178,76.04206848,261.9517517,76.06256866,312.7197876,76.08374786,155.1612549,76.10439301,212.5647736,76.23473358,19.28470993,76.21439362,15.87326431,76.19389343,12.9296236,76.17256165,12.91869068,76.1520462,11.95692253,76.13070679,13.61480045,76.26154327,28.35853004,76.28187561,24.29417801,76.30271149,113.9260178,76.32289124,115.988121,76.34396362,25.9268074,76.3645401,25.48076248,76.49491119,292.9204712,76.47373199,288.2155151,76.45291138,375.0069885,76.43270874,393.2772217,76.41148376,246.3540344,76.39022827,250.0432434,76.52120972,15.4003067,76.54237366,12.61604977,76.56272888,11.57899666,76.58306122,13.47623253,76.60423279,10.68891048,76.62562561,10.77028751,76.75524902,226.580368,76.73471069,245.3716736,76.71421051,333.8158875,76.69296265,332.8391418,76.67272949,239.6086273,76.65172577,270.5105896,
77.0008316,197.9866638,77.02172852,217.7712708,77.04325104,273.6379395,77.06354523,315.2537537,77.08470917,150.956604,77.10504913,213.6980286,77.23456573,18.70892906,77.21389771,14.35076332,77.19322968,13.19987774,77.1727066,13.84812641,77.1520462,12.2968235,77.13170624,13.58361053,77.26071167,27.3485527,77.28103638,25.10068703,77.30155945,116.4108963,77.32287598,114.5177994,77.34355927,25.77122307,77.36405945,25.44031334,77.49356079,294.5117798,77.47337341,286.5877075,77.45220184,377.4612732,77.43089294,404.6604004,77.4103775,243.7963867,77.38920593,258.6193542,77.52037811,16.08703804,77.5408783,12.55655098,77.56224823,11.93961048,77.58274841,13.11824703,77.60387421,10.32778168,77.62454224,9.903959274,77.75272369,226.5733032,77.73189545,237.7325287,77.71138,343.364563,77.6901474,331.3223572,77.66908264,247.4784546,77.64829254,274.913147,
78.0008316,197.0256653,78.02153778,212.8892822,78.04306793,267.4152222,78.06356812,315.1696167,78.08439636,149.3796387,78.1047287,209.193512,78.23531342,19.18246269,78.21495819,14.99040222,78.19338989,12.72760773,78.1730423,13.38515377,78.15197754,11.85047245,78.13131714,13.35573673,78.26189423,28.58787918,78.28308105,26.04891586,78.30356598,116.2841263,78.32462311,115.0009613,78.3449173,26.88324356,78.36621094,26.24964714,78.4963913,302.6575012,78.4752121,281.7384644,78.45556641,376.2315979,78.43429565,395.5250854,78.41379547,245.7943573,78.39245605,250.9172821,78.52246094,15.53494167,78.54354095,13.4743166,78.56389618,11.69654751,78.5842514,13.54604721,78.60495758,10.42240238,78.62620544,9.817875862,78.75621033,224.8710175,78.73503876,236.9885559,78.7145462,331.1176453,78.69353485,328.2729492,78.67321014,248.0386963,78.65248108,270.5154724,
79.0008316,195.626236,79.02080536,207.724472,79.0417099,270.999054,79.06221008,311.7554932,79.08255768,150.8700409,79.10405731,212.3642426,79.23387909,19.17814636,79.21287537,14.67774868,79.19274902,12.6741991,79.17173004,13.79658318,79.15089417,11.77829838,79.13053894,14.01258183,79.26012421,28.49957275,79.28164673,23.9768734,79.30306244,115.7205887,79.32353973,116.4896011,79.34389496,25.88609505,79.36508179,25.92894745,79.4955368,304.1146545,79.47497559,285.5795898,79.45375061,375.6247559,79.43322754,399.5717468,79.4120636,247.1017761,79.39089203,259.6329956,79.52124786,14.86879921,79.54237366,12.40754223,79.56281281,11.93360901,79.58374786,13.43932438,79.60462189,10.34561825,79.62587738,10.63035583,79.75521088,221.5293884,79.73371124,242.489212,79.71341705,330.7531433,79.69208527,326.7329102,79.67089844,243.9274445,79.65006256,275.2004089,
80.0008316,195.5382538,80.02120972,213.4731293,80.04145813,259.9562683,80.06237793,316.4039612,80.0837326,152.9019012,80.10389709,216.8616638,80.23522949,17.60783386,80.21439362,14.94951916,80.19296265,13.40744877,80.17241669,13.76715088,80.15122986,11.56449699,80.13072968,13.53487968,80.25973511,28.02179146,80.279953,25.17988586,80.30120087,115.3750839,80.32187653,114.4332047,80.34306335,26.55568695,80.36323547,25.99471283,80.4938736,294.4239502,80.47270203,289.3798523,80.45153809,365.5531616,80.43141174,392.4075012,80.41056061,247.8322754,80.38954163,269.9319763,80.5176239,16.30355644,80.53895569,12.46728992,80.56020355,11.56064701,80.58056641,13.90384007,80.60140228,9.774065018,80.62191772,10.01068115,80.75174713,228.170578,80.73122406,239.3504944,80.70973206,323.0881653,80.68939972,335.9347534,80.6687088,249.5813599,80.64806366,282.7204895,
81.0008316,192.3040466,81.02120972,210.7109375,81.04237366,268.9716797,81.06256866,314.4273987,81.08381653,150.0186157,81.10487366,216.2617493,81.23453522,18.41351891,81.21403503,14.78339481,81.19356537,13.38083172,81.17241669,12.85878468,81.1510849,11.78409672,81.13041687,13.69433975,81.26072693,28.95874214,81.28156281,24.21009445,81.30224609,117.5188828,81.32255554,113.3720398,81.34353638,26.47190475,81.36439514,26.06568909,81.49475098,306.2331848,81.4745636,286.9609985,81.45371246,375.9644775,81.43256378,388.0429382,81.41171265,241.361084,81.39131165,264.3314819,81.5212326,15.21636963,81.54197693,12.95094204,81.56237793,12.07766914,81.58321381,13.59720421,81.60389709,10.68428421,81.62506866,10.59615231,81.75570679,221.9606171,81.73445892,243.6145782,81.71406555,331.0160217,81.69287109,334.9602051,81.67164612,244.9327393,81.65137482,272.3850403,
82.0008316,197.6138153,82.02172852,214.9355927,82.04212189,265.1221619,82.06271362,318.9151306,82.0840683,154.3755951,82.10539246,209.9911346,82.23591614,17.73896027,82.21556091,15.39044762,82.19408417,13.18643475,82.17306519,12.96212292,82.15279388,12.06251049,82.13124847,13.44948101,82.26239777,28.97381401,82.28340149,25.13792419,82.30420685,113.1746445,82.32524872,115.0720444,82.34554291,26.7215271,82.36695862,26.57049751,82.49558258,302.5732117,82.47439575,294.8942871,82.45404816,371.3379517,82.43281555,398.2556152,82.41175079,242.0290222,82.39154816,256.2540588,82.52137756,15.04187393,82.54254913,12.76826477,82.56358337,11.79358578,82.58414459,13.37395,82.60471344,10.86396217,82.62570953,10.31424713,82.75720978,228.4626465,82.73604584,235.1411438,82.71487427,337.2352905,82.69406128,336.0750427,82.67337036,247.1589661,82.6520462,277.1914978,
83.0008316,196.8992462,83.02164459,211.4269714,83.0422287,259.7598267,83.06272888,312.7767639,83.08389282,150.1915741,83.10439301,211.1236267,83.23423004,19.13108635,83.21421051,15.62956333,83.19353485,12.96031857,83.17314148,12.91208553,83.15196228,11.58584785,83.13075256,14.33962345,83.26087189,29.20178032,83.28139496,25.79769135,83.3020401,117.7156754,83.32254028,112.2455444,83.34387207,26.30825424,83.36470795,25.87631798,83.49456024,296.7614441,83.47421265,287.9960022,83.45304108,366.6500854,83.43254089,401.9256897,83.41195679,238.833786,83.39103699,257.7496643,83.52075195,16.0939846,83.54203796,12.77561569,83.56323242,11.49597931,83.58354187,13.85134792,83.60475159,10.6207943,83.62562561,10.3873415,83.75553894,224.4979248,83.73487091,230.7765045,83.71421051,324.4451904,83.69308472,323.1901855,83.67272949,243.6519165,83.65137482,271.2655334,
84.0008316,202.4761658,84.02124786,208.1195221,84.04214478,270.009613,84.06337738,325.6439514,84.08437347,146.310791,84.10487366,210.9569702,84.23506165,18.13231087,84.21442413,15.21153641,84.19389343,13.05439854,84.17287445,13.2192049,84.15254211,12.02051544,84.13114166,13.62864685,84.26020813,29.42777061,84.28089142,24.77153206,84.30120087,115.509346,84.32239532,114.5969086,84.34341431,26.62443352,84.36421204,26.71341515,84.49458313,291.5472717,84.47422791,292.5467834,84.45304108,377.0122681,84.43237305,391.1478882,84.41137695,251.2049713,84.39087677,253.0392761,84.51937866,15.29769135,84.53954315,12.05350971,84.56005859,12.07812309,84.58089447,13.70243454,84.60189819,10.60347652,84.62322235,10.40402317,84.7522049,226.5130157,84.73136902,238.5622711,84.70996094,331.9159241,84.68955994,332.9176025,84.66854095,248.587265,84.64736938,272.9818726,
85.0008316,192.9682465,85.02114105,211.4898682,85.04203796,257.0458984,85.06239319,316.4118652,85.08289337,147.3902893,85.10412598,211.7676849,85.23421478,18.04803658,85.21271515,14.96302986,85.19230652,12.68107224,85.17128754,13.70211792,85.15062714,12.0551672,85.13039398,13.98160267,85.25795746,29.51798058,85.27920532,24.10076523,85.30014801,119.6807022,85.32039642,113.9745636,85.34122467,26.88326073,85.36262512,26.13534546,85.49054718,302.0223083,85.470047,291.1755371,85.44853973,373.0567322,85.42823029,394.9777832,85.40764618,247.7929535,85.38645935,250.8049011,85.51670837,14.99129486,85.5373764,13.20087337,85.55839539,11.54723358,85.57946014,13.32691956,85.59931946,10.87750816,85.62031555,9.951814651,85.75122833,225.6479645,85.73004913,238.815979,85.70903778,331.7182007,85.68828583,325.9403381,85.66725159,250.757431,85.64672852,278.0996704,
86.0008316,197.8518219,86.02039337,211.1421204,86.04173279,268.149353,86.06308746,314.9477234,86.08341217,146.9832153,86.10458374,210.6554871,86.23456573,18.51973152,86.21406555,15.02807331,86.19320679,13.21572208,86.17279816,13.45865059,86.15224457,11.34508801,86.13106537,13.96820927,86.26087189,28.93587875,86.28137207,23.76639938,86.30189514,115.4008255,86.32322693,111.9177246,86.34439087,25.86494064,86.36473083,26.78427696,86.49506378,298.8947449,86.47470856,291.8403625,86.45337677,383.3715515,86.43281555,402.2350464,86.41178894,244.3924408,86.39156342,259.7157593,86.52164459,15.71346855,86.54286957,12.66124344,86.56323242,11.15107346,86.58356476,13.11399364,86.60475159,10.59246254,86.62531281,10.15331268,86.75570679,222.3810883,86.73421478,240.7017975,86.71387482,331.3633423,86.6933136,332.5032349,86.67275238,245.0665741,86.65156555,275.5356445,
87.0008316,196.070816,87.02089691,213.2032776,87.04158783,264.1525879,87.06271362,310.3756409,87.08287811,152.1795349,87.10353851,208.3951721,87.2325592,18.41246796,87.21154022,14.9135828,87.19106293,12.78875542,87.1698761,13.34850502,87.14931488,12.17634773,87.12822723,13.52111816,87.25891876,30.32938576,87.28012848,24.20686913,87.30120087,118.3908234,87.32237244,116.5996628,87.34273529,25.62477684,87.36325073,26.75050163,87.4935379,295.6294861,87.47225189,295.2189636,87.45156097,376.7158203,87.43089294,401.4371033,87.41039276,247.1528625,87.39003754,254.0428925,87.51957703,15.73460197,87.54025269,13.10711002,87.56164551,11.90324402,87.58214569,13.98143387,87.6033783,10.06946373,87.62421417,10.63862228,87.75456238,223.4035797,87.7335434,238.7746429,87.71287537,330.4221497,87.69154358,327.7047424,87.67062378,251.7046356,87.6499176,279.0531921,
88.0008316,190.4859772,88.02172852,214.4885712,88.04245758,264.8451233,88.06387329,312.6131287,88.08454132,146.8140717,88.10587311,209.7507935,88.23406219,17.67583656,88.21379089,14.27245522,88.19225311,12.79733372,88.17191315,14.32484722,88.15074921,12.3335638,88.12980652,13.96608734,88.26064301,27.89209557,88.28105927,24.30572128,88.30178833,116.3973007,88.32289124,112.7889862,88.34387207,26.70094299,88.36422729,26.48836327,88.49495697,301.1094055,88.47473145,290.4429016,88.45387268,372.7217102,88.43287659,397.5374146,88.41204071,245.4383392,88.39096069,249.0039673,88.52120972,16.21002388,88.54173279,12.38920307,88.56287384,11.49064827,88.58339691,13.34027576,88.60453796,10.60419273,88.62506866,10.0775795,88.7561264,222.5952454,88.73538971,234.624939,88.71456146,326.2641296,88.69291687,330.9639587,88.67224884,245.6627197,88.65145874,277.9241943,
89.0008316,196.9119263,89.0215683,210.957428,89.04206848,259.6495667,89.06272888,313.9595947,89.0840683,147.8927155,89.10487366,210.3685608,89.23414612,18.24707794,89.21257782,15.46650696,89.19206238,13.18754578,89.17108917,13.48163414,89.1497879,12.54029369,89.12958527,14.56620407,89.26053619,29.53316116,89.28206635,24.86470795,89.3028717,118.2328186,89.32339478,114.7365875,89.34387207,27.30871391,89.3653717,26.24831963,89.49495697,299.0938416,89.47473145,288.3598938,89.45423126,364.616394,89.43322754,395.9353638,89.41256714,243.9895782,89.39121246,252.5653534,89.52171326,15.82482243,89.54206848,12.30111313,89.56264496,11.55465603,89.5837326,12.91509914,89.60512543,9.961844444,89.62570953,9.870937347,89.75687408,222.4242401,89.7355423,241.4380493,89.71504211,328.8698425,89.69371033,323.1938171,89.67279816,252.4945374,89.65208435,272.401886,
90.0008316,192.7476807,90.02128601,207.5462646,90.04178619,263.6304321,90.06347656,305.2988586,90.08431244,147.3684235,90.10531616,208.4205017,90.2363739,18.20466423,90.21504211,15.01168823,90.19454193,13.19752979,90.17354584,14.27020645,90.15238953,11.81920624,90.13170624,13.65772343,90.2624588,28.39990234,90.28304291,24.05831718,90.30490112,120.784256,90.32537079,114.6603165,90.34642029,27.58636284,90.36747742,26.45490265,90.49656677,290.5643311,90.4753952,287.7197266,90.45487213,371.1712952,90.43440247,387.6599426,90.4135437,245.1573334,90.39214325,253.0163269,90.5216217,15.38853741,90.54273224,12.31907558,90.56354523,11.64362717,90.58403778,13.25070667,90.6047287,10.64768028,90.62622833,10.28487301,90.75704193,220.1026917,90.73571014,232.2399597,90.71504211,326.9837646,90.69371033,340.082489,90.67321014,253.9807892,90.65196228,269.5429688,

Sample A1,
Sample A1
Collection Time: 18-Mar-24 12:20:10 PM
Operator Name  :
Kinetics Software Version: 1.2(146)
Parameter List :
Report Time: Mon 18 Mar 12:20:10 PM 2024
Software version: 1.2(146)
Operator:
Instrument Parameters
Instrument                        Cary Eclipse
Instrument Serial Number          MY18160001
Data mode                         Fluorescence
Ex. wavelength (nm)               493.00
Em. wavelength (nm)               517.00
Ex. Slit (nm)                     10
Em. Slit (nm)                     10
Averaging Time (s)                0.1000
Cycle time(min)                   1.0000
Stop time(min)                    90.0000
Emission filter                   Open
Excitation Filter                 Auto
PMT voltage (V)                   700
Wellplate                         ON
Plate format                     96 Wells
Read position                    Well centre
Multi-zero                       OFF
Auto-zero                        OFF
Well                            A1
Comments:
Method Log     :
Method Name    : C:\USERS\PUBLIC\DOCUMENTS\AGILENT\CARY ECLIPSE WINFLR\DEFAULT.FMKN
Date/Time stamp: 18-Oct-18 12:11:51 PM
Method Modifications:
Current Method Changed: 18-Mar-24 12:09:54 PM, Old:C:\Users\Public\Documents\Agilent\Cary Eclipse WInFLR\Default.FMKN, New:C:\USERS\PUBLIC\DOCUMENTS\AGILENT\CARY ECLIPSE WINFLR\DEFAULT.FMKN
End Method Modifications

Sample A2,
Sample A2
Collection Time: 18-Mar-24 12:20:10 PM
Operator Name  :
Kinetics Software Version: 1.2(146)
Parameter List :
Report Time: Mon 18 Mar 12:20:10 PM 2024
Software version: 1.2(146)
Operator:
Instrument Parameters
Instrument                        Cary Eclipse
Instrument Serial Number          MY18160001
Data mode                         Fluorescence
Ex. wavelength (nm)               493.00
Em. wavelength (nm)               517.00
Ex. Slit (nm)                     10
Em. Slit (nm)                     10
Averaging Time (s)                0.1000
Cycle time(min)                   1.0000
Stop time(min)                    90.0000
Emission filter                   Open
Excitation Filter                 Auto
PMT voltage (V)                   700
Wellplate                         ON
Plate format                     96 Wells
Read position                    Well centre
Multi-zero                       OFF
Auto-zero                        OFF
Well                            A1
Comments:
Method Log     :
Method Name    : C:\USERS\PUBLIC\DOCUMENTS\AGILENT\CARY ECLIPSE WINFLR\DEFAULT.FMKN
Date/Time stamp: 18-Oct-18 12:11:51 PM
Method Modifications:
Current Method Changed: 18-Mar-24 12:09:54 PM, Old:C:\Users\Public\Documents\Agilent\Cary Eclipse WInFLR\Default.FMKN, New:C:\USERS\PUBLIC\DOCUMENTS\AGILENT\CARY ECLIPSE WINFLR\DEFAULT.FMKN
End Method Modifications

Sample A3,
Sample A3
Collection Time: 18-Mar-24 12:20:10 PM
Operator Name  :
Kinetics Software Version: 1.2(146)
Parameter List :
Report Time: Mon 18 Mar 12:20:10 PM 2024
Software version: 1.2(146)
Operator:
Instrument Parameters
Instrument                        Cary Eclipse
Instrument Serial Number          MY18160001
Data mode                         Fluorescence
Ex. wavelength (nm)               493.00
Em. wavelength (nm)               517.00
Ex. Slit (nm)                     10
Em. Slit (nm)                     10
Averaging Time (s)                0.1000
Cycle time(min)                   1.0000
Stop time(min)                    90.0000
Emission filter                   Open
Excitation Filter                 Auto
PMT voltage (V)                   700
Wellplate                         ON
Plate format                     96 Wells
Read position                    Well centre
Multi-zero                       OFF
Auto-zero                        OFF
Well                            A1
Comments:
Method Log     :
Method Name    : C:\USERS\PUBLIC\DOCUMENTS\AGILENT\CARY ECLIPSE WINFLR\DEFAULT.FMKN
Date/Time stamp: 18-Oct-18 12:11:51 PM
Method Modifications:
Current Method Changed: 18-Mar-24 12:09:54 PM, Old:C:\Users\Public\Documents\Agilent\Cary Eclipse WInFLR\Default.FMKN, New:C:\USERS\PUBLIC\DOCUMENTS\AGILENT\CARY ECLIPSE WINFLR\DEFAULT.FMKN
End Method Modifications

Sample A4,
Sample A4
Collection Time: 18-Mar-24 12:20:10 PM
Operator Name  :
Kinetics Software Version: 1.2(146)
Parameter List :
Report Time: Mon 18 Mar 12:20:10 PM 2024
Software version: 1.2(146)
Operator:
Instrument Parameters
Instrument                        Cary Eclipse
Instrument Serial Number          MY18160001
Data mode                         Fluorescence
Ex. wavelength (nm)               493.00
Em. wavelength (nm)               517.00
Ex. Slit (nm)                     10
Em. Slit (nm)                     10
Averaging Time (s)                0.1000
Cycle time(min)                   1.0000
Stop time(min)                    90.0000
Emission filter                   Open
Excitation Filter                 Auto
PMT voltage (V)                   700
Wellplate                         ON
Plate format                     96 Wells
Read position                    Well centre
Multi-zero                       OFF
Auto-zero                        OFF
Well                            A1
Comments:
Method Log     :
Method Name    : C:\USERS\PUBLIC\DOCUMENTS\AGILENT\CARY ECLIPSE WINFLR\DEFAULT.FMKN
Date/Time stamp: 18-Oct-18 12:11:51 PM
Method Modifications:
Current Method Changed: 18-Mar-24 12:09:54 PM, Old:C:\Users\Public\Documents\Agilent\Cary Eclipse WInFLR\Default.FMKN, New:C:\USERS\PUBLIC\DOCUMENTS\AGILENT\CARY ECLIPSE WINFLR\DEFAULT.FMKN
End Method Modifications

Sample A5,
Sample A5
Collection Time: 18-Mar-24 12:20:10 PM
Operator Name  :
Kinetics Software Version: 1.2(146)
Parameter List :
Report Time: Mon 18 Mar 12:20:10 PM 2024
Software version: 1.2(146)
Operator:
Instrument Parameters
Instrument                        Cary Eclipse
Instrument Serial Number          MY18160001
Data mode                         Fluorescence
Ex. wavelength (nm)               493.00
Em. wavelength (nm)               517.00
Ex. Slit (nm)                     10
Em. Slit (nm)                     10
Averaging Time (s)                0.1000
Cycle time(min)                   1.0000
Stop time(min)                    90.0000
Emission filter                   Open
Excitation Filter                 Auto
PMT voltage (V)                   700
Wellplate                         ON
Plate format                     96 Wells
Read position                    Well centre
Multi-zero                       OFF
Auto-zero                        OFF
Well                            A1
Comments:
Method Log     :
Method Name    : C:\USERS\PUBLIC\DOCUMENTS\AGILENT\CARY ECLIPSE WINFLR\DEFAULT.FMKN
Date/Time stamp: 18-Oct-18 12:11:51 PM
Method Modifications:
Current Method Changed: 18-Mar-24 12:09:54 PM, Old:C:\Users\Public\Documents\Agilent\Cary Eclipse WInFLR\Default.FMKN, New:C:\USERS\PUBLIC\DOCUMENTS\AGILENT\CARY ECLIPSE WINFLR\DEFAULT.FMKN
End Method Modifications

Sample A6,
Sample A6
Collection Time: 18-Mar-24 12:20:10 PM
Operator Name  :
Kinetics Software Version: 1.2(146)
Parameter List :
Report Time: Mon 18 Mar 12:20:10 PM 2024
Software version: 1.2(146)
Operator:
Instrument Parameters
Instrument                        Cary Eclipse
Instrument Serial Number          MY18160001
Data mode                         Fluorescence
Ex. wavelength (nm)               493.00
Em. wavelength (nm)               517.00
Ex. Slit (nm)                     10
Em. Slit (nm)                     10
Averaging Time (s)                0.1000
Cycle time(min)                   1.0000
Stop time(min)                    90.0000
Emission filter                   Open
Excitation Filter                 Auto
PMT voltage (V)                   700
Wellplate                         ON
Plate format                     96 Wells
Read position                    Well centre
Multi-zero                       OFF
Auto-zero                        OFF
Well                            A1
Comments:
Method Log     :
Method Name    : C:\USERS\PUBLIC\DOCUMENTS\AGILENT\CARY ECLIPSE WINFLR\DEFAULT.FMKN
Date/Time stamp: 18-Oct-18 12:11:51 PM
Method Modifications:
Current Method Changed: 18-Mar-24 12:09:54 PM, Old:C:\Users\Public\Documents\Agilent\Cary Eclipse WInFLR\Default.FMKN, New:C:\USERS\PUBLIC\DOCUMENTS\AGILENT\CARY ECLIPSE WINFLR\DEFAULT.FMKN
End Method Modifications

Sample B1,
Sample B1
Collection Time: 18-Mar-24 12:20:10 PM
Operator Name  :
Kinetics Software Version: 1.2(146)
Parameter List :
Report Time: Mon 18 Mar 12:20:10 PM 2024
Software version: 1.2(146)
Operator:
Instrument Parameters
Instrument                        Cary Eclipse
Instrument Serial Number          MY18160001
Data mode                         Fluorescence
Ex. wavelength (nm)               493.00
Em. wavelength (nm)               517.00
Ex. Slit (nm)                     10
Em. Slit (nm)                     10
Averaging Time (s)                0.1000
Cycle time(min)                   1.0000
Stop time(min)                    90.0000
Emission filter                   Open
Excitation Filter                 Auto
PMT voltage (V)                   700
Wellplate                         ON
Plate format                     96 Wells
Read position                    Well centre
Multi-zero                       OFF
Auto-zero                        OFF
Well                            A1
Comments:
Method Log     :
Method Name    : C:\USERS\PUBLIC\DOCUMENTS\AGILENT\CARY ECLIPSE WINFLR\DEFAULT.FMKN
Date/Time stamp: 18-Oct-18 12:11:51 PM
Method Modifications:
Current Method Changed: 18-Mar-24 12:09:54 PM, Old:C:\Users\Public\Documents\Agilent\Cary Eclipse WInFLR\Default.FMKN, New:C:\USERS\PUBLIC\DOCUMENTS\AGILENT\CARY ECLIPSE WINFLR\DEFAULT.FMKN
End Method Modifications

Sample B2,
Sample B2
Collection Time: 18-Mar-24 12:20:10 PM
Operator Name  :
Kinetics Software Version: 1.2(146)
Parameter List :
Report Time: Mon 18 Mar 12:20:10 PM 2024
Software version: 1.2(146)
Operator:
Instrument Parameters
Instrument                        Cary Eclipse
Instrument Serial Number          MY18160001
Data mode                         Fluorescence
Ex. wavelength (nm)               493.00
Em. wavelength (nm)               517.00
Ex. Slit (nm)                     10
Em. Slit (nm)                     10
Averaging Time (s)                0.1000
Cycle time(min)                   1.0000
Stop time(min)                    90.0000
Emission filter                   Open
Excitation Filter                 Auto
PMT voltage (V)                   700
Wellplate                         ON
Plate format                     96 Wells
Read position                    Well centre
Multi-zero                       OFF
Auto-zero                        OFF
Well                            A1
Comments:
Method Log     :
Method Name    : C:\USERS\PUBLIC\DOCUMENTS\AGILENT\CARY ECLIPSE WINFLR\DEFAULT.FMKN
Date/Time stamp: 18-Oct-18 12:11:51 PM
Method Modifications:
Current Method Changed: 18-Mar-24 12:09:54 PM, Old:C:\Users\Public\Documents\Agilent\Cary Eclipse WInFLR\Default.FMKN, New:C:\USERS\PUBLIC\DOCUMENTS\AGILENT\CARY ECLIPSE WINFLR\DEFAULT.FMKN
End Method Modifications

Sample B3,
Sample B3
Collection Time: 18-Mar-24 12:20:10 PM
Operator Name  :
Kinetics Software Version: 1.2(146)
Parameter List :
Report Time: Mon 18 Mar 12:20:10 PM 2024
Software version: 1.2(146)
Operator:
Instrument Parameters
Instrument                        Cary Eclipse
Instrument Serial Number          MY18160001
Data mode                         Fluorescence
Ex. wavelength (nm)               493.00
Em. wavelength (nm)               517.00
Ex. Slit (nm)                     10
Em. Slit (nm)                     10
Averaging Time (s)                0.1000
Cycle time(min)                   1.0000
Stop time(min)                    90.0000
Emission filter                   Open
Excitation Filter                 Auto
PMT voltage (V)                   700
Wellplate                         ON
Plate format                     96 Wells
Read position                    Well centre
Multi-zero                       OFF
Auto-zero                        OFF
Well                            A1
Comments:
Method Log     :
Method Name    : C:\USERS\PUBLIC\DOCUMENTS\AGILENT\CARY ECLIPSE WINFLR\DEFAULT.FMKN
Date/Time stamp: 18-Oct-18 12:11:51 PM
Method Modifications:
Current Method Changed: 18-Mar-24 12:09:54 PM, Old:C:\Users\Public\Documents\Agilent\Cary Eclipse WInFLR\Default.FMKN, New:C:\USERS\PUBLIC\DOCUMENTS\AGILENT\CARY ECLIPSE WINFLR\DEFAULT.FMKN
End Method Modifications

Sample B4,
Sample B4
Collection Time: 18-Mar-24 12:20:10 PM
Operator Name  :
Kinetics Software Version: 1.2(146)
Parameter List :
Report Time: Mon 18 Mar 12:20:10 PM 2024
Software version: 1.2(146)
Operator:
Instrument Parameters
Instrument                        Cary Eclipse
Instrument Serial Number          MY18160001
Data mode                         Fluorescence
Ex. wavelength (nm)               493.00
Em. wavelength (nm)               517.00
Ex. Slit (nm)                     10
Em. Slit (nm)                     10
Averaging Time (s)                0.1000
Cycle time(min)                   1.0000
Stop time(min)                    90.0000
Emission filter                   Open
Excitation Filter                 Auto
PMT voltage (V)                   700
Wellplate                         ON
Plate format                     96 Wells
Read position                    Well centre
Multi-zero                       OFF
Auto-zero                        OFF
Well                            A1
Comments:
Method Log     :
Method Name    : C:\USERS\PUBLIC\DOCUMENTS\AGILENT\CARY ECLIPSE WINFLR\DEFAULT.FMKN
Date/Time stamp: 18-Oct-18 12:11:51 PM
Method Modifications:
Current Method Changed: 18-Mar-24 12:09:54 PM, Old:C:\Users\Public\Documents\Agilent\Cary Eclipse WInFLR\Default.FMKN, New:C:\USERS\PUBLIC\DOCUMENTS\AGILENT\CARY ECLIPSE WINFLR\DEFAULT.FMKN
End Method Modifications

Sample B5,
Sample B5
Collection Time: 18-Mar-24 12:20:10 PM
Operator Name  :
Kinetics Software Version: 1.2(146)
Parameter List :
Report Time: Mon 18 Mar 12:20:10 PM 2024
Software version: 1.2(146)
Operator:
Instrument Parameters
Instrument                        Cary Eclipse
Instrument Serial Number          MY18160001
Data mode                         Fluorescence
Ex. wavelength (nm)               493.00
Em. wavelength (nm)               517.00
Ex. Slit (nm)                     10
Em. Slit (nm)                     10
Averaging Time (s)                0.1000
Cycle time(min)                   1.0000
Stop time(min)                    90.0000
Emission filter                   Open
Excitation Filter                 Auto
PMT voltage (V)                   700
Wellplate                         ON
Plate format                     96 Wells
Read position                    Well centre
Multi-zero                       OFF
Auto-zero                        OFF
Well                            A1
Comments:
Method Log     :
Method Name    : C:\USERS\PUBLIC\DOCUMENTS\AGILENT\CARY ECLIPSE WINFLR\DEFAULT.FMKN
Date/Time stamp: 18-Oct-18 12:11:51 PM
Method Modifications:
Current Method Changed: 18-Mar-24 12:09:54 PM, Old:C:\Users\Public\Documents\Agilent\Cary Eclipse WInFLR\Default.FMKN, New:C:\USERS\PUBLIC\DOCUMENTS\AGILENT\CARY ECLIPSE WINFLR\DEFAULT.FMKN
End Method Modifications

Sample B6,
Sample B6
Collection Time: 18-Mar-24 12:20:10 PM
Operator Name  :
Kinetics Software Version: 1.2(146)
Parameter List :
Report Time: Mon 18 Mar 12:20:10 PM 2024
Software version: 1.2(146)
Operator:
Instrument Parameters
Instrument                        Cary Eclipse
Instrument Serial Number          MY18160001
Data mode                         Fluorescence
Ex. wavelength (nm)               493.00
Em. wavelength (nm)               517.00
Ex. Slit (nm)                     10
Em. Slit (nm)                     10
Averaging Time (s)                0.1000
Cycle time(min)                   1.0000
Stop time(min)                    90.0000
Emission filter                   Open
Excitation Filter                 Auto
PMT voltage (V)                   700
Wellplate                         ON
Plate format                     96 Wells
Read position                    Well centre
Multi-zero                       OFF
Auto-zero                        OFF
Well                            A1
Comments:
Method Log     :
Method Name    : C:\USERS\PUBLIC\DOCUMENTS\AGILENT\CARY ECLIPSE WINFLR\DEFAULT.FMKN
Date/Time stamp: 18-Oct-18 12:11:51 PM
Method Modifications:
Current Method Changed: 18-Mar-24 12:09:54 PM, Old:C:\Users\Public\Documents\Agilent\Cary Eclipse WInFLR\Default.FMKN, New:C:\USERS\PUBLIC\DOCUMENTS\AGILENT\CARY ECLIPSE WINFLR\DEFAULT.FMKN
End Method Modifications

Sample C1,
Sample C1
Collection Time: 18-Mar-24 12:20:10 PM
Operator Name  :
Kinetics Software Version: 1.2(146)
Parameter List :
Report Time: Mon 18 Mar 12:20:10 PM 2024
Software version: 1.2(146)
Operator:
Instrument Parameters
Instrument                        Cary Eclipse
Instrument Serial Number          MY18160001
Data mode                         Fluorescence
Ex. wavelength (nm)               493.00
Em. wavelength (nm)               517.00
Ex. Slit (nm)                     10
Em. Slit (nm)                     10
Averaging Time (s)                0.1000
Cycle time(min)                   1.0000
Stop time(min)                    90.0000
Emission filter                   Open
Excitation Filter                 Auto
PMT voltage (V)                   700
Wellplate                         ON
Plate format                     96 Wells
Read position                    Well centre
Multi-zero                       OFF
Auto-zero                        OFF
Well                            A1
Comments:
Method Log     :
Method Name    : C:\USERS\PUBLIC\DOCUMENTS\AGILENT\CARY ECLIPSE WINFLR\DEFAULT.FMKN
Date/Time stamp: 18-Oct-18 12:11:51 PM
Method Modifications:
Current Method Changed: 18-Mar-24 12:09:54 PM, Old:C:\Users\Public\Documents\Agilent\Cary Eclipse WInFLR\Default.FMKN, New:C:\USERS\PUBLIC\DOCUMENTS\AGILENT\CARY ECLIPSE WINFLR\DEFAULT.FMKN
End Method Modifications

Sample C2,
Sample C2
Collection Time: 18-Mar-24 12:20:10 PM
Operator Name  :
Kinetics Software Version: 1.2(146)
Parameter List :
Report Time: Mon 18 Mar 12:20:10 PM 2024
Software version: 1.2(146)
Operator:
Instrument Parameters
Instrument                        Cary Eclipse
Instrument Serial Number          MY18160001
Data mode                         Fluorescence
Ex. wavelength (nm)               493.00
Em. wavelength (nm)               517.00
Ex. Slit (nm)                     10
Em. Slit (nm)                     10
Averaging Time (s)                0.1000
Cycle time(min)                   1.0000
Stop time(min)                    90.0000
Emission filter                   Open
Excitation Filter                 Auto
PMT voltage (V)                   700
Wellplate                         ON
Plate format                     96 Wells
Read position                    Well centre
Multi-zero                       OFF
Auto-zero                        OFF
Well                            A1
Comments:
Method Log     :
Method Name    : C:\USERS\PUBLIC\DOCUMENTS\AGILENT\CARY ECLIPSE WINFLR\DEFAULT.FMKN
Date/Time stamp: 18-Oct-18 12:11:51 PM
Method Modifications:
Current Method Changed: 18-Mar-24 12:09:54 PM, Old:C:\Users\Public\Documents\Agilent\Cary Eclipse WInFLR\Default.FMKN, New:C:\USERS\PUBLIC\DOCUMENTS\AGILENT\CARY ECLIPSE WINFLR\DEFAULT.FMKN
End Method Modifications

Sample C3,
Sample C3
Collection Time: 18-Mar-24 12:20:10 PM
Operator Name  :
Kinetics Software Version: 1.2(146)
Parameter List :
Report Time: Mon 18 Mar 12:20:10 PM 2024
Software version: 1.2(146)
Operator:
Instrument Parameters
Instrument                        Cary Eclipse
Instrument Serial Number          MY18160001
Data mode                         Fluorescence
Ex. wavelength (nm)               493.00
Em. wavelength (nm)               517.00
Ex. Slit (nm)                     10
Em. Slit (nm)                     10
Averaging Time (s)                0.1000
Cycle time(min)                   1.0000
Stop time(min)                    90.0000
Emission filter                   Open
Excitation Filter                 Auto
PMT voltage (V)                   700
Wellplate                         ON
Plate format                     96 Wells
Read position                    Well centre
Multi-zero                       OFF
Auto-zero                        OFF
Well                            A1
Comments:
Method Log     :
Method Name    : C:\USERS\PUBLIC\DOCUMENTS\AGILENT\CARY ECLIPSE WINFLR\DEFAULT.FMKN
Date/Time stamp: 18-Oct-18 12:11:51 PM
Method Modifications:
Current Method Changed: 18-Mar-24 12:09:54 PM, Old:C:\Users\Public\Documents\Agilent\Cary Eclipse WInFLR\Default.FMKN, New:C:\USERS\PUBLIC\DOCUMENTS\AGILENT\CARY ECLIPSE WINFLR\DEFAULT.FMKN
End Method Modifications

Sample C4,
Sample C4
Collection Time: 18-Mar-24 12:20:10 PM
Operator Name  :
Kinetics Software Version: 1.2(146)
Parameter List :
Report Time: Mon 18 Mar 12:20:10 PM 2024
Software version: 1.2(146)
Operator:
Instrument Parameters
Instrument                        Cary Eclipse
Instrument Serial Number          MY18160001
Data mode                         Fluorescence
Ex. wavelength (nm)               493.00
Em. wavelength (nm)               517.00
Ex. Slit (nm)                     10
Em. Slit (nm)                     10
Averaging Time (s)                0.1000
Cycle time(min)                   1.0000
Stop time(min)                    90.0000
Emission filter                   Open
Excitation Filter                 Auto
PMT voltage (V)                   700
Wellplate                         ON
Plate format                     96 Wells
Read position                    Well centre
Multi-zero                       OFF
Auto-zero                        OFF
Well                            A1
Comments:
Method Log     :
Method Name    : C:\USERS\PUBLIC\DOCUMENTS\AGILENT\CARY ECLIPSE WINFLR\DEFAULT.FMKN
Date/Time stamp: 18-Oct-18 12:11:51 PM
Method Modifications:
Current Method Changed: 18-Mar-24 12:09:54 PM, Old:C:\Users\Public\Documents\Agilent\Cary Eclipse WInFLR\Default.FMKN, New:C:\USERS\PUBLIC\DOCUMENTS\AGILENT\CARY ECLIPSE WINFLR\DEFAULT.FMKN
End Method Modifications

Sample C5,
Sample C5
Collection Time: 18-Mar-24 12:20:10 PM
Operator Name  :
Kinetics Software Version: 1.2(146)
Parameter List :
Report Time: Mon 18 Mar 12:20:10 PM 2024
Software version: 1.2(146)
Operator:
Instrument Parameters
Instrument                        Cary Eclipse
Instrument Serial Number          MY18160001
Data mode                         Fluorescence
Ex. wavelength (nm)               493.00
Em. wavelength (nm)               517.00
Ex. Slit (nm)                     10
Em. Slit (nm)                     10
Averaging Time (s)                0.1000
Cycle time(min)                   1.0000
Stop time(min)                    90.0000
Emission filter                   Open
Excitation Filter                 Auto
PMT voltage (V)                   700
Wellplate                         ON
Plate format                     96 Wells
Read position                    Well centre
Multi-zero                       OFF
Auto-zero                        OFF
Well                            A1
Comments:
Method Log     :
Method Name    : C:\USERS\PUBLIC\DOCUMENTS\AGILENT\CARY ECLIPSE WINFLR\DEFAULT.FMKN
Date/Time stamp: 18-Oct-18 12:11:51 PM
Method Modifications:
Current Method Changed: 18-Mar-24 12:09:54 PM, Old:C:\Users\Public\Documents\Agilent\Cary Eclipse WInFLR\Default.FMKN, New:C:\USERS\PUBLIC\DOCUMENTS\AGILENT\CARY ECLIPSE WINFLR\DEFAULT.FMKN
End Method Modifications

Sample C6,
Sample C6
Collection Time: 18-Mar-24 12:20:10 PM
Operator Name  :
Kinetics Software Version: 1.2(146)
Parameter List :
Report Time: Mon 18 Mar 12:20:10 PM 2024
Software version: 1.2(146)
Operator:
Instrument Parameters
Instrument                        Cary Eclipse
Instrument Serial Number          MY18160001
Data mode                         Fluorescence
Ex. wavelength (nm)               493.00
Em. wavelength (nm)               517.00
Ex. Slit (nm)                     10
Em. Slit (nm)                     10
Averaging Time (s)                0.1000
Cycle time(min)                   1.0000
Stop time(min)                    90.0000
Emission filter                   Open
Excitation Filter                 Auto
PMT voltage (V)                   700
Wellplate                         ON
Plate format                     96 Wells
Read position                    Well centre
Multi-zero                       OFF
Auto-zero                        OFF
Well                            A1
Comments:
Method Log     :
Method Name    : C:\USERS\PUBLIC\DOCUMENTS\AGILENT\CARY ECLIPSE WINFLR\DEFAULT.FMKN
Date/Time stamp: 18-Oct-18 12:11:51 PM
Method Modifications:
Current Method Changed: 18-Mar-24 12:09:54 PM, Old:C:\Users\Public\Documents\Agilent\Cary Eclipse WInFLR\Default.FMKN, New:C:\USERS\PUBLIC\DOCUMENTS\AGILENT\CARY ECLIPSE WINFLR\DEFAULT.FMKN
End Method Modifications

Sample D1,
Sample D1
Collection Time: 18-Mar-24 12:20:10 PM
Operator Name  :
Kinetics Software Version: 1.2(146)
Parameter List :
Report Time: Mon 18 Mar 12:20:10 PM 2024
Software version: 1.2(146)
Operator:
Instrument Parameters
Instrument                        Cary Eclipse
Instrument Serial Number          MY18160001
Data mode                         Fluorescence
Ex. wavelength (nm)               493.00
Em. wavelength (nm)               517.00
Ex. Slit (nm)                     10
Em. Slit (nm)                     10
Averaging Time (s)                0.1000
Cycle time(min)                   1.0000
Stop time(min)                    90.0000
Emission filter                   Open
Excitation Filter                 Auto
PMT voltage (V)                   700
Wellplate                         ON
Plate format                     96 Wells
Read position                    Well centre
Multi-zero                       OFF
Auto-zero                        OFF
Well                            A1
Comments:
Method Log     :
Method Name    : C:\USERS\PUBLIC\DOCUMENTS\AGILENT\CARY ECLIPSE WINFLR\DEFAULT.FMKN
Date/Time stamp: 18-Oct-18 12:11:51 PM
Method Modifications:
Current Method Changed: 18-Mar-24 12:09:54 PM, Old:C:\Users\Public\Documents\Agilent\Cary Eclipse WInFLR\Default.FMKN, New:C:\USERS\PUBLIC\DOCUMENTS\AGILENT\CARY ECLIPSE WINFLR\DEFAULT.FMKN
End Method Modifications

Sample D2,
Sample D2
Collection Time: 18-Mar-24 12:20:10 PM
Operator Name  :
Kinetics Software Version: 1.2(146)
Parameter List :
Report Time: Mon 18 Mar 12:20:10 PM 2024
Software version: 1.2(146)
Operator:
Instrument Parameters
Instrument                        Cary Eclipse
Instrument Serial Number          MY18160001
Data mode                         Fluorescence
Ex. wavelength (nm)               493.00
Em. wavelength (nm)               517.00
Ex. Slit (nm)                     10
Em. Slit (nm)                     10
Averaging Time (s)                0.1000
Cycle time(min)                   1.0000
Stop time(min)                    90.0000
Emission filter                   Open
Excitation Filter                 Auto
PMT voltage (V)                   700
Wellplate                         ON
Plate format                     96 Wells
Read position                    Well centre
Multi-zero                       OFF
Auto-zero                        OFF
Well                            A1
Comments:
Method Log     :
Method Name    : C:\USERS\PUBLIC\DOCUMENTS\AGILENT\CARY ECLIPSE WINFLR\DEFAULT.FMKN
Date/Time stamp: 18-Oct-18 12:11:51 PM
Method Modifications:
Current Method Changed: 18-Mar-24 12:09:54 PM, Old:C:\Users\Public\Documents\Agilent\Cary Eclipse WInFLR\Default.FMKN, New:C:\USERS\PUBLIC\DOCUMENTS\AGILENT\CARY ECLIPSE WINFLR\DEFAULT.FMKN
End Method Modifications

Sample D3,
Sample D3
Collection Time: 18-Mar-24 12:20:10 PM
Operator Name  :
Kinetics Software Version: 1.2(146)
Parameter List :
Report Time: Mon 18 Mar 12:20:10 PM 2024
Software version: 1.2(146)
Operator:
Instrument Parameters
Instrument                        Cary Eclipse
Instrument Serial Number          MY18160001
Data mode                         Fluorescence
Ex. wavelength (nm)               493.00
Em. wavelength (nm)               517.00
Ex. Slit (nm)                     10
Em. Slit (nm)                     10
Averaging Time (s)                0.1000
Cycle time(min)                   1.0000
Stop time(min)                    90.0000
Emission filter                   Open
Excitation Filter                 Auto
PMT voltage (V)                   700
Wellplate                         ON
Plate format                     96 Wells
Read position                    Well centre
Multi-zero                       OFF
Auto-zero                        OFF
Well                            A1
Comments:
Method Log     :
Method Name    : C:\USERS\PUBLIC\DOCUMENTS\AGILENT\CARY ECLIPSE WINFLR\DEFAULT.FMKN
Date/Time stamp: 18-Oct-18 12:11:51 PM
Method Modifications:
Current Method Changed: 18-Mar-24 12:09:54 PM, Old:C:\Users\Public\Documents\Agilent\Cary Eclipse WInFLR\Default.FMKN, New:C:\USERS\PUBLIC\DOCUMENTS\AGILENT\CARY ECLIPSE WINFLR\DEFAULT.FMKN
End Method Modifications

Sample D4,
Sample D4
Collection Time: 18-Mar-24 12:20:10 PM
Operator Name  :
Kinetics Software Version: 1.2(146)
Parameter List :
Report Time: Mon 18 Mar 12:20:10 PM 2024
Software version: 1.2(146)
Operator:
Instrument Parameters
Instrument                        Cary Eclipse
Instrument Serial Number          MY18160001
Data mode                         Fluorescence
Ex. wavelength (nm)               493.00
Em. wavelength (nm)               517.00
Ex. Slit (nm)                     10
Em. Slit (nm)                     10
Averaging Time (s)                0.1000
Cycle time(min)                   1.0000
Stop time(min)                    90.0000
Emission filter                   Open
Excitation Filter                 Auto
PMT voltage (V)                   700
Wellplate                         ON
Plate format                     96 Wells
Read position                    Well centre
Multi-zero                       OFF
Auto-zero                        OFF
Well                            A1
Comments:
Method Log     :
Method Name    : C:\USERS\PUBLIC\DOCUMENTS\AGILENT\CARY ECLIPSE WINFLR\DEFAULT.FMKN
Date/Time stamp: 18-Oct-18 12:11:51 PM
Method Modifications:
Current Method Changed: 18-Mar-24 12:09:54 PM, Old:C:\Users\Public\Documents\Agilent\Cary Eclipse WInFLR\Default.FMKN, New:C:\USERS\PUBLIC\DOCUMENTS\AGILENT\CARY ECLIPSE WINFLR\DEFAULT.FMKN
End Method Modifications

Sample D5,
Sample D5
Collection Time: 18-Mar-24 12:20:10 PM
Operator Name  :
Kinetics Software Version: 1.2(146)
Parameter List :
Report Time: Mon 18 Mar 12:20:10 PM 2024
Software version: 1.2(146)
Operator:
Instrument Parameters
Instrument                        Cary Eclipse
Instrument Serial Number          MY18160001
Data mode                         Fluorescence
Ex. wavelength (nm)               493.00
Em. wavelength (nm)               517.00
Ex. Slit (nm)                     10
Em. Slit (nm)                     10
Averaging Time (s)                0.1000
Cycle time(min)                   1.0000
Stop time(min)                    90.0000
Emission filter                   Open
Excitation Filter                 Auto
PMT voltage (V)                   700
Wellplate                         ON
Plate format                     96 Wells
Read position                    Well centre
Multi-zero                       OFF
Auto-zero                        OFF
Well                            A1
Comments:
Method Log     :
Method Name    : C:\USERS\PUBLIC\DOCUMENTS\AGILENT\CARY ECLIPSE WINFLR\DEFAULT.FMKN
Date/Time stamp: 18-Oct-18 12:11:51 PM
Method Modifications:
Current Method Changed: 18-Mar-24 12:09:54 PM, Old:C:\Users\Public\Documents\Agilent\Cary Eclipse WInFLR\Default.FMKN, New:C:\USERS\PUBLIC\DOCUMENTS\AGILENT\CARY ECLIPSE WINFLR\DEFAULT.FMKN
End Method Modifications

Sample D6,
Sample D6
Collection Time: 18-Mar-24 12:20:10 PM
Operator Name  :
Kinetics Software Version: 1.2(146)
Parameter List :
Report Time: Mon 18 Mar 12:20:10 PM 2024
Software version: 1.2(146)
Operator:
Instrument Parameters
Instrument                        Cary Eclipse
Instrument Serial Number          MY18160001
Data mode                         Fluorescence
Ex. wavelength (nm)               493.00
Em. wavelength (nm)               517.00
Ex. Slit (nm)                     10
Em. Slit (nm)                     10
Averaging Time (s)                0.1000
Cycle time(min)                   1.0000
Stop time(min)                    90.0000
Emission filter                   Open
Excitation Filter                 Auto
PMT voltage (V)                   700
Wellplate                         ON
Plate format                     96 Wells
Read position                    Well centre
Multi-zero                       OFF
Auto-zero                        OFF
Well                            A1
Comments:
Method Log     :
Method Name    : C:\USERS\PUBLIC\DOCUMENTS\AGILENT\CARY ECLIPSE WINFLR\DEFAULT.FMKN
Date/Time stamp: 18-Oct-18 12:11:51 PM
Method Modifications:
Current Method Changed: 18-Mar-24 12:09:54 PM, Old:C:\Users\Public\Documents\Agilent\Cary Eclipse WInFLR\Default.FMKN, New:C:\USERS\PUBLIC\DOCUMENTS\AGILENT\CARY ECLIPSE WINFLR\DEFAULT.FMKN
End Method Modifications

Sample E1,
Sample E1
Collection Time: 18-Mar-24 12:20:10 PM
Operator Name  :
Kinetics Software Version: 1.2(146)
Parameter List :
Report Time: Mon 18 Mar 12:20:10 PM 2024
Software version: 1.2(146)
Operator:
Instrument Parameters
Instrument                        Cary Eclipse
Instrument Serial Number          MY18160001
Data mode                         Fluorescence
Ex. wavelength (nm)               493.00
Em. wavelength (nm)               517.00
Ex. Slit (nm)                     10
Em. Slit (nm)                     10
Averaging Time (s)                0.1000
Cycle time(min)                   1.0000
Stop time(min)                    90.0000
Emission filter                   Open
Excitation Filter                 Auto
PMT voltage (V)                   700
Wellplate                         ON
Plate format                     96 Wells
Read position                    Well centre
Multi-zero                       OFF
Auto-zero                        OFF
Well                            A1
Comments:
Method Log     :
Method Name    : C:\USERS\PUBLIC\DOCUMENTS\AGILENT\CARY ECLIPSE WINFLR\DEFAULT.FMKN
Date/Time stamp: 18-Oct-18 12:11:51 PM
Method Modifications:
Current Method Changed: 18-Mar-24 12:09:54 PM, Old:C:\Users\Public\Documents\Agilent\Cary Eclipse WInFLR\Default.FMKN, New:C:\USERS\PUBLIC\DOCUMENTS\AGILENT\CARY ECLIPSE WINFLR\DEFAULT.FMKN
End Method Modifications

Sample E2,
Sample E2
Collection Time: 18-Mar-24 12:20:10 PM
Operator Name  :
Kinetics Software Version: 1.2(146)
Parameter List :
Report Time: Mon 18 Mar 12:20:10 PM 2024
Software version: 1.2(146)
Operator:
Instrument Parameters
Instrument                        Cary Eclipse
Instrument Serial Number          MY18160001
Data mode                         Fluorescence
Ex. wavelength (nm)               493.00
Em. wavelength (nm)               517.00
Ex. Slit (nm)                     10
Em. Slit (nm)                     10
Averaging Time (s)                0.1000
Cycle time(min)                   1.0000
Stop time(min)                    90.0000
Emission filter                   Open
Excitation Filter                 Auto
PMT voltage (V)                   700
Wellplate                         ON
Plate format                     96 Wells
Read position                    Well centre
Multi-zero                       OFF
Auto-zero                        OFF
Well                            A1
Comments:
Method Log     :
Method Name    : C:\USERS\PUBLIC\DOCUMENTS\AGILENT\CARY ECLIPSE WINFLR\DEFAULT.FMKN
Date/Time stamp: 18-Oct-18 12:11:51 PM
Method Modifications:
Current Method Changed: 18-Mar-24 12:09:54 PM, Old:C:\Users\Public\Documents\Agilent\Cary Eclipse WInFLR\Default.FMKN, New:C:\USERS\PUBLIC\DOCUMENTS\AGILENT\CARY ECLIPSE WINFLR\DEFAULT.FMKN
End Method Modifications

Sample E3,
Sample E3
Collection Time: 18-Mar-24 12:20:10 PM
Operator Name  :
Kinetics Software Version: 1.2(146)
Parameter List :
Report Time: Mon 18 Mar 12:20:10 PM 2024
Software version: 1.2(146)
Operator:
Instrument Parameters
Instrument                        Cary Eclipse
Instrument Serial Number          MY18160001
Data mode                         Fluorescence
Ex. wavelength (nm)               493.00
Em. wavelength (nm)               517.00
Ex. Slit (nm)                     10
Em. Slit (nm)                     10
Averaging Time (s)                0.1000
Cycle time(min)                   1.0000
Stop time(min)                    90.0000
Emission filter                   Open
Excitation Filter                 Auto
PMT voltage (V)                   700
Wellplate                         ON
Plate format                     96 Wells
Read position                    Well centre
Multi-zero                       OFF
Auto-zero                        OFF
Well                            A1
Comments:
Method Log     :
Method Name    : C:\USERS\PUBLIC\DOCUMENTS\AGILENT\CARY ECLIPSE WINFLR\DEFAULT.FMKN
Date/Time stamp: 18-Oct-18 12:11:51 PM
Method Modifications:
Current Method Changed: 18-Mar-24 12:09:54 PM, Old:C:\Users\Public\Documents\Agilent\Cary Eclipse WInFLR\Default.FMKN, New:C:\USERS\PUBLIC\DOCUMENTS\AGILENT\CARY ECLIPSE WINFLR\DEFAULT.FMKN
End Method Modifications

Sample E4,
Sample E4
Collection Time: 18-Mar-24 12:20:10 PM
Operator Name  :
Kinetics Software Version: 1.2(146)
Parameter List :
Report Time: Mon 18 Mar 12:20:10 PM 2024
Software version: 1.2(146)
Operator:
Instrument Parameters
Instrument                        Cary Eclipse
Instrument Serial Number          MY18160001
Data mode                         Fluorescence
Ex. wavelength (nm)               493.00
Em. wavelength (nm)               517.00
Ex. Slit (nm)                     10
Em. Slit (nm)                     10
Averaging Time (s)                0.1000
Cycle time(min)                   1.0000
Stop time(min)                    90.0000
Emission filter                   Open
Excitation Filter                 Auto
PMT voltage (V)                   700
Wellplate                         ON
Plate format                     96 Wells
Read position                    Well centre
Multi-zero                       OFF
Auto-zero                        OFF
Well                            A1
Comments:
Method Log     :
Method Name    : C:\USERS\PUBLIC\DOCUMENTS\AGILENT\CARY ECLIPSE WINFLR\DEFAULT.FMKN
Date/Time stamp: 18-Oct-18 12:11:51 PM
Method Modifications:
Current Method Changed: 18-Mar-24 12:09:54 PM, Old:C:\Users\Public\Documents\Agilent\Cary Eclipse WInFLR\Default.FMKN, New:C:\USERS\PUBLIC\DOCUMENTS\AGILENT\CARY ECLIPSE WINFLR\DEFAULT.FMKN
End Method Modifications

Sample E5,
Sample E5
Collection Time: 18-Mar-24 12:20:10 PM
Operator Name  :
Kinetics Software Version: 1.2(146)
Parameter List :
Report Time: Mon 18 Mar 12:20:10 PM 2024
Software version: 1.2(146)
Operator:
Instrument Parameters
Instrument                        Cary Eclipse
Instrument Serial Number          MY18160001
Data mode                         Fluorescence
Ex. wavelength (nm)               493.00
Em. wavelength (nm)               517.00
Ex. Slit (nm)                     10
Em. Slit (nm)                     10
Averaging Time (s)                0.1000
Cycle time(min)                   1.0000
Stop time(min)                    90.0000
Emission filter                   Open
Excitation Filter                 Auto
PMT voltage (V)                   700
Wellplate                         ON
Plate format                     96 Wells
Read position                    Well centre
Multi-zero                       OFF
Auto-zero                        OFF
Well                            A1
Comments:
Method Log     :
Method Name    : C:\USERS\PUBLIC\DOCUMENTS\AGILENT\CARY ECLIPSE WINFLR\DEFAULT.FMKN
Date/Time stamp: 18-Oct-18 12:11:51 PM
Method Modifications:
Current Method Changed: 18-Mar-24 12:09:54 PM, Old:C:\Users\Public\Documents\Agilent\Cary Eclipse WInFLR\Default.FMKN, New:C:\USERS\PUBLIC\DOCUMENTS\AGILENT\CARY ECLIPSE WINFLR\DEFAULT.FMKN
End Method Modifications

Sample E6,
Sample E6
Collection Time: 18-Mar-24 12:20:10 PM
Operator Name  :
Kinetics Software Version: 1.2(146)
Parameter List :
Report Time: Mon 18 Mar 12:20:10 PM 2024
Software version: 1.2(146)
Operator:
Instrument Parameters
Instrument                        Cary Eclipse
Instrument Serial Number          MY18160001
Data mode                         Fluorescence
Ex. wavelength (nm)               493.00
Em. wavelength (nm)               517.00
Ex. Slit (nm)                     10
Em. Slit (nm)                     10
Averaging Time (s)                0.1000
Cycle time(min)                   1.0000
Stop time(min)                    90.0000
Emission filter                   Open
Excitation Filter                 Auto
PMT voltage (V)                   700
Wellplate                         ON
Plate format                     96 Wells
Read position                    Well centre
Multi-zero                       OFF
Auto-zero                        OFF
Well                            A1
Comments:
Method Log     :
Method Name    : C:\USERS\PUBLIC\DOCUMENTS\AGILENT\CARY ECLIPSE WINFLR\DEFAULT.FMKN
Date/Time stamp: 18-Oct-18 12:11:51 PM
Method Modifications:
Current Method Changed: 18-Mar-24 12:09:54 PM, Old:C:\Users\Public\Documents\Agilent\Cary Eclipse WInFLR\Default.FMKN, New:C:\USERS\PUBLIC\DOCUMENTS\AGILENT\CARY ECLIPSE WINFLR\DEFAULT.FMKN
End Method Modifications

Sample F1,
Sample F1
Collection Time: 18-Mar-24 12:20:10 PM
Operator Name  :
Kinetics Software Version: 1.2(146)
Parameter List :
Report Time: Mon 18 Mar 12:20:10 PM 2024
Software version: 1.2(146)
Operator:
Instrument Parameters
Instrument                        Cary Eclipse
Instrument Serial Number          MY18160001
Data mode                         Fluorescence
Ex. wavelength (nm)               493.00
Em. wavelength (nm)               517.00
Ex. Slit (nm)                     10
Em. Slit (nm)                     10
Averaging Time (s)                0.1000
Cycle time(min)                   1.0000
Stop time(min)                    90.0000
Emission filter                   Open
Excitation Filter                 Auto
PMT voltage (V)                   700
Wellplate                         ON
Plate format                     96 Wells
Read position                    Well centre
Multi-zero                       OFF
Auto-zero                        OFF
Well                            A1
Comments:
Method Log     :
Method Name    : C:\USERS\PUBLIC\DOCUMENTS\AGILENT\CARY ECLIPSE WINFLR\DEFAULT.FMKN
Date/Time stamp: 18-Oct-18 12:11:51 PM
Method Modifications:
Current Method Changed: 18-Mar-24 12:09:54 PM, Old:C:\Users\Public\Documents\Agilent\Cary Eclipse WInFLR\Default.FMKN, New:C:\USERS\PUBLIC\DOCUMENTS\AGILENT\CARY ECLIPSE WINFLR\DEFAULT.FMKN
End Method Modifications

Sample F2,
Sample F2
Collection Time: 18-Mar-24 12:20:10 PM
Operator Name  :
Kinetics Software Version: 1.2(146)
Parameter List :
Report Time: Mon 18 Mar 12:20:10 PM 2024
Software version: 1.2(146)
Operator:
Instrument Parameters
Instrument                        Cary Eclipse
Instrument Serial Number          MY18160001
Data mode                         Fluorescence
Ex. wavelength (nm)               493.00
Em. wavelength (nm)               517.00
Ex. Slit (nm)                     10
Em. Slit (nm)                     10
Averaging Time (s)                0.1000
Cycle time(min)                   1.0000
Stop time(min)                    90.0000
Emission filter                   Open
Excitation Filter                 Auto
PMT voltage (V)                   700
Wellplate                         ON
Plate format                     96 Wells
Read position                    Well centre
Multi-zero                       OFF
Auto-zero                        OFF
Well                            A1
Comments:
Method Log     :
Method Name    : C:\USERS\PUBLIC\DOCUMENTS\AGILENT\CARY ECLIPSE WINFLR\DEFAULT.FMKN
Date/Time stamp: 18-Oct-18 12:11:51 PM
Method Modifications:
Current Method Changed: 18-Mar-24 12:09:54 PM, Old:C:\Users\Public\Documents\Agilent\Cary Eclipse WInFLR\Default.FMKN, New:C:\USERS\PUBLIC\DOCUMENTS\AGILENT\CARY ECLIPSE WINFLR\DEFAULT.FMKN
End Method Modifications

Sample F3,
Sample F3
Collection Time: 18-Mar-24 12:20:10 PM
Operator Name  :
Kinetics Software Version: 1.2(146)
Parameter List :
Report Time: Mon 18 Mar 12:20:10 PM 2024
Software version: 1.2(146)
Operator:
Instrument Parameters
Instrument                        Cary Eclipse
Instrument Serial Number          MY18160001
Data mode                         Fluorescence
Ex. wavelength (nm)               493.00
Em. wavelength (nm)               517.00
Ex. Slit (nm)                     10
Em. Slit (nm)                     10
Averaging Time (s)                0.1000
Cycle time(min)                   1.0000
Stop time(min)                    90.0000
Emission filter                   Open
Excitation Filter                 Auto
PMT voltage (V)                   700
Wellplate                         ON
Plate format                     96 Wells
Read position                    Well centre
Multi-zero                       OFF
Auto-zero                        OFF
Well                            A1
Comments:
Method Log     :
Method Name    : C:\USERS\PUBLIC\DOCUMENTS\AGILENT\CARY ECLIPSE WINFLR\DEFAULT.FMKN
Date/Time stamp: 18-Oct-18 12:11:51 PM
Method Modifications:
Current Method Changed: 18-Mar-24 12:09:54 PM, Old:C:\Users\Public\Documents\Agilent\Cary Eclipse WInFLR\Default.FMKN, New:C:\USERS\PUBLIC\DOCUMENTS\AGILENT\CARY ECLIPSE WINFLR\DEFAULT.FMKN
End Method Modifications

Sample F4,
Sample F4
Collection Time: 18-Mar-24 12:20:10 PM
Operator Name  :
Kinetics Software Version: 1.2(146)
Parameter List :
Report Time: Mon 18 Mar 12:20:10 PM 2024
Software version: 1.2(146)
Operator:
Instrument Parameters
Instrument                        Cary Eclipse
Instrument Serial Number          MY18160001
Data mode                         Fluorescence
Ex. wavelength (nm)               493.00
Em. wavelength (nm)               517.00
Ex. Slit (nm)                     10
Em. Slit (nm)                     10
Averaging Time (s)                0.1000
Cycle time(min)                   1.0000
Stop time(min)                    90.0000
Emission filter                   Open
Excitation Filter                 Auto
PMT voltage (V)                   700
Wellplate                         ON
Plate format                     96 Wells
Read position                    Well centre
Multi-zero                       OFF
Auto-zero                        OFF
Well                            A1
Comments:
Method Log     :
Method Name    : C:\USERS\PUBLIC\DOCUMENTS\AGILENT\CARY ECLIPSE WINFLR\DEFAULT.FMKN
Date/Time stamp: 18-Oct-18 12:11:51 PM
Method Modifications:
Current Method Changed: 18-Mar-24 12:09:54 PM, Old:C:\Users\Public\Documents\Agilent\Cary Eclipse WInFLR\Default.FMKN, New:C:\USERS\PUBLIC\DOCUMENTS\AGILENT\CARY ECLIPSE WINFLR\DEFAULT.FMKN
End Method Modifications

Sample F5,
Sample F5
Collection Time: 18-Mar-24 12:20:10 PM
Operator Name  :
Kinetics Software Version: 1.2(146)
Parameter List :
Report Time: Mon 18 Mar 12:20:10 PM 2024
Software version: 1.2(146)
Operator:
Instrument Parameters
Instrument                        Cary Eclipse
Instrument Serial Number          MY18160001
Data mode                         Fluorescence
Ex. wavelength (nm)               493.00
Em. wavelength (nm)               517.00
Ex. Slit (nm)                     10
Em. Slit (nm)                     10
Averaging Time (s)                0.1000
Cycle time(min)                   1.0000
Stop time(min)                    90.0000
Emission filter                   Open
Excitation Filter                 Auto
PMT voltage (V)                   700
Wellplate                         ON
Plate format                     96 Wells
Read position                    Well centre
Multi-zero                       OFF
Auto-zero                        OFF
Well                            A1
Comments:
Method Log     :
Method Name    : C:\USERS\PUBLIC\DOCUMENTS\AGILENT\CARY ECLIPSE WINFLR\DEFAULT.FMKN
Date/Time stamp: 18-Oct-18 12:11:51 PM
Method Modifications:
Current Method Changed: 18-Mar-24 12:09:54 PM, Old:C:\Users\Public\Documents\Agilent\Cary Eclipse WInFLR\Default.FMKN, New:C:\USERS\PUBLIC\DOCUMENTS\AGILENT\CARY ECLIPSE WINFLR\DEFAULT.FMKN
End Method Modifications

Sample F6,
Sample F6
Collection Time: 18-Mar-24 12:20:10 PM
Operator Name  :
Kinetics Software Version: 1.2(146)
Parameter List :
Report Time: Mon 18 Mar 12:20:10 PM 2024
Software version: 1.2(146)
Operator:
Instrument Parameters
Instrument                        Cary Eclipse
Instrument Serial Number          MY18160001
Data mode                         Fluorescence
Ex. wavelength (nm)               493.00
Em. wavelength (nm)               517.00
Ex. Slit (nm)                     10
Em. Slit (nm)                     10
Averaging Time (s)                0.1000
Cycle time(min)                   1.0000
Stop time(min)                    90.0000
Emission filter                   Open
Excitation Filter                 Auto
PMT voltage (V)                   700
Wellplate                         ON
Plate format                     96 Wells
Read position                    Well centre
Multi-zero                       OFF
Auto-zero                        OFF
Well                            A1
Comments:
Method Log     :
Method Name    : C:\USERS\PUBLIC\DOCUMENTS\AGILENT\CARY ECLIPSE WINFLR\DEFAULT.FMKN
Date/Time stamp: 18-Oct-18 12:11:51 PM
Method Modifications:
Current Method Changed: 18-Mar-24 12:09:54 PM, Old:C:\Users\Public\Documents\Agilent\Cary Eclipse WInFLR\Default.FMKN, New:C:\USERS\PUBLIC\DOCUMENTS\AGILENT\CARY ECLIPSE WINFLR\DEFAULT.FMKN
End Method Modifications

