,Batch,Condition,FFT Average,FFT Average (smoothed),Spacing / nm,Transform
0,1,1,22.59978648262539,18.59612137489789,13.647929335204408,8
1,1,1,15.855014553451303,19.325200347172085,12.794933751754133,8
2,1,1,17.54045917062326,19.496248680681077,12.042290589886242,8
3,1,1,25.005635288816475,19.669733885996077,11.373274446003673,8
4,1,1,25.243734088238305,19.795657993565218,10.774681054108743,8
5,1,1,23.365512291500256,20.586594692875046,10.235947001403307,8
6,1,1,12.693005457672616,21.462584024380416,9.748520953717435,8
7,1,1,33.172161705483155,20.506650165029583,9.305406364912097,8
8,1,1,20.83434055175251,21.6029106905087,8.900823479481137,8
9,1,1,18.923771880821235,22.05898936247131,8.529955834502756,8
10,1,1,25.480221965930273,21.60250010837358,8.188757601122646,8
11,1,1,12.94530663360722,21.883058494264983,7.873805385694851,8
12,1,1,23.21950360802777,21.005378507990603,7.582182964002449,8
13,1,1,26.068392124551185,21.674877512952097,7.311390715288076,8
14,1,1,15.295287163490348,22.450144145127364,7.059273794071246,8
15,1,1,19.005975345503497,21.56738522464317,6.823964667602204,8
16,1,1,24.7973468509373,21.000316248030916,6.603836775098907,8
17,1,1,23.839213500720696,21.130483026161553,6.3974668758770665,8
18,1,1,31.2789784574061,22.14377466643865,6.203604243274731,8
19,1,1,29.656188512763265,21.97166709843165,6.021145294943121,8
20,1,1,22.801500932378705,22.77365327670535,5.849112572230461,8
21,1,1,33.54169703394414,23.126174099574214,5.686637223001837,8
22,1,1,38.064940697537004,23.859035469393657,5.532944325082869,8
23,1,1,37.63192754945634,26.142638566114545,5.387340527054372,8
24,1,1,20.361642235554832,27.452858924426234,5.249203590463234,8
25,1,1,26.032962048543407,26.934063479972018,5.117973500701654,8
26,1,1,20.641757571395143,27.91021574224957,4.99314487873332,8
27,1,1,43.68861453729848,28.05892321733063,4.874260476858717,8
28,1,1,34.48362034315152,29.77631118881801,4.76090558204805,8
29,1,1,34.379490595712106,30.743984538129897,4.652703182456048,8
30,1,1,29.732333002700095,31.025849277975905,4.5493097784014696,8
31,1,1,27.215834224844496,31.0327715043338,4.450411739740568,8
32,1,1,14.845932911794511,31.4340745309216,4.355722128256726,8
33,1,1,14.407199882635135,29.734459610726176,4.264977917251378,8
34,1,1,28.767629991819298,27.583755900280554,4.177937551593186,8
35,1,1,22.35863117285777,26.777910667768094,4.094378800561323,8
36,1,1,16.385900551274325,26.959455116613814,4.014096863295414,8
37,1,1,14.965270128010491,26.082449525952985,3.9369026928474256,8
38,1,1,19.452862265981565,25.566405212918017,3.8626215099635117,8
39,1,1,15.389877870547968,23.363155006434667,3.7910914820012245,8
40,1,1,14.475585249804482,21.627360236197976,3.7221625459648386,8
41,1,1,12.978375764729552,19.817914295660923,3.655695357644038,8
42,1,1,18.02342008759667,18.294827274027234,3.5915603513695813,8
43,1,1,13.822862671391642,17.45915326155016,3.529636897035623,8
44,1,1,13.033688044380877,17.36614687605899,3.4698125428485787,8
45,1,1,12.215276551693481,17.24128216349042,3.411982333801102,8
46,1,1,17.81752603345728,15.73652275984262,3.356048197181412,8
47,1,1,11.692192687972563,15.323695019897121,3.3019183875494535,8
48,1,1,14.408749682299657,14.896994305051505,3.2495069845724784,8
49,1,1,18.58801888766538,14.846401537259613,3.1987334379385333,8
50,1,1,14.08054007091096,14.767779411958143,3.1495221542779404,8
51,1,1,14.128432816059606,14.648748702900233,3.1018021216373657,8
52,1,1,10.968414509980594,14.617189390741606,3.0555065675830764,8
53,1,1,12.971950315258805,14.434465640309885,3.0105726474715606,8
54,1,1,11.133602854823428,13.975241115551894,2.966941159827045,8
55,1,1,13.898512587455349,13.73076295040933,2.9245562861152306,8
56,1,1,9.440628656147204,13.8093833634161,2.8833653525079734,8
57,1,1,12.897693389276492,13.557142645639164,2.8433186115009184,8
58,1,1,13.799807838403904,13.10988513253182,2.804369041480358,8
59,1,1,12.285162304955806,13.30148650984376,2.7664721625414344,8
60,1,1,14.942974266093671,13.10843311190341,2.729585867040882,8
61,1,1,14.258753470138412,12.77706541903326,2.693670263527186,8
62,1,1,14.100364691081179,12.793266637144843,2.658687532832028,8
63,1,1,14.307382597182023,12.79071498941953,2.624601795231617,8
64,1,1,14.85464792911668,13.09425754280148,2.5913789876970394,8
65,1,1,15.832938275192385,13.265411871334011,2.558986750350827,8
66,1,1,16.84545910259572,13.692624182276647,2.5273943213341497,8
67,1,1,12.295621823790741,13.960528410925773,2.49657243936666,8
68,1,1,10.766028885846623,14.220073244347912,2.4664932533501944,8
69,1,1,11.35644174394027,14.026285562217925,2.4371302384293587,8
70,1,1,13.620807394385972,13.80416137181214,2.4084581179772484,8
71,1,1,12.765012575938744,13.925583652669427,2.380452791024025,8
72,1,1,12.738648736800126,13.727587135382613,2.3530912646904154,8
73,1,1,12.074929935787136,13.589395795988223,2.326351591228024,8
74,1,1,12.60667517542339,13.405265363688766,2.3002128093041136,8
75,1,1,13.325522773470658,13.250655598074344,2.2746548892007348,8
76,1,1,9.97662204255829,13.111644220288342,2.2496586816271003,8
77,1,1,10.911096202676777,12.579251835503426,2.225205869870284,8
78,1,1,16.86369825915262,12.039764299147157,2.201278925032969,8
79,1,1,13.988692850111281,12.455043975089147,2.177861064128363,8
80,1,1,14.774195534538501,12.748013426385933,2.1549362108217487,8
81,1,1,11.885186170877548,13.058718316440318,2.132488958625689,8
82,1,1,11.428591768046243,12.900934568848642,2.1105045363718156,8
83,1,1,13.110424444436173,12.779441768131141,2.088968775796593,8
84,1,1,12.291794108618761,12.81323955973442,2.0678680810915773,8
85,1,1,13.628359624866352,12.832954484537298,2.0471894002806614,8
86,1,1,12.139446477958145,12.925834889032114,2.0269201982976845,8
87,1,1,10.703669625526864,12.818009771258248,2.007048431647707,8
88,1,1,10.715864920851773,12.88410500607357,1.9875625245443314,8
89,1,1,12.576357317794201,12.86635670772584,1.9684513464237128,8
90,1,1,13.16414877853264,12.47659844032962,1.9497041907434869,8
91,1,1,14.414704557379697,12.401639888367926,1.9313107549817559,8
92,1,1,10.364550720152023,12.3689588904444,1.9132611217576274,8
93,1,1,14.82755663776273,12.230719304014805,1.8955457410006122,8
94,1,1,12.209694002395915,12.53971611035267,1.8781554131015241,8
95,1,1,16.807011645376573,12.457831524712645,1.8610812729824193,8
96,1,1,14.330644343010778,12.868305846236082,1.8443147750276228,8
97,1,1,13.224911177721967,12.932149911521941,1.827847678822019,8
98,1,1,14.79000118702542,13.030828520591378,1.811672035646603,8
99,1,1,13.745481503522893,13.402313208000338,1.7957801756847906,8
100,1,1,13.955121505532148,13.677732897334074,1.7801646958962272,8
101,1,1,11.048797211829097,13.803075096219345,1.7648184485178116,8
102,1,1,12.644487256260868,13.610770408337203,1.7497345301544114,8
103,1,1,15.851064151593889,13.449841562780945,1.7349062714242893,8
104,1,1,10.788253797949775,13.948615511093841,1.7203272271266061,8
105,1,1,18.20953128171636,13.581406162019938,1.705991166900551,8
106,1,1,9.930306002796254,14.12684591468543,1.691892066347654,8
107,1,1,14.246443302256168,13.50169085626904,1.678024098590706,8
108,1,1,12.102783456219129,13.49403621620044,1.66438162624444,8
109,1,1,11.475891756061767,13.392024605154727,1.6509591937747268,8
110,1,1,14.353301646939354,13.090741929612578,1.637751520224529,8
111,1,1,14.733624315259423,13.145998306286799,1.6247534922862392,8
112,1,1,13.26471927953921,13.21677128898928,1.611960157701308,8
113,1,1,11.165020809131649,13.4182187496902,1.5993667189692666,8
114,1,1,10.799499447775839,13.283721799951179,1.58696852734935,8
115,1,1,12.261058523785374,12.824488645058631,1.5747610771389702,8
116,1,1,13.469418825642444,12.958379983770955,1.5627400002142453,8
117,1,1,10.541563383532026,12.527460669582421,1.5509010608186828,8
118,1,1,15.696385611144496,12.583029522376581,1.5392401505869633,8
119,1,1,9.960183640904662,12.714842459548247,1.5277532837915382,8
120,1,1,13.1403388111305,12.520060658156023,1.51643659280049,8
121,1,1,11.551855706709183,12.671374026798635,1.5052863237357803,8
122,1,1,10.644867189571954,12.416697123141345,1.4942988323216506,8
123,1,1,11.76717926342404,12.04499192989703,1.4834705799135226,8
124,1,1,12.377774184671186,11.908851928432016,1.4727981296983175,8
125,1,1,13.578898544918767,12.019102235299245,1.4622781430576153,8
126,1,1,15.085413543834369,12.271774880494059,1.4519073760855754,8
127,1,1,11.188501621471499,12.52853442777124,1.4416826762539867,8
128,1,1,12.377111549501937,12.32117831830115,1.4316009792172457,8
129,1,1,13.956460895888048,12.488046333389326,1.4216593057504592,8
130,1,1,16.113761011397212,12.329871359275103,1.4118547588142492,8
131,1,1,13.915975018416054,12.889287483865333,1.402184520740179,8
132,1,1,11.361826992593533,12.95979986634584,1.3926458505310622,8
133,1,1,13.438342667719217,12.942524528698964,1.3832360812707172,8
134,1,1,12.737356220781354,13.196476844894166,1.3739526176380277,8
135,1,1,12.97689252268059,13.284674750108469,1.364792933520441,8
136,1,1,12.427663438690228,13.33914005356387,1.3557545697222921,8
137,1,1,17.240365523072214,13.234482316634,1.346835131763593,8
138,1,1,12.518711436246317,13.43038704201926,1.338032287765138,8
139,1,1,14.707042335109517,13.551315206998789,1.329343766416014,8
140,1,1,12.182109935038728,13.763127096599481,1.3207673550197814,8
141,1,1,14.387869834301625,13.601822463794997,1.3123008976158086,8
142,1,1,15.567341322861306,13.444923265877218,1.3039422931723956,8
143,1,1,11.863108821788824,13.595047475372239,1.2956894938485197,8
144,1,1,14.08483640246638,13.64061855075363,1.2875405033211706,8
145,1,1,12.243652224168507,13.699390708457917,1.2794933751754134,8
146,1,1,12.625334469674169,13.654508526947659,1.271546211354448,8
147,1,1,16.797082801347777,13.622548703947073,1.2636971606670748,8
148,1,1,15.407706777330654,14.01976864600685,1.2559444173500989,8
149,1,1,15.121776843185785,13.853163305484891,1.24828621968333,8
150,1,1,14.726793350162529,14.08980561520666,1.2407208486549461,8
151,1,1,13.694325671383172,14.091601162029662,1.2332466266750972,8
152,1,1,13.866029760188294,14.229075319879156,1.2258619163357254,8
153,1,1,10.76511601576702,14.181635313141584,1.2185651192146794,8
154,1,1,14.593994388687031,13.745069376133012,1.2113546747222848,8
155,1,1,13.174249759584772,13.993331700396483,1.2042290589886242,8
156,1,1,10.473578501831003,13.910551096498155,1.1971867837898604,8
157,1,1,11.758142457975863,13.749635303558385,1.1902263955120125,8
158,1,1,13.634347844872313,13.670799666131266,1.1833464741506712,8
159,1,1,11.704240911083783,13.383278306451674,1.1765456323452077,8
160,1,1,16.65205497466776,13.046599591338326,1.169822514446092,8
161,1,1,12.023613545543625,13.18571578510941,1.163175795614012,8
162,1,1,14.556358736826946,12.939972166507692,1.1566041809495262,8
163,1,1,13.354614119450181,13.018338808820767,1.1501064046520568,8
164,1,1,10.906936859797836,12.971846477844572,1.1436812292070733,8
0,2,1,24.181476478543892,19.139833502811197,12.745948631927652,2
1,2,1,17.405739189512833,19.688448769346255,11.949326842432173,2
2,2,1,22.133723897032485,19.336412338863735,11.246425263465575,2
3,2,1,17.27497842585349,19.949296678038966,10.62162385993971,2
4,2,1,18.788729129234895,19.906165405689595,10.062591025206041,2
5,2,1,20.894355618357764,20.213314122380652,9.559461473945738,2
6,2,1,26.315803700934914,20.516321565374554,9.104249022805465,2
7,2,1,22.174432273207053,21.19801008095017,8.690419521768852,2
8,2,1,24.33803916929387,21.6044573611288,8.312575194735425,2
9,2,1,20.87321996382745,21.2504082920359,7.966217894954782,2
10,2,1,29.6470838816318,21.55612957337161,7.647569179156591,2
11,2,1,36.46794091538594,22.184325611584583,7.353431903035183,2
12,2,1,38.16182706781801,23.301276924024773,7.0810825732931395,2
13,2,1,30.99343192393163,25.188194003870695,6.828186767104099,2
14,2,1,18.90510140022074,25.993622006316073,6.592732050997061,2
15,2,1,17.89745732388196,26.141815003985823,6.372974315963826,2
16,2,1,31.03850078950498,26.060790294408285,6.1673944993198315,2
17,2,1,19.69838486963141,26.982985309967116,5.9746634212160865,2
18,2,1,29.02803869402153,26.381401779848616,5.793613014512569,2
19,2,1,25.554131593440907,27.00445690901357,5.6232126317327875,2
20,2,1,25.576493804851378,27.11501076575421,5.462549413683279,2
21,2,1,16.147853385693573,27.54258111493821,5.310811929969855,2
22,2,1,15.694835823850951,26.315378342580185,5.167276472403102,2
23,2,1,17.843436439395163,24.42691424334973,5.0312955126030205,2
24,2,1,15.480237585924659,22.579787822584017,4.902287935356789,2
25,2,1,18.208915901255462,21.16949742821975,4.779730736972869,2
26,2,1,21.180216737828324,21.106207837404725,4.663151938510116,2
27,2,1,16.346568627788635,21.404640511399847,4.552124511402733,2
28,2,1,12.078493765402158,20.069010314880185,4.446261150672436,2
29,2,1,19.286055823254998,19.37629294176843,4.345209760884426,2
30,2,1,14.087543388318533,18.490658135335106,4.248649543975883,2
31,2,1,14.238297222226995,17.44824102577853,4.1562875973677125,2
32,2,1,18.242187078823907,16.417495881903587,4.067855946359889,2
33,2,1,13.227188029495114,16.607889854006345,3.983108947477391,2
34,2,1,15.477765738078128,16.383558236337635,3.9018210097737707,2
35,2,1,14.65306405493548,16.16849726349063,3.8237845895782954,2
36,2,1,18.27830304843958,16.09329966976434,3.7488084211551915,2
37,2,1,14.213983435596834,16.09960759223562,3.6767159515175916,2
38,2,1,18.994671814217092,15.466313655669124,3.607343952432354,2
39,2,1,17.023629642776612,15.707050308980804,3.5405412866465698,2
40,2,1,15.965170817564754,16.156608116014844,3.476167808707541,2
41,2,1,16.85804054976308,15.85470947913391,3.4140933835520495,2
42,2,1,19.365475527238623,16.106572857447052,3.3541970084020134,2
43,2,1,18.344770603023637,16.572679976084473,3.2963660254985303,2
44,2,1,20.393325613010667,16.58200575101172,3.2404954148968605,2
45,2,1,13.979999923550967,17.23347280405859,3.186487157981913,2
46,2,1,19.994459613547455,17.09731227546521,3.1342496635887667,2
47,2,1,15.206880674997635,17.582893689884482,3.0836972496599158,2
48,2,1,14.628522377110121,17.303673474117033,3.0347496742684883,2
49,2,1,14.03326399714803,17.341358832436423,2.9873317106080433,2
50,2,1,11.79826384350866,16.890321758157416,2.9413727612140734,2
51,2,1,12.995884421467565,16.415288503678514,2.8968065072562843,2
52,2,1,15.058319655970902,16.145353376760585,2.853570589237534,2
53,2,1,17.271639195236503,15.981742386415844,2.8116063158663938,2
54,2,1,12.969655381949034,15.791393628961105,2.7708583982451414,2
55,2,1,15.238286142051871,15.302746790681594,2.7312747068416394,2
56,2,1,15.067640579822875,14.834106838776249,2.6928060489987997,2
57,2,1,13.263818350433121,14.932983262073693,2.6554059649849275,2
58,2,1,15.821839206065201,14.321106783608757,2.6190305408070516,2
59,2,1,14.29950153193567,14.377012104614899,2.583638236201551,2
60,2,1,14.965422890470574,14.34710111868995,2.54918972638553,2
61,2,1,18.655328447845797,14.431842836264725,2.5156477563015103,2
62,2,1,11.956524305069323,15.055212345749919,2.4829770062196723,2
63,2,1,16.059070297219353,14.960725062440991,2.4511439676783944,2
64,2,1,13.585579759589937,15.051702393463575,2.4201168288470223,2
65,2,1,17.18915366945329,14.716606081132069,2.3898653684864346,2
66,2,1,16.37377494240321,15.100196834541547,2.36036085776438,2
67,2,1,10.520691867444237,15.203423089118939,2.331575969255058,2
68,2,1,12.36244106183892,14.790064115266336,2.3034846925170456,2
69,2,1,12.833279277225852,14.708120725394137,2.2760622557013663,2
70,2,1,11.396607103173604,14.436433459136014,2.2492850526931147,2
71,2,1,9.705912166545291,14.172533965612189,2.223130575336218,2
72,2,1,11.51180579064621,13.694396627073528,2.1975773503323537,2
73,2,1,14.412046411747095,13.044985476419022,2.172604880442213,2
74,2,1,15.192839280362273,13.268214758844273,2.148193589650728,2
75,2,1,12.98312110427535,13.189466484584539,2.1243247719879417,2
76,2,1,14.26550939718119,13.134697515919576,2.1009805437243383,2
77,2,1,12.158120394380227,12.868911672985751,2.0781437986838562,2
78,2,1,16.2293330627408,12.485670350438205,2.055798166439944,2
79,2,1,12.126775671807808,13.004637731828803,2.0339279731799444,2
80,2,1,10.894006001470185,12.983213605462339,2.012518205041208,2
81,2,1,13.581045046151335,12.806916034939094,1.9915544737386954,2
82,2,1,10.41150128179269,13.005501302482521,1.971022984318709,2
83,2,1,13.998794873490175,13.069645767505015,1.9509105048868853,2
84,2,1,14.448067092531806,13.295735684127193,1.9312043381708563,2
85,2,1,12.000552450388149,13.299010291471257,1.9118922947891477,2
86,2,1,11.087174364244822,13.008802397837247,1.892962668108067,2
87,2,1,10.068871490511304,12.836443603289014,1.8744042105775958,2
88,2,1,12.87478082617832,12.454931066319027,1.8562061114457744,2
89,2,1,16.129110979750315,12.520082014664307,1.8383579757587958,2
90,2,1,11.95878781221098,12.510970916210626,1.820849804561093,2
91,2,1,15.013214444773894,12.495699292610915,1.803671976216177,2
92,2,1,11.861421513487212,12.870172787456708,1.7868152287749044,2
93,2,1,12.884995312837907,12.713843375396333,1.7702706433232849,2
94,2,1,12.922867516175426,12.938706469127716,1.7540296282469245,2
95,2,1,10.582225241086993,12.840894891190015,1.7380839043537706,2
96,2,1,11.066135291524795,12.489454722876848,1.722425490801034,2
97,2,1,15.366602714989835,12.404507708434723,1.7070466917760247,2
98,2,1,8.795200535736479,12.793546649411542,1.6919400838842016,2
99,2,1,12.754650074122006,12.67775838079565,1.6770985042010067,2
100,2,1,13.619028338072582,12.666837403335988,1.6625150389470849,2
101,2,1,15.137175653636072,12.438648072274374,1.6481830127492652,2
102,2,1,12.501544239866586,12.727592421494837,1.634095978452263,2
103,2,1,10.05940513095001,12.499258766503266,1.6202477074484303,2
104,2,1,13.293469500802141,12.335439095363519,1.606632180495082,2
105,2,1,10.693759069373646,12.372573112451175,1.5932435789909565,2
106,2,1,12.586159460073894,12.169926890014652,1.580076276685246,2
107,2,1,9.944058238252266,12.352102728104368,1.5671248317943833,2
108,2,1,17.393712412460626,12.250095723261412,1.554383979503372,2
109,2,1,16.92522689495814,12.434378423031482,1.5418486248299579,2
110,2,1,13.347865498333466,13.173471728415269,1.529513835831318,2
111,2,1,12.440285160554968,13.227400403343585,1.5173748371342441,2
112,2,1,14.466783933464578,13.120241932660166,1.5054270037709825,2
113,2,1,9.3386274942621,13.059297230826393,1.4936658553040216,2
114,2,1,11.75991265204074,12.771759344862348,1.4820870502241454,2
115,2,1,10.87345535064762,12.926350937688778,1.4706863806070367,2
116,2,1,11.289924489315217,12.706349651311093,1.4594597670146165,2
117,2,1,9.687810186421626,12.76054650766942,1.4484032536281422,2
118,2,1,11.754456295771732,12.497060210064665,1.437513003600863,2
119,2,1,10.696166009478395,12.661641851657345,1.426785294618767,2
120,2,1,10.848237565908725,12.052773996840779,1.4162165146586279,2
121,2,1,15.96593348853375,11.50032042147265,1.4058031579331969,2
122,2,1,10.503299102354962,11.73832660239995,1.3955418210139765,2
123,2,1,11.507450807892678,11.562236960745402,1.3854291991225707,2
124,2,1,12.945610334569432,11.293206676602503,1.3754620825821207,2
125,2,1,12.647870391672246,11.621114207539533,1.3656373534208197,2
126,2,1,8.293615019497238,11.701837638415126,1.3559519821199628,2
127,2,1,11.677695883152307,11.467306699219636,1.3464030244993999,2
128,2,1,12.615286506125592,11.502558644113918,1.3369876187336698,2
129,2,1,11.64884125728085,11.768692854996097,1.3277029824924638,2
130,2,1,10.334259189349474,11.75909148786056,1.3185464101994122,2
131,2,1,11.9501731536273,11.72619086784884,1.3095152704035258,2
132,2,1,16.382371372898625,11.82636683036871,1.3006070032579236,2
133,2,1,12.113972264231776,11.864224819856428,1.2918191181007754,2
134,2,1,11.75434534467432,12.010649652754323,1.283149191133656,2
135,2,1,11.522022957613098,12.03309461064356,1.274594863192765,2
136,2,1,10.201694309797933,11.903677576374804,1.2661538376087071,2
137,2,1,12.60125831559829,11.681297932568048,1.2578238781507551,2
138,2,1,10.205822227721223,12.072901868577231,1.2496028070517304,2
139,2,1,10.898710840077335,11.939095172628953,1.2414885031098362,2
140,2,1,11.560056036792314,11.78304283935184,1.2334788998639663,2
141,2,1,12.567990356754235,11.774971455671063,1.2255719838391972,2
142,2,1,12.380403330363004,11.978037925435132,1.2177657928593297,2
143,2,1,10.70575496303795,12.017149759683832,1.2100584144235111,2
144,2,1,10.469736393521172,11.501093722423773,1.202447984144118,2
145,2,1,11.575406757548308,11.351617734177353,1.1949326842432173,2
146,2,1,10.692536259392407,11.335350589893169,1.1875107421050606,2
147,2,1,12.401403042425574,11.259942708236743,1.18018042888219,2
148,2,1,10.090566618308625,11.45991622938471,1.1729400581528513,2
149,2,1,12.210263965784169,11.231671529631106,1.165787984627529,2
150,2,1,12.404339495188193,11.413893505818645,1.1587226029025137,2
151,2,1,13.4883063523722,11.55076883810145,1.1517423462585228,2
152,2,1,12.726524660842035,11.726064321335986,1.1448456855024836,2
153,2,1,10.637124169335127,11.740476530798514,1.1380311278506832,2
154,2,1,11.171415719678635,11.581996607068705,1.1312972158515666,2
155,2,1,13.065975865813039,11.62432940312695,1.1246425263465574,2
156,2,1,13.0584046510588,11.860351173335301,1.1180656694673379,2
157,2,1,14.423931302225313,11.995169163654436,1.111565287668109,2
158,2,1,10.954249822094614,12.334386894821064,1.1051400547914147,2
159,2,1,12.805829558979266,12.202827511154613,1.0987886751661768,2
160,2,1,9.890504432875506,12.449669596670127,1.0925098827366557,2
161,2,1,12.203116977881969,12.238782366405703,1.0863024402211066,2
162,2,1,13.077678541247488,12.220489410286955,1.0801651382989534,2
163,2,1,12.98155354422251,12.183159609275616,1.074096794825364,2
164,2,1,11.72431649856686,12.206344053219299,1.0680962540721495,2
0,1,1,15.777159050788487,16.433420537357932,18.028978465405803,2
1,1,1,19.4497086182855,16.4487824410199,16.90216731131794,2
2,1,1,14.90369168648842,16.827911250333457,15.90792217535806,2
3,1,1,16.283023884247196,16.524882933923827,15.024148721171501,2
4,1,1,15.675753892103799,15.782111963553634,14.233404051636159,2
5,1,1,18.058061415085263,16.10201520393912,13.521733849054351,2
6,1,1,13.199812851168243,15.960675548586995,12.877841761004143,2
7,1,1,19.98158415559285,15.721029776364508,12.292485317322138,2
8,1,1,13.006324677036227,16.145523204285414,11.758029433960305,2
9,1,1,13.074477816473273,15.905454432814128,11.268111540878627,2
10,1,1,23.928634145411145,15.660418271619228,10.817387079243481,2
11,1,1,17.951739693953616,16.6671120175164,10.40133373004181,2
12,1,1,13.216610001269895,16.864801166895045,10.016099147447667,2
13,1,1,17.195975264591574,16.29815583807545,9.658381320753108,2
14,1,1,20.645739473927808,16.50654525426664,9.325333689003001,2
15,1,1,15.347418929465352,16.903155762419427,9.014489232702902,2
16,1,1,21.213488084219946,16.873307129452296,8.72369925745442,2
17,1,1,12.061557801843776,17.16016409937363,8.45108365565897,2
18,1,1,22.1294186199445,17.056686367616862,8.194990211548092,2
19,1,1,25.48303736964153,17.251944046194282,7.95396108767903,2
20,1,1,17.728965131477345,18.386190654612946,7.726705056602486,2
21,1,1,22.39377460328664,18.80932586506786,7.512074360585751,2
22,1,1,16.202432511605657,18.66979317942018,7.309045323813163,2
23,1,1,18.768606614376804,18.510765253752183,7.116702025818079,2
24,1,1,22.559922711906868,19.015492218580082,6.934222486694539,2
25,1,1,14.96267805817852,19.503123804699655,6.760866924527176,2
26,1,1,18.314505149264487,18.986481857813356,6.5959677312460245,2
27,1,1,17.173265221867943,19.256216968704187,6.438920880502072,2
28,1,1,23.672187877288454,18.888923981217644,6.289178534443884,2
29,1,1,16.553654437365182,19.944435806258067,6.146242658661069,2
30,1,1,21.780715849625928,19.437548153296312,6.009659488468601,2
31,1,1,15.718364131517816,19.10097346965853,5.879014716980152,2
32,1,1,21.754096748508324,18.918191560571298,5.753929297469937,2
33,1,1,21.841391783199164,18.860039028318724,5.634055770439313,2
34,1,1,22.278587562654664,19.372671689372677,5.519075040430347,2
35,1,1,36.451643403034986,19.69176086648885,5.408693539621741,2
36,1,1,12.601006256841965,20.95464456568231,5.302640725119353,2
37,1,1,22.028664808958233,20.739947129197176,5.200666865020905,2
38,1,1,22.522987664049815,21.077598007351153,5.10254107511485,2
39,1,1,14.841453449978298,21.563936411185868,5.0080495737238335,2
40,1,1,29.015587626868033,20.761142372339492,4.916994126928855,2
41,1,1,49.72164804179903,21.894045389567022,4.829190660376554,2
42,1,1,24.67207248416793,24.434130134310035,4.7444680172120535,2
43,1,1,15.718486316361872,25.24810362091459,4.6626668445015005,2
44,1,1,19.81606521045658,24.69941176344673,4.5836385928997805,2
45,1,1,11.987847524230167,24.515291165924676,4.507244616351451,2
46,1,1,16.067499608556325,23.579769344249716,4.433355360345689,2
47,1,1,32.454724141784425,21.726665362933474,4.36184962872721,2
48,1,1,24.204192295951785,23.531548807019156,4.2926139203347145,2
49,1,1,26.075590707265626,23.729324033109478,4.225541827829485,2
50,1,1,42.4571162853581,24.052287946129095,4.160533492016723,2
51,1,1,17.260225748134342,26.562802749345447,4.097495105774046,2
52,1,1,14.090926197896826,25.494133487642383,4.0363384624042835,2
53,1,1,14.239523132300206,22.254976956378542,3.976980543839515,2
54,1,1,19.530584784646816,21.306563378936023,3.919343144653435,2
55,1,1,15.99401075608479,21.653117785143742,3.863352528301243,2
56,1,1,22.30055843684126,21.305658289291763,3.8089391124096763,2
57,1,1,16.651780644091318,22.243177463165498,3.7560371802928754,2
58,1,1,17.839779252721577,22.29629392094141,3.7045846161792744,2
59,1,1,15.667865404309882,20.96766256739024,3.6545226619065816,2
60,1,1,16.178433683694518,20.191632849968247,3.60579569308116,2
61,1,1,9.714117025830042,19.291891302370875,3.5583510129090397,2
62,1,1,16.955575096780755,16.31525500605014,3.512138662092039,2
63,1,1,15.597227524569238,16.287559492290725,3.4671112433472695,2
64,1,1,16.49028927403912,16.424495976533674,3.4232237592542663,2
65,1,1,15.275210707475125,16.62911108032812,3.380433462263588,2
66,1,1,13.182095084125844,16.24225889149433,3.3386997158158893,2
67,1,1,16.256607853516236,15.98663019404352,3.2979838656230123,2
68,1,1,14.154734101195482,15.43718014101397,3.2582491202540607,2
69,1,1,17.431557868402063,15.21017590984162,3.219460440251036,2
70,1,1,15.314119100242152,15.173064874903481,3.181584435071612,2
71,1,1,10.2440387152879,15.140906119988234,3.144589267221942,2
72,1,1,16.307667640873415,14.601415668314905,3.1084445630010005,2
73,1,1,16.5715216952591,15.200829360591577,3.0731213293305344,2
74,1,1,13.149998945620471,15.165915414998699,3.038591876191989,2
75,1,1,12.965950966024636,14.943440089639717,3.0048297442343004,2
76,1,1,14.489849029428873,14.62304569800204,2.9718096371548026,2
77,1,1,14.35339170713107,14.551649181816016,2.939507358490076,2
78,1,1,14.837817534221553,14.658130692998311,2.9078997524848065,2
79,1,1,14.917875665743594,14.52914975488061,2.8769646487349685,2
80,1,1,14.889242785106012,14.59852626074862,2.8466808103272316,2
81,1,1,13.193995489565149,14.367406707721706,2.8170278852196566,2
82,1,1,11.125548136397644,14.17466819766016,2.787986360629763,2
83,1,1,16.12629547477453,14.254805417761046,2.7595375202151735,2
84,1,1,20.402329120510878,14.238317039024786,2.731663403849364,2
85,1,1,13.322134387814634,14.58657225950222,2.7043467698108703,2
86,1,1,16.052442520516117,14.602220936065324,2.677571059218683,2
87,1,1,19.40799225121104,14.88281107738273,2.6513203625596766,2
88,1,1,21.82992397119602,15.329915006635655,2.6255793881658933,2
89,1,1,20.7560377358164,16.009599757914284,2.6003334325104523,2
90,1,1,12.310358530507623,16.547619776241092,2.5755683522008286,2
91,1,1,15.098841090875089,16.31057276394691,2.551270537557425,2
92,1,1,14.76297574283862,16.329627155380464,2.5274268876737107,2
93,1,1,16.7710261914687,16.47226172385987,2.5040247868619168,2
94,1,1,13.376099254226029,16.985487001593604,2.4810520823952937,2
95,1,1,12.28750069988239,16.735469163361923,2.4584970634644274,2
96,1,1,16.190475320524925,15.997757488759333,2.436348441271054,2
97,1,1,20.9904431671582,16.258515755369363,2.414595330188277,2
98,1,1,15.643465492699283,16.707424905064094,2.393227229921124,2
99,1,1,13.460366067433196,16.365195199744843,2.3722340086060267,2
100,1,1,17.302539442289035,15.60432629940277,2.3516058867920613,2
101,1,1,16.178578621389004,15.290371909082099,2.3313334222507502,2
102,1,1,16.84340106308793,15.642028280980405,2.3114074955648465,2
103,1,1,11.214895812075719,15.800624642090662,2.2918192964498902,2
104,1,1,18.884456577623766,15.478071921112218,2.2725603107654373,2
105,1,1,14.577837670202594,15.670201956217227,2.2536223081757254,2
106,1,1,13.5620004170918,15.779450903124184,2.234997330422207,2
107,1,1,17.072817383370843,15.89531451377959,2.2166776801728445,2
108,1,1,13.380131424913094,15.975527428583762,2.198655910415342,2
109,1,1,12.637683110335157,15.283680906561479,2.180924814363605,2
110,1,1,11.987931160154515,15.010427962710194,2.1634774158486962,2
111,1,1,14.045662275970628,14.876570243866679,2.1463069601673572,2
112,1,1,12.142362842092584,14.580490501474095,2.12940690536289,2
113,1,1,14.20244257503937,14.21356179426533,2.1127709139147424,2
114,1,1,19.30644848224548,13.973474658988188,2.0963928448146283,2
115,1,1,14.025322332994737,14.70907035627635,2.0802667460083617,2
116,1,1,13.261817278240605,14.26733087949189,2.0643868471838704,2
117,1,1,11.839379906009837,14.1476926620408,2.048747552887023,2
118,1,1,14.982637975368798,13.991090797396987,2.033343435948023,2
119,1,1,18.01573079831377,13.801074487578616,2.0181692312021418,2
120,1,1,17.459053634615483,14.222492612433227,2.0032198294895336,2
121,1,1,15.497406570214451,14.660799023731437,1.9884902719197575,2
122,1,1,12.00980649767643,14.979842242827795,1.9739757443874966,2
123,1,1,12.897404072058972,14.794764444801048,1.9596715723267175,2
124,1,1,12.087488355262508,14.863404556616176,1.9455732156912735,2
125,1,1,14.939815100274847,14.671135991181917,1.9316762641506215,2
126,1,1,10.715701136307855,14.274169320093677,1.9179764324899788,2
127,1,1,13.160672966884906,13.973294665849414,1.9044695562048382,2
128,1,1,17.81004873570293,13.96409972845344,1.8911515872803288,2
129,1,1,12.707663568143689,14.506887803880085,1.8780185901464377,2
130,1,1,13.434486543868712,14.300071948677804,1.8650667378006,2
131,1,1,14.646614815029574,13.883595198273706,1.8522923080896372,2
132,1,1,12.742061388043908,13.627918941947714,1.839691680143449,2
133,1,1,13.959581386139376,13.37743301629585,1.8272613309532908,2
134,1,1,14.965052250573304,13.55468527888339,1.8149978320878324,2
135,1,1,16.15884039505115,13.742653295111966,1.80289784654058,2
136,1,1,15.379191189211307,14.112776207820025,1.790958125702563,2
137,1,1,12.907244793394899,14.15271948863243,1.7791755064545198,2
138,1,1,12.995678939442957,14.351950730185797,1.767546908373118,2
139,1,1,14.528618047701926,14.33695127314562,1.7560693310460196,2
140,1,1,9.750261404830379,14.038639392418258,1.744739851490884,2
141,1,1,12.84487457475208,13.769784650298863,1.7335556216736348,2
142,1,1,15.98868660705324,13.716183562197351,1.7225138661215733,2
143,1,1,9.774814359469948,13.838190088744955,1.7116118796271331,2
144,1,1,13.35202010666562,13.568440358874597,1.7008470250382832,2
145,1,1,14.224624894384155,13.513207515286075,1.690216731131794,2
146,1,1,15.197430448263088,13.445895937450699,1.6797184905657578,2
147,1,1,19.464757510459176,13.358495033197237,1.6693498579079447,2
148,1,1,19.03100250777747,13.729910153310676,1.6591084477367302,2
149,1,1,13.415991225589199,14.28661540007273,1.6489919328115061,2
150,1,1,14.633400898654992,14.32482560790421,1.6389980423096184,2
151,1,1,15.72372595670009,14.334351321627214,1.6291245601270303,2
152,1,1,13.928448390317195,14.87739355361537,1.6193693232400421,2
153,1,1,14.785583560819827,14.975900264121288,1.609730220125518,2
154,1,1,10.90616255036537,14.86652725991825,1.6002051892372013,2
155,1,1,13.603664684547883,14.969377095454199,1.590792217535806,2
156,1,1,10.832440225904055,14.992253875261678,1.5814893390706843,2
157,1,1,13.681396833529721,14.683873450854396,1.572294633610971,2
158,1,1,11.153240411767188,14.546052213151365,1.5632062253242025,2
159,1,1,11.07042033441432,13.790459749633909,1.5542222815005002,2
160,1,1,17.57002962090299,13.066770461146348,1.5453410113204973,2
161,1,1,13.702481717927123,13.444410315265783,1.5365606646652672,2
162,1,1,16.670619675801653,13.359781298835976,1.5278795309665933,2
163,1,1,14.03119343222264,13.445862546027028,1.5192959380959945,2
164,1,1,13.233552481506052,13.455203004382069,1.510808251290989,2
0,2,1,21.014188050958843,18.200928353670804,17.255852148311437,1
1,2,1,11.031755040318606,18.888382576564048,16.177361389041973,1
2,2,1,13.99903467728324,18.157719033108176,15.225751895568916,1
3,2,1,21.575947844202084,17.51398758857809,14.379876790259532,1
4,2,1,18.68267988259236,17.791688328512432,13.623041169719556,1
5,2,1,19.127848156011712,17.660477408574668,12.941889111233579,1
6,2,1,19.824443439803023,17.964768993197985,12.325608677365313,1
7,2,1,15.869696204859366,18.036987282777464,11.765353737485071,1
8,2,1,18.839717828336738,17.75128475901678,11.253816618463981,1
9,2,1,19.90678416995692,17.929162579296904,10.78490759269465,1
10,2,1,22.127437425652545,18.20773354513168,10.353511288986862,1
11,2,1,19.823696806523834,18.36359388363413,9.955299316333521,1
12,2,1,19.9871458907185,18.25536740686731,9.586584526839689,1
13,2,1,14.604411346586138,19.069493847812755,9.244206508023984,1
14,2,1,17.18905954780896,19.124528090476655,8.925440766367986,1
15,2,1,20.352822859879886,18.725720063531828,8.627926074155718,1
16,2,1,28.030097132769054,18.87755124328524,8.349605878215211,1
17,2,1,19.585869211117018,19.686846604808633,8.088680694520987,1
18,2,1,23.82345250068136,19.665158038564453,7.843569158323381,1
19,2,1,16.318561597633426,20.388226792730084,7.612875947784458,1
20,2,1,17.508447901265107,20.15903077175706,7.3953652064191875,1
21,2,1,28.990784499030458,19.941000201875983,7.189938395129766,1
22,2,1,27.34614206249001,20.56494084491034,6.995615735801934,1
23,2,1,25.836324898811007,21.24879950454363,6.811520584859778,1
24,2,1,18.193295344897006,21.780543050733854,6.636866210889015,1
25,2,1,30.60922439244498,22.10680523239848,6.470944555616789,1
26,2,1,15.045971580913042,23.326820218274477,6.313116639626136,1
27,2,1,23.677102194462755,22.84437919291386,6.1628043386826565,1
28,2,1,22.708154623155743,22.448652380340558,6.019483307550502,1
29,2,1,27.786539877530252,22.732496508707715,5.882676868742536,1
30,2,1,13.925506324549445,23.09277717933034,5.751950716103813,1
31,2,1,13.17752202076874,22.87522669995907,5.6269083092319905,1
32,2,1,14.582252222541822,22.481506165368494,5.507186855844076,1
33,2,1,18.680485639848882,21.171639594778622,5.392453796347325,1
34,2,1,26.511152271335256,20.38385264726579,5.282403718870849,1
35,2,1,23.249285188761228,20.44520059022254,5.176755644493431,1
36,2,1,20.999604456324672,20.904836030573833,5.0752506318563055,1
37,2,1,23.827627839173072,20.03123421819926,4.977649658166761,1
38,2,1,16.831252114934408,20.829566605313804,4.883731740088143,1
39,2,1,12.387301085798878,20.207216598083956,4.793292263419844,1
40,2,1,19.727592846268013,19.26895718559697,4.706141494994029,1
41,2,1,13.693915604102529,18.5363256373004,4.622103254011992,1
42,2,1,18.531174388511182,18.51527193544159,4.541013723239852,1
43,2,1,18.405583604983505,19.001967605236356,4.462720383183993,1
44,2,1,14.929556944288517,19.34954318545833,4.38708105465545,1
45,2,1,12.805271574800233,19.008549667680114,4.313963037077859,1
46,2,1,14.202767305749934,17.762560513449657,4.243242331551993,1
47,2,1,13.972071802296266,16.94014979681227,4.174802939107606,1
48,2,1,11.932928498147543,16.301283191900595,4.108536225788438,1
49,2,1,16.133390556101233,15.219946888171,4.044340347260493,1
50,2,1,16.20377584331309,15.156504928277075,3.982119726533409,1
51,2,1,18.75589153632254,15.503457178960184,3.9217845791616903,1
52,2,1,19.05218529383975,15.415120696237869,3.8632504809652475,1
53,2,1,15.094540773982748,15.902236122577618,3.806437973892229,1
54,2,1,13.756999950600157,15.589814884893213,3.7512722061546606,1
55,2,1,16.033475125582395,15.167216370858364,3.6976826032095937,1
56,2,1,19.256254225362618,15.267572569157807,3.64560256654467,1
57,2,1,14.675116251511957,15.854025537390752,3.594969197564883,1
58,2,1,15.271879765817179,15.896966350641845,3.545723044173583,1
59,2,1,13.772604354481036,16.015130710961927,3.497807867900967,1
60,2,1,14.543146547370384,16.18237397062861,3.451170429662288,1
61,2,1,12.787423141292077,16.03780633347126,3.405760292429889,1
62,2,1,16.275640502915785,15.727228815105713,3.361529639281449,1
63,2,1,15.863522969947102,15.501751448432373,3.3184331054445075,1
64,2,1,14.814832195968753,15.211873055351221,3.2764276230971086,1
65,2,1,14.1643258918339,15.186445002804497,3.2354722778083946,1
66,2,1,12.755936172483207,15.223474633825743,3.195528175613229,1
67,2,1,12.023261527019882,14.925516547180365,3.156558319813068,1
68,2,1,15.412391353647786,14.267971756421934,3.11852749668279,1
69,2,1,14.137480727201302,14.334996765707007,3.0814021693413283,1
70,2,1,11.668381364371148,14.231869580378293,3.045150379113783,1
71,2,1,13.018781531595394,14.040576581277394,3.009741653775251,1
72,2,1,15.07180055243193,13.901997943479666,2.975146922122662,1
73,2,1,15.478220073602676,14.109668617219656,2.941338434371268,1
74,2,1,13.558033441857026,14.03717585091846,2.9082896879176583,1
75,2,1,14.152822973937248,13.827585893819363,2.8759753580519063,1
76,2,1,14.92629301189758,13.767403237271044,2.844371233238149,1
77,2,1,11.119963337636154,13.83667297545865,2.8134541546159952,1
78,2,1,14.291543398428468,13.687948172290739,2.7832019594050705,1
79,2,1,14.711622422359644,13.894155615146065,2.753593427922038,1
80,2,1,15.554910645274427,13.830449348665326,2.7246082339439113,1
81,2,1,13.118040394538102,13.9593066139447,2.6962268981736623,1
82,2,1,16.237444871835017,14.091093798505334,2.668430744584243,1
83,2,1,11.13766401589712,14.383699556708933,2.6412018594354243,1
84,2,1,12.915232963574525,14.026050780660315,2.6145230527744605,1
85,2,1,14.041677134746925,13.793051952475935,2.5883778222467155,1
86,2,1,11.671300217350518,13.837019560920474,2.5627503190561542,1
87,2,1,14.265627072185634,13.611426583048951,2.5376253159281528,1
88,2,1,10.85042052835871,13.551366043075138,2.512988176938559,1
89,2,1,13.958743150653797,13.526862151322643,2.4888248290833803,1
90,2,1,13.637621587111274,13.496607583343128,2.465121735473063,1
91,2,1,12.492523812592301,13.398971143775098,2.4418658700440714,1
92,2,1,15.641650146369608,13.120572340803994,2.4190446936885195,1
93,2,1,12.910544214086347,13.349991409152313,2.396646131709922,1
94,2,1,11.90720057647869,13.047545894811522,2.374658552519923,1
95,2,1,12.854386553732747,13.117503763955302,2.3530707474970143,1
96,2,1,10.558059521919715,13.111972272151506,2.331871911933978,1
97,2,1,11.120532488239451,12.795279761894484,2.311051627005996,1
98,2,1,12.423200277034635,12.745209968338935,2.2905998426962086,1
99,2,1,14.577079387131755,12.577716623325205,2.270506861619926,1
100,2,1,12.864736969631716,12.916503792304574,2.250763323692796,1
101,2,1,9.973628173731372,12.81704868493893,2.2313601915919965,1
102,2,1,16.251842401417946,12.48395837463167,2.212288736963005,1
103,2,1,14.075849527921509,12.825714609979455,2.193540527327725,1
104,2,1,14.97163948327399,12.683369099211445,2.1751074136527024,1
105,2,1,12.815518647084271,12.870741396410322,2.1569815185389296,1
106,2,1,14.263253891202918,12.953315766465375,2.139155224997286,1
107,2,1,15.39757103525443,13.081394615326296,2.1216211657759967,1
108,2,1,12.21608669675716,13.521350207447636,2.104372213208712,1
109,2,1,11.766140412465827,13.62094604458561,2.087401469553803,1
110,2,1,15.333169490859522,13.56121332962481,2.0707022577973726,1
111,2,1,9.845743987634838,13.629948793600061,2.054268112894219,1
112,2,1,13.35813068824746,13.3554948861458,2.0380927734226106,1
113,2,1,12.238202538269837,13.663176932919988,2.0221701736302466,1
114,2,1,11.329899448871434,13.298300581724705,2.006494435850167,1
115,2,1,17.491824973711356,13.048668756356516,1.9910598632667045,1
116,2,1,14.10846329255198,13.277776528214456,1.9758609330127601,1
117,2,1,8.62585938751597,13.395316950529706,1.9608922895808452,1
118,2,1,15.011113417925472,12.882826541103617,1.9461487385313652,1
119,2,1,14.511626632768019,12.847694030437351,1.9316252404826237,1
120,2,1,14.716515730240834,13.056379479165612,1.9173169053679375,1
121,2,1,14.884406010432347,13.32459541714516,1.9032189869461145,1
122,2,1,14.187776553840886,13.283798737106322,1.8893268775523473,1
123,2,1,11.68013591486523,13.67852897039778,1.8756361030773303,1
124,2,1,13.608384764178046,13.525983990999395,1.862142318163105,1
125,2,1,12.261780426841055,13.650546011536505,1.8488413016047969,1
126,2,1,10.416652075713126,13.735262464079199,1.8357289519480253,1
127,2,1,11.569755966434535,13.092064927897543,1.822801283272335,1
128,2,1,12.560704486882496,12.861273352795957,1.8100544211515495,1
129,2,1,11.125547176397367,13.218986543647459,1.7974845987824415,1
130,2,1,11.966228952907409,12.865753248963085,1.785088153273597,1
131,2,1,10.310549542736723,12.634353459884847,1.7728615220867916,1
132,2,1,13.996001719254545,12.233811079202656,1.7608012396236161,1
133,2,1,12.993019374389348,12.153047052731948,1.7489039339504835,1
134,2,1,15.325714571457699,12.0444327636909,1.737166323655514,1
135,2,1,14.975369766946997,12.375849005199306,1.725585214831144,1
136,2,1,9.909357587498977,12.50012036908739,1.714157498176633,1
137,2,1,14.364691222968256,12.28626374732902,1.7028801462149445,1
138,2,1,11.872562054545709,12.645176397079485,1.6917502106187685,1
139,2,1,14.75079145113374,12.67270422327141,1.6807648196407245,1
140,2,1,15.1017106181858,12.871803038203343,1.6699211756430423,1
141,2,1,10.777800145849337,13.23327244200229,1.6592165527222538,1
142,2,1,14.874599419137814,13.125233459542466,1.6486482944246597,1
143,2,1,12.506663458558759,13.540147084669838,1.6382138115485543,1
144,2,1,12.133097753417868,13.40475269733386,1.627910580029381,1
145,2,1,14.082172870999855,13.326578004518268,1.6177361389041973,1
146,2,1,14.556633493992049,13.213528759022102,1.6076880883519973,1
147,2,1,13.396702910276284,13.17546182511711,1.5977640878066146,1
148,2,1,10.44800556010674,13.49249321809686,1.5879618541390894,1
149,2,1,13.928794015087458,13.13643088510945,1.578279159906534,1
150,2,1,12.503230632146018,13.323361063340519,1.5687138316646763,1
151,2,1,16.076168711239355,13.119037352523456,1.559263748341395,1
152,2,1,10.271066693357588,13.207624451891958,1.549926839668692,1
153,2,1,14.484496664615898,13.161557774392708,1.5407010846706641,1
154,2,1,12.597842854694889,13.12609388761799,1.5315845102051573,1
155,2,1,10.412783612674788,13.134382923630364,1.5225751895568915,1
156,2,1,14.132782569789152,12.977990729017357,1.5136712410799507,1
157,2,1,14.078274355430787,12.982591610725477,1.5048708268876254,1
158,2,1,13.870636364010323,12.939104416310814,1.496172151587697,1
159,2,1,12.7838096099562,12.982189275741183,1.487573461061331,1
160,2,1,11.05280346605024,13.19453509845477,1.4790730412838375,1
161,2,1,9.969825642289212,12.93308141217866,1.470669217185634,1
162,2,1,14.893814680448859,12.702771867646222,1.4623603515518169,1
163,2,1,12.96169281747209,12.595285137574358,1.4541448439588291,1
164,2,1,12.902942393305377,12.839887512493858,1.4460211297467687,1
0,2,1,23.76483702863042,24.881599943776564,7.033404177841524,4
1,2,1,24.799080772136893,24.835699838207002,6.593816416726429,4
2,2,1,33.0723170514393,24.912586254180813,6.205944862801345,4
3,2,1,26.101535320348724,26.49852978227343,5.86117014820127,4
4,2,1,35.20922367472698,26.37130414926029,5.552687508822256,4
5,2,1,21.88184761867702,27.644453536690666,5.275053133381143,4
6,2,1,27.74942274662239,27.161762625794815,5.02386012702966,4
7,2,1,23.82560059671217,27.50226348531875,4.7955028485283115,4
8,2,1,19.146801170062183,26.623423350323943,4.587002724679254,4
9,2,1,26.54574745424796,25.486682571963104,4.3958776111509525,4
10,2,1,27.182600087780497,25.984605524756685,4.220042506704915,4
11,2,1,20.872751648239284,26.298092138307688,4.057733179523956,4
12,2,1,30.076879680311897,26.035175285544856,3.9074467654675136,4
13,2,1,22.39960192425552,26.514975186288037,3.767895095272245,4
14,2,1,19.540745086918992,25.544728356544056,3.637967678193892,4
15,2,1,20.953432864571237,24.948292880777718,3.516702088920762,4
16,2,1,18.91131432192625,23.652311898036285,3.4032600860523505,4
17,2,1,20.89703217774052,23.38226341651349,3.2969082083632144,4
18,2,1,19.08082109273826,22.75931881934241,3.1970018990188747,4
19,2,1,23.423697368469938,22.32797522807206,3.1029724314006724,4
20,2,1,23.707955175440997,22.71678397338185,3.014316076217796,4
21,2,1,19.739040911276692,22.45880285712667,2.930585074100635,4
22,2,1,18.134296427412032,21.78211565926269,2.851380072097915,4
23,2,1,19.352483740719165,21.533165184642034,2.776343754411128,4
24,2,1,19.409878939945852,20.55822009922451,2.705155453015971,4
25,2,1,23.53240930889636,20.286427100650908,2.6375265666905716,4
26,2,1,24.33021569514706,20.649305666285212,2.573196650429826,4
27,2,1,17.801036760364934,20.95628592361028,2.51193006351483,4
28,2,1,16.077182759824034,20.85535159983198,2.453513085293555,4
29,2,1,20.892490456186806,20.417183470930482,2.3977514242641558,4
30,2,1,16.571192747353173,20.581880685789443,2.344468059280508,4
31,2,1,19.620829506687706,19.95892572023337,2.293501362339627,4
32,2,1,19.947952843676685,19.5873688412558,2.2447034610132524,4
33,2,1,17.884920354535534,19.606360835110344,2.1979388055754763,4
34,2,1,22.9017130243275,19.583690283030663,2.15308291158414,4
35,2,1,20.273698550454174,19.906347490631422,2.1100212533524574,4
36,2,1,16.129712225381322,19.984876546132178,2.0686482876004484,4
37,2,1,15.931962607738395,19.31190408399445,2.028866589761978,4
38,2,1,13.875449031167268,18.54842653059366,1.990586088068356,4
39,2,1,19.876091462637095,18.19155491884842,1.9537233827337568,4
40,2,1,15.091756484859193,18.53691025546779,1.9182011394113248,4
41,2,1,18.627293662152447,18.009570803528916,1.8839475476361225,4
42,2,1,17.71364800165384,18.196489068510665,1.8508958362740853,4
43,2,1,19.604097309820386,18.023108931689407,1.818983839096946,4
44,2,1,17.741712547738587,17.99184933770247,1.7881536045359807,4
45,2,1,20.568155411489148,17.978830446175472,1.758351044460381,4
46,2,1,17.49867635797332,17.76668884500835,1.7295256175020142,4
47,2,1,19.84547730346959,17.514414100237364,1.7016300430261753,4
48,2,1,15.873941783361099,17.852210925518115,1.67462004234322,4
49,2,1,18.702692772148218,17.846936305120177,1.6484541041816072,4
50,2,1,18.98833947779229,18.285776645209356,1.6230932718095825,4
51,2,1,20.62431518438473,18.205071919314374,1.5985009495094373,4
52,2,1,16.32095612488681,18.708031801089422,1.5746427263824307,4
53,2,1,17.603811477217658,18.49836475224709,1.5514862157003362,4
54,2,1,18.948131947818897,18.488379613661984,1.5290009082264182,4
55,2,1,13.619174816711816,18.428746398934575,1.507158038108898,4
56,2,1,13.914237039795452,18.053970241568507,1.4859304601073642,4
57,2,1,12.11230528048264,17.449068571414532,1.4652925370503176,4
58,2,1,10.565094361902085,16.959398473460837,1.445220036542779,4
59,2,1,17.577597365560468,16.1157272969547,1.4256900360489575,4
60,2,1,15.590961454253982,16.270605077154645,1.406680835568305,4
61,2,1,16.252100628674125,15.98772041189153,1.388171877205564,4
62,2,1,17.25756777847707,15.73897142560806,1.3701436710080892,4
63,2,1,16.245201310672456,15.432903479616455,1.3525777265079855,4
64,2,1,16.602426809537143,15.426016678324242,1.3354564894635805,4
65,2,1,18.36247263617095,15.334981708535105,1.3187632833452858,4
66,2,1,11.449139805772552,15.281739952930748,1.3024822551558377,4
67,2,1,15.552344393110923,15.084464042845356,1.286598325214913,4
68,2,1,13.864461777616654,15.233382893146763,1.2710971405737694,4
69,2,1,17.789446128298863,15.392669847431675,1.255965031757415,4
70,2,1,12.401475598285762,16.04942909892229,1.241188972560269,4
71,2,1,16.524849067236374,15.57887257462459,1.2267565426467775,4
72,2,1,13.757471015309767,15.663771448532081,1.2126558927312971,4
73,2,1,18.29144726874197,15.436986938226227,1.1988757121320779,4
74,2,1,14.825197731267696,15.530975982795763,1.1854051985126164,4
75,2,1,12.274431804077444,15.401884748304424,1.172234029640254,4
76,2,1,14.735855312422505,15.008430656898996,1.1593523370068446,4
77,2,1,14.088138802350937,14.678738172921863,1.1467506811698136,4
78,2,1,14.762480509148464,14.918647172610806,1.1344200286841168,4
79,2,1,9.028427753281266,14.846841364977859,1.1223517305066262,4
80,2,1,13.99721434756474,14.407201908220095,1.1105375017644512,4
81,2,1,12.621898371699887,14.062453564516995,1.0989694027877381,4
82,2,1,16.14421807176165,14.082491998463734,1.0876398213156997,4
83,2,1,14.973250917246935,14.047889180693302,1.07654145579207,4
84,2,1,14.985592090126366,14.158414626323953,1.0656672996729581,4
85,2,1,16.897608174855698,13.857882337358898,1.0550106266762287,4
86,2,1,10.929154304175675,14.04628328677599,1.044564976907157,4
87,2,1,15.576283397200228,13.923985332239464,1.0343241438002242,4
88,2,1,11.575725797193169,14.000387885401075,1.0242821618215812,4
89,2,1,16.618745665195885,13.771986703114008,1.014433294880989,4
90,2,1,14.804549697002352,13.9407380809365,1.004772025405932,4
91,2,1,15.300464661397768,14.465840075820237,0.995293044034178,4
92,2,1,15.00303470310033,14.584317377077783,0.9859912398843258,4
93,2,1,12.390425762274104,14.800784316296006,0.9768616913668784,4
94,2,1,12.297900639984181,14.459530469978956,0.9678996575011272,4
95,2,1,11.303109677703038,14.216316808409617,0.9591005697056624,4
96,2,1,10.713299044157063,13.881545680007497,0.9504600240326384,4
97,2,1,15.493878854199048,13.31933575903489,0.9419737738180612,4
98,2,1,13.900747379971927,13.734310718127922,0.9336377227223263,4
99,2,1,14.01485214110144,13.58198926201626,0.9254479181370426,4
100,2,1,10.905976037753593,13.803728020553377,0.917400544935851,4
101,2,1,13.340172325874368,13.284385327149533,0.909491919548473,4
102,2,1,11.182133639316735,13.151260111592443,0.901718484338657,4
103,2,1,16.18707369459711,12.776866382312347,0.8940768022679904,4
104,2,1,11.26671292257862,12.884506290630236,0.8865635518287636,4
105,2,1,13.604592597307539,12.782350577930647,0.8791755222301905,4
106,2,1,14.841693907110928,12.901140755869134,0.8719096088233295,4
107,2,1,10.943091681937895,13.222830231269853,0.8647628087510071,4
108,2,1,14.50781288755348,13.243720471068109,0.8577322168099419,4
109,2,1,13.341095017905065,13.154078110463969,0.8508150215130876,4
110,2,1,11.431979613529315,13.103200623003346,0.8440085013409829,4
111,2,1,12.342658003201638,12.868394029587694,0.83731002117161,4
112,2,1,10.722802579172512,12.999001480992064,0.8307170288789202,4
113,2,1,13.295178497745823,12.76105877674644,0.8242270520908036,4
114,2,1,13.819095016421269,12.95315376387636,0.8178376950978516,4
115,2,1,11.753569186592529,12.737882974951278,0.8115466359047913,4
116,2,1,11.626370326061094,12.782142635316179,0.8053516234169684,4
117,2,1,12.993016677281911,12.602304247021051,0.7992504747547187,4
118,2,1,12.378733948704776,12.434242680672957,0.7932410726888937,4
119,2,1,12.101858139813364,12.5647556140154,0.7873213631912154,4
120,2,1,14.880110988499146,12.346032455129937,0.7814893530935026,4
121,2,1,11.370064726302168,12.485942997911216,0.7757431078501681,4
122,2,1,11.163374639808335,12.480314371799658,0.770080749398707,4
123,2,1,11.550009957906102,12.373106793309354,0.7645004541132091,4
124,2,1,8.827703968566675,12.448307464103321,0.7590004508462076,4
125,2,1,9.540046436793665,12.042173415996125,0.753579019054449,4
126,2,1,10.658896486450486,11.653168999666343,0.7482344870044174,4
127,2,1,10.908585553068502,11.55365329965343,0.7429652300536821,4
128,2,1,12.51188015687399,11.488400138472285,0.7377696690043557,4
129,2,1,10.751327130441933,11.444660454798838,0.7326462685251588,4
130,2,1,12.482475091377683,11.296714380411306,0.7275935356387784,4
131,2,1,9.486729278369136,11.331315921462608,0.7226100182713895,4
132,2,1,10.339692827139068,10.841008493268971,0.71769430386138,4
133,2,1,10.736710090257217,10.74733832061778,0.7128450180244787,4
134,2,1,8.666118999716748,10.70855063429495,0.7080608232726366,4
135,2,1,9.706022604540909,10.446378729005009,0.7033404177841525,4
136,2,1,11.588815009667087,10.526225877729939,0.6986825342226679,4
137,2,1,11.654814425897106,10.712477566172977,0.694085938602782,4
138,2,1,10.615985974861772,10.803015560668124,0.6895494292001494,4
139,2,1,9.29849973541761,10.776415599012966,0.6850718355040446,4
140,2,1,11.159626777619613,10.484290106153297,0.6806520172104701,4
141,2,1,10.862909437946238,10.521408255896722,0.6762888632539927,4
142,2,1,12.421393020295245,10.37417501467568,0.6719812908765788,4
143,2,1,9.17805955029645,10.640962627578055,0.6677282447317903,4
144,2,1,10.169257892112622,10.535359602410544,0.6635286960227853,4
145,2,1,10.37318274834252,10.483773038942855,0.6593816416726429,4
146,2,1,11.819505422914554,10.638960652454289,0.6552861035256078,4
147,2,1,11.493102435144364,10.83109545412462,0.6512411275779189,4
148,2,1,10.397820508752753,10.82239431098619,0.64724578323695,4
149,2,1,10.99848846478735,10.708122136700341,0.6432991626074565,4
150,2,1,8.679659997371116,10.742895090329938,0.639400379803775,4
151,2,1,10.262297652926096,10.686636932325712,0.6355485702868847,4
152,2,1,10.691602623413157,10.605061557353576,0.6317428902252866,4
153,2,1,9.077494709650452,10.589488210577839,0.6279825158787075,4
154,2,1,9.552391925442404,10.285497455064675,0.6242666430036856,4
155,2,1,9.978601829003548,10.319527670987036,0.6205944862801345,4
156,2,1,10.565685797554096,10.302195301613484,0.6169652787580284,4
157,2,1,9.01084854416807,10.319695578814535,0.6133782713233887,4
158,2,1,11.337197300790006,10.064363135292128,0.6098327321827911,4
159,2,1,10.022960523202592,10.050189941259914,0.6063279463656486,4
160,2,1,10.864257757910512,10.016111760755354,0.6028632152435592,4
161,2,1,10.841033230173776,10.003908969221095,0.5994378560660389,4
162,2,1,8.074607788830026,10.200397444930429,0.5960512015119935,4
163,2,1,9.783176281221532,10.001516548194422,0.5927025992563082,4
164,2,1,10.211884202088381,9.91893233526791,0.5893914115509657,4
0,1,2,13.595731503510823,17.45799674967539,10.405093949614162,8
1,1,2,21.86833545141691,17.266091594058683,9.754775577763278,8
2,1,2,17.197399016920258,17.973602906536453,9.180965249659556,8
3,1,2,29.144541771490047,17.99821102103459,8.67091162467847,8
4,1,2,19.83827823112103,19.013706371526922,8.21454785495855,8
5,1,2,22.954146344786004,19.53103975309719,7.803820462210622,8
6,1,2,27.63452977444939,19.97076662080734,7.4322099640101165,8
7,1,2,18.406429221056015,20.61710836448786,7.094382238373293,8
8,1,2,14.882931772742017,20.564433930497497,6.785930836704889,8
9,1,2,22.153533205221503,20.503134997654783,6.5031837185088515,8
10,1,2,16.88583215299468,20.59439178512827,6.243056369768498,8
11,1,2,16.493235329092563,20.41469894960988,6.002938817085094,8
12,1,2,20.17293784665261,20.678108388299126,5.780607749785646,8
13,1,2,15.01919795592534,20.523981333320556,5.574157473007587,8
14,1,2,19.005407479096803,20.32596305504829,5.3819451463521535,8
15,1,2,15.732189743230084,19.40422357392163,5.202546974807081,8
16,1,2,17.52995584562047,19.030942802295183,5.034722878845563,8
17,1,2,18.570327064816283,18.537834575098316,4.877387788881639,8
18,1,2,21.158766298735582,17.713816146949853,4.729588158915528,8
19,1,2,17.559602632276615,17.964028608557083,4.590482624829778,8
20,1,2,14.05835837790141,18.20736232306023,4.45932597840607,8
21,1,2,21.02270755234849,17.4714373387584,4.335455812339235,8
22,1,2,11.284560305304856,17.847516920517844,4.21828133092466,8
23,1,2,13.624529936752944,17.374001009264415,4.107273927479275,8
24,1,2,12.16379055990281,16.778691199273535,4.001959211390063,8
25,1,2,13.232678049746273,16.519108708726034,3.901910231105311,8
26,1,2,11.194789214443123,15.994315124239622,3.80674168888323,8
27,1,2,18.434675638327583,15.58182416707717,3.7161049820050582,8
28,1,2,19.978528419397115,15.664071420959635,3.6296839359119173,8
29,1,2,11.672132905811457,15.792089725921528,3.5471911191866465,8
30,1,2,9.456287590918267,14.929668508382969,3.4683646498713876,8
31,1,2,14.675243701431677,14.19300350462312,3.3929654183524445,8
32,1,2,17.150276045387095,14.249083988580416,3.3207746647704774,8
33,1,2,15.77431234821179,13.897044760674834,3.2515918592544257,8
34,1,2,13.394438970508904,14.30520403730274,3.185232841718621,8
35,1,2,13.42358266436057,14.2842866767351,3.121528184884249,8
36,1,2,13.722735471836927,14.398813231685805,3.0603217498865183,8
37,1,2,14.12106905708695,14.44336390642132,3.001469408542547,8
38,1,2,14.653214169023764,14.709389346661665,2.944837910268159,8
39,1,2,12.738315580533172,14.3656201221795,2.890303874892823,8
40,1,2,13.505915323122872,13.707418955010052,2.837752895349317,8
41,1,2,19.935064279449854,13.874126447492909,2.7870787365037937,8
42,1,2,13.793441799574321,14.826742510086689,2.7381826183195166,8
43,1,2,12.837481853590996,14.746578700826927,2.6909725731760767,8
44,1,2,19.689619291539014,14.354506501572736,2.645362868545974,8
45,1,2,13.44549540056839,14.710443496420664,2.6012734874035406,8
46,1,2,14.867381054483499,14.71508499006244,2.5586296597411877,8
47,1,2,17.166371689517504,14.846339389164523,2.5173614394227815,8
48,1,2,16.202983683013386,15.159397227135488,2.4774033213367055,8
49,1,2,20.048100453004707,15.348662193128797,2.4386938944408194,8
50,1,2,14.032582509903483,15.839106400763427,2.4011755268340376,8
51,1,2,15.788506058676223,15.956767030706185,2.364794079457764,8
52,1,2,17.436690783016758,16.164275279392854,2.3294986454360065,8
53,1,2,19.182877944192644,15.937150416080753,2.295241312414889,8
54,1,2,15.727672143762538,16.427099156500603,2.2619769455682963,8
55,1,2,15.49627474446665,16.689843728334377,2.229662989203035,8
56,1,2,9.983664147800908,16.308630587691436,2.198259285129753,8
57,1,2,18.21408997025933,15.993918655621663,2.1677279061696173,8
58,1,2,13.790044823339642,16.29816492069219,2.138033003345376,8
59,1,2,15.598590782499986,15.991226114676026,2.10914066546233,8
60,1,2,17.500936238223463,15.936281305538442,2.0810187899228327,8
61,1,2,12.041225394734655,15.704720922376511,2.0536369637396374,8
62,1,2,13.96140821558203,15.523688457361162,2.026966353820941,8
63,1,2,15.731978478200123,15.357588653443509,2.0009796056950315,8
64,1,2,15.522019891808554,15.202614807551088,1.9756507499267397,8
65,1,2,13.257367369340923,14.869809530061623,1.9509551155526554,8
66,1,2,15.424779611897673,14.645236368750568,1.9268692499285487,8
67,1,2,16.094310418672187,14.638736811244298,1.903370844441615,8
68,1,2,17.706019278098072,15.194250108596231,1.880438665592921,8
69,1,2,15.822221919734861,15.148061863854302,1.8580524910025291,8
70,1,2,12.502076111463758,15.332805236253865,1.836193049931911,8
71,1,2,16.073651534345835,15.051303902523301,1.8148419679559586,8
72,1,2,15.746283558970202,14.921550747625334,1.7939817154507178,8
73,1,2,13.270315226334167,15.25837421710129,1.7735955595933233,8
74,1,2,11.425240385299812,15.19554758171512,1.7536675195978926,8
75,1,2,16.775486226848816,14.804025936906003,1.7341823249356938,8
76,1,2,12.437808400077614,14.917977421909665,1.715125376310027,8
77,1,2,13.054163668047625,14.843472061067542,1.6964827091762222,8
78,1,2,12.477141005114085,14.627961520717543,1.6782409596151875,8
79,1,2,15.246446686410701,14.299127937666803,1.6603873323852387,8
80,1,2,12.295681703696454,14.075530429331588,1.6429095709917099,8
81,1,2,9.490077680270227,13.754935864237188,1.6257959296272129,8
82,1,2,11.945026193084194,13.481117825037774,1.609035146847551,8
83,1,2,16.918976881327975,13.105788248559445,1.5926164208593105,8
84,1,2,11.932910508937537,13.212396732410154,1.5765293863051761,8
85,1,2,11.625759659913886,13.090814485374096,1.5607640924421244,8
86,1,2,16.366479351770813,13.109043510339012,1.5453109826159648,8
87,1,2,14.397513542034568,13.071861067150103,1.5301608749432591,8
88,1,2,10.690330430235182,13.25001608005528,1.5153049441185673,8
89,1,2,12.69550857019468,13.035122149345057,1.5007347042712735,8
90,1,2,12.949596393576872,13.054973746170566,1.4864419928020232,8
91,1,2,12.71135245031841,12.846169174094763,1.4724189551340796,8
92,1,2,14.21052119021098,12.883957423787667,1.4586580303197425,8
93,1,2,14.973827440200818,13.313088651964101,1.4451519374464115,8
94,1,2,11.974492603697888,13.588434219883792,1.4318936627909398,8
95,1,2,16.86434406082769,13.138935649190147,1.4188764476746585,8
96,1,2,14.884769034357944,13.587247790271073,1.406093776974887,8
97,1,2,14.437561386802415,13.883521369765985,1.3935393682518968,8
98,1,2,12.558629934041527,13.708165191132496,1.3812071614532075,8
99,1,2,14.70780642859701,13.54099395404222,1.3690913091597583,8
100,1,2,13.438469409095882,13.906219044802386,1.3571861673409777,8
101,1,2,12.825190552115695,13.97376093924795,1.3454862865880384,8
102,1,2,12.36495578828225,13.962451317296932,1.3339864037966875,8
103,1,2,17.40873275155895,13.930960711657281,1.322681434272987,8
104,1,2,13.218418378886719,14.221707217234371,1.3115664642370795,8
105,1,2,15.42627857928639,14.062124575296725,1.3006367437017703,8
106,1,2,11.795977845582641,14.375923300350225,1.2898876797042351,8
107,1,2,14.23138711558141,13.915162735327948,1.2793148298705939,8
108,1,2,10.580882508052747,13.855764379075538,1.2689138962944102,8
109,1,2,14.109272911178877,13.50515720828011,1.2586807197113907,8
110,1,2,11.942642839522097,13.646124751656233,1.2486112739536996,8
111,1,2,14.823592583091667,13.394746243558517,1.2387016606683527,8
112,1,2,14.442881846303758,13.520666532103586,1.2289481042851373,8
113,1,2,13.507690645878188,13.66772937702977,1.2193469472204097,8
114,1,2,14.536712219172932,13.77161436408395,1.2098946453039725,8
115,1,2,14.051175034034776,13.510521588412495,1.2005877634170188,8
116,1,2,12.955254693426392,13.586226738880498,1.191422971329866,8
117,1,2,11.7125163062495,13.361588203802315,1.182397039728882,8
118,1,2,9.84663687420053,13.354000791135668,1.17350683642265,8
119,1,2,14.939008516167158,12.955387132828315,1.1647493227180032,8
120,1,2,16.250238063108476,13.35158040629326,1.1561215499571291,8
121,1,2,16.23566995973176,13.546213601923222,1.1476206562074445,8
122,1,2,11.620977753166201,13.93648879466956,1.1392438630964412,8
123,1,2,17.091778398713522,13.645341991949062,1.1309884727841482,8
124,1,2,12.244341009331228,13.88615076944086,1.1228518650662767,8
125,1,2,10.607969394914466,13.771300802482044,1.1148314946015174,8
126,1,2,12.959294118509359,13.414142363913093,1.106924888256826,8
127,1,2,10.201090525421174,13.314880462501689,1.0991296425648764,8
128,1,2,14.566232185920034,13.06450190177394,1.091443421288199,8
129,1,2,14.14222918290407,13.323930618107626,1.0838639530848087,8
130,1,2,12.6134540973236,13.714439009807949,1.0763890292704306,8
131,1,2,9.386381056026124,13.503024971731262,1.069016501672688,8
132,1,2,12.729285568046237,12.879037971087415,1.0617442805728738,8
133,1,2,13.016413084299923,12.560275753661456,1.054570332731165,8
134,1,2,14.98023470695684,12.687133511037247,1.0474926794913586,8
135,1,2,15.30845113872852,12.495174993604822,1.0405093949614164,8
136,1,2,11.70161088425245,12.773730459913669,1.0336186042663076,8
137,1,2,13.173974775827649,12.87315241348985,1.0268184818698187,8
138,1,2,13.047788202479817,12.89266883688242,1.0201072499621728,8
139,1,2,10.19816456849904,13.15145953479684,1.0134831769104704,8
140,1,2,11.982465263290607,12.75436247866766,1.0069445757691124,8
141,1,2,13.87813073759973,12.558020304157345,1.0004898028475158,8
142,1,2,16.424801763581808,12.672990907818813,0.9941172563325633,8
143,1,2,13.493424956846763,13.312847335778418,0.9878253749633699,8
144,1,2,11.638394884827928,13.382314552942104,0.9816126367560531,8
145,1,2,10.85290718594182,13.257040171171923,0.9754775577763277,8
146,1,2,16.300222811377154,12.881828578352376,0.9694186909578413,8
147,1,2,12.54715950345996,12.971989639502253,0.9634346249642743,8
148,1,2,11.125095366176557,13.048857695793846,0.9575239830933279,8
149,1,2,11.57458449258577,12.86259593128011,0.9516854222208075,8
150,1,2,13.13874793940418,12.72866832128974,0.9459176317831057,8
151,1,2,10.974350900583948,12.995994082281113,0.9402193327964605,8
152,1,2,12.227435321260227,12.904347322035056,0.9345892769114518,8
153,1,2,16.955825931701042,12.75428410236783,0.9290262455012646,8
154,1,2,12.778620559856956,12.802559026742307,0.9235290487823221,8
155,1,2,14.356694728310336,12.737576808834142,0.9180965249659555,8
156,1,2,12.359626227382634,12.984694976423452,0.9127275394398389,8
157,1,2,13.461305888945569,13.121669434736253,0.9074209839779793,8
158,1,2,13.834798969100149,12.86358607815156,0.9021757759781066,8
159,1,2,11.08923723105832,12.98064421139158,0.8969908577253589,8
160,1,2,16.60609883752899,12.977384380926287,0.8918651956812139,8
161,1,2,11.188399414587042,13.434794775921121,0.8867977797966616,8
162,1,2,10.83775392253781,13.257490364574112,0.8817876228486579,8
163,1,2,14.077383494782026,13.24507245747901,0.8768337597989463,8
164,1,2,13.888887741703499,13.413249564162806,0.8719352471743712,8
0,2,1,22.107242892997682,16.196271710308,26.4259892982918,6
1,2,1,15.181913519406683,16.87487358715002,24.77436496714856,6
2,2,1,19.888021775392055,16.74024992693103,23.317049380845702,6
3,2,1,13.01371949130563,17.181462758400325,22.021657748576498,6
4,2,1,16.34166539396577,16.98022798232736,20.862623130230368,6
5,2,1,15.492840378741274,16.830052663177216,19.819491973718847,6
6,2,1,12.676869926548362,17.05903098615858,18.875706641637,6
7,2,1,14.275766616172817,16.60787641002057,18.017719976108044,6
8,2,1,16.69888413923381,15.997445604768716,17.23434084671204,6
9,2,1,20.140469975636634,16.208811273484,16.516243311432373,6
10,2,1,17.944504028596917,16.723114355313978,15.855593578975078,6
11,2,1,15.949739446352648,16.70562710345433,15.245763056706807,6
12,2,1,20.043569582271413,16.14585406285024,14.681105165717666,6
13,2,1,16.671302440231052,16.58782279583794,14.156779981227748,6
14,2,1,16.15769690069364,16.295393765368757,13.668615154288862,6
15,2,1,12.921474979556852,16.58120989349494,13.2129946491459,6
16,2,1,14.865720733893264,16.270283492185037,12.786769015302482,6
17,2,1,21.50377985022741,16.213272615380674,12.38718248357428,6
18,2,1,16.728684731290556,17.01571897207877,12.011813317405363,6
19,2,1,19.426624548291457,17.238711527998564,11.658524690422851,6
20,2,1,16.023958247389615,17.486687928821983,11.3254239849822,6
21,2,1,14.122992677231275,17.112459589890435,11.010828874288249,6
22,2,1,14.121477080374277,16.765049467039017,10.713238904712892,6
23,2,1,17.340319353044215,16.59884379740462,10.431311565115184,6
24,2,1,25.161040000997826,16.353093776565785,10.163842037804537,6
25,2,1,17.486244390824798,17.12488810027185,9.909745986859424,6
26,2,1,20.676791352137702,17.24566514482923,9.668044865228707,6
27,2,1,18.0690210799081,17.950693905972944,9.4378533208185,6
28,2,1,19.02560803237226,18.241903028337934,9.218368359869231,6
29,2,1,16.556334931317597,18.016614681260194,9.008859988054022,6
30,2,1,24.85402574823459,18.000946517626286,8.8086630994306,6
31,2,1,19.20754498402163,18.494346626712023,8.61717042335602,6
32,2,1,16.02496833745744,18.78376360276948,8.433826371795254,6
33,2,1,17.372628333691896,18.956670480971855,8.258121655716186,6
34,2,1,20.07721148515556,19.252229685818914,8.089588560701571,6
35,2,1,16.213242574185088,19.501038061465398,7.927796789487539,6
36,2,1,26.598053848416328,18.68760193175515,7.772349793615235,6
37,2,1,13.571652986629587,19.515948246081653,7.622881528353403,6
38,2,1,22.035238514552095,18.87002657649001,7.479053574988245,6
39,2,1,20.050980930936603,19.23059179782128,7.340552582858833,6
40,2,1,17.10736761050182,19.323807515872588,7.207087990443218,6
41,2,1,30.0736580133573,19.373901395798423,7.078389990613874,6
42,2,1,13.521197885734093,19.84841341990049,6.954207710076789,6
43,2,1,18.580652038619423,19.331472774601618,6.834307577144431,6
44,2,1,19.686820093469475,19.563807656525434,6.718471855497914,6
45,2,1,17.477342174649344,19.774188725596122,6.60649732457295,6
46,2,1,30.767554167676657,19.537836970095558,6.498194089743885,6
47,2,1,18.846652329661417,20.86095620586752,6.393384507651241,6
48,2,1,27.11232650216627,20.156283340526166,6.291902213878999,6
49,2,1,24.640972196252335,21.387253660120408,6.19359124178714,6
50,2,1,22.868845492360563,21.624138540274977,6.098305222682723,6
51,2,1,11.84587628366039,21.880308045858975,6.005906658702681,6
52,2,1,18.7734295130975,21.401990652509753,5.916266260811597,6
53,2,1,28.096099221649574,20.37469715248614,5.829262345211426,6
54,2,1,19.658170579443958,21.699688183023905,5.744780282237348,6
55,2,1,14.855187304919033,21.797644414007955,5.6627119924911,6
56,2,1,11.57072245414663,21.35840506959428,5.5829554855546055,6
57,2,1,25.934654616244796,20.821439640457665,5.5054144371441245,6
58,2,1,16.009884766801328,20.382085135782038,5.429997801018863,6
59,2,1,16.469287948882517,20.12419717552203,5.356619452356446,6
60,2,1,19.853270712340315,19.1566482161326,5.28519785965836,6
61,2,1,16.80149884207929,18.721402626686054,5.215655782557592,6
62,2,1,15.20689900460099,18.169825658478665,5.147919993173727,6
63,2,1,32.39040915226248,18.475373178564176,5.0819210189022685,6
64,2,1,17.79261851093414,19.713280418488264,5.017592904738949,6
65,2,1,20.521911612350994,18.77660035387777,4.954872993429712,6
66,2,1,13.271656147870306,18.85512226596023,4.893701721905889,6
67,2,1,14.703054514307548,18.711164888046707,4.834022432614353,6
68,2,1,16.014872706357345,18.995922348061338,4.775781198486469,6
69,2,1,12.344700526000542,18.094123992617025,4.71892666040925,6
70,2,1,15.072765420916657,17.7609254252715,4.6634098761691405,6
71,2,1,13.267286114175866,17.633968831820056,4.609184179934616,6
72,2,1,18.67978484868002,17.03524295925965,4.55620505142962,6
73,2,1,15.005052272989516,17.205996232586987,4.504429994027011,6
74,2,1,13.999817601170665,17.18764652971322,4.453818421060415,6
75,2,1,10.795059809564467,15.515774570523057,4.4043315497153,6
76,2,1,15.39777566263164,14.879632870398536,4.355932301916231,6
77,2,1,18.77598533696632,14.41380232951496,4.30858521167801,6
78,2,1,19.338074370741303,14.914195892160052,4.262256338434161,6
79,2,1,15.512610476551004,15.335561333654033,4.216913185897627,6
80,2,1,15.385934407434439,15.289901130944365,4.172524626046074,6
81,2,1,14.303463946033322,15.566376938347444,4.129060827858093,6
82,2,1,14.689808388241389,15.496440440630778,4.086493190457494,6
83,2,1,12.25852858477223,15.625760647364007,4.044794280350786,6
84,2,1,14.93520764348232,15.042010077917844,4.003937772468454,6
85,2,1,14.891120279213364,15.035660566144463,3.9638983947437696,6
86,2,1,12.907790288264575,15.116688082330164,3.9246518759839306,6
87,2,1,11.769365529726361,15.30875448948472,3.8861748968076175,6
88,2,1,12.834458546510922,14.978899022856966,3.8484450434405533,6
89,2,1,16.637045681981864,14.438760223724659,3.8114407641767016,6
90,2,1,18.3984368830612,14.193212161110164,3.7751413283273996,6
91,2,1,12.877509733725091,14.455560016247453,3.7395267874941225,6
92,2,1,18.302935154362032,14.227521409546604,3.704577939012869,6
93,2,1,13.723926061154136,14.59110970121285,3.6702762914294165,6
94,2,1,15.170558640797674,14.503302216932191,3.636604031875018,6
95,2,1,15.04618841787259,14.768032222025413,3.603543995221609,6
96,2,1,12.411956293633489,14.778121383333621,3.571079634904297,6
97,2,1,12.95566413595743,14.552742839189994,3.539194995306937,6
98,2,1,15.04102390093843,14.557095007162074,3.5078746856139555,6
99,2,1,12.78000359172755,14.854518495454075,3.4771038550383944,6
100,2,1,17.323360142159526,14.849568045019225,3.4468681693424084,6
101,2,1,18.05957379020074,14.911960268671743,3.4171537885722154,6
102,2,1,15.143523727082385,14.881154532957153,3.3879473459348457,6
103,2,1,13.341134575879632,15.087155805080545,3.359235927748957,6
104,2,1,12.610330740622612,14.63608302521851,3.331007054406529,6
105,2,1,11.352358358690013,14.534847086988368,3.303248662286475,6
106,2,1,14.9139151575769,14.187737970433126,3.275949086565099,6
107,2,1,12.74010893924758,14.175713128588065,3.2490970448719425,6
108,2,1,15.969139362837158,14.205545187280256,3.222681621742902,6
109,2,1,16.379350750654307,14.47949748063296,3.1966922538256206,6
110,2,1,15.351793808018908,14.601163557879856,3.1711187157950156,6
111,2,1,16.779846054900496,14.834962668451796,3.1459511069394996,6
112,2,1,14.631240769246649,14.785552296882793,3.121179838380921,6
113,2,1,15.267957228010692,14.47388565861424,3.09679562089357,6
114,2,1,12.669658009643786,14.48519779506227,3.0727894532897437,6
115,2,1,15.544157846656034,14.42415447085901,3.0491526113413614,6
116,2,1,9.651762842277027,14.69086602595296,3.0258766372089845,6
117,2,1,13.305376424628449,14.536266433551775,3.0029533293513406,6
118,2,1,16.085772398877797,14.390035639647373,2.9803747328900525,6
119,2,1,15.276174973292793,14.694186863250117,2.9581331304057983,6
120,2,1,11.010124455416861,14.631190100564266,2.936221033143533,6
121,2,1,16.130580021879616,14.143078619179045,2.914631172605713,6
122,2,1,15.65528321155882,14.213877365893653,2.8933564925137003,6
123,2,1,15.490135624233426,14.111644380135319,2.872390141118674,6
124,2,1,14.68213557518267,14.189725730588663,2.8517254638444385,6
125,2,1,11.42722925290145,14.136469216695208,2.83135599624555,6
126,2,1,17.73714881278827,14.023521147900448,2.811275457265085,6
127,2,1,13.272035025694686,14.22288396300338,2.7914777427773028,6
128,2,1,13.490063100449262,14.551999616041348,2.7719569194012377,6
129,2,1,13.494638770820751,14.56878931384324,2.7527072185720622,6
130,2,1,13.933793426520122,14.3332317112926,2.7337230308577722,6
131,2,1,14.480206447230149,14.21119702522236,2.7149989005094315,6
132,2,1,11.358224671914297,14.526659024478109,2.696529520233857,6
133,2,1,10.901327526092743,14.092808538117628,2.678309726178223,6
134,2,1,11.318754085904075,13.660630748529803,2.660334493116624,6
135,2,1,9.172948656514148,13.281414245045317,2.64259892982918,6
136,2,1,13.077968922494112,12.780579070620904,2.625098274664748,6
137,2,1,14.125901769770582,12.930646313311145,2.607827891278796,6
138,2,1,11.462547378198298,12.602351127582267,2.5907832645384117,6
139,2,1,16.337819570684534,12.437852250537139,2.5739599965868636,6
140,2,1,11.739230787464365,12.69673920237671,2.5573538030604968,6
141,2,1,14.513396061317877,12.537156658435219,2.5409605094511343,6
142,2,1,13.012310741770643,12.589847807053197,2.5247760476074967,6
143,2,1,12.058745775226217,12.456402742920515,2.5087964523694746,6
144,2,1,14.469426833253078,12.520086479585235,2.4930178583294147,6
145,2,1,11.87544708094595,12.84445914387254,2.477436496714856,6
146,2,1,12.616924801303318,12.895067597967254,2.4620486923874347,6
147,2,1,11.672781689302084,13.208156338402636,2.4468508609529445,6
148,2,1,14.303699463339683,13.080412044476088,2.4318395059777727,6
149,2,1,10.592019507087056,13.096575471164185,2.4170112163071766,6
150,2,1,9.850225904338838,13.017436573790436,2.4023626634810724,6
151,2,1,16.529108619108587,12.427655331395373,2.3878905992432347,6
152,2,1,14.280635845054652,12.863098770635759,2.373591853139982,6
153,2,1,13.668316348660474,12.841938750975464,2.359463330204625,6
154,2,1,10.948308900309497,12.901575624329087,2.3455020087241243,6
155,2,1,12.663264960838003,12.800626817518474,2.3317049380845702,6
156,2,1,12.886487151954938,12.636430283662555,2.318069236692263,6
157,2,1,14.05830495912478,12.728343017390648,2.304592089967308,6
158,2,1,18.24644109626026,12.8593775771926,2.291270748406803,6
159,2,1,11.922095642062178,13.456982977825161,2.27810252571481,6
160,2,1,9.733764957802348,13.240473539527208,2.26508479699644,6
161,2,1,13.82484483767613,13.162450398683143,2.2522149970135055,6
162,2,1,13.020493368850907,13.523779392622895,2.239490618499305,6
163,2,1,11.996458442975019,13.204814369872196,2.2269092105302075,6
164,2,1,9.067284792865163,12.997161878774046,2.2144683769518267,6
0,1,2,15.683440840988197,17.201683585787027,13.476123486961217,7
1,1,2,19.284520462820694,17.225426357763236,12.63386576902614,7
2,1,2,18.476542881259917,17.426933941059847,11.890697194377545,7
3,1,2,18.075151848942955,17.83328223725495,11.230102905801013,7
4,1,2,23.57236352176577,18.019459669898275,10.639044858127276,7
5,1,2,14.676201397199268,18.743237454615876,10.107092615220912,7
6,1,2,24.929920401333252,18.271359810750486,9.625802490686583,7
7,1,2,20.85058348409871,19.255143378526828,9.188266013837193,7
8,1,2,17.846535992848835,19.44633148260642,8.788776187148619,7
9,1,2,18.233492447821234,19.13560294543751,8.42257717935076,7
10,1,2,16.175935171631856,19.258524770669307,8.08567409217673,7
11,1,2,14.815948508735573,18.89133531370097,7.7746866270930095,7
12,1,2,21.419556371363353,18.812472374405278,7.486735270534009,7
13,1,2,17.793685735739444,19.006566547909156,7.219351868014938,7
14,1,2,21.303710156805483,18.944488625589113,6.970408700152354,7
15,1,2,17.93082522949442,19.23799392630389,6.738061743480609,7
16,1,2,18.385302658713748,18.725126808824676,6.52070491304575,7
17,1,2,26.670408221326774,19.06231783259872,6.31693288451307,7
18,1,2,20.93390857553411,19.220543998052676,6.125510675891462,7
19,1,2,22.240136835916807,19.228119006364985,5.945348597188772,7
20,1,2,14.676165166848824,19.62753726482571,5.77548149441195,7
21,1,2,19.108857602140368,19.304143875646396,5.615051452900507,7
22,1,2,16.041848102666883,19.57077318751081,5.463293305524817,7
23,1,2,17.7369908048987,19.68221860514093,5.319522429063638,7
24,1,2,26.091889395740502,19.347439917280504,5.183124418062007,7
25,1,2,25.0637499586286,20.101822068189694,5.053546307610456,7
26,1,2,18.575730194896796,20.44364386835543,4.930289080595567,7
27,1,2,18.183368035838974,20.50227159248292,4.812901245343292,7
28,1,2,17.61918386984373,20.483913899494304,4.700973309405075,7
29,1,2,20.49830425454328,19.661075322086756,4.594133006918597,7
30,1,2,20.10416473699481,19.621474929269407,4.4920411623204055,7
31,1,2,12.84425921843721,19.42729564754923,4.394388093574309,7
32,1,2,19.34709122382689,19.260758743148166,4.300890474562091,7
33,1,2,18.982264606168044,19.28241634511967,4.21128858967538,7
34,1,2,16.770632821038976,19.549726936347046,4.125343924579965,7
35,1,2,11.687113118943703,19.461876210541618,4.042837046088365,7
36,1,2,11.78351009643253,18.152351094469182,3.9635657314591812,7
37,1,2,21.46777082973839,16.945056561542273,3.8873433135465048,7
38,1,2,13.166221939493488,17.207969346527868,3.8139972132909103,7
39,1,2,13.638662478250229,16.751865155951005,3.7433676352670044,7
40,1,2,13.281310774214424,16.38999957489705,3.675306405534877,7
41,1,2,14.29516761433984,15.733909258503518,3.609675934007469,7
42,1,2,12.357199250095956,15.205818610989432,3.5463482860424254,7
43,1,2,16.521696399590503,15.161540432049314,3.485204350076177,7
44,1,2,16.628577927896664,14.904686357118733,3.426133089905394,7
45,1,2,13.444862553515293,14.690714840912245,3.3690308717403044,7
46,1,2,11.812412436363099,14.388372089319184,3.3138008574494795,7
47,1,2,11.533534054275094,14.399762936357313,3.260352456522875,7
48,1,2,13.742098998531839,14.377037841615726,3.2086008302288613,7
49,1,2,14.141696269754197,13.674704038778765,3.158466442256535,7
50,1,2,17.730253151057216,13.76338352334792,3.1098746508372037,7
51,1,2,14.543012832555656,14.135346311784922,3.062755337945731,7
52,1,2,13.250340349274845,14.250046498906851,3.017042571707735,7
53,1,2,12.729307041370618,14.155062202082759,2.972674298594386,7
54,1,2,13.33972995650229,14.188890183107729,2.929592062382873,7
55,1,2,18.99423350824257,13.899620506463348,2.887740747205975,7
56,1,2,18.021235361577872,14.114680104676609,2.84706834231575,7
57,1,2,15.177459143415675,14.530713996318665,2.8075257264502533,7
58,1,2,17.535400705292943,14.836627333323442,2.769066469923538,7
59,1,2,14.05336486680073,15.382251574325066,2.7316466527624086,7
60,1,2,13.864562545759886,15.41054847144042,2.695224697392243,7
61,1,2,10.92262375816555,15.385354496531848,2.659761214531819,7
62,1,2,14.992027282129746,14.766479097178056,2.6252188610963407,7
63,1,2,15.82747763051544,14.807298592593884,2.5915622090310033,7
64,1,2,13.358403793932789,15.041583799979394,2.55875762410656,7
65,1,2,15.648812551017674,15.09877441384868,2.526773153805228,7
66,1,2,13.363631865521668,15.308691013350078,2.4955784235113363,7
67,1,2,13.632263240757064,14.796818136739086,2.4651445402977834,7
68,1,2,15.52146565528704,14.397820671209923,2.4354440036676896,7
69,1,2,15.612589539148127,14.429093990470959,2.406450622671646,7
70,1,2,17.716103782247682,14.254292975366884,2.378139438875509,7
71,1,2,12.331821869825443,14.587269240407515,2.3504866547025376,7
72,1,2,14.538104295765043,14.447929178958928,2.323469566717451,7
73,1,2,11.61191519107023,14.776609227831612,2.2970665034592983,7
74,1,2,12.924769357350788,14.469326310462565,2.2712567674653736,7
75,1,2,18.039330374808333,14.20544374017487,2.2460205811602028,7
76,1,2,12.006950883480654,14.630982520254463,2.2213390363122887,7
77,1,2,13.881094273370952,14.299904186842003,2.1971940467871547,7
78,1,2,16.45057468480255,14.346946223919213,2.173568304348583,7
79,1,2,19.051441486706224,14.603156355196075,2.1504452372810454,7
80,1,2,12.595264795683741,14.924063248961458,2.127808971625455,7
81,1,2,14.825791720755078,14.649760999555603,2.10564429483769,7
82,1,2,9.07276182463956,14.38700535760173,2.0839366216950337,7
83,1,2,10.845151609002674,14.090727171675741,2.0626719622899823,7
84,1,2,14.517633123534802,13.75500420015189,2.0418368919638206,7
85,1,2,17.688225917642093,14.019160375830488,2.0214185230441823,7
86,1,2,16.721567204049073,14.452201881311511,2.0014044782615668,7
87,1,2,11.860716654562347,14.332405229424309,1.9817828657295906,7
88,1,2,15.827719422597678,14.319111208613554,1.9625422553827014,7
89,1,2,16.20690757599116,14.496077131270528,1.9436716567732524,7
90,1,2,17.82837397520285,14.473925575924039,1.9251604981373167,7
91,1,2,14.332946562863597,14.362737620332824,1.9069986066454552,7
92,1,2,12.531057046366815,14.520708690076447,1.8891761897609183,7
93,1,2,10.785014890091322,14.312096446950239,1.8716838176335022,7
94,1,2,11.091581494753749,14.467755816536766,1.8545124064625527,7
95,1,2,12.605632076569446,14.490158533423227,1.8376532027674386,7
96,1,2,16.45931134089901,14.316340256426372,1.8210977685082725,7
97,1,2,17.445418617849455,14.204620749449731,1.8048379670037344,7
98,1,2,13.43880405241057,14.270425423431588,1.7888659495966217,7
99,1,2,14.030204099613822,14.413887914145057,1.7731741430212127,7
100,1,2,21.55620550364062,14.250477430237437,1.7577552374297238,7
101,1,2,14.26650441714539,14.736777241841933,1.7426021750380885,7
102,1,2,15.303816225529975,14.412970918382165,1.7277081393540021,7
103,1,2,12.990832329900105,14.501231796806382,1.713066544952697,7
104,1,2,10.248091206009102,14.543029549854863,1.6986710277682207,7
105,1,2,13.354982892409812,14.494218305847387,1.6845154358701522,7
106,1,2,14.766402142284239,14.699982069270662,1.6705938206976716,7
107,1,2,13.926512641956947,14.896415711608372,1.6569004287247397,7
108,1,2,15.290722300307403,14.666161284431821,1.6434296935318558,7
109,1,2,11.95332186961908,14.47027980101891,1.6301762282614376,7
110,1,2,10.67826447952143,14.335235966219681,1.617134818435346,7
111,1,2,10.530698313849664,14.030514182574917,1.6043004151144307,7
112,1,2,11.488335100962429,13.028195347139375,1.5916681283812462,7
113,1,2,12.920203631281264,12.775634500213652,1.5792332211282676,7
114,1,2,15.077059346385003,12.558942446191043,1.5669911031350252,7
115,1,2,12.451248321979024,12.748599447689672,1.5549373254186019,7
116,1,2,12.375883553997088,12.94888645823239,1.5430675748428875,7
117,1,2,11.02510301520824,12.859877427467598,1.5313776689728655,7
118,1,2,13.044457195340968,12.519759325006142,1.5198635511610394,7
119,1,2,11.572924829060126,12.439572466222872,1.5085212858538675,7
120,1,2,15.024984905315748,12.101590877927665,1.497347054106802,7
121,1,2,11.611518038169724,12.380832972081908,1.486337149297193,7
122,1,2,14.233068145177494,12.465674204686298,1.4754879730249508,7
123,1,2,14.9445566513752,12.802253280261555,1.4647960311914365,7
124,1,2,12.965669527704176,13.116455239389985,1.4542579302476133,7
125,1,2,18.429212777570434,13.120588502701162,1.4438703736029874,7
126,1,2,16.63336795492987,13.42532972371802,1.4336301581873634,7
127,1,2,16.72194447594313,13.805522417622642,1.423534171157875,7
128,1,2,17.906445864278936,14.200618865072283,1.4135793867441835,7
129,1,2,13.579927088620028,14.826195487715074,1.4037628632251267,7
130,1,2,12.525131436503258,14.874874568922259,1.3940817400304706,7
131,1,2,13.932393137248102,14.961438805962546,1.384533234961769,7
132,1,2,13.217852198407773,14.86211228159276,1.3751146415266549,7
133,1,2,14.695577225444307,15.008142659796219,1.3658233263812043,7
134,1,2,11.585982217616344,15.050188939820474,1.3566567268752903,7
135,1,2,17.8620437375133,14.74486399129694,1.3476123486961216,7
136,1,2,15.053587456635611,15.189988919461404,1.3386877636054189,7
137,1,2,13.045133901870983,14.883113890285513,1.3298806072659095,7
138,1,2,14.82426731883336,14.556910794552891,1.3211885771530605,7
139,1,2,16.123575967040015,14.384394689361095,1.3126094305481704,7
140,1,2,9.95138961146427,14.222315607793917,1.30414098260915,7
141,1,2,14.159591845256775,13.89244856441612,1.2957811045155017,7
142,1,2,16.25601575649974,14.041035874302805,1.2875277216841927,7
143,1,2,14.925108108205979,14.252274294234773,1.27937881205328,7
144,1,2,17.408516529089372,14.4074793769437,1.2713324044303034,7
145,1,2,15.826914235258334,14.654110222729615,1.263386576902614,7
146,1,2,13.881976096435215,15.039649497060703,1.2555394553069457,7
147,1,2,15.905171372339984,14.677825166053601,1.2477892117556681,7
148,1,2,15.079481168440182,14.755241885663093,1.24013406321729,7
149,1,2,15.377177798489527,14.940182546260292,1.2325722701488917,7
150,1,2,10.697385529274817,14.990447135319942,1.2251021351782925,7
151,1,2,15.901556334145917,14.497157095523107,1.2177220018338448,7
152,1,2,17.07907123069901,15.03808134303962,1.2104302533198699,7
153,1,2,14.629715815326335,15.303488559898005,1.203225311335823,7
154,1,2,16.39736476455155,15.155643110700424,1.1961056349373862,7
155,1,2,15.062062857491345,15.289484624913657,1.1890697194377544,7
156,1,2,12.543796532143189,15.076170654768385,1.1821160953474752,7
157,1,2,13.75142873618264,14.777705409030643,1.1752433273512688,7
158,1,2,14.535421912069344,14.7658374671895,1.1684500133203366,7
159,1,2,16.913118580717413,14.64131478898308,1.1617347833587255,7
160,1,2,13.90096805293451,14.8080090991901,1.15509629888239,7
161,1,2,17.105587794044094,14.673808213230553,1.1485332517296492,7
162,1,2,17.72900984773045,15.256372055482302,1.142044363301798,7
163,1,2,14.408595113382315,15.422504193080897,1.1356283837326868,7
164,1,2,14.575657415325827,15.1797336369612,1.1292840910861355,7
0,1,1,17.97643819321618,16.966440319066354,17.42765799655463,4
1,1,1,14.158958378982764,17.361787380564017,16.338429371769966,4
2,1,1,19.66747847923515,17.20485479153019,15.377345291077615,4
3,1,1,23.129693654338553,17.098538564792403,14.523048330462192,4
4,1,1,17.582896109308813,17.818497969269313,13.758677365701024,4
5,1,1,18.400311710199183,18.275771412253548,13.070743497415972,4
6,1,1,16.064866221574146,18.511453602575035,12.448327140396165,4
7,1,1,15.44061830736228,18.83441762310216,11.882494088559975,4
8,1,1,15.906581301371114,18.745400283963292,11.365863910796497,4
9,1,1,11.263682221179087,18.246839149671462,10.892286247846643,4
10,1,1,20.732382051289715,17.537548604407547,10.456594797932778,4
11,1,1,21.47710244698966,17.30217332982336,10.054418074935363,4
12,1,1,23.21028912199969,17.620415534711864,9.682032220308129,4
13,1,1,14.354779855860869,18.443263784077036,9.336245355297123,4
14,1,1,17.580996560692448,17.960291181952105,9.014305860286878,4
15,1,1,12.422081934269167,17.455864173438822,8.713828998277314,4
16,1,1,14.730706454426183,16.986699248435215,8.432737740268369,4
17,1,1,16.511251721640168,16.65309877063767,8.169214685884983,4
18,1,1,33.77212797271805,16.69367927064367,7.92166272570665,4
19,1,1,29.02534183568114,18.36018014931238,7.688672645538808,4
20,1,1,17.870235024735404,19.552794743340566,7.468996284237699,4
21,1,1,19.016128726816557,20.15339045275477,7.261524165231096,4
22,1,1,23.565402547286162,19.99736742325721,7.0652667553599855,4
23,1,1,31.5576821535381,20.18721288692053,6.879338682850512,4
24,1,1,13.028090284837782,20.94606679887857,6.702945383290242,4
25,1,1,27.206690843966197,20.825458656058288,6.535371748707986,4
26,1,1,26.959007599847656,21.70052177271954,6.375972437763889,4
27,1,1,37.62563762114431,23.02206046959031,6.224163570198082,4
28,1,1,13.32021628323831,25.103417848382865,6.0794155801934755,4
29,1,1,28.683727030789534,24.813323717619063,5.941247044279987,4
30,1,1,17.86574818333756,24.350741813807375,5.809219332184877,4
31,1,1,18.449692988417343,23.33623329995796,5.6829319553982485,4
32,1,1,22.705825778003874,23.388911296656318,5.562018509538712,4
33,1,1,15.410561508688044,23.724338301309714,5.446143123923322,4
34,1,1,19.222046774310332,22.982989115982612,5.33499734588407,4
35,1,1,23.304991122581132,21.861567717870997,5.228297398966389,4
36,1,1,28.285174136871824,22.795831430393118,5.1257817636925385,4
37,1,1,29.056977095473712,22.89387536611181,5.027209037467681,4
38,1,1,35.73993637392044,23.08459986571418,4.932356036760744,4
39,1,1,21.675394692657754,22.91317247960292,4.841016110154064,4
40,1,1,30.837741316651687,23.672734153186504,4.75299763542399,4
41,1,1,44.18942982251348,23.86855363371943,4.668122677648562,4
42,1,1,36.92394973275621,26.26161560091724,4.586225788567008,4
43,1,1,32.8993078662273,27.941093486766228,4.507152930143439,4
44,1,1,14.015794195646919,28.867773676604717,4.4307605075986345,4
45,1,1,15.337458435621523,28.740976648146432,4.356914499138657,4
46,1,1,11.61676468155108,28.387832253720173,4.285489671283925,4
47,1,1,16.18564822179122,27.325266213626538,4.216368870134184,4
48,1,1,24.800679214697425,26.22530931225558,4.149442380132054,4
49,1,1,17.505577058094335,25.838373141275916,4.084607342942491,4
50,1,1,14.842138794890783,24.180704112564452,4.021767229974145,4
51,1,1,20.161267279558565,23.55949903094927,3.960831362853325,4
52,1,1,26.026959811743172,22.58891048212262,3.901714476840589,4
53,1,1,13.834588233462961,20.93777684477987,3.844336322769404,4
54,1,1,19.95975133921329,18.838743981207752,3.7886213035988328,4
55,1,1,16.922596976515354,17.662420660570117,3.7344981421188495,4
56,1,1,14.867852275462269,17.926675458830882,3.681899576736894,4
57,1,1,14.414215241106087,17.883983989725497,3.630762082615548,4
58,1,1,16.1894117779042,18.13829767695777,3.5810256157304035,4
59,1,1,15.623300445118877,18.13863981842259,3.5326333776799927,4
60,1,1,18.466486690834348,17.30433265755181,3.485531599310926,4
61,1,1,18.898925757923518,17.391688078709993,3.439669341425256,4
62,1,1,19.18847110324131,17.760486893531148,3.394998311017136,4
63,1,1,17.497570315221132,17.672050877502308,3.351472691645121,4
64,1,1,18.527374369443177,16.89665183236394,3.309048986687588,4
65,1,1,14.229584941896334,17.323268753816688,3.267685874353993,4
66,1,1,11.360848206512227,16.802344535878785,3.2273440734360426,4
67,1,1,13.848145000580121,16.296731011333044,3.1879862188819446,4
68,1,1,12.472486402405291,16.204030349980123,3.1495767463652946,4
69,1,1,15.701676473993839,16.027509546461868,3.112081785099041,4
70,1,1,14.280757170502593,15.983169973379107,3.075469058215523,4
71,1,1,12.950277926173083,15.861120584777627,3.0397077900967377,4
72,1,1,14.170619259163809,15.35964706071751,3.004768620095626,4
73,1,1,18.296104742450638,14.929801015375718,2.9706235221399937,4
74,1,1,14.702731399038052,14.848676800758385,2.9372457297563983,4
75,1,1,12.017304033504361,14.594600535650835,2.9046096660924383,4
76,1,1,9.560746192651331,14.002775959656397,2.872690878552961,4
77,1,1,15.83058343256321,13.578336073361397,2.8414659776991242,4
78,1,1,14.65476545213975,13.984675639366031,2.8109125800894565,4
79,1,1,17.353954846524008,14.058004771325995,2.781009254769356,4
80,1,1,13.492121523425919,14.501774629882243,2.751735473140205,4
81,1,1,13.576569090039897,14.300905998012434,2.723071561961661,4
82,1,1,13.360705648760998,14.236888899788552,2.6949986592610253,4
83,1,1,14.134894067197942,14.274200510932907,2.667498672942035,4
84,1,1,16.337120490650065,14.270952766208739,2.6405542419022168,4
85,1,1,16.28017300139063,14.092863288772321,2.6141486994831946,4
86,1,1,18.43854776886431,14.236267070804375,2.5882660390922716,4
87,1,1,14.986008899254946,14.820016501291644,2.5628908818462692,4
88,1,1,17.662941637828816,15.313222201891971,2.538008446100189,4
89,1,1,14.398896402163214,15.479800220552482,2.5136045187338407,4
90,1,1,13.309160947239784,15.456539397827344,2.489665428079233,4
91,1,1,20.813907908668675,15.088830861528775,2.466178018380372,4
92,1,1,13.14784562396432,15.754447805641751,2.4431296256852284,4
93,1,1,16.521952629492663,15.715472945089425,2.420508055077032,4
94,1,1,12.049113988178467,16.00285903424685,2.398301559158894,4
95,1,1,14.869762684202035,15.8132426634269,2.376498817711995,4
96,1,1,14.970496027640332,15.679846499204352,2.3550889184533284,4
97,1,1,11.637149071474099,15.560784956136144,2.334061338824281,4
98,1,1,21.25826476254038,14.942475983646121,2.3134059287461897,4
99,1,1,18.010066717096258,15.512681062126616,2.293112894283504,4
100,1,1,13.328445738021529,15.544237887514567,2.2731727821592997,4
101,1,1,14.576501425974204,15.446924190774412,2.2535764650717196,4
102,1,1,16.299772198669952,15.562136961568454,2.234315127763414,4
103,1,1,15.478222406860212,15.151760987932205,2.2153802537993172,4
104,1,1,9.908308322716842,15.363613422740922,2.196763613011088,4
105,1,1,17.082174393020015,14.762373031215846,2.1784572495693286,4
106,1,1,15.947085750204531,15.219923977110533,2.1604534706472682,4
107,1,1,14.683506541315083,15.317862437656215,2.1427448356419627,4
108,1,1,13.767874503404887,15.291772484353915,2.1253241459212964,4
109,1,1,12.212256420118496,15.485474796347626,2.108184435067092,4
110,1,1,14.295044595336734,14.663110401582003,2.091318959586556,4
111,1,1,16.302911286440356,14.32538111778568,2.074721190066027,4
112,1,1,13.44606456669064,14.595787076732847,2.058384802742673,4
113,1,1,9.477282247561794,14.493020089525247,2.0423036714712457,4
114,1,1,10.632019392252989,13.872793730333598,2.026471860064492,4
115,1,1,18.654314292082525,13.432229819914761,2.0108836149870726,4
116,1,1,13.705700423552756,14.227321271675276,1.995533358384118,4
117,1,1,12.83698795544598,13.920369092632798,1.9804156814266625,4
118,1,1,9.771089962521943,13.637632929472927,1.965525337957289,4
119,1,1,14.168963352219617,13.191049604128102,1.9508572384202945,4
120,1,1,11.705521821626395,13.227512226747619,1.9364064440616255,4
121,1,1,14.039245816749673,13.18144544506652,1.922168161384702,4
122,1,1,14.515786434057366,13.158191010649515,1.908137736849047,4
123,1,1,14.175736121900206,12.995725114978335,1.8943106517994164,4
124,1,1,14.886114711693551,13.062058892724657,1.880682517613809,4
125,1,1,11.591351430869867,13.553770934918454,1.8672490710594247,4
126,1,1,14.385388240018722,13.64098293842908,1.8540061698462371,4
127,1,1,13.851664211521808,13.252898751877824,1.840949788368447,4
128,1,1,10.672760209738318,13.266168187147736,1.8280760136246115,4
129,1,1,13.527331584710627,13.069420210265223,1.815381041307774,4
130,1,1,12.281333931118697,13.410896721373286,1.8028611720573755,4
131,1,1,14.85946069811106,13.239294046727748,1.7905128078652017,4
132,1,1,14.612782966809547,13.526015762771808,1.7783324486280234,4
133,1,1,11.60408148078231,13.578155503686343,1.7663166888399964,4
134,1,1,10.218109657384776,13.31345505338861,1.7544622144182513,4
135,1,1,12.534603382982521,12.953670829341753,1.742765799655463,4
136,1,1,17.07336913780196,12.739897072186205,1.7312243042935063,4
137,1,1,9.44605468657176,13.23826231827094,1.719834670712628,4
138,1,1,13.112335857784121,12.789231995230306,1.708593921230846,4
139,1,1,13.629781349800727,12.7220203267087,1.697499155508568,4
140,1,1,11.90607831402748,12.990840430350739,1.6865475480536738,4
141,1,1,11.750526218250183,12.84345376937954,1.6757363458225605,4
142,1,1,11.621881177390211,12.795198522755129,1.6650628659128628,4
143,1,1,13.54813251964408,12.500873111780509,1.654524493343794,4
144,1,1,14.155749905520716,12.40408670749274,1.6441186789202482,4
145,1,1,16.5685975206883,12.63605656428714,1.6338429371769965,4
146,1,1,13.16718288710113,13.213373642769279,1.6236948443994996,4
147,1,1,16.12916312260275,13.270880870416425,1.6136720367180213,4
148,1,1,15.604009133823194,13.185043959943771,1.6037722082718984,4
149,1,1,16.839380797807966,13.74485800060299,1.5939931094409723,4
150,1,1,16.37086486937336,14.083680267877885,1.58433254514133,4
151,1,1,15.513332002205738,14.332869678748125,1.5747883731826473,4
152,1,1,12.206493189364743,14.660801832218874,1.5653585026845476,4
153,1,1,14.790910773949795,14.702253375047473,1.5560408925495206,4
154,1,1,17.114054983321857,14.990346974734708,1.5468335499900558,4
155,1,1,17.79552395615746,15.31452174415996,1.5377345291077615,4
156,1,1,11.923304728120723,15.645410294217847,1.528741929522336,4
157,1,1,14.53722241530112,15.223110949438974,1.5198538950483689,4
158,1,1,17.8287376184721,15.347659997457155,1.5110686124180315,4
159,1,1,9.985154920598152,15.502166769808916,1.502384310047813,4
160,1,1,10.782745971354203,14.99136184133391,1.4937992568475398,4
161,1,1,13.805856889180472,14.44075867529266,1.4853117610699968,4
162,1,1,15.442810013802003,14.207576131638762,1.4769201691995448,4
163,1,1,15.90869050636274,14.201165041783874,1.4686228648781992,4
164,1,1,13.280836132579918,14.53772843423824,1.4604182678677065,4
0,2,1,25.51016116303598,20.536159590413714,9.739346287671795,8
1,2,1,20.10530199384116,21.19086537362405,9.130637144692308,8
2,2,1,25.94445421999248,21.405332434575225,8.593540842063348,8
3,2,1,27.809383543099433,22.04544995601305,8.116121906393163,8
4,2,1,18.69380873588876,22.45656354985877,7.688957595530365,8
5,2,1,19.27006082616139,22.69812325017096,7.304509715753847,8
6,2,1,25.54867467624949,22.779621776452643,6.956675919765568,8
7,2,1,20.70110054230384,23.06100833845281,6.640463377958042,8
8,2,1,27.541886440885683,22.981841464108207,6.351747578916388,8
9,2,1,29.917454790598207,22.987460112963213,6.087091429794872,8
10,2,1,29.714340834431447,23.74687932056844,5.843607772603077,8
11,2,1,29.81487929046559,24.61423888786253,5.618853627502959,8
12,2,1,21.753990908027752,25.005576899447046,5.410747937595442,8
13,2,1,31.653695670581385,25.155457709827648,5.217506939824176,8
14,2,1,30.42092538086133,25.674479659881182,5.037592907416446,8
15,2,1,24.34743026078376,25.911892554223176,4.8696731438358976,8
16,2,1,22.78957001220626,26.425858147395445,4.712586913389578,8
17,2,1,17.698739158608127,26.745813527944975,4.565318572346154,8
18,2,1,25.101859598205387,26.03218302634122,4.426975585305361,8
19,2,1,22.645407769489346,26.432252031423175,4.296770421031674,8
20,2,1,20.15664353809833,25.987117606750783,4.174005551859341,8
21,2,1,20.72765797727549,25.09977112925079,4.058060953196581,8
22,2,1,22.969008723756527,24.282799960418433,3.948383630137214,8
23,2,1,23.658591722221974,23.660448090717612,3.8444787977651824,8
24,2,1,16.0419862653879,23.833593619280716,3.745902418335306,8
25,2,1,12.085662499094814,22.414347309717673,3.6522548578769234,8
26,2,1,21.362611513324598,20.74750522955708,3.5631754710994374,8
27,2,1,14.305597290509516,20.47615807069716,3.478337959882784,8
28,2,1,18.52912448243916,19.704887823270184,3.3974463794203937,8
29,2,1,17.777668389712964,19.780377398163914,3.320231688979021,8
30,2,1,12.707549321700329,19.114541833755514,3.246448762557265,8
31,2,1,13.903627741040983,18.211100156683784,3.175873789458194,8
32,2,1,17.95174347062354,17.642644175133114,3.1083020067037643,8
33,2,1,16.661952831137167,17.39028831089203,3.043545714897436,8
34,2,1,17.521370008615378,16.81691959338118,2.9814325370423864,8
35,2,1,15.581759709072173,16.258990346689668,2.9218038863015385,8
36,2,1,15.387850903125207,16.217151568842784,2.8645136140211163,8
37,2,1,16.923914763919786,16.51735051466373,2.8094268137514793,8
38,2,1,18.709422871793862,16.1138326283542,2.7564187606618287,8
39,2,1,16.647591667969518,16.51418040847096,2.705373968797721,8
40,2,1,16.719619256516733,16.3431319707919,2.656185351183217,8
41,2,1,15.751215057760296,16.24694568595588,2.608753469912088,8
42,2,1,16.296896426033594,16.523642571052243,2.5629858651767883,8
43,2,1,12.459264256298102,16.741212451506115,2.518796453708223,8
44,2,1,12.70510432084929,16.24189615929471,2.4761049883911346,8
45,2,1,15.354195968307527,15.882182658359449,2.4348365719179488,8
46,2,1,13.623690509301463,15.68516683651328,2.3949212182799497,8
47,2,1,13.248812803951589,15.507160545625037,2.356293456694789,8
48,2,1,18.183253959572262,15.31270253660925,2.318891973255189,8
49,2,1,11.909840839828579,15.427187918032201,2.282659286173077,8
50,2,1,12.540228301516,14.809044096944449,2.2475414510011835,8
51,2,1,12.918919688957597,14.43564742726686,2.2134877926526806,8
52,2,1,14.359184649004433,14.090129284761481,2.1804506614190586,8
53,2,1,14.14810339179364,13.963581065783677,2.148385210515837,8
54,2,1,16.684815136309886,13.768236244489133,2.1172491929721295,8
55,2,1,18.25291186466625,14.152377233581115,2.0870027759296703,8
56,2,1,15.60814193153115,14.656723373928111,2.0576083706348864,8
57,2,1,16.44738080640682,14.679809370584804,2.0290304765982907,8
58,2,1,13.804864097478614,14.936508488503472,2.001235538562698,8
59,2,1,14.946565228827563,14.987058606096836,1.974191815068607,8
60,2,1,13.551446444863794,14.69281417602914,1.947869257534359,8
61,2,1,11.207477276013693,14.84205104921416,1.9222393988825912,8
62,2,1,13.097623940629106,14.720891865077585,1.897275250845155,8
63,2,1,8.300804186846385,14.737137706138629,1.872951209167653,8
64,2,1,16.932301009994237,14.18637584594245,1.849242966013632,8
65,2,1,12.462362781092706,14.439484720324318,1.8261274289384617,8
66,2,1,11.2070857184751,14.055625415304574,1.8035826458651472,8
67,2,1,17.06348099297464,13.415095765650834,1.7815877355497187,8
68,2,1,10.688290917106809,13.54739931669115,1.760122823073216,8
69,2,1,19.578427792602888,13.023845690391148,1.739168979941392,8
70,2,1,12.524792476844615,13.548715117220627,1.7187081684126697,8
71,2,1,11.200140525242476,13.328553957949453,1.6987231897101969,8
72,2,1,12.474467072634605,13.114798874347516,1.6791976358054819,8
73,2,1,13.984076148428562,13.229979764949416,1.6601158444895106,8
74,2,1,14.473786360327992,13.310566329294819,1.6414628574727745,8
75,2,1,12.513967887612226,13.871746526884056,1.6232243812786324,8
76,2,1,9.773809661226,13.470079879394781,1.6053867507151312,8
77,2,1,9.825823638409737,13.225665959406903,1.587936894729097,8
78,2,1,11.246100892801582,13.100096679400961,1.5708623044631929,8
79,2,1,9.41090886803271,12.57124394302159,1.5541510033518822,8
80,2,1,12.647291618980216,12.455118302196672,1.537791519106073,8
81,2,1,15.059586364811693,11.825015013685517,1.521772857448718,8
82,2,1,12.192633467963203,12.055450821682525,1.50608447747502,8
83,2,1,13.154862356497542,12.145677452838955,1.4907162685211932,8
84,2,1,11.102570077317504,12.20753156955377,1.4756585284351205,8
85,2,1,19.049963899941528,11.945576472180038,1.4609019431507693,8
86,2,1,14.471238952568706,12.361592612144904,1.4464375674760093,8
87,2,1,14.14102886929598,12.539526345322768,1.4322568070105581,8
88,2,1,14.412228864936656,12.936546273329128,1.4183514011172518,8
89,2,1,10.38756217038626,13.353492203013394,1.4047134068757396,8
90,2,1,13.805247839960094,13.275443228248367,1.3913351839531136,8
91,2,1,14.578707355452877,13.674928589332671,1.3782093803309143,8
92,2,1,13.67550989327412,13.850511838102914,1.3653289188324946,8
93,2,1,8.709979953088713,13.72468670432677,1.3526869843988605,8
94,2,1,11.967720162376114,13.408081839338179,1.3402770120649259,8
95,2,1,16.749467123246166,13.300159821690777,1.3280926755916085,8
96,2,1,15.09999102539478,13.813514098593384,1.3161278767124047,8
97,2,1,11.688219215279977,13.45442565545277,1.304376734956044,8
98,2,1,12.850543441822191,13.201423861153796,1.2928335780095304,8
99,2,1,7.525623525780205,13.084107004110724,1.2814929325883941,8
100,2,1,15.411938582218164,12.458051973278316,1.2703495157832776,8
101,2,1,11.206529647907555,12.914813465263036,1.2593982268541115,8
102,2,1,11.763304654983212,12.678566356894624,1.248634139445102,8
103,2,1,11.047086346939613,12.422620656851928,1.2380524941955673,8
104,2,1,10.965146357245851,12.18367306173061,1.2276486917233356,8
105,2,1,11.858512314505864,12.388688189381257,1.2174182859589744,8
106,2,1,12.884973824061607,12.378760203211236,1.207356977810553,8
107,2,1,11.892029045702579,12.027442630558092,1.1974606091399749,8
108,2,1,12.982178218323677,11.735809723313345,1.1877251570331457,8
109,2,1,11.895466295050415,11.853442359953682,1.1781467283473945,8
110,2,1,9.816296179122366,11.766617164792613,1.1687215545206153,8
111,2,1,13.470477225128331,11.974860133278263,1.1594459866275946,8
112,2,1,12.094474307134409,11.798363646270097,1.150316490669897,8
113,2,1,10.465107615002802,11.879085888017993,1.1413296430865385,8
114,2,1,13.080512972989391,11.761067975292502,1.1324821264734646,8
115,2,1,11.545614759258914,11.945924941297024,1.1237707255005918,8
116,2,1,12.229246114306566,11.998694796025488,1.1151923230158545,8
117,2,1,11.370150970189647,12.032397868734643,1.1067438963263403,8
118,2,1,11.854586225911872,11.894686700200827,1.098422513647195,8
119,2,1,13.285133074097697,11.89128280749258,1.0902253307095293,8
120,2,1,11.44597202667244,11.918824158017488,1.0821495875190883,8
121,2,1,10.756186491241097,11.877961042710403,1.0741926052579185,8
122,2,1,11.939461379149403,11.963405616539378,1.0663517833217293,8
123,2,1,9.979089568903305,11.82422235781402,1.0586245964860648,8
124,2,1,11.347593809312555,11.631914654338466,1.051008592194798,8
125,2,1,11.068161990978995,11.712140672002988,1.0435013879648352,8
126,2,1,9.40826965359921,11.52919967363841,1.0361006689012549,8
127,2,1,9.352271425992624,11.33489557312389,1.0288041853174432,8
128,2,1,11.486375362777796,11.073352419640804,1.0216097504550834,8
129,2,1,12.48832068107942,11.083918273512454,1.0145152382991454,8
130,2,1,10.180187277229214,11.141530496709503,1.0075185814832892,8
131,2,1,10.760506686741284,10.859262696994186,1.000617769281349,8
132,2,1,10.498928689256502,10.796947666091354,0.9938108456807955,8
133,2,1,13.362792189200713,10.773560593183662,0.9870959075343035,8
134,2,1,10.904465691502889,10.902954303188327,0.9804711027857512,8
135,2,1,7.463816155635516,10.987079405242836,0.9739346287671795,8
136,2,1,8.431482219639124,10.634008709454015,0.9674847305634233,8
137,2,1,8.572017504053381,10.394310548423118,0.9611196994412956,8
138,2,1,11.16997668374617,10.318287625737133,0.9548378713403721,8
139,2,1,7.140378554924327,10.483533558260183,0.9486376254225775,8
140,2,1,6.927798084078165,10.08844293936441,0.9425173826779156,8
141,2,1,11.17518500611346,9.58294088509157,0.9364756045838265,8
142,2,1,9.718033809413523,9.673395224081048,0.9305107918157766,8
143,2,1,12.260612456028168,9.578624962505797,0.924621483006816,8
144,2,1,12.298322510481299,9.738778032212313,0.918806253553943,8
145,2,1,12.942982321792357,9.642008061419638,0.9130637144692308,8
146,2,1,8.157787235693565,9.827327755082317,0.9073925112737697,8
147,2,1,12.80847296832484,9.890416035087595,0.9017913229325736,8
148,2,1,10.686642136457412,10.288324284968112,0.8962588608286928,8
149,2,1,9.691730289424239,10.480562887913935,0.8907938677748594,8
150,2,1,10.544195697887279,10.346176852066487,0.8853951170610723,8
151,2,1,11.435198191788583,10.655614774154028,0.880061411536608,8
152,2,1,9.645563015591126,11.065378420309521,0.8747915827250116,8
153,2,1,10.951355856639182,10.92632187571658,0.869584489970696,8
154,2,1,12.940679054020858,11.038442061828006,0.8644390196158398,8
155,2,1,10.796164391150247,11.100266298009158,0.8593540842063349,8
156,2,1,10.071247005075895,10.963706468979062,0.8543286217255961,8
157,2,1,8.89436923762967,10.702639622004838,0.8493615948550984,8
158,2,1,9.575591692700028,10.769601622180847,0.8444519902605603,8
159,2,1,12.774745694103283,10.475703324396774,0.8395988179027409,8
160,2,1,10.387415755912759,10.6655309205464,0.8348011103718682,8
161,2,1,10.611029715154725,10.728775053863536,0.8300579222447553,8
162,2,1,9.628172179145869,10.734850873615125,0.8253683294637114,8
163,2,1,9.248531243543377,10.570575781556695,0.8207314287363873,8
164,2,1,9.34243770775656,10.534481984097809,0.816146336955737,8
0,1,1,15.330082553115474,17.497754274162048,15.795502438244307,5
1,1,1,22.709861672307802,17.377106151017646,14.808283535854038,5
2,1,1,22.835105150266475,18.372946248623382,13.937208033744977,5
3,1,1,15.700463271834987,19.015649284044045,13.162918698536922,5
4,1,1,27.254533892843106,18.996703678178395,12.470133503877085,5
5,1,1,14.651799216961924,19.273575039242697,11.846626828683231,5
6,1,1,15.775606347566754,18.92307990798734,11.282501741603076,5
7,1,1,18.682984901660276,18.90185348467913,10.769660753348392,5
8,1,1,14.858196017671506,18.99542607513934,10.301414633637592,5
9,1,1,19.345331678557788,18.52383681365817,9.872189023902692,5
10,1,1,15.841507901590566,18.86272968668618,9.477301462946585,5
11,1,1,21.353516888087345,18.45322478221606,9.11278986821787,5
12,1,1,19.267245506156122,19.00080972175896,8.775279132357948,5
13,1,1,24.424905670740927,18.687844615745167,8.461876306202308,5
14,1,1,28.52721458718135,18.8323719357883,8.1700874680574,5
15,1,1,13.921374529538634,19.99844023718342,7.897751219122154,5
16,1,1,20.459306019381522,18.78633484051938,7.642985050763374,5
17,1,1,17.105094783215357,19.314290004375707,7.404141767927019,5
18,1,1,23.235379758679038,19.435152589434672,7.1797738355655945,5
19,1,1,22.00853717489913,19.849006667345467,6.968604016872488,5
20,1,1,22.191051717273954,20.49903768163889,6.769501044961846,5
21,1,1,26.294867996382216,20.757739503340357,6.581459349268461,5
22,1,1,23.68493298438378,21.708044966503234,6.403582069558503,5
23,1,1,28.860282538647972,21.919991884348363,6.235066751938542,5
24,1,1,15.785247660618088,22.79208616002944,6.075193245478579,5
25,1,1,25.693039074269688,22.00666270456373,5.9233134143416155,5
26,1,1,54.87945861249566,21.749010385208123,5.778842355455234,5
27,1,1,17.734646408976026,25.472472574567856,5.641250870801538,5
28,1,1,15.44622075346307,25.22477624634917,5.5100589900852235,5
29,1,1,25.101700401909007,25.07396951637169,5.384830376674196,5
30,1,1,29.578097435943107,25.2436350293926,5.265167479414769,5
31,1,1,26.53485632643954,25.93177687130569,5.150707316818796,5
32,1,1,19.35823397201259,26.326668199411646,5.0411177994396725,5
33,1,1,29.548140945585764,25.696065106287143,4.936094511951346,5
34,1,1,36.34743406463439,26.229084011850958,4.835357889258462,5
35,1,1,26.36979474696409,26.909734150576995,4.738650731473292,5
36,1,1,33.91462294881866,27.871965703881177,4.645736011248325,5
37,1,1,29.84123726452675,28.619382419749265,4.556394934108935,5
38,1,1,25.273459246433127,26.34318047902482,4.47042521837103,5
39,1,1,23.042277400612356,27.028527100611825,4.387639566178974,5
40,1,1,28.72410847096405,27.719077704898123,4.3078643013393565,5
41,1,1,18.641672207254686,28.048387529357672,4.230938153101154,5
42,1,1,17.11033639997115,27.05416705402237,4.1567111679590285,5
43,1,1,21.04327154335487,26.197392515252513,4.0850437340287,5
44,1,1,17.463904760777606,26.350577749010903,4.0158057046383835,5
45,1,1,16.262675547274096,25.252010823119246,3.948875609561077,5
46,1,1,12.885347391757373,23.426123685177405,3.8841399438305673,5
47,1,1,21.150645175211743,22.200264834704065,3.821492525381687,5
48,1,1,14.491891901855055,21.03990321892162,3.760833913867692,5
49,1,1,20.709709592987757,19.644508185951462,3.7020708839635095,5
50,1,1,12.758350550431084,19.229621853820067,3.645115947287148,5
51,1,1,17.86643782590337,18.294719412894498,3.5898869177827972,5
52,1,1,19.254781576919548,17.30765844516171,3.536306516024845,5
53,1,1,13.177179397330056,17.363395660585788,3.484302008436244,5
54,1,1,15.459605428982353,17.005835933072962,3.433804877879197,5
55,1,1,16.901190623838573,16.49822992267546,3.384750522480923,5
56,1,1,16.400653353936303,16.447074092044637,3.3370779799107693,5
57,1,1,14.80565880681855,16.45961752901393,3.2907296746342305,5
58,1,1,16.761074488264384,16.634191294019487,3.245651185940611,5
59,1,1,13.22865381839637,16.235139413387913,3.2017910347792515,5
60,1,1,11.937166033949989,16.12029958761894,3.1591004876488613,5
61,1,1,13.772221278714298,15.322795627706416,3.117533375969271,5
62,1,1,14.832461948879384,15.41496569391398,3.077045929528112,5
63,1,1,13.511924347659297,15.139149705093617,3.0375966227392897,5
64,1,1,12.491944393306126,14.617071775160868,2.999146032578033,5
65,1,1,12.025186080263248,14.554777683885964,2.9616567071708078,5
66,1,1,17.01269701563286,14.242557743093318,2.925093044119316,5
67,1,1,14.64130474424224,14.252694687801892,2.889421177727617,5
68,1,1,18.844802720418876,14.092753905102432,2.8546088743815012,5
69,1,1,15.27238035752796,14.459948806338826,2.820625435400769,5
70,1,1,11.83165862676988,14.324612976271878,2.7874416067489953,5
71,1,1,13.100120772233941,14.19761341339674,2.7550294950426117,5
72,1,1,13.234371279561866,14.303336571422552,2.723362489352467,5
73,1,1,15.327561969358106,14.254441116954153,2.692415188337098,5
74,1,1,13.85149795021014,14.299450209724945,2.662163332288366,5
75,1,1,13.308745833525478,14.330320537229566,2.6325837397073846,5
76,1,1,12.859741469751915,14.404575213613144,2.603654248062248,5
77,1,1,14.12528656597826,14.480443885384842,2.575353658409398,5
78,1,1,10.042395520044163,14.217952026325333,2.5476616835877914,5
79,1,1,16.965248127664886,13.799869369580051,2.5205588997198363,5
80,1,1,13.263606956043521,13.62900077023878,2.494026700775417,5
81,1,1,12.961098505349293,13.446385006467468,2.468047255975673,5
82,1,1,16.17383479913551,13.549061359065599,2.4426034698315937,5
83,1,1,12.731800167479781,13.82848990696574,2.417678944629231,5
84,1,1,13.63687788797865,13.782801624049188,2.393257945188531,5
85,1,1,14.234592061160097,13.629103071196509,2.369325365736646,5
86,1,1,12.481198640838794,13.663929808555595,2.3458666987491545,5
87,1,1,13.583272668902769,13.588698245584078,2.3228680056241626,5
88,1,1,14.696028251245735,13.654473809143248,2.300315889064705,5
89,1,1,12.179786380738257,13.706359416894838,2.2781974670544676,5
90,1,1,13.207812724110065,13.900667676957935,2.2565003483206154,5
91,1,1,13.909030825797538,13.559082640271134,2.235212609185515,5
92,1,1,15.13001996510763,13.617757537521499,2.2143227717164917,5
93,1,1,15.465809610051059,13.814932215681347,2.193819783089487,5
94,1,1,11.121178869337282,13.750566289400943,2.173692996088666,5
95,1,1,12.644238788055649,13.604146171387992,2.1539321506696782,5
96,1,1,11.772205714873731,13.513906253213172,2.134527356519501,5
97,1,1,13.148144411819725,13.29005294900532,2.115469076550577,5
98,1,1,11.503203799667247,13.350684382730856,2.0967481112713684,5
99,1,1,11.880501344158386,13.161587212800354,2.0783555839795143,5
100,1,1,13.456857696580622,12.905630221246959,2.0602829267275182,5
101,1,1,12.830207300132784,13.021727613596266,2.04252186701435,5
102,1,1,12.262044285951342,12.987399847780152,2.0250644151595267,5
103,1,1,10.484263578025002,12.837673798703225,2.0079028523191917,5
104,1,1,16.084878703502078,12.415332308968441,1.9910297191064252,5
105,1,1,14.276413425709672,12.471611317463989,1.9744378047805384,5
106,1,1,17.63784345397347,12.758450822588753,1.9581201369724348,5
107,1,1,12.718639620284755,13.212414883126733,1.9420699719152836,5
108,1,1,13.29745615569765,13.29845432907319,1.9262807851517447,5
109,1,1,14.92338218405028,13.312028123971185,1.9107462626908436,5
110,1,1,14.21027026716751,13.622953431642367,1.895460292589317,5
111,1,1,15.793949476402508,13.83475060646138,1.880416956933846,5
112,1,1,14.275231519980082,14.047213495536095,1.8656105242020835,5
113,1,1,18.001580808526633,14.178579333704032,1.8510354419817547,5
114,1,1,13.04126458934959,14.700355381210874,1.8366863300284078,5
115,1,1,13.019187331027975,14.932810018604021,1.822557973643574,5
116,1,1,11.661265689223637,14.654110802924556,1.8086453173562185,5
117,1,1,12.8846996159841,14.416370099607644,1.7949434588913986,5
118,1,1,13.703449484172065,13.984266114335883,1.781447643411012,5
119,1,1,17.60644824380649,14.073794283780183,1.7681532580124224,5
120,1,1,12.772958306314512,14.465520837244627,1.7550558264715896,5
121,1,1,11.026070830611221,14.270027757450464,1.742151004218122,5
122,1,1,13.743333703026158,13.980555081399892,1.7294345735303986,5
123,1,1,13.507991229478666,13.794135465638407,1.7169024389395986,5
124,1,1,16.196907921996452,13.724386348320097,1.7045506228321194,5
125,1,1,16.14016242891465,13.56032517681735,1.6923752612404614,5
126,1,1,10.989662014989783,13.842043162232358,1.6803725998132242,5
127,1,1,12.79490110646066,13.65754086077434,1.6685389899553846,5
128,1,1,13.897353736014185,13.760598625977705,1.6568708851305218,5
129,1,1,12.187251700407217,13.852658091434987,1.6453648373171152,5
130,1,1,11.947367647570838,13.714821929274546,1.63401749361148,5
131,1,1,13.47829359623187,13.200360056889487,1.6228255929703055,5
132,1,1,16.02151738695355,13.264481446881973,1.6117859630861537,5
133,1,1,14.601974806384177,13.718612952004001,1.6008955173896258,5
134,1,1,9.14276647620995,13.796671234127457,1.5901512521722456,5
135,1,1,14.979131245171796,13.399832620193939,1.5795502438244307,5
136,1,1,18.723799479787175,13.289125649573515,1.5690896461832093,5
137,1,1,11.253024773735323,13.524001745107382,1.5587666879846356,5
138,1,1,13.742537324610101,13.547943814084249,1.5485786704161086,5
139,1,1,12.068760263427723,13.634092561188744,1.538522964764056,5
140,1,1,13.476408854990865,13.467856790953611,1.528597010152675,5
141,1,1,14.507145330792167,13.58505289591576,1.5187983113696448,5
142,1,1,14.647471359944637,13.81775995802679,1.509124436774934,5
143,1,1,13.59220374854153,13.924048845637042,1.4995730162890164,5
144,1,1,16.40513401485895,13.70320215123595,1.49014173945701,5
145,1,1,14.146487438697232,13.867125715642745,1.4808283535854039,5
146,1,1,15.219393562685704,14.322009439505225,1.4716306619482273,5
147,1,1,8.52191128557891,14.343851468370127,1.462546522059658,5
148,1,1,12.372102689835822,13.41640708707847,1.4535738440102124,5
149,1,1,10.474161948330714,13.518141443087604,1.4447105888638085,5
150,1,1,10.449959320542158,13.221016408880388,1.4359547671131188,5
151,1,1,11.834036456225961,13.073852686799881,1.4273044371907506,5
152,1,1,15.628217008871886,12.924546105093981,1.4187577040339199,5
153,1,1,10.638163557441704,13.02646171219214,1.4103127177003845,5
154,1,1,14.074233223736206,12.661979184691875,1.4019676720335184,5
155,1,1,17.298646024866382,12.705800046073206,1.3937208033744977,5
156,1,1,10.350715663366135,12.787028410619335,1.385570389319676,5
157,1,1,10.82953574781688,12.441958249225598,1.3775147475213059,5
158,1,1,11.527030397441498,12.042880266055704,1.3695522345298532,5
159,1,1,13.066636380850046,12.316072912588668,1.3616812446762334,5
160,1,1,11.72406781650129,12.379212339044505,1.353900208992369,5
161,1,1,11.347454894170777,12.49284014524183,1.346207594168549,5
162,1,1,11.170525855426703,12.57443065193534,1.3386019015461277,5
163,1,1,10.666141026279352,12.514111506408137,1.331081666144183,5
164,1,1,13.445308760399929,12.063013689808814,1.3236454557187967,5
0,1,2,19.64632644448732,15.716497651427831,17.59946384479782,3
1,1,2,15.770481803093114,15.895667655728563,16.499497354497958,3
2,1,2,22.414811615758204,15.881116155808781,15.528938686586313,3
3,1,2,19.99132385729187,16.098080008840675,14.666219870664852,3
4,1,2,16.08841936521523,16.56237341507495,13.894313561682491,3
5,1,2,17.667530585555436,16.341711193314055,13.199597883598367,3
6,1,2,13.07745683041595,16.479201285628104,12.571045603427015,3
7,1,2,22.420450553978235,16.56923368656581,11.999634439634878,3
8,1,2,21.269442012728373,17.37162614138933,11.477911203129015,3
9,1,2,22.68708426022024,17.789164859072233,10.999664902998639,3
10,1,2,16.534083917835634,18.719577171163806,10.559678306878693,3
11,1,2,15.120160619935387,18.869764658779964,10.153536833537204,3
12,1,2,15.494009184857173,18.458295038366153,9.777479913776567,3
13,1,2,23.091526584140702,18.433161163981065,9.428284202570262,3
14,1,2,16.976316494553842,18.494680706561294,9.103170954205769,3
15,1,2,22.080863963942313,18.220589128130563,8.79973192239891,3
16,1,2,12.893022241082448,18.76535681892393,8.515869602321526,3
17,1,2,15.573138586051732,18.33131060579003,8.249748677248979,3
18,1,2,24.29102726453811,18.558190765393277,7.999756293089919,3
19,1,2,13.605353999542242,18.728243193626,7.764469343293157,3
20,1,2,16.42507230773294,18.031507919699983,7.542627362056209,3
21,1,2,22.220826143097092,17.462234105837503,7.333109935332426,3
22,1,2,17.263090472121895,17.97921067177036,7.134917774918036,3
23,1,2,27.392238391810366,18.174022476514587,6.9471567808412455,3
24,1,2,14.906877600203595,19.2556796771467,6.76902455569147,3
25,1,2,17.681729486368944,18.51162067860696,6.599798941799183,3
26,1,2,14.424002730945244,18.575749132408333,6.438828235901642,3
27,1,2,13.433314565896168,17.879670838499507,6.285522801713507,3
28,1,2,13.15586990817557,17.92878832257348,6.139347852836449,3
29,1,2,21.437314124706305,17.70903662458474,5.999817219817439,3
30,1,2,25.16683006811255,17.449608157327305,5.866487948265941,3
31,1,2,22.58287984272484,18.500651436288244,5.738955601564507,3
32,1,2,16.739145782570628,19.060452121287508,5.616850163233347,3
33,1,2,21.211192087306035,18.56211754305783,5.499832451499319,3
34,1,2,12.693540622534432,18.921035871710934,5.387590972897293,3
35,1,2,14.075367775004333,17.584790619958575,5.2798391534393465,3
36,1,2,15.297321095527263,17.509198817667734,5.176312895528771,3
37,1,2,16.503757938670038,17.292434418500306,5.076768416768602,3
38,1,2,18.61008064001942,17.481503073748016,4.980980333433346,3
39,1,2,18.889242937445253,17.952118171395583,4.8887399568882834,3
40,1,2,16.417892330405536,18.47333390132919,4.7998537758539515,3
41,1,2,14.569064921867852,18.017022829120034,4.714142101285131,3
42,1,2,15.74596906416983,17.053589634006876,4.631437853894163,3
43,1,2,16.5537080951377,16.432052290501876,4.5515854771028845,3
44,1,2,18.56168872336634,16.415194318917063,4.474439960541819,3
45,1,2,15.57549768901672,16.174330376740723,4.399865961199455,3
46,1,2,14.48907002981009,16.43632647369366,4.3277370110158575,3
47,1,2,17.07236426425324,16.473935769585093,4.257934801160763,3
48,1,2,13.63676251100074,16.635303330378363,4.190348534475672,3
49,1,2,15.357293255425613,16.37466738240843,4.1248743386244895,3
50,1,2,20.073121809272685,16.078959438354445,4.061414733414882,3
51,1,2,18.477837573268054,16.18658479033876,3.9998781465449595,3
52,1,2,18.109371119889012,16.373852539689896,3.9401784727159304,3
53,1,2,18.94709329434058,16.695698557691824,3.8822346716465783,3
54,1,2,15.395104066978766,16.986709851343708,3.825970401043005,3
55,1,2,13.730810822473051,16.881382212420167,3.7713136810281047,3
56,1,2,13.651164358112322,16.442211494157142,3.718196586929117,3
57,1,2,16.272767217636684,16.26727210043856,3.666554967666213,3
58,1,2,14.319107302786406,16.429426390240973,3.6163281872872237,3
59,1,2,14.870659556129306,16.179130302834896,3.567458887459018,3
60,1,2,16.668635250364904,16.291302761482953,3.5198927689595645,3
61,1,2,13.837551011976624,16.4105156701138,3.4735783904206228,3
62,1,2,17.217620643788358,15.843645597632333,3.4284669827528225,3
63,1,2,10.93928112718459,15.729080422225094,3.384512277845735,3
64,1,2,15.494483861620552,15.077254059251963,3.3416703502780676,3
65,1,2,18.39995174045656,14.763380474459233,3.2998994708995917,3
66,1,2,15.85938684211266,15.036548444775399,3.259159971258856,3
67,1,2,13.03884577402905,15.230055355651727,3.219414117950821,3
68,1,2,15.366570615798082,15.174390029825974,3.180625996047799,3
69,1,2,16.136171826189518,15.092008520567918,3.1427614008567537,3
70,1,2,11.026535052028729,15.257196204513654,3.1057877373172627,3
71,1,2,14.059751989049932,14.907730340504513,3.0696739264182247,3
72,1,2,15.13316753174657,14.670559134930421,3.03439031806859,3
73,1,2,19.359046041447108,14.78834245490951,2.9999086099087195,3
74,1,2,14.823420081827393,14.983017491060307,2.9662017715951383,3
75,1,2,13.403666803972339,15.33612103239147,2.9332439741329703,3
76,1,2,12.40060355923269,15.14604675442345,2.901010523867773,3
77,1,2,19.18854586138923,14.600651465221278,2.8694778007822537,3
78,1,2,19.149555882769832,14.903302285155512,2.838623200773842,3
79,1,2,14.01490049494302,15.45882138595013,2.8084250816166736,3
80,1,2,17.894338866765096,15.335942284054214,2.7788627123364984,3
81,1,2,18.777020947198857,15.495775651379269,2.7499162257496597,3
82,1,2,16.155584463288367,16.200365278212914,2.7215665739378077,3
83,1,2,15.794839630304597,16.390895503143682,2.6937954864486464,3
84,1,2,21.058683154196956,16.4510475121035,2.666585431029973,3
85,1,2,17.206505786173064,16.605559976898945,2.6399195767196733,3
86,1,2,13.817195090042016,16.82220413183946,2.6137817591283894,3
87,1,2,16.42645666840844,16.85979761239125,2.5881564477643857,3
88,1,2,16.696691569509852,17.22578425867995,2.5630287152618187,3
89,1,2,13.75193797845942,16.99925205032728,2.538384208384301,3
90,1,2,17.364432942036466,16.508559513571786,2.514209120685403,3
91,1,2,17.1893780984151,16.81306246330756,2.490490166716673,3
92,1,2,12.167790802985017,16.748975120730282,2.4672145576819378,3
93,1,2,15.69261694107685,16.148136016710847,2.4443699784441417,3
94,1,2,11.54080237129794,16.106048060146165,2.4219445657978653,3
95,1,2,11.858353272910012,15.719317400236463,2.3999268879269757,3
96,1,2,17.592363812644777,14.882923774664924,2.3783059249726786,3
97,1,2,17.690708847065153,14.918001777071446,2.3570710506425656,3
98,1,2,17.74356738668712,15.270139391346277,2.336212014796171,3
99,1,2,16.19799125368166,15.389876729371606,2.3157189269470817,3
100,1,2,17.93418759037396,15.344540337023592,2.295582240625803,3
101,1,2,14.82504078413009,15.724744847197643,2.2757927385514423,3
102,1,2,14.80351382406277,15.493891014660699,2.2563415185638234,3
103,1,2,11.610410269435103,15.27699426244685,2.2372199802709094,3
104,1,2,13.780182782116402,15.226323304851405,2.2184198123694734,3
105,1,2,19.879740226554112,15.05246565403682,2.1999329805997276,3
106,1,2,12.722098808905917,15.810550913605562,2.1817517162972506,3
107,1,2,15.238909329887125,15.889073235059733,2.1638685055079288,3
108,1,2,20.361657957048735,15.675122827536311,2.1462760786338806,3
109,1,2,15.25145491429792,15.917936382989364,2.1289674005803816,3
110,1,2,15.614322120455096,15.691380703681254,2.1119356613757385,3
111,1,2,16.72310186192025,15.638319873387928,2.095174267237836,3
112,1,2,13.90347651436117,15.528221170801226,2.078676832062735,3
113,1,2,14.73019268790019,15.444442600822235,2.0624371693122447,3
114,1,2,12.202860542227896,15.437777042989275,2.0464492842788164,3
115,1,2,13.89081933424614,15.491636158697712,2.030707366707441,3
116,1,2,14.586073298918098,15.501694027073142,2.015205783755476,3
117,1,2,14.75098402118358,15.020451579106231,1.9999390732724798,3
118,1,2,16.069993188129704,15.204895689313291,1.984901937383213,3
119,1,2,17.2065032545448,15.280448767335344,1.9700892363579652,3
120,1,2,9.706326620138492,14.993616521653166,1.9554959827553136,3
121,1,2,14.958835635671269,14.489513949456857,1.9411173358232892,3
122,1,2,18.10516207769863,14.429924269021962,1.9269485961457469,3
123,1,2,16.382032370743683,14.555566106819997,1.9129852005215024,3
124,1,2,13.17086489262291,14.780889366491134,1.899222717064513,3
125,1,2,16.5265864446426,14.6391322941932,1.8856568405140524,3
126,1,2,17.14886284007032,15.03219828532181,1.8722833877444491,3
127,1,2,12.153702561484987,15.328384058578552,1.8590982934645586,3
128,1,2,17.384907031993087,15.107259446084633,1.8460976060976737,3
129,1,2,14.372238927579534,15.346706992521861,1.8332774838331065,3
130,1,2,13.689536841033654,15.19236569610821,1.820634190841154,3
131,1,2,19.540881047731638,14.872641476698107,1.8081640936436119,3
132,1,2,15.78646934927939,15.766691879206574,1.7958636576324307,3
133,1,2,11.940544901319498,15.841931307716402,1.783729443729509,3
134,1,2,14.198092027920216,15.28151156440921,1.7717581051809888,3
135,1,2,14.0573831844355,15.08297153324344,1.7599463844797822,3
136,1,2,19.035173205712656,15.163564105226403,1.7482911104103795,3
137,1,2,12.893690744527618,15.391617447141863,1.7367891952103114,3
138,1,2,14.427778025464985,15.00478362027434,1.7254376318429236,3
139,1,2,15.61768318571389,15.211517753363433,1.7142334913764112,3
140,1,2,18.4685945558747,15.050861040065325,1.7031739204643053,3
141,1,2,15.341306154633816,15.423257006273975,1.6922561389228674,3
142,1,2,15.878287395162957,15.573417852964901,1.6814774374010657,3
143,1,2,18.22748486851058,15.240454793640476,1.6708351751390338,3
144,1,2,18.961792610582535,15.462365295388764,1.6603267778111153,3
145,1,2,15.100475852034128,16.100660541685404,1.6499497354497958,3
146,1,2,12.927530635432475,16.18269543478667,1.639701600447002,3
147,1,2,11.768780578381014,16.079981566695484,1.629579985629428,3
148,1,2,15.71402041281317,15.419400418756243,1.6195825624047075,3
149,1,2,12.467110266276325,15.675794024964022,1.6097070589754106,3
150,1,2,13.091345618234493,15.497551501401416,1.5999512586179838,3
151,1,2,18.985583981544377,15.267884449812383,1.5903129980238995,3
152,1,2,20.186531723656465,15.314883488509624,1.580790165700403,3
153,1,2,16.334293436351295,15.755358540238955,1.5713807004283769,3
154,1,2,15.304051868118739,15.796813634892441,1.5620825897749546,3
155,1,2,13.169543111963753,15.531046998493183,1.5528938686586313,3
156,1,2,17.609576012953674,15.00447886225511,1.5438126179647211,3
157,1,2,15.359416512450125,15.232578876884162,1.5348369632091123,3
158,1,2,15.148049229968771,15.45365941115849,1.525965073248366,3
159,1,2,16.277335469189985,15.760865652211924,1.517195159034295,3
160,1,2,18.791864631252643,15.812076111882543,1.5085254724112418,3
161,1,2,11.276551665744787,16.387053781425845,1.4999543049543598,3
162,1,2,13.243819963211752,16.222072513017693,1.491479986847273,3
163,1,2,15.748257534335053,15.700093965896547,1.4831008857975692,3
164,1,2,13.575071313633199,15.296614494140055,1.4748154059886442,3
0,1,1,22.115522462035347,22.436680233456137,6.088472012503969,3
1,1,1,25.95462011983842,22.529446552173827,5.707942511722471,3
2,1,1,22.56558550608522,23.1976316913543,5.372181187503502,3
3,1,1,35.9701620849675,22.584710402197246,5.073726677086641,3
4,1,1,22.13203214570163,24.08322134477876,4.8066884309241855,3
5,1,1,20.251410121140147,23.856744581928123,4.566354009377976,3
6,1,1,54.155749913250645,23.722484934915826,4.348908580359978,3
7,1,1,18.66592845505211,26.8652167695305,4.151230917616342,3
8,1,1,19.011762849702134,27.07815899417642,3.9707426168504143,3
9,1,1,38.78014987759282,25.822687557251935,3.8052950078149803,3
10,1,1,22.934324569877155,27.296170351145086,3.653083207502381,3
11,1,1,34.198200529353436,27.503386191385744,3.512580007213828,3
12,1,1,30.7057026461088,28.60181147023284,3.3824844513910937,3
13,1,1,25.817217004433484,29.033728063530145,3.2616814352699834,3
14,1,1,18.49525591007442,29.32933092701635,3.1492096616399836,3
15,1,1,14.19857478283815,27.740703092935163,3.0442360062519844,3
16,1,1,26.32162456312194,27.019479696311212,2.9460348447599847,3
17,1,1,21.437678598230544,27.571317372855006,2.8539712558612353,3
18,1,1,24.626444421157437,24.596947253307725,2.767487278410895,3
19,1,1,13.968148233866376,25.138812341135477,2.686090593751751,3
20,1,1,19.695049057471728,24.680301921514047,2.6093451482159864,3
21,1,1,20.645468537872652,22.945292756048495,2.5368633385433204,3
22,1,1,18.719672600591203,22.73721493495718,2.468299464528636,3
23,1,1,18.58590543125837,21.33007603234243,2.4033442154620928,3
24,1,1,14.121391024374043,20.228276285537845,2.341720004809219,3
25,1,1,18.166569969702593,19.165019378259714,2.283177004688988,3
26,1,1,17.44475594456064,19.13513883822591,2.2274897606721837,3
27,1,1,19.633992520205553,19.43024621656432,2.174454290179989,3
28,1,1,14.65309932995296,18.822279667208285,2.1238855857571983,3
29,1,1,16.762816862572492,18.205499733728505,2.075615458808171,3
30,1,1,18.218037560804177,17.490624501129876,2.0294906708346563,3
31,1,1,14.512789756087283,17.87697807630604,1.9853713084252071,3
32,1,1,16.083703433257963,17.405863594361996,1.943129365692756,3
33,1,1,14.401721658791335,16.99115767576066,1.9026475039074902,3
34,1,1,13.523588387245193,16.59861668105158,1.863817963011419,3
35,1,1,15.002188849885949,16.138406040686746,1.8265416037511906,3
36,1,1,16.960808298766523,16.218478570278737,1.7907270625011673,3
37,1,1,12.739739811303568,16.108863872920917,1.756290003606914,3
38,1,1,18.40622478073856,15.68113513353391,1.7231524563690477,3
39,1,1,17.92942860580961,15.569519884491456,1.6912422256955468,3
40,1,1,16.89247121984048,15.867368000478427,1.660492367046537,3
41,1,1,22.65763887300442,15.879154760230058,1.6308407176349917,3
42,1,1,18.62728823401431,16.28275487952099,1.6022294769747285,3
43,1,1,14.333581751616759,16.656800195696174,1.5746048308199918,3
44,1,1,14.822687089404724,16.497698224637883,1.5479166133484665,3
45,1,1,17.566844719781077,16.5359678092391,1.5221180031259922,3
46,1,1,11.203796057163418,16.90353656674236,1.4971652489763858,3
47,1,1,19.315844939036488,16.558228131040313,1.4730174223799923,3
48,1,1,15.81245758307116,16.772322371064856,1.449636193453326,3
49,1,1,13.251603111158577,17.051660350316457,1.4269856279306177,3
50,1,1,14.892158838326845,16.583058380354636,1.4050320028855312,3
51,1,1,12.692782223616122,16.306942946947114,1.3837436392054474,3
52,1,1,14.19512420680945,15.925153038199447,1.3630907490680526,3
53,1,1,12.154670514633755,15.155833523090813,1.3430452968758755,3
54,1,1,13.243834653936199,14.567413730419851,1.3235808722834714,3
55,1,1,14.814333517977479,14.46834581244889,1.3046725741079932,3
56,1,1,14.118989399553556,14.467586396864597,1.2862969040501342,3
57,1,1,15.325053165541012,14.154145004116641,1.2684316692716602,3
58,1,1,15.11096801071813,14.528804741241878,1.2510558929802675,3
59,1,1,12.581517483406767,14.146543202303842,1.234149732264318,3
60,1,1,13.121721499403836,13.852821375061627,1.2176944025007936,3
61,1,1,14.988514946850325,13.841013955811194,1.2016721077310464,3
62,1,1,17.397279083568222,13.849773602040603,1.186065976461812,3
63,1,1,16.354183273222542,14.277455134763521,1.1708600024046094,3
64,1,1,14.534362172323032,14.473733231710163,1.1560389897159433,3
65,1,1,17.51397706505866,14.690068836954646,1.141588502344494,3
66,1,1,11.176189933213518,15.078263601602144,1.1274948171303645,3
67,1,1,13.402137100751938,14.747523275714512,1.1137448803360919,3
68,1,1,12.890504017534159,14.682354884914362,1.1003262673199943,3
69,1,1,14.704182752728789,14.461032235095557,1.0872271450899944,3
70,1,1,20.173130194063535,14.424051757096526,1.0744362375007004,3
71,1,1,12.971508673841821,15.114198367156234,1.0619427928785992,3
72,1,1,17.02840239972273,15.100542655741503,1.0497365538799945,3
73,1,1,17.141966129772833,15.285986969638996,1.0378077294040855,3
74,1,1,16.363455865605843,15.262776701112141,1.0261469683995452,3
75,1,1,15.63890671506507,15.26361966405608,1.0147453354173281,3
76,1,1,11.494029034326099,15.364032804305356,1.0035942877753794,3
77,1,1,11.015509163053384,14.816764801511487,0.9926856542126036,3
78,1,1,13.31300353303757,14.802157458769658,0.982011614919995,3
79,1,1,14.27878331446251,14.794054407159258,0.971564682846378,3
80,1,1,15.213586483641908,14.920261615970928,0.9613376861848372,3
81,1,1,14.526058674903819,14.966571046053936,0.9513237519537451,3
82,1,1,11.820310598498029,14.453200907948508,0.9415162905933973,3
83,1,1,15.977166840858994,14.34854653746271,0.9319089815057096,3
84,1,1,14.15441705539888,14.252979668475094,0.9224957594702983,3
85,1,1,14.521798237118068,13.981384298077465,0.9132708018755953,3
86,1,1,14.353997732282252,13.81396087730585,0.9042285167085102,3
87,1,1,12.793519549204172,13.697150969780141,0.8953635312505837,3
88,1,1,10.16749429817741,13.81528647113269,0.8866706814326168,3
89,1,1,14.768575715623584,13.73819421068942,0.878145001803457,3
90,1,1,15.5103078885458,13.870518954560877,0.8697817160719955,3
91,1,1,17.79771667386085,13.98247573402299,0.8615762281845238,3
92,1,1,14.618793271961982,14.217396660406534,0.8535241139024256,3
93,1,1,18.249006774776056,14.225827078320913,0.8456211128477734,3
94,1,1,11.774932613668625,14.810254003437096,0.8378631209867847,3
95,1,1,11.764450320708786,14.428232710056154,0.8302461835232685,3
96,1,1,13.938517298476885,14.210963006902507,0.822766488176212,3
97,1,1,16.635637660003166,14.157937467026034,0.8154203588174959,3
98,1,1,11.493084299733349,14.365359278637028,0.8082042494474295,3
99,1,1,12.541291965032276,14.247137892321497,0.8011147384873643,3
100,1,1,11.706510028089824,14.462937680217397,0.7941485233700829,3
101,1,1,12.417241853775698,14.184568072259781,0.7873024154099959,3
102,1,1,12.043430702108266,13.903380250917047,0.7805733349364062,3
103,1,1,13.663989835928456,13.380263344394082,0.7739583066742333,3
104,1,1,15.101359868451567,13.293463032027397,0.7674544553576431,3
105,1,1,11.576669076792335,13.007313313270629,0.7610590015629961,3
106,1,1,13.084607856645988,12.989289355372785,0.7547692577484258,3
107,1,1,12.54735763511174,13.109303676821618,0.7485826244881929,3
108,1,1,9.307665587195256,12.982834616515698,0.742496586890728,3
109,1,1,11.756749613894094,12.316655337169522,0.7365087111899962,3
110,1,1,16.657355859638162,12.340624911184136,0.7306166415004762,3
111,1,1,10.843204565778688,12.714812537966488,0.724818096726663,3
112,1,1,12.965156109401985,12.636330223210932,0.719110867618579,3
113,1,1,13.257907210070547,12.68614061008605,0.7134928139653088,3
114,1,1,18.760034534356038,12.796547565355347,0.7079618619190662,3
115,1,1,9.825642833858097,13.259824356121491,0.7025160014427656,3
116,1,1,12.822958426938333,12.780213716612993,0.6971532838745003,3
117,1,1,13.342328993807504,12.893512748444447,0.6918718196027237,3
118,1,1,12.911915325113862,12.91694194273186,0.6866697758463123,3
119,1,1,11.071421881043577,12.950083550913867,0.6815453745340263,3
120,1,1,11.013420026068232,13.110425032172806,0.6764968902782188,3
121,1,1,14.808836387704739,13.042849615097726,0.6715226484379377,3
122,1,1,11.998632478255336,12.874802390376509,0.6666210232668579,3
123,1,1,11.782156433639022,12.97984129151075,0.6617904361417357,3
124,1,1,10.650724553288955,12.872295866441391,0.6570293538673347,3
125,1,1,14.40967335543777,12.635279261279429,0.6523362870539966,3
126,1,1,9.151954764843596,12.239791881377766,0.647709788564252,3
127,1,1,12.366753473767732,12.178547511467356,0.6431484520250671,3
128,1,1,15.365676730026143,12.137074333906394,0.6386509104025142,3
129,1,1,13.5899695759314,12.321015037198997,0.6342158346358301,3
130,1,1,13.159619001474763,12.382656332727864,0.6298419323279968,3
131,1,1,9.002110342436556,12.572492434585245,0.6255279464901338,3
132,1,1,10.383300379107414,12.389646099709637,0.6212726543371396,3
133,1,1,12.89318616769759,11.987324644382609,0.617074866132159,3
134,1,1,12.480517679490157,12.068647707059176,0.6129334240775808,3
135,1,1,10.644449884191747,12.132135093045644,0.6088472012503968,3
136,1,1,10.393616599205632,12.131564668582262,0.6048151005798644,3
137,1,1,10.634379318100077,11.766468599833884,0.6008360538655232,3
138,1,1,10.404804521410293,11.901234468311747,0.5969090208337224,3
139,1,1,9.391076436899834,11.722875472642887,0.593032988230906,3
140,1,1,13.353134960366422,11.17972999144959,0.589206968951997,3
141,1,1,11.004433316973023,11.158199571852771,0.5854300012023047,3
142,1,1,17.345800134752572,10.96227360053443,0.581701147691462,3
143,1,1,12.423319993614125,11.720790854381342,0.5780194948579717,3
144,1,1,9.389146353682847,11.90624718297286,0.574384152123016,3
145,1,1,12.667063498363387,11.587698108971521,0.570794251172247,3
146,1,1,13.968730765224098,11.604656819778178,0.5672489452643449,3
147,1,1,7.977505360950802,11.9068641725993,0.5637474085651822,3
148,1,1,10.390077971016105,11.687217696394317,0.5602888355065002,3
149,1,1,11.333298894829294,11.665008483023046,0.5568724401680459,3
150,1,1,14.470548466228669,11.749417062424772,0.553497455682179,3
151,1,1,11.979419677860717,12.211187246909214,0.5501631336599971,3
152,1,1,10.83799973272987,12.086304039408692,0.546868743638081,3
153,1,1,11.094014144555002,12.071173713568408,0.5436135725449972,3
154,1,1,12.823402380417534,11.502829532641355,0.5403969241867428,3
155,1,1,11.89912880537632,11.539200658714392,0.5372181187503502,3
156,1,1,15.420306800575224,11.767380881595615,0.5340764923249095,3
157,1,1,10.939714360620247,12.017675727251241,0.5309713964392996,3
158,1,1,11.346355250226944,11.742310599559978,0.527902197615951,3
159,1,1,10.21518388961233,12.048569680403263,0.5248682769399973,3
160,1,1,12.880801687177984,12.032670218457469,0.5218690296431974,3
161,1,1,10.654681948349351,12.173352290489168,0.5189038647020427,3
162,1,1,9.881460283544092,11.82645533431832,0.5159722044494889,3
163,1,1,13.06870728905244,11.63573175301681,0.5130734841997726,3
164,1,1,9.381043519392062,11.838523349046135,0.5102071518858075,3
0,1,2,22.724379884274374,16.592651654688993,15.451890741757923,2
1,1,2,20.566482787355017,16.968489145988165,14.486147570398053,2
2,1,2,22.008055830425903,17.439734770060006,13.634021242727579,2
3,1,2,21.44846912500013,17.955396730443955,12.876575618131604,2
4,1,2,20.642086659771792,18.550997174947465,12.19886111191415,2
5,1,2,17.25793241715566,18.977259258670678,11.588918056318443,2
6,1,2,15.886565564371333,18.993116342072742,11.037064815541374,2
7,1,2,19.126282571076977,18.77274765638543,10.535380051198585,2
8,1,2,15.49054565019984,19.015109989678024,10.077320048972558,2
9,1,2,16.193450287509187,18.779880981636698,9.657431713598703,2
10,1,2,18.245885716429914,18.709922024532716,9.271134445054754,2
11,1,2,14.215953776514302,19.05364877214274,8.914552351014187,2
12,1,2,11.486396300078914,18.280155489619094,8.584383745421068,2
13,1,2,10.96245168299348,17.45469308168491,8.27779861165603,2
14,1,2,17.197759633940056,16.45054725010014,7.992357280219616,2
15,1,2,14.243352932463377,16.06411911454922,7.725945370878962,2
16,1,2,12.415553277404463,15.482416048430276,7.47672132665706,2
17,1,2,18.17554610641684,15.042199762998347,7.243073785199027,2
18,1,2,16.520284437916043,15.250288903184304,7.023586700799056,2
19,1,2,11.539102398107246,15.013379981987855,6.8170106213637895,2
20,1,2,21.40805142214817,14.654157868161258,6.622238889324824,2
21,1,2,13.897263260268309,15.128212516764801,6.438287809065802,2
22,1,2,25.183512115206078,14.732883202568292,6.264280030442402,2
23,1,2,20.29771469259481,15.729933960631179,6.099430555957075,2
24,1,2,17.023486863236585,16.53096290540535,5.943034900676125,2
25,1,2,16.039598022924775,17.081966103609272,5.794459028159221,2
26,1,2,16.944078593612847,16.976678684426062,5.653130759179728,2
27,1,2,21.152260779999818,17.222199199076016,5.518532407770687,2
28,1,2,14.713844050824568,18.016445335675595,5.390194444799276,2
29,1,2,17.550851496266148,17.701745148803568,5.2676900255992924,2
30,1,2,21.42562679741605,17.79543306319903,5.150630247252641,2
31,1,2,21.17285820251309,18.694208008590742,5.038660024486279,2
32,1,2,18.67545536397167,18.672826806805734,4.931454492050401,2
33,1,2,23.065904642107682,19.107207907142403,4.828715856799351,2
34,1,2,20.177521783427775,18.914698136860732,4.730170635232017,2
35,1,2,14.2233655860114,18.903771508754637,4.635567222527377,2
36,1,2,20.587008279037107,18.649215029006893,4.544673747575859,2
37,1,2,13.024679025947407,19.062615961380743,4.4572761755070935,2
38,1,2,18.869243737651857,18.706306909774796,4.3731766250258275,2
39,1,2,22.29887904566535,18.498759905924977,4.292191872710534,2
40,1,2,25.1027835216104,19.188308541819598,4.214152020479434,2
41,1,2,16.82477157005654,19.87484781685089,4.138899305828015,2
42,1,2,15.367588078652494,19.456588250727297,4.066287037304717,2
43,1,2,18.202816864636524,18.92883642128543,3.996178640109808,2
44,1,2,14.481675502955625,18.88586928498223,3.9284467987520144,2
45,1,2,11.521059331278233,18.10548481778659,3.862972685439481,2
46,1,2,16.684461573870088,17.318533685772994,3.7996452643667022,2
47,1,2,15.958711988505877,17.54226968466924,3.73836066332853,2
48,1,2,15.909838939851346,17.121515476439125,3.679021605180458,2
49,1,2,20.590652416365096,17.383802741339483,3.6215368925995133,2
50,1,2,12.611184055327621,17.540294439404324,3.5658209404056747,2
51,1,2,17.50043658920468,16.659594894828167,3.511793350399528,2
52,1,2,11.974760764007579,15.968472446427647,3.459378524274162,2
53,1,2,18.71765501396171,15.527562373150467,3.4085053106818948,2
54,1,2,17.732511158447707,15.832113912724036,3.359106682990853,2
55,1,2,16.04194677743718,15.789358848525053,3.311119444662412,2
56,1,2,16.531754355484143,15.931201691659739,3.2644839595263218,2
57,1,2,16.752752948433645,16.386719421133,3.219143904532901,2
58,1,2,13.075141694141754,16.39292772791151,3.1750460428269704,2
59,1,2,14.946289291501381,16.13078497387841,3.132140015221201,2
60,1,2,14.819536460339702,16.043189551301136,3.0903781483515846,2
61,1,2,13.702211887248058,15.51854264620792,3.0497152779785375,2
62,1,2,17.563986455655886,15.617726994564322,3.0101085860567385,2
63,1,2,14.088243882574687,15.623504255150795,2.9715174503380624,2
64,1,2,17.36070515534049,15.81563908411144,2.9339033053970742,2
65,1,2,18.32565148880746,15.692280006054967,2.8972295140796107,2
66,1,2,16.533304953607548,15.746201854269492,2.8614612484736894,2
67,1,2,14.516058317617254,15.790870779375888,2.826565379589864,2
68,1,2,11.332519128504137,15.60762568502435,2.792510375016492,2
69,1,2,12.761919429024271,15.114877155939853,2.7592662038853435,2
70,1,2,18.260803888305375,15.086402404565534,2.7268042485455157,2
71,1,2,18.227157059035207,15.387721913365898,2.695097222399638,2
72,1,2,15.922092012980041,15.697505604156401,2.6641190934065384,2
73,1,2,15.59333785892718,15.899312888313851,2.6338450127996462,2
74,1,2,17.342377555352165,15.72016301588397,2.6042512486108857,2
75,1,2,13.829486732074011,16.01599334977283,2.5753151236263205,2
76,1,2,17.867433546835485,15.69497349311224,2.5470149574326246,2
77,1,2,14.694076513339422,15.653317316569336,2.5193300122431395,2
78,1,2,11.75568378433127,15.486114731090412,2.49224044221902,2
79,1,2,12.798180383763778,15.235171591700777,2.4657272460252004,2
80,1,2,14.67421556323689,15.368413523997111,2.43977222238283,2
81,1,2,14.006718162072062,15.54225862710735,2.4143579283996757,2
82,1,2,12.989186108495238,15.15552356108614,2.3894676404780295,2
83,1,2,11.951200867286303,14.679344383764322,2.3650853176160087,2
84,1,2,17.063826839620596,14.318354279610345,2.3411955669330187,2
85,1,2,12.036237004091204,14.452035096037019,2.3177836112636885,2
86,1,2,16.3385891723579,13.969658682286022,2.2948352586769194,2
87,1,2,12.137443500656008,14.197758904130012,2.2723368737879297,2
88,1,2,14.699135967896833,13.6768507181137,2.250275350741445,2
89,1,2,15.170787924733068,13.677310668528008,2.2286380877535468,2
90,1,2,14.069551043804973,13.987774681291809,2.2074129631082746,2
91,1,2,12.939011801822208,14.103353832204645,2.1865883125129137,2
92,1,2,12.579109029921506,13.945608035712398,2.1661529077230735,2
93,1,2,15.669799466191165,13.815825387335076,2.146095936355267,2
94,1,2,12.542723264341996,14.05951751076198,2.1264069828107233,2
95,1,2,18.38801952379815,14.113292274130679,2.107076010239717,2
96,1,2,10.88677668556092,14.233673427237731,2.0880933434808004,2
97,1,2,12.826230443580437,14.129177034644067,2.0694496529140074,2
98,1,2,12.767908280780437,13.809871695664299,2.051135939171406,2
99,1,2,12.05307529771557,13.86718667567561,2.0331435186523583,2
100,1,2,18.56413536740636,13.62663570565913,2.0154640097945116,2
101,1,2,12.531972223822434,13.935121836811247,1.998089320054904,2
102,1,2,12.167554172555487,13.795341944085562,1.981011633558708,2
103,1,2,15.201683680102281,13.725209432334042,1.9642233993760072,2
104,1,2,14.213611312878829,13.963625309623204,1.9477173203896543,2
105,1,2,16.32117386396603,13.831244568412991,1.9314863427197404,2
106,1,2,14.157343078943432,14.174740077469721,1.9155236456724698,2
107,1,2,12.740383995274852,13.790133127937473,1.8998226321833511,2
108,1,2,10.844952581116218,13.958642883366013,1.884376919726576,2
109,1,2,15.763152632320388,13.778526714051083,1.869180331664265,2
110,1,2,16.865176762092283,14.050821655100172,1.8542268890109508,2
111,1,2,11.522320152238901,14.488285424588964,1.839510802590229,2
112,1,2,14.62564209477046,13.848120405028283,1.8250264655619595,2
113,1,2,18.56776181116418,14.038454029659924,1.8107684462997566,2
114,1,2,14.69637986328271,14.620291087715259,1.7967314815997586,2
115,1,2,14.728575162275186,14.5743543770953,1.7829104702028373,2
116,1,2,13.027403120185014,14.621169272494967,1.7693004666135026,2
117,1,2,15.897143918801879,14.32173556851487,1.755896675199764,2
118,1,2,14.284473765808434,14.47989928122928,1.7426944445591643,2
119,1,2,14.08819205548951,14.620271078550514,1.729689262137081,2
120,1,2,12.6776171553146,14.915111030766269,1.7168767490842136,2
121,1,2,10.625571084001685,14.634607805583926,1.7042526553409474,2
122,1,2,14.382685286408469,14.067370925757503,1.6918128549369988,2
123,1,2,12.962746199839026,14.32740411977292,1.6795533414954265,2
124,1,2,12.875607981511298,14.176231765688243,1.667470223930711,2
125,1,2,14.99322044648793,13.658763235719801,1.655559722331206,2
126,1,2,11.607809386634411,13.685748743283911,1.6438181640168004,2
127,1,2,16.070135259008147,13.402042763680207,1.6322419797631609,2
128,1,2,15.173615309648445,13.678654776300489,1.6208277001843976,2
129,1,2,12.417856118864197,13.612879448195633,1.6095719522664504,2
130,1,2,11.76810839708066,13.443186934837065,1.598471456043923,2
131,1,2,13.840075989427152,13.232270238618078,1.5875230214134852,2
132,1,2,11.672957511303466,13.337948314446493,1.5767235450773391,2
133,1,2,13.572098755751748,13.43316526238302,1.5660700076106004,2
134,1,2,15.100118047313277,13.359475577777859,1.5555594706467708,2
135,1,2,18.445435637541674,13.55378210936643,1.5451890741757923,2
136,1,2,13.640825283872193,14.060130078096462,1.5349560339494626,2
137,1,2,12.855872307434499,13.937185063313215,1.5248576389892687,2
138,1,2,14.46951000086483,14.050645328840499,1.5148912491919533,2
139,1,2,14.636198272483346,13.905133941736558,1.5050542930283692,2
140,1,2,14.766885287163444,13.85627784744882,1.495344265331412,2
141,1,2,13.968031081118687,14.069825953657842,1.4857587251690312,2
142,1,2,12.623544536377633,14.269818924934027,1.4762952937985276,2
143,1,2,14.402138180812594,14.15922515647498,1.4669516526985371,2
144,1,2,14.767401378466797,14.40733249006672,1.4577255416752757,2
145,1,2,15.292891573017545,14.515996364858994,1.4486147570398054,2
146,1,2,14.643812555493394,14.533521230832111,1.4396171498532226,2
147,1,2,20.553346503979387,14.187919132464089,1.4307306242368447,2
148,1,2,18.717569096598556,14.816330152473832,1.4219531357445943,2
149,1,2,17.259556496858057,15.349211678761474,1.413282689794932,2
150,1,2,14.424336784065455,15.602852269306316,1.4047173401598112,2
151,1,2,14.27881717368177,15.583592133995596,1.396255187508246,2
152,1,2,13.517592004362289,15.53922230549726,1.3878943780022086,2
153,1,2,18.368170014369767,15.498273298519406,1.3796331019426717,2
154,1,2,19.233835282756708,16.02051197833687,1.371469592463721,2
155,1,2,17.870648864485766,16.4597571694227,1.3634021242727579,2
156,1,2,17.98206926561854,16.741870577242608,1.3554290124349055,2
157,1,2,17.321557846342717,16.986341276569974,1.347548611199819,2
158,1,2,14.130644547749522,17.229772666647186,1.339759312869184,2
159,1,2,18.30730567581793,16.645890670626287,1.3320595467032692,2
160,1,2,11.963281337114157,16.608593996009866,1.3244477778649648,2
161,1,2,14.706634995243448,16.127114436033146,1.3169225063998231,2
162,1,2,14.269105979180916,16.152777909776603,1.3094822662506715,2
163,1,2,11.94398347632238,16.15189507391289,1.3021256243054429,2
164,1,2,16.40443687860749,16.008839753181988,1.2948511794769209,2
0,1,2,15.51313015464171,17.393594295980115,20.691969113175272,6
1,1,2,17.663190607289515,17.445004611386036,19.398721043601817,6
2,1,2,14.287828188127648,17.435552538822325,18.257619805742888,6
3,1,2,19.176400805080046,17.515952421077653,17.243307594312725,6
4,1,2,13.363868899617392,17.490907313501932,16.3357650893489,6
5,1,2,16.067497098765156,16.436124850298196,15.518976834881453,6
6,1,2,17.871917868634295,16.641568805727776,14.779977937982338,6
7,1,2,11.560341566035081,16.75668954700429,14.10816075898314,6
8,1,2,16.35169750266996,16.026725626518797,13.494762465114308,6
9,1,2,18.392921542259394,15.877379977626957,12.932480695734546,6
10,1,2,17.011635909120095,16.04997298286796,12.415181467905164,6
11,1,2,14.756834659573775,16.114584558385477,11.93767448837035,6
12,1,2,17.667506593580047,16.045830422470214,11.495538396208484,6
13,1,2,19.607922174813197,16.046222784860262,11.084983453486753,6
14,1,2,18.3738630349476,16.529867692740766,10.70274264474583,6
15,1,2,19.623690132254143,16.456909713637813,10.345984556587636,6
16,1,2,18.0366651868004,17.025984371150248,10.012243119278358,6
17,1,2,14.935304319289283,17.204999651880726,9.699360521800909,6
18,1,2,12.258944560095172,16.938034783758454,9.40544050598876,6
19,1,2,15.539944956672946,17.001544146854823,9.128809902871444,6
20,1,2,18.33690613865222,16.927748460855096,8.867986762789402,6
21,1,2,18.068519141417163,16.92265615143626,8.621653797156362,6
22,1,2,17.282391403706615,17.018736445281448,8.388636126962949,6
23,1,2,12.418097051908068,17.24833251292989,8.16788254467445,6
24,1,2,17.16235549289043,16.771113463686984,7.958449658913566,6
25,1,2,19.671727595197915,16.54878921987582,7.759488417440727,6
26,1,2,16.80011094810057,16.666776907171307,7.570232602381197,6
27,1,2,14.959733682298197,16.410087890430074,7.389988968991169,6
28,1,2,17.492548189816713,16.130366844566236,7.218128760409979,6
29,1,2,16.848486712398845,16.36284356006873,7.05408037949157,6
30,1,2,12.84396084512898,16.780074664823612,6.897323037725091,6
31,1,2,17.547009837795855,16.53498520013779,6.747381232557154,6
32,1,2,20.137583683229597,16.463176445514488,6.6038199297367886,6
33,1,2,17.409207578490843,16.65127322204289,6.466240347867273,6
34,1,2,14.434449166434172,16.66280196520509,6.3342762591352875,6
35,1,2,15.821664887325847,16.846106702889283,6.207590733952582,6
36,1,2,11.744096767864015,16.72422573874705,6.085873268580962,6
37,1,2,13.357331844021877,16.003532027171243,5.968837244185175,6
38,1,2,13.78533053972129,15.69055210861863,5.856217673540171,6
39,1,2,13.67115800739155,15.583788186566183,5.747769198104242,6
40,1,2,14.659090343876215,15.236389079072989,5.643264303593256,6
41,1,2,13.07152645081294,15.037353045570931,5.542491726743377,6
42,1,2,20.484060360994764,15.058040827905835,5.445255029782967,6
43,1,2,16.085455215875662,15.325045420923919,5.351371322372915,6
44,1,2,12.617319352579178,14.956670105709925,5.2606701135191365,6
45,1,2,13.748873928705697,14.521043903354323,5.172992278293818,6
46,1,2,14.048901100172879,14.45871888174264,5.088189126190641,6
47,1,2,16.00792876401485,14.297558537456007,5.006121559639179,6
48,1,2,15.174206083225283,14.68517962801517,4.926659312660779,6
49,1,2,16.82820249448242,14.850350013397298,4.849680260900454,6
50,1,2,11.52139564308608,15.1269747365574,4.77506979534814,6
51,1,2,12.214443067630093,14.931541794347812,4.70272025299438,6
52,1,2,12.395759382955728,14.709301132870895,4.632530398472076,6
53,1,2,13.572736725128838,14.647867763065694,4.564404951435722,6
54,1,2,13.691228503652724,14.01956561435061,4.4982541550381026,6
55,1,2,13.267610393535097,13.80190864051216,4.433993381394701,6
56,1,2,15.809010520261813,13.86102600787179,4.371542770389142,6
57,1,2,16.592467057878856,14.04831115255871,4.310826898578181,6
58,1,2,17.04950652413772,14.279544421441072,4.251774475309987,6
59,1,2,18.314695460355793,14.374233308724966,4.194318063481474,6
60,1,2,18.39795121340365,14.659732343009559,4.138393822635054,6
61,1,2,14.852954623825124,14.802436772002398,4.083941272337225,6
62,1,2,15.634012359092532,15.105305770251404,4.030903073995183,6
63,1,2,16.56395788194264,15.416175705838898,3.979224829456783,6
64,1,2,15.620179877053365,15.795102842110435,3.928854894906697,6
65,1,2,16.1481445276614,15.981234037739938,3.8797442087203633,6
66,1,2,20.154628468384367,16.204590039922547,3.831846132069495,6
67,1,2,15.847810593333161,16.83068259218157,3.7851163011905986,6
68,1,2,11.938326520510396,16.834209871551693,3.7395124903328805,6
69,1,2,13.307275032136843,16.41110618633638,3.6949944844955844,6
70,1,2,15.61679840213922,16.070903323427206,3.6515239611485772,6
71,1,2,16.500131327520556,15.825639954498422,3.6090643802049893,6
72,1,2,13.618183932732979,15.653110873963602,3.5675808815819434,6
73,1,2,14.826733108881822,15.540858992955226,3.527040189745785,6
74,1,2,14.603100868760084,15.467469970208798,3.4874105246924616,6
75,1,2,15.121082697533211,15.289210241737658,3.4486615188625453,6
76,1,2,15.584649159429578,15.243837770872187,3.4107641395343853,6
77,1,2,16.746426482850516,15.192610919214745,3.373690616278577,6
78,1,2,19.065501036299377,14.882774375075307,3.337414373092786,6
79,1,2,16.102728850807857,15.175291688072235,3.3019099648683943,6
80,1,2,13.54530876122278,15.553873718099275,3.26715301786978,6
81,1,2,15.227886631380901,15.575513148016178,3.2331201739336364,6
82,1,2,17.81859225705697,15.540157532492696,3.1997890381198872,6
83,1,2,18.559693175588883,15.660017616996004,3.1671381295676437,6
84,1,2,13.85519684730384,16.109245729982906,3.1351468353295866,6
85,1,2,14.738210252630344,16.020924251657636,3.103795366976291,6
86,1,2,15.828382774485942,16.03320692291857,3.0730647197785057,6
87,1,2,13.75771017483494,16.09750692991427,3.042936634290481,6
88,1,2,12.237384453533533,15.931421567678393,3.013393560171156,6
89,1,2,13.030907440267285,15.521508655922306,2.9844186220925875,6
90,1,2,15.527415350163519,14.972909238101208,2.955995587596467,6
91,1,2,15.439368214269956,14.920608010769904,2.9281088367700856,6
92,1,2,11.842169557798606,15.092795233774194,2.9007433336227018,6
93,1,2,17.677740520544674,14.785002772539439,2.873884599052121,6
94,1,2,14.17415103920319,14.772198069220137,2.8475186852993493,6
95,1,2,14.760623831658311,14.373512420457804,2.821632151796628,6
96,1,2,16.31376447814751,14.45582396449003,2.796212042320983,6
97,1,2,14.996639796922889,14.599056166809767,2.7712458633716883,6
98,1,2,13.410670228681308,14.523443168849495,2.7467215636958326,6
99,1,2,13.761326196868321,14.491894082835527,2.7226275148914834,6
100,1,2,12.915562205286767,14.630434241320506,2.6989524930228614,6
101,1,2,14.175628417101006,14.619948310867732,2.6756856611864577,6
102,1,2,12.574952173331985,14.497058589680229,2.652816552971189,6
103,1,2,14.994554727551796,14.236657131413143,2.6303350567595682,6
104,1,2,12.86197264876002,14.523237601390703,2.6082314008204124,6
105,1,2,13.098978969232181,14.085440522137555,2.586496139146909,6
106,1,2,13.269189234120049,13.987697606685645,2.5651201379969346,6
107,1,2,12.930843041504644,13.852112643273074,2.5440945630953204,6
108,1,2,9.92446000535958,13.544574330850997,2.523410867460399,6
109,1,2,13.274356863713601,13.083467077072514,2.5030607798195894,6
110,1,2,13.09266843032189,13.071074952984539,2.4830362935810326,6
111,1,2,18.98491075345272,13.010287883298501,2.4633296563303895,6
112,1,2,11.686079760553742,13.562046842222678,2.443933359823851,6
113,1,2,11.249213369774651,13.335724237082019,2.424840130450227,6
114,1,2,13.14065445906092,13.215202527667715,2.4060429201366595,6
115,1,2,14.669592897731334,13.046666139623092,2.38753489767407,6
116,1,2,16.182160108959394,13.210995253165937,2.3693094404399164,6
117,1,2,18.2446588318135,13.491284447686594,2.35136012649719,6
118,1,2,15.188421389620027,13.943599865658724,2.3336807270498428,6
119,1,2,16.782705361117312,14.148834260941943,2.316265199236038,6
120,1,2,10.476883588296511,14.772311111465372,2.299107679241697,6
121,1,2,17.017646627463925,14.517995359154726,2.282202475717861,6
122,1,2,13.887102518921619,14.874811558894914,2.2655440634863435,6
123,1,2,17.288595027904332,14.41137444666481,2.2491270775190513,6
124,1,2,20.79949567874098,14.920694016423958,2.232946307177188,6
125,1,2,12.904566756554706,15.78890149905726,2.2169966906973504,6
126,1,2,12.826392681852052,15.767438980647604,2.201273309912263,6
127,1,2,14.462486895573894,15.599875324658576,2.185771385194571,6
128,1,2,20.203145016672703,15.443541396168989,2.1704862706127908,6
129,1,2,12.61412518799337,15.62158559479255,2.1554134492890906,6
130,1,2,18.26004151335207,15.387558667371946,2.140548528949166,6
131,1,2,13.01812229502518,15.521861953938743,2.1258872376549935,6
132,1,2,15.238067029858609,15.752883654550441,2.1114254197117623,6
133,1,2,13.410769922324388,15.591103691131774,2.097159031740737,6
134,1,2,15.001254451849537,15.547800727804754,2.0830841389102623,6
135,1,2,15.277563185191823,15.339860675436137,2.069196911317527,6
136,1,2,16.405888927651695,14.837866812386215,2.0554936205141,6
137,1,2,13.967429350392996,15.156168827940483,2.0419706361686125,6
138,1,2,14.57245419807607,15.259899434171478,2.0286244228603207,6
139,1,2,13.454387284690693,15.269896461671676,2.0154515369975914,6
140,1,2,15.608239037250257,14.65637303149149,2.0024486238556714,6
141,1,2,16.135942118961797,14.928565199605753,1.9896124147283916,6
142,1,2,18.40408176831057,14.735465254661186,1.9769397241887203,6
143,1,2,18.762881882215012,15.225097934050767,1.9644274474533485,6
144,1,2,15.628363210713848,15.545535647901348,1.9520725578467237,6
145,1,2,14.56456368326052,15.747135037754935,1.9398721043601816,6
146,1,2,12.488743560875028,15.707435876974115,1.927823209302044,6
147,1,2,12.876434767890297,15.453906820218048,1.9159230660347475,6
148,1,2,16.575373549721032,15.133047351148825,1.9041689367952703,6
149,1,2,13.82026553609008,15.370133187451374,1.8925581505952993,6
150,1,2,13.771270679448374,15.3017523999981,1.881088101197752,6
151,1,2,15.525144806602828,15.33055998133971,1.8697562451664402,6
152,1,2,14.347749760420822,15.323005960371763,1.858560099985803,6
153,1,2,18.793851062086283,15.16044301868622,1.8474972422477922,6
154,1,2,13.74086906172121,15.195876590847648,1.8365653059031306,6
155,1,2,13.714810149018922,14.739329970802755,1.8257619805742886,6
156,1,2,15.4483802102117,14.565370601557762,1.8150850099276554,6
157,1,2,15.941424192131564,14.645717558553326,1.8045321901024947,6
158,1,2,17.28296264791743,14.959597615940282,1.7941013681943878,6
159,1,2,15.871318416363318,15.360191059579114,1.7837904407909717,6
160,1,2,16.42810189098814,15.296186047455684,1.7735973525578805,6
161,1,2,13.53136876297439,15.533262079719144,1.7635200948728924,6
162,1,2,15.703222290193253,15.511452814585143,1.753556704506379,6
163,1,2,13.959519736760864,15.52764167672973,1.7437052623462308,6
164,1,2,17.107038296048152,15.492348038215187,1.7339638921655256,6
0,1,2,16.616190349389,17.501329424501165,17.277327879341836,4
1,1,2,18.202974588761602,17.606185977958507,16.19749488688297,4
2,1,2,18.25374873123986,17.129688029962196,15.244701070007503,4
3,1,2,17.926276601762993,17.256795997084126,14.397773232784864,4
4,1,2,12.080146461559874,17.41972476142714,13.63999569421724,4
5,1,2,14.813382230617801,17.12693716672311,12.957995909506376,4
6,1,2,14.455448804757433,17.272386926391164,12.34094848524417,4
7,1,2,15.247910580614956,16.969235584289024,11.779996281369433,4
8,1,2,13.849969820776161,16.36055040391861,11.267822530005546,4
9,1,2,14.39927876301751,16.26135068226565,10.798329924588648,4
10,1,2,12.77655916621584,15.714832676893819,10.366396727605101,4
11,1,2,17.352608169176186,15.329262372610277,9.967689161158752,4
12,1,2,22.888772771421962,15.396209447136386,9.598515488523242,4
13,1,2,20.673988183215524,15.82219110010551,9.255711363933127,4
14,1,2,17.457865061729517,16.042212868466933,8.936548903107846,4
15,1,2,24.79239443105188,15.99963000119116,8.638663939670918,4
16,1,2,18.34542243793672,17.155288907508616,8.359997360971857,4
17,1,2,19.098303002820238,17.476383471810337,8.098747443441486,4
18,1,2,16.5093513186465,17.898461126179683,7.853330854246289,4
19,1,2,19.769913255697812,18.013137556909825,7.6223505350037515,4
20,1,2,24.235392946307304,18.55131423281179,7.404569091146501,4
21,1,2,12.695612539884966,19.445506431292685,7.198886616392432,4
22,1,2,18.233425422588155,19.438147647080783,7.00432211324669,4
23,1,2,20.125272278412684,19.51822194284551,6.81999784710862,4
24,1,2,15.503833829057047,19.266994625299215,6.645126107439168,4
25,1,2,18.813670779882052,18.796980593102987,6.478997954753188,4
26,1,2,17.24068457011041,18.920235658389576,6.320973614393354,4
27,1,2,17.885413273118758,18.23371658012217,6.170474242622085,4
28,1,2,18.983149929936804,18.191897565138717,6.0269748416308735,4
29,1,2,15.543879886799655,18.1814291039675,5.889998140684717,4
30,1,2,16.249775745306618,18.093658973799606,5.759109293113945,4
31,1,2,18.846999452904598,17.77364647285495,5.633911265002773,4
32,1,2,22.299268799084857,17.28379251890925,5.514040812555905,4
33,1,2,18.926592728423756,18.156852178836512,5.399164962294324,4
34,1,2,12.773103996956836,18.21986738845793,5.288977922247501,4
35,1,2,17.125957049076685,17.551488453780134,5.183198363802551,4
36,1,2,12.901091092346102,17.69895420105464,5.081567023335834,4
37,1,2,13.899453917615753,17.16144695673319,4.983844580579376,4
38,1,2,15.560205921113184,16.85769871559731,4.889809777172218,4
39,1,2,13.77365195158158,16.646316229051347,4.799257744261621,4
40,1,2,17.44104291794438,16.172725503746328,4.7119985125477735,4
41,1,2,15.203420035770582,16.34519487021403,4.6278556819665635,4
42,1,2,15.60144951099727,16.250071623892577,4.546665231405746,4
43,1,2,16.591960614271084,15.955021629173729,4.468274451553923,4
44,1,2,17.247738945922684,15.436175430554293,4.392540986273348,4
45,1,2,19.721183396012318,15.283552359417827,4.319331969835459,4
46,1,2,19.62815777925938,15.915195941150149,4.2485232490184845,4
47,1,2,14.219261883279083,16.14266873480312,4.179998680485928,4
48,1,2,16.630282077862628,16.262502443069753,4.11364949508139,4
49,1,2,17.580481917807052,16.510759548546744,4.049373721720743,4
50,1,2,15.495220082661794,16.69442100279164,3.9870756644635006,4
51,1,2,14.28461630269987,16.850927196526207,3.9266654271231447,4
52,1,2,12.851364137138258,16.563979322413072,3.868058480449665,4
53,1,2,17.311772031355183,16.35015605890104,3.8111752675018757,4
54,1,2,14.812240576993839,16.505639924388124,3.755940843335182,4
55,1,2,13.752853293634331,16.343847193726557,3.7022845455732507,4
56,1,2,16.39374425779347,16.026130316245794,3.6501396928186978,4
57,1,2,14.075429372216103,15.723635849134991,3.599443308196216,4
58,1,2,16.38705757994074,15.218842357585602,3.5501358656181856,4
59,1,2,12.552830259827905,15.415914693645753,3.502161056623345,4
60,1,2,20.381199442084537,15.045237255642597,3.455465575868367,4
61,1,2,13.201131243807783,15.299847939667824,3.40999892355431,4
62,1,2,16.116779465245582,15.091294408862911,3.3657132232484095,4
63,1,2,15.397534732618709,15.257854696367065,3.322563053719584,4
64,1,2,17.345937096319982,15.489324750501652,3.2805052935459185,4
65,1,2,15.1224855980455,15.49243066549845,3.239498977376594,4
66,1,2,13.35377749498206,15.52063475832133,3.199505162841081,4
67,1,2,16.447987372870017,15.484355140262034,3.160486807196677,4
68,1,2,13.428839202522843,15.489286332541722,3.1224086528931028,4
69,1,2,14.752976838833272,15.430505408024151,3.0852371213110423,4
70,1,2,15.89957477046448,15.281952613378017,3.0489402140015005,4
71,1,2,19.673030757005343,15.586202114344978,3.0134874208154367,4
72,1,2,16.29336759418944,15.521823142974142,2.9788496343692823,4
73,1,2,13.724408750171957,15.802935538463384,2.9449990703423583,4
74,1,2,19.63862900307017,15.58544729163851,2.9119091931475003,4
75,1,2,13.924226574524848,15.97100131622501,2.8795546465569726,4
76,1,2,16.49446431494056,15.65993672333454,2.8479111889025006,4
77,1,2,12.777350390280686,15.784662061234092,2.8169556325013865,4
78,1,2,15.59037723461831,15.732259597170328,2.7866657869906186,4
79,1,2,14.693294946573221,15.654295039147446,2.7570204062779524,4
80,1,2,18.934723142619475,15.769245561333843,2.727999138843448,4
81,1,2,14.353001689697678,16.149404316223496,2.699582481147162,4
82,1,2,20.976866287175405,16.008806763426517,2.671751733918841,4
83,1,2,19.07968488647976,16.12733726616925,2.6444889611237503,4
84,1,2,16.146785570717192,16.38063883819564,2.6177769514154297,4
85,1,2,16.540377176030027,16.600854912790663,2.5915991819012754,4
86,1,2,14.802021178226024,16.319195655787016,2.5659397840606686,4
87,1,2,12.271300161866115,16.398995165214394,2.540783511667917,4
88,1,2,21.632763915177243,16.01507115129854,2.5161157105837626,4
89,1,2,19.08136455160038,16.82010874447095,2.491922290289688,4
90,1,2,9.411123153345416,17.137471227832958,2.4681896970488335,4
91,1,2,18.019766783094923,16.657273792084975,2.444904888586109,4
92,1,2,16.074277177228232,16.574095941219106,2.422055310188108,4
93,1,2,13.212634882748793,16.73057553099461,2.3996288721308106,4
94,1,2,16.11653114081836,16.024736312410372,2.377613928349794,4
95,1,2,16.5607458934478,15.755358699168427,2.3559992562738867,4
96,1,2,13.81537869420668,15.792991455780303,2.334774037748897,4
97,1,2,10.751675323465081,15.545264321069089,2.3139278409832817,4
98,1,2,16.443463970124473,15.177051061545368,2.293450603452456,4
99,1,2,16.016473166542106,15.556338680477944,2.273332615702873,4
100,1,2,15.666631639918714,15.045766794238387,2.253564506001109,4
101,1,2,16.577578682464292,14.735336529540053,2.2341372257769616,4
102,1,2,18.542739940940077,15.386832486732676,2.215042035813056,4
103,1,2,13.205707784306536,15.434375501082235,2.196270493136674,4
104,1,2,16.4349217678841,15.17359646536208,2.1778144385725002,4
105,1,2,13.22672920067815,15.466531636738019,2.1596659849177295,4
106,1,2,14.194327191783682,15.203822369452547,2.1418175057035334,4
107,1,2,14.229546226324132,14.988693396573991,2.1242616245092423,4
108,1,2,14.067957279441131,15.02634499040285,2.106991204797785,4
109,1,2,14.264793604149329,15.327825168218856,2.089999340242964,4
110,1,2,11.537125099564877,15.12976422585748,2.07327934552102,4
111,1,2,14.965694811610046,14.722550765223184,2.056824747540695,4
112,1,2,18.322957557995505,14.658829235376942,2.0406292770876187,4
113,1,2,14.771037328309967,14.817500042243415,2.0246868608603714,4
114,1,2,16.694070437114448,14.47461798654977,2.0089916138769577,4
115,1,2,14.671114686984401,14.79174186407776,1.9935378322317503,4
116,1,2,14.235093760439927,14.631395765814153,1.9783199861841798,4
117,1,2,17.56306470653014,14.723065271247043,1.9633327135615724,4
118,1,2,10.488808069454597,15.029314136223991,1.9485708134596056,4
119,1,2,14.006558983652422,14.689247031054032,1.9340292402248325,4
120,1,2,10.23500155858868,14.683665367800513,1.9197030977046485,4
121,1,2,15.886136362450795,14.31732063638591,1.9055876337509379,4
122,1,2,19.57385501795665,14.712685296648266,1.8916782349644345,4
123,1,2,17.12287689123617,15.131608951770685,1.877970421667591,4
124,1,2,12.918141781624033,15.022510709338015,1.8644598430944428,4
125,1,2,13.704954666473375,14.854065659639296,1.8511422727866254,4
126,1,2,14.236959879700331,14.58232786230829,1.8380136041853017,4
127,1,2,15.003374336669541,14.542859243464283,1.8250698464093489,4
128,1,2,15.46607441414011,14.61270293221243,1.8123071202106822,4
129,1,2,15.143548304510512,14.422067451086063,1.799721654098108,4
130,1,2,17.891736601670736,14.845225654272967,1.7873097806215692,4
131,1,2,19.521203975990936,15.198423619547357,1.7750679328090928,4
132,1,2,15.994578007959106,16.0426238393112,1.762992640749167,4
133,1,2,16.402092839443334,16.052482170721046,1.7510805283116726,4
134,1,2,18.114530044222967,15.764140154492564,1.739328310000856,4
135,1,2,16.11836603713491,15.854290441127727,1.7277327879341835,4
136,1,2,15.044156239833356,16.145219918901443,1.716290848941242,4
137,1,2,14.874431128894116,16.26696551647962,1.704999461777155,4
138,1,2,20.996335152147374,16.324917448224507,1.693855674445278,4
139,1,2,17.88475569251854,16.869732067813402,1.6828566116242047,4
140,1,2,19.337745196627303,17.089612184029622,1.6719994721943712,4
141,1,2,15.353599627571214,17.470902810585695,1.661281526859792,4
142,1,2,14.647227690601062,17.24016308566756,1.6507001158606849,4
143,1,2,21.969068074749,16.7970743324503,1.6402526467729592,4
144,1,2,16.692006930006492,17.340209793067558,1.6299365923907392,4
145,1,2,13.678113978183404,17.366565619482394,1.619749488688297,4
146,1,2,18.82703719698032,16.963255068024253,1.6096889328579351,4
147,1,2,13.877269210210361,17.20949790073747,1.5997525814205404,4
148,1,2,18.572964497691736,17.103417261680832,1.5899381484056905,4
149,1,2,12.518478246390899,17.439647567935165,1.5802434035983386,4
150,1,2,11.37143362759642,16.668933303775486,1.5706661708492577,4
151,1,2,13.624991389692122,16.076813116055295,1.5612043264465514,4
152,1,2,13.850566569494188,15.557471860879366,1.551855797545674,4
153,1,2,15.805222566355402,15.420832491963273,1.5426185606555212,4
154,1,2,12.409218622528154,15.526104753395487,1.5334906401782695,4
155,1,2,14.160693726378948,14.65702753046632,1.5244701070007503,4
156,1,2,16.382489512359047,14.42690814831836,1.5155550771352488,4
157,1,2,17.407478894224084,14.672760469607056,1.5067437104077184,4
158,1,2,14.906262464759607,14.543709714811035,1.4980342091914887,4
159,1,2,15.05347262015151,14.63725455613369,1.4894248171846411,4
160,1,2,12.885869272472329,14.317300749084582,1.4809138182293002,4
161,1,2,13.84187217552253,14.3506999332738,1.4724995351711792,4
162,1,2,14.403373985542398,14.575285255812538,1.4641803287577828,4
163,1,2,17.53293937533913,14.646047309980746,1.4559545965737501,4
164,1,2,16.819331345686134,14.980808474148468,1.4478207720118856,4
0,1,1,17.981317717533162,19.13056549697213,13.562026411082813,6
1,1,1,19.954326532757904,19.2869502352348,12.714399760390137,6
2,1,1,12.99571199592179,20.001870812540353,11.966493892131894,6
3,1,1,25.674024940654554,19.71106010888296,11.301688675902344,6
4,1,1,20.607390663142144,19.345431789556656,10.70686295611801,6
5,1,1,19.36349351159986,19.845464000132907,10.171519808312109,6
6,1,1,16.567052749079156,19.990415589612056,9.68716172220201,6
7,1,1,29.61975059689292,19.655264573140762,9.246836189374646,6
8,1,1,20.435179068618865,20.629270127884148,8.844799833314879,6
9,1,1,18.066232594555785,20.574608514052326,8.476266506926757,6
10,1,1,23.47058315696304,20.261144916930377,8.137215846649688,6
11,1,1,22.7273410600426,20.430460320701744,7.82424600639393,6
12,1,1,23.1715085390476,20.8619169882026,7.534459117268229,6
13,1,1,17.192528152448425,21.154388079683486,7.2653712916515065,6
14,1,1,13.233439877073817,21.535916821185907,7.0148412471118,6
15,1,1,16.824624961988025,20.404954542678567,6.781013205541407,6
16,1,1,25.122071499870533,20.061066751664555,6.562270844072328,6
17,1,1,13.317915121187507,20.584573841507346,6.357199880195068,6
18,1,1,35.265539482027826,20.289197693517192,6.164557459583096,6
19,1,1,28.04541501108519,20.80245122852946,5.983246946065947,6
20,1,1,27.5281918783026,21.49429085966276,5.812297033321205,6
21,1,1,35.92627352769345,22.354468976367016,5.650844337951172,6
22,1,1,33.41863269399342,23.486804464615236,5.498118815303843,6
23,1,1,32.246890555272,24.458740067701672,5.353431478059005,6
24,1,1,15.84595115671014,25.28377479644935,5.2161640042626205,6
25,1,1,34.04994481641129,25.161358705927686,5.085759904156054,6
26,1,1,24.816536252774203,27.05376824586746,4.961716979664444,6
27,1,1,33.894026229375996,27.780305635938927,4.843580861101005,6
28,1,1,41.814884335636165,28.57775606589397,4.7309394457265626,6
29,1,1,24.803870755085804,31.16838963084384,4.623418094687323,6
30,1,1,39.6427777792423,30.21732883748548,4.5206754703609375,6
31,1,1,32.899678189977664,31.27163454368158,4.422399916657439,6
32,1,1,18.064241476461966,31.759951481106587,4.328306301409408,6
33,1,1,13.537002317626275,30.136130385540092,4.238133253463379,6
34,1,1,24.48505986276683,28.328709442233983,4.151640738086575,6
35,1,1,20.959272409779608,27.623088470188055,4.068607923324844,6
36,1,1,16.324914631736817,28.087935856830736,3.9888312973772977,6
37,1,1,14.614003139340682,26.476569476405782,3.912123003196965,6
38,1,1,22.01531364160349,25.549066466093645,3.838309361627211,6
39,1,1,16.62516950833293,24.469183503568875,3.7672295586341145,6
40,1,1,15.600616045955459,22.17920942835949,3.698734475749858,6
41,1,1,8.673663023302074,21.342549909347635,3.6326856458257533,6
42,1,1,12.402949546626092,18.527175840625798,3.5689543187060035,6
43,1,1,11.165260515538082,16.663836873048385,3.5074206235559,6
44,1,1,12.655757396853238,16.03665678569167,3.447972816376986,6
45,1,1,14.479799111695545,15.956543611075938,3.3905066027707034,6
46,1,1,14.048197262106333,15.046974451887637,3.3349245273154455,6
47,1,1,17.478450735532217,14.418694893008249,3.281135422036164,6
48,1,1,13.471378247365532,14.523561811535103,3.2290539074006697,6
49,1,1,9.106882334443297,14.419686821355542,3.178599940097534,6
50,1,1,12.742512929820752,13.246193066159163,3.129698402557572,6
51,1,1,12.54999796271257,12.89322428629442,3.082278729791548,6
52,1,1,12.15079051321633,12.615895369635977,3.0362745696454057,6
53,1,1,11.574217244528757,12.931997868719089,2.9916234730329734,6
54,1,1,13.07581901333332,12.856658568528424,2.9482666111049594,6
55,1,1,10.342355118596888,13.030345704691628,2.9061485166606027,6
56,1,1,9.299350044230756,12.820036406668322,2.865216847411862,6
57,1,1,12.014945904222907,12.34908649144425,2.825422168975586,6
58,1,1,15.373623983886338,12.164245458909393,2.786717755701948,6
59,1,1,11.728500672526483,11.972897572396134,2.7490594076519215,6
60,1,1,11.153305839134163,11.814454156501672,2.7124052822165625,6
61,1,1,14.290286687108667,12.000492656928115,2.6767157390295027,6
62,1,1,12.891655256795753,12.141199362136105,2.641953196964184,6
63,1,1,11.313024455415611,12.172259116143666,2.6080820021313103,6
64,1,1,12.009322049424076,12.096098565434511,2.5750683059018,6
65,1,1,10.679401480080138,12.135653547697723,2.542879952078027,6
66,1,1,14.432594588500749,11.91779740831107,2.511486372422743,6
67,1,1,14.136422686658056,12.28963736012051,2.480858489832222,6
68,1,1,13.325514458622823,12.729371236704814,2.4509686285089423,6
69,1,1,13.400363891010624,12.84851383255935,2.4217904305505025,6
70,1,1,12.854478164061746,12.66912655138883,2.3932987784263786,6
71,1,1,14.338832522957523,12.771488141528401,2.3654697228632813,6
72,1,1,12.121343184871675,13.061081476421434,2.338280415703933,6
73,1,1,11.446528685866273,12.86390479439989,2.3117090473436614,6
74,1,1,13.525064293474582,12.732529651588116,2.285734788384744,6
75,1,1,15.271856320020202,12.93362418232075,2.2603377351804688,6
76,1,1,12.260479787562954,13.230218206920398,2.2354988589696942,6
77,1,1,12.836255549087161,13.373952598509748,2.2111999583287196,6
78,1,1,13.67317035922298,13.228830867653965,2.1874236146907764,6
79,1,1,9.417552193117256,13.186717019705322,2.164153150704704,6
80,1,1,15.630188393537717,12.831447722841178,2.141372591223602,6
81,1,1,12.683956618165794,13.034159041252735,2.1190666267316893,6
82,1,1,13.983720744971532,13.018657082534922,2.097220579033425,6
83,1,1,14.880026610816946,12.986374193627102,2.0758203690432877,6
84,1,1,12.783424720030975,13.237163595985765,2.054852486527699,6
85,1,1,10.37956064122515,13.358699599091647,2.034303961662422,6
86,1,1,14.043389142856856,13.072744721614423,2.0141623382796254,6
87,1,1,11.864060278870856,12.961065887326846,1.9944156486886488,6
88,1,1,12.626500171132031,12.925027750173019,1.9750523899635164,6
89,1,1,13.185326475099455,12.905959079449826,1.9560615015984826,6
90,1,1,14.67129146063308,12.861609635438596,1.9374323444404018,6
91,1,1,12.76256259627894,13.339222296121854,1.9191546808136055,6
92,1,1,11.632360714467698,13.078529041825602,1.9012186557592727,6
93,1,1,14.456024006695987,12.982929414216686,1.8836147793170572,6
94,1,1,14.127581311978734,13.025866074373454,1.8663339097820384,6
95,1,1,13.247105946050695,12.95746195629725,1.849367237874929,6
96,1,1,12.785273560604464,12.999614795026316,1.8327062717679476,6
97,1,1,11.971310252420153,13.218315969515343,1.8163428229128766,6
98,1,1,14.506110683819026,13.029945161293824,1.8002689926216122,6
99,1,1,12.209672454768256,13.270131561743659,1.7844771593530018,6
100,1,1,13.922615828785364,13.232238132983316,1.7689599666629756,6
101,1,1,11.876043472417965,13.299264437863854,1.75371031177795,6
102,1,1,12.207656631747238,13.045150984389752,1.7387213347542068,6
103,1,1,11.20979776354671,12.994704987614144,1.723986408188493,6
104,1,1,15.254475667376784,12.956290173894054,1.7094991274474134,6
105,1,1,15.119753535538242,13.0288766885014,1.6952533013853517,6
106,1,1,12.603446056860573,13.119074163370447,1.6812429435226628,6
107,1,1,14.043466866759161,13.060559627989527,1.6674622636577228,6
108,1,1,12.675394925270309,13.174940837639951,1.6539056598881479,6
109,1,1,15.054330647785516,13.238948535171783,1.640567711018082,6
110,1,1,16.68631854696985,13.288786713714194,1.6274431693299376,6
111,1,1,14.206860356140371,13.695754540277976,1.6145269537003348,6
112,1,1,13.6812071626973,13.721594951855701,1.6018141430412771,6
113,1,1,10.006352649883015,13.885700741881095,1.589299970048767,6
114,1,1,12.514461412481921,13.685582198075258,1.5769798152421874,6
115,1,1,13.875335905337161,13.804187984342093,1.564849201278786,6
116,1,1,12.834990639167463,13.678811642338491,1.5529037875285663,6
117,1,1,11.71446437036514,13.471105924486606,1.541139364895774,6
118,1,1,12.65573899108531,13.390289407532475,1.5295518508740014,6
119,1,1,11.793161052057362,13.264132327925761,1.5181372848227028,6
120,1,1,13.498334773474042,13.183929248542766,1.506891823453646,6
121,1,1,12.866933858793498,13.042475078150812,1.4958117365164867,6
122,1,1,12.400997285409424,12.695258288316598,1.4848934026733007,6
123,1,1,11.402817773967682,12.53108891825015,1.4741333055524797,6
124,1,1,12.321714740020331,12.32396261018382,1.4635280299729654,6
125,1,1,10.427262643265347,12.534450072923574,1.4530742583303013,6
126,1,1,11.709004036832077,12.344704730267523,1.4427687671364695,6
127,1,1,12.284724461892392,12.147765469494335,1.432608423705931,6
128,1,1,15.450330331735762,12.097741271560237,1.4225901829807146,6
129,1,1,12.28543441258117,12.43736544986666,1.412711084487793,6
130,1,1,14.135875883738336,12.403701397275372,1.4029682494223599,6
131,1,1,15.846309446247645,12.616675472882731,1.393358877850974,6
132,1,1,12.094462940324135,12.830127715862153,1.3838802460288584,6
133,1,1,9.716322211630752,12.759903086910391,1.3745297038259607,6
134,1,1,13.112305621524062,12.515841716566875,1.365304672256659,6
135,1,1,12.156948651564756,12.671249702708366,1.3562026411082813,6
136,1,1,15.700218534394898,12.65627096739422,1.3472211666638556,6
137,1,1,12.110810871498494,13.135630593860544,1.3383578695147513,6
138,1,1,12.831280368280597,13.172158487921127,1.3296104324590994,6
139,1,1,13.485983520350903,13.221845388501874,1.320976598482092,6
140,1,1,15.117450187551233,13.043268405648705,1.3124541688144657,6
141,1,1,14.728179875765573,13.300724385191439,1.3040410010656551,6
142,1,1,12.094277668174236,13.354570202648459,1.2957350074282943,6
143,1,1,13.973761667348361,13.013476404641784,1.2875341529509,6
144,1,1,12.54218173188009,13.184321743462169,1.279436453875737,6
145,1,1,15.865062433961587,13.441218063484836,1.2714399760390136,6
146,1,1,12.541932055790967,13.691468682797336,1.2635428333306968,6
147,1,1,17.09500706482691,13.726467174090631,1.2557431862113715,6
148,1,1,11.659890682094293,13.853266131402632,1.2480392402836944,6
149,1,1,16.71912854423423,13.81227338691134,1.240429244916111,6
150,1,1,15.440506056897764,14.165714130179852,1.2329114919166193,6
151,1,1,13.67695316571249,14.343397997138657,1.2254843142544711,6
152,1,1,13.50192179234553,14.212443722426046,1.2181460848277976,6
153,1,1,14.207881854608718,14.100965714842404,1.2108952152752512,6
154,1,1,11.24514905220753,14.293111549972814,1.2037301548298354,6
155,1,1,13.653072220156151,14.045055857687283,1.1966493892131893,6
156,1,1,11.178293136478334,14.146045902076015,1.1896514395686677,6
157,1,1,14.58351328033135,13.719975965941176,1.1827348614316406,6
158,1,1,13.83898401284932,13.905574259081208,1.175898243735504,6
159,1,1,11.64127977139402,13.609572163446881,1.1691402078519666,6
160,1,1,16.62476641117235,13.60788026247413,1.162459406664241,6
161,1,1,14.26777848497081,13.599301886741232,1.1558545236718307,6
162,1,1,11.115286217652125,13.492690289293328,1.149324272125662,6
163,1,1,12.641177462645363,13.259811475833294,1.142867394192372,6
164,1,1,13.696585100187317,13.181561991315096,1.1364826601466045,6
0,2,1,15.659251459978488,19.61858892050009,14.700240155693958,5
1,2,1,17.7696712179951,19.52777886207841,13.781475145963086,5
2,2,1,17.894257944136122,19.28326795246511,12.970800137377022,5
3,2,1,25.656416217356046,19.19782690248935,12.250200129744965,5
4,2,1,20.989539442565096,19.497511347071978,11.60545275449523,5
5,2,1,18.5982005085471,19.612228521300107,11.025180116770468,5
6,2,1,25.453002675234778,19.56726340998674,10.500171539781398,5
7,2,1,17.296345470401445,19.983329402501088,10.02289101524588,5
8,2,1,23.857782516198498,19.463479629490916,9.587113145017799,5
9,2,1,13.64269729075645,19.83654885201871,9.187650097308724,5
10,2,1,17.528949678630333,19.543870670883365,8.820144093416374,5
11,2,1,26.640395890470806,19.48601040198177,8.48090778213113,5
12,2,1,18.98208542310314,20.484296259299256,8.166800086496643,5
13,2,1,22.559951100453,20.594515732490894,7.875128654836049,5
14,2,1,19.091322244842747,21.018669655792426,7.603572494324461,5
15,2,1,26.11689474963403,20.421842931018492,7.350120077846979,5
16,2,1,20.057503484059986,20.88796614075203,7.113019430174496,5
17,2,1,21.87544816542128,21.020630047616837,6.890737572981543,5
18,2,1,21.13520321167679,20.69539781945198,6.681927343497254,5
19,2,1,18.18528989901319,21.044384886840643,6.485400068688511,5
20,2,1,16.96007636048112,20.528703739823797,6.300102923868839,5
21,2,1,22.69211282758011,20.83028365525331,6.125100064872482,5
22,2,1,24.168698184761496,21.299662123339655,5.959556819875929,5
23,2,1,22.088676727040358,21.074962331911532,5.802726377247615,5
24,2,1,18.441031608950517,21.357379723178553,5.653938521420753,5
25,2,1,28.79478263657804,20.982932496678327,5.512590058385234,5
26,2,1,19.866293760686624,21.865065259563355,5.378136642327058,5
27,2,1,20.682786337600806,21.296828806022685,5.250085769890699,5
28,2,1,18.94153410120495,21.353672701799123,5.127990751986264,5
29,2,1,16.236326929036395,21.08695324141582,5.01144550762294,5
30,2,1,20.21929568837529,20.641600852084878,4.900080051897986,5
31,2,1,12.997512525326817,20.82651046929961,4.7935565725088995,5
32,2,1,16.899244972631088,20.466277393376494,4.69156600713637,5
33,2,1,17.872897915302385,19.939653042926583,4.593825048654362,5
34,2,1,15.844633620479774,19.367307563884847,4.500073517049171,5
35,2,1,15.013179360949124,18.799667281470246,4.410072046708187,5
36,2,1,20.310674359400178,18.488044349833753,4.3236000457923405,5
37,2,1,10.430549273670366,17.716761779181223,4.240453891065565,5
38,2,1,15.4696303553495,16.858966825816108,4.160445327083195,5
39,2,1,12.37796398771018,16.385043554702353,4.0834000432483215,5
40,2,1,16.308537778567974,15.788355362566461,4.009156406098352,5
41,2,1,15.05113591554684,15.794919985251152,3.9375643274180243,5
42,2,1,13.806425898870163,15.325087278630384,3.86848425149841,5
43,2,1,14.743240245331005,15.398624858043416,3.8017862471622306,5
44,2,1,21.43070045536566,15.202624428288862,3.7373491921255826,5
45,2,1,18.203700969325862,15.52606102284007,3.6750600389234895,5
46,2,1,15.61967984287087,15.740521690916985,3.614813153039498,5
47,2,1,14.00727189683524,15.795658098364418,3.556509715087248,5
48,2,1,18.909840510898956,15.222621510858517,3.5000571799271327,5
49,2,1,19.93411854429784,15.993466168788387,3.4453687864907714,5
50,2,1,14.294378397630188,16.399328731420052,3.392363112852452,5
51,2,1,14.524349246643599,16.573548223230965,3.340963671748627,5
52,2,1,17.28489205858205,16.41134926578329,3.291098542319543,5
53,2,1,13.93323418379095,16.61441800605922,3.2427000343442556,5
54,2,1,15.640240496653984,16.62594603196111,3.1957043816725994,5
55,2,1,13.847421675344687,16.707491509354107,3.1500514619344195,5
56,2,1,11.800655298290526,16.018102529352202,3.105684539935343,5
57,2,1,16.335102320066177,15.436007468348988,3.062550032436241,5
58,2,1,16.291949267698726,15.501045875366744,3.0205972922658817,5
59,2,1,16.540268762813774,15.708743818172515,2.9797784099379645,5
60,2,1,14.330295484882154,15.493328204710226,2.9400480311387915,5
61,2,1,13.81937001250613,14.983889744763347,2.9013631886238076,5
62,2,1,14.251604751484033,14.940707164297526,2.863683147213109,5
63,2,1,12.03838303641693,14.915912210192108,2.8269692607103765,5
64,2,1,18.157638217433664,14.438956844540733,2.791184839688726,5
65,2,1,14.405595250858829,14.822993574871889,2.756295029192617,5
66,2,1,19.603512428683143,14.71075309798142,2.722266695498881,5
67,2,1,15.886009973153554,15.234034075557643,2.689068321163529,5
68,2,1,12.821310736156246,15.605429955090647,2.6566699076555347,5
69,2,1,13.643120230984414,15.28599435655338,2.6250428849453495,5
70,2,1,15.786550665112902,15.045191716852077,2.594160027475404,5
71,2,1,10.805515896251574,14.976671889788362,2.563995375993132,5
72,2,1,11.451228655450162,14.656237381731039,2.5345241647748202,5
73,2,1,13.892227104820188,14.440951803816859,2.50572275381147,5
74,2,1,14.847823409585299,14.408281108665602,2.4775685655663975,5
75,2,1,14.299612150888105,14.663684778953632,2.450040025948993,5
76,2,1,14.318290362564667,14.312955136540399,2.4231165091803226,5
77,2,1,15.979689748422214,14.30501832851366,2.3967782862544498,5
78,2,1,12.547086323855828,13.975579903035394,2.371006476724832,5
79,2,1,16.988291842762212,13.672041389462875,2.345783003568185,5
80,2,1,16.535711007721307,14.05085785369978,2.321090550899046,5
81,2,1,16.351375906713805,14.313820651584951,2.296912524327181,5
82,2,1,16.03885191755387,14.365168400821396,2.273233013767107,5
83,2,1,14.270412643952605,14.840926220939787,2.2500367585245855,5
84,2,1,16.44845302860989,15.097215674440008,2.2273091144990844,5
85,2,1,11.102769176764978,15.32959984932998,2.2050360233540935,5
86,2,1,11.006077458480885,14.989140373619044,2.1832039835189048,5
87,2,1,12.246741304745665,14.689728128854751,2.1618000228961702,5
88,2,1,17.421621863532202,14.501405487234841,2.1408116731593143,5
89,2,1,17.273244284993936,14.632490224972114,2.1202269455327825,5
90,2,1,16.3378998812956,15.062140948711942,2.1000343079562795,5
91,2,1,15.46643843903098,15.003014406760428,2.0802226635415977,5
92,2,1,12.909243934907133,14.905807809606767,2.0607813302374707,5
93,2,1,14.516824028849475,14.592886721260703,2.0417000216241608,5
94,2,1,15.244133567842036,14.454520549560302,2.0229688287652237,5
95,2,1,11.964623452076376,14.54304063355025,2.004578203049176,5
96,2,1,14.21720930467897,14.135419762956296,1.986518939958643,5
97,2,1,15.629990686900763,14.41855068367575,1.9687821637090122,5
98,2,1,12.185278586416374,14.838906431713921,1.9513593127027378,5
99,2,1,14.468435882753425,14.833318911865804,1.934242125749205,5
100,2,1,10.71595538438697,14.564847459067733,1.9174226290035596,5
101,2,1,11.445737510047167,13.968730286285284,1.9008931235811153,5
102,2,1,14.733169060929814,13.523988252535425,1.8846461738069178,5
103,2,1,11.236358853349994,13.457327399980773,1.8686745960627913,5
104,2,1,13.380703360701478,13.305246938021035,1.8529714481967174,5
105,2,1,14.818244015279266,13.20196324091667,1.8375300194617448,5
106,2,1,13.285269463491531,13.163246008865512,1.8223438209537965,5
107,2,1,12.464168837043122,13.283304737175978,1.807406576519749,5
108,2,1,13.488154312570268,13.123937421936354,1.7927122141090193,5
109,2,1,14.111791138567384,12.929225024269947,1.778254857543624,5
110,2,1,15.522862276220973,13.104362529010945,1.7640288186832749,5
111,2,1,12.502148994495549,13.20021947387163,1.7500285899635664,5
112,2,1,11.505298961548313,13.362600711154231,1.736248837286688,5
113,2,1,16.431589344547923,13.368015388563425,1.7226843932453857,5
114,2,1,14.521542231710011,13.522417232528708,1.7093302506620882,5
115,2,1,15.269956108533771,13.821070266925075,1.696181556426226,5
116,2,1,12.448255192888166,13.99282051672801,1.683233605613812,5
117,2,1,13.027932150618648,13.777366987419725,1.6704818358743134,5
118,2,1,7.6445051990875355,13.753972686249467,1.6579218220707472,5
119,2,1,13.786352915528457,13.315821446435324,1.6455492711597715,5
120,2,1,13.982039850496658,13.342930410340614,1.6333600172993286,5
121,2,1,13.952934211558503,13.33113483869782,1.6213500171721278,5
122,2,1,11.98112988319416,13.188414105546684,1.609515345513937,5
123,2,1,11.224973034308462,13.141048731792013,1.5978521908362997,5
124,2,1,11.983051751157353,13.115564556588394,1.5863568513338804,5
125,2,1,14.220320712564538,12.71115204809834,1.5750257309672098,5
126,2,1,13.36336192045366,12.683768273630568,1.5638553357121232,5
127,2,1,12.026749305367428,12.51044152925965,1.5528422699676716,5
128,2,1,15.321896293188598,12.472122812212309,1.541983233114751,5
129,2,1,12.01962749900879,12.680665006991394,1.5312750162181206,5
130,2,1,14.503220619865662,13.078403397893327,1.5207144988648922,5
131,2,1,11.947879059045494,13.143573189196708,1.5102986461329408,5
132,2,1,11.063677857319838,12.95864948088297,1.500024505683057,5
133,2,1,10.18539413813418,12.695989812315817,1.4898892049689823,5
134,2,1,15.530915969933767,12.532741108219454,1.4798899485597945,5
135,2,1,13.629186176909418,12.924190466003573,1.4700240155693958,5
136,2,1,11.269338592002644,13.073839050162853,1.4602887571881416,5
137,2,1,14.259804106099455,12.80556794829359,1.4506815943119038,5
138,2,1,18.208284356308162,12.887062692443209,1.4412000152641136,5
139,2,1,15.135257409759486,13.44902042434691,1.4318415736065544,5
140,2,1,12.945791611336153,13.432053253126078,1.422603886034899,5
141,2,1,12.976722259944903,13.516249990610385,1.4134846303551882,5
142,2,1,13.101919376966226,13.377477412435773,1.4044815435376392,5
143,2,1,17.44103194812148,13.482390168610385,1.395592419844363,5
144,2,1,12.839909328799294,14.062149631410536,1.3868151090277319,5
145,2,1,12.186772240251885,14.303469194198271,1.3781475145963085,5
146,2,1,13.590830914406407,13.999456127863557,1.3695875921453997,5
147,2,1,11.721383577346135,13.995969285817825,1.3611333477494405,5
148,2,1,12.945049137220403,14.037064284485417,1.3527828364135543,5
149,2,1,14.511639294686082,13.91754110549641,1.3445341605817644,5
150,2,1,11.601684834524827,13.581482463530769,1.3363854686994507,5
151,2,1,12.215140741866264,13.26024859305489,1.3283349538277673,5
152,2,1,13.364434307888317,13.193825786739446,1.3203808523078406,5
153,2,1,15.603331897385363,13.229072336552484,1.3125214424726748,5
154,2,1,13.375894583082232,13.456473474772405,1.3047550434047892,5
155,2,1,13.703656631931077,13.086915532496112,1.297080013737702,5
156,2,1,14.580192900731827,13.165438014599,1.28949475049947,5
157,2,1,8.28478180691992,13.383021711006267,1.281997687996566,5
158,2,1,14.187542429411085,12.900653610325675,1.2745872967364704,5
159,2,1,13.569800687072416,13.124849869604306,1.2672620823874101,5
160,2,1,13.828135174022382,13.181645465045403,1.2600205847737678,5
161,2,1,14.15563354163371,13.119508726803247,1.252861376905735,5
162,2,1,14.116524862658745,13.351685881994962,1.2457830640418608,5
163,2,1,15.853376670174972,13.524538983885186,1.2387842827831987,5
164,2,1,13.209848327109933,13.750806471365793,1.2318637001978177,5
0,1,1,15.032595113637147,16.688804034092104,23.87037730567432,1
1,1,1,20.317505243567947,16.080925401168205,22.378478724069677,1
2,1,1,18.954066754157676,16.76924397305186,21.062097622653813,1
3,1,1,16.005038438667434,16.902400744456934,19.891981088061936,1
4,1,1,17.26604445874417,16.879056613337717,18.845034715006044,1
5,1,1,15.90011188191051,17.2080049292625,17.90278297925574,1
6,1,1,12.40754100555043,17.350371042191508,17.050269504053087,1
7,1,1,12.178697000055447,16.621331202625807,16.275257253868855,1
8,1,1,13.419394803638317,16.256475646080112,15.567637373265862,1
9,1,1,19.058158938728234,15.906391342568954,14.918985816046451,1
10,1,1,15.667830127949031,16.1080864587324,14.322226383404592,1
11,1,1,21.34721409999245,16.018816706055123,13.771371522504417,1
12,1,1,15.613222489976703,16.592872977541965,13.261320725374624,1
13,1,1,13.08046102329024,16.16521090903367,12.787702128039815,1
14,1,1,16.28224320093829,15.631246751682085,12.34674688224534,1
15,1,1,14.138691044315825,15.656447184615802,11.93518865283716,1
16,1,1,18.4729283758738,15.372142328758683,11.550182567261768,1
17,1,1,14.71378339373772,15.606034737300797,11.189239362034838,1
18,1,1,14.516334835826456,15.815693136226914,10.850171502579236,1
19,1,1,21.506060124187417,16.02820566675155,10.531048811326906,1
20,1,1,13.668684964391208,16.76335705952874,10.230161702431852,1
21,1,1,23.305258376881515,16.273404880043557,9.945990544030968,1
22,1,1,15.463338549552796,16.96771653903742,9.677179988786888,1
23,1,1,13.451906696776538,16.43281876172472,9.422517357503022,1
24,1,1,20.632327360728098,16.23633550779744,9.180914348336277,1
25,1,1,18.33860647940174,16.922868811200882,8.95139148962787,1
26,1,1,30.134371082512807,17.109810927424828,8.73306486792963,1
27,1,1,24.509704348111576,18.563963658170007,8.525134752026544,1
28,1,1,18.803223187597112,19.112761473827987,8.326875804304995,1
29,1,1,19.626698930999183,19.484528727815203,8.137628626934427,1
30,1,1,18.69224107914127,19.949107281921815,7.956792435224774,1
31,1,1,20.028966763574505,19.693305550553983,7.783818686632931,1
32,1,1,20.68089338429417,20.271512986843376,7.61820552308755,1
33,1,1,18.370194124286552,20.032934351153617,7.4594929080232255,1
34,1,1,25.841209329112047,20.297193948856684,7.307258358879895,1
35,1,1,18.44398463179774,21.423494188159914,7.161113191702296,1
36,1,1,15.613784251530538,21.224553940075335,7.020699207551271,1
37,1,1,16.534108730949992,20.976842828450682,6.885685761252208,1
38,1,1,20.268054539262614,19.74045534194497,6.755767161983298,1
39,1,1,18.041349486204602,19.35485081386779,6.630660362687312,1
40,1,1,15.838250300973453,19.285589568286653,6.510102901547542,1
41,1,1,26.68735352001687,18.941185147375226,6.393851064019907,1
42,1,1,16.8476110106502,19.66801355109119,6.281678238335348,1
43,1,1,27.017391720782378,19.378799391734432,6.17337344112267,1
44,1,1,25.879622314155796,19.954844695051545,6.068739992968048,1
45,1,1,36.6008348718776,20.637519985039656,5.96759432641858,1
46,1,1,26.46089619286572,21.61566776165471,5.869764911231391,1
47,1,1,22.594522950226438,22.344477903569977,5.775091283630884,1
48,1,1,28.687023994287323,22.97909051254233,5.683423168017695,1
49,1,1,20.035877664742273,24.083900991027544,5.594619681017419,1
50,1,1,20.459429014571565,24.062794002434785,5.508548609001767,1
51,1,1,22.279643626035813,24.282619414104513,5.425085751289618,1
52,1,1,19.42274240443441,24.86820062547382,5.344114322165893,1
53,1,1,23.506905625131473,24.207781433148135,5.265524405663453,1
54,1,1,22.11712211277091,24.81317185264643,5.189212457755287,1
55,1,1,21.962389219119757,24.367692797372662,5.115080851215926,1
56,1,1,16.65864057963869,24.01158069782394,5.043037458945279,1
57,1,1,16.84881983904844,22.198653943984038,4.972995272015484,1
58,1,1,20.365005715255556,21.32482882090974,4.904872049111162,1
59,1,1,22.422236736467703,21.122145435912387,4.838589994393444,1
60,1,1,32.2409064417303,20.55261932156515,4.774075461134864,1
61,1,1,24.69756745951997,21.662167392200423,4.711258678751511,1
62,1,1,24.154246562118566,22.04745270537755,4.650073501105387,1
63,1,1,20.876310785402506,22.21787115411235,4.590457174168138,1
64,1,1,14.947624825026503,22.350013734200356,4.532350121330567,1
65,1,1,29.55834317591649,21.571897297827174,4.475695744813935,1
66,1,1,23.978007164081284,22.248371939931317,4.420440241791541,1
67,1,1,15.022877379600825,22.431609934927817,4.366532433964815,1
68,1,1,24.799527133868512,22.282904189469832,4.313923609459215,1
69,1,1,19.30312244288036,23.0056957617262,4.262567376013272,1
70,1,1,14.262935057573241,22.909160918783,4.2124195245307625,1
71,1,1,12.0226121766993,22.167406220701686,4.163437902152498,1
72,1,1,19.242376160385014,20.329379469335233,4.115582294081779,1
73,1,1,24.473540888127665,19.83345298759569,4.068814313467214,1
74,1,1,16.782732110880815,19.86247974450561,4.023097298709155,1
75,1,1,15.447634491675382,19.49033622864,3.978396217612387,1
76,1,1,16.853932912931054,19.53579165288081,3.934677577858405,1
77,1,1,19.36301699569278,18.380845265336678,3.8919093433164655,1
78,1,1,26.733542224517,17.961300704574086,3.850060855753923,1
79,1,1,15.927222962361395,19.02590659956647,3.809102761543775,1
80,1,1,16.735495974261706,18.21933349306582,3.7690069430012088,1
81,1,1,13.570421983789553,17.985912905009577,3.7297464540116128,1
82,1,1,16.738922550680666,17.922957171029243,3.691295459640359,1
83,1,1,12.453227474616593,18.351712659573,3.6536291794399474,1
84,1,1,15.466833462138563,17.734517324503145,3.616723834193079,1
85,1,1,14.8779735845439,16.915725740322316,3.580556595851148,1
86,1,1,15.680072326132876,16.742565874291692,3.5451055404466816,1
87,1,1,14.111043090811913,16.7636965865151,3.5103496037756354,1
88,1,1,14.137373806439626,16.514342966322452,3.476268539661309,1
89,1,1,14.724500627406584,16.039284494572165,3.442842880626104,1
90,1,1,13.910048524590959,14.947553440289399,3.410053900810617,1
91,1,1,13.402749553673058,14.764173945946634,3.377883580991649,1
92,1,1,14.438095005785481,14.461196998620391,3.346314575561821,1
93,1,1,13.82202443449475,14.540076364256384,3.315330181343656,1
94,1,1,18.463749540790296,14.27490380823948,3.2849143081203196,1
95,1,1,16.403781668596583,14.821314905164366,3.255051450773771,1
96,1,1,12.749243302427777,14.90649201484237,3.2257266629289623,1
97,1,1,15.920513261763706,14.71297108010454,3.1969255320099537,1
98,1,1,13.432123224140062,14.734829346980069,3.1686341556204853,1
99,1,1,16.94659359843457,14.673109359100811,3.140839119167674,1
100,1,1,13.208741871302854,14.92849297655489,3.1135274746531723,1
101,1,1,12.820468730253925,14.790696726000009,3.086686720561335,1
102,1,1,10.713359296232753,14.691644017423915,3.060304782778759,1
103,1,1,16.534042008089315,14.44715399402025,3.034369996484024,1
104,1,1,18.165647592267014,14.63769463059333,3.008871088950545,1
105,1,1,16.182373415613363,15.03256946311808,2.98379716320929,1
106,1,1,13.716793917215284,14.825171633556538,2.95913768252161,1
107,1,1,13.435210202290984,14.580900019794603,2.9348824556156954,1
108,1,1,12.790971093976001,14.643260647054895,2.9110216226432097,1
109,1,1,15.534999414805364,14.358756813619648,2.887545641815442,1
110,1,1,15.886274749386462,14.549927376407402,2.8644452766809185,1
111,1,1,12.637013508177107,14.453534753766666,2.8417115840088476,1
112,1,1,14.677498932511806,14.401559448027962,2.8193359022449984,1
113,1,1,13.065720584343993,14.570380375505954,2.7973098405087096,1
114,1,1,19.20905067644295,14.784231401697882,2.775625268101665,1
115,1,1,16.792638949557876,15.027414007911847,2.7542743045008833,1
116,1,1,14.511270751251647,14.902595040392834,2.733249309810037,1
117,1,1,15.537939068078234,14.750676616359954,2.712542875644809,1
118,1,1,14.601435892791553,14.916235266438404,2.6921478164294346,1
119,1,1,15.240151595870131,15.022255783756636,2.6720571610829467,1
120,1,1,18.29478489171325,15.244908556656101,2.6522641450749247,1
121,1,1,19.10794953810987,15.495798145465908,2.6327622028317266,1
122,1,1,15.372996673474429,15.788677671713492,2.6135449604752905,1
123,1,1,20.30015357165697,16.037403414013248,2.5946062288776437,1
124,1,1,17.02487796976205,16.54855383575372,2.5759399970152144,1
125,1,1,14.503172898347433,16.908477234428087,2.557540425607963,1
126,1,1,10.41409675550283,16.480670163692135,2.539401841029183,1
127,1,1,14.167495519431572,15.90080269150531,2.5215187294726396,1
128,1,1,14.022835598158537,15.869550397703488,2.503885731364439,1
129,1,1,11.042282042933767,15.731813718619879,2.486497636007742,1
130,1,1,16.045939124007607,15.408254277723712,2.4693493764490677,1
131,1,1,11.854246748692098,15.481507689372576,2.452436024555581,1
132,1,1,14.668990193724431,14.896004221825196,2.435752786293298,1
133,1,1,15.80926251778202,14.4924624632447,2.419294997196722,1
134,1,1,13.295524137874157,14.532122994545393,2.4030581180209047,1
135,1,1,14.162556790041199,13.895338500565138,2.387037730567432,1
136,1,1,14.300342243054677,13.635127484226876,2.371229533676257,1
137,1,1,15.505200373746709,13.616688333745715,2.3556293393757555,1
138,1,1,10.867024245332477,14.079515935404253,2.340233069183757,1
139,1,1,13.620171397574675,13.779473092304334,2.3250367505526937,1
140,1,1,12.605865718968348,13.742867255887619,2.3100365134523537,1
141,1,1,13.380050231520901,13.885011226436216,2.295228587084069,1
142,1,1,14.441658145085814,13.642657690755607,2.2806092967204767,1
143,1,1,15.082292766211145,13.877876908609585,2.2661750606652835,1
144,1,1,9.865804181349834,13.915449869744737,2.2519223873277663,1
145,1,1,19.248449660480013,13.375135475523631,2.2378478724069675,1
146,1,1,16.834450053651974,13.916310523033253,2.2239481961808374,1
147,1,1,13.579761837754933,14.159209910634234,2.2102201208957704,1
148,1,1,13.678454967049626,14.093702601061528,2.1966604882522383,1
149,1,1,13.72627012099936,13.927634836816338,2.1832662169824073,1
150,1,1,13.485993530137824,14.187566280058785,2.1700343005158476,1
151,1,1,13.814347909400908,14.175368292109981,2.1569618047296073,1
152,1,1,20.162479483988797,14.285230309422031,2.144045865779131,1
153,1,1,13.702395887654177,14.901814786919111,2.131283688006636,1
154,1,1,16.654722225847927,14.834609127152596,2.118672541923756,1
155,1,1,19.09310146672764,14.977557259846854,2.1062097622653813,1
156,1,1,14.867249657557148,15.81640246760847,2.0938927461117824,1
157,1,1,16.041135074335394,15.418111558251848,2.081718951076249,1
158,1,1,14.152399474262651,15.345992014677613,2.069685893555577,1
159,1,1,11.678066549943038,15.398049981632859,2.0577911470408896,1
160,1,1,15.435664849637032,15.216196489168624,2.0460323404863705,1
161,1,1,14.310917090019624,15.371596009953862,2.034407156733607,1
162,1,1,9.663252998871702,15.446589060852206,2.0229133309893492,1
163,1,1,14.049403589446147,15.069216796258646,2.0115486493545776,1
164,1,1,14.672870105772446,14.5134826240275,2.000310947402876,1
0,2,1,22.530517353547594,23.67990710353303,7.484394529479903,7
1,2,1,35.015173465681464,24.166478305643082,7.016619871387409,7
2,2,1,20.822347647414187,25.22922944644903,6.603877526011679,7
3,2,1,27.13533367082878,24.877032717238702,6.236995441233252,7
4,2,1,20.867408431753727,25.39552508816653,5.908732523273607,7
5,2,1,22.244469586121205,24.237549515059744,5.613295897109927,7
6,2,1,28.836195606320832,24.736726973093017,5.3459960924856444,7
7,2,1,15.65258890211173,25.484498454535082,5.102996270099934,7
8,2,1,36.879146053468126,24.859079600270796,4.88112686705211,7
9,2,1,32.204141463411126,25.078050970960646,4.677746580924939,7
10,2,1,36.11919520223521,26.090020642976857,4.490636717687941,7
11,2,1,25.600693866071452,27.11877430753582,4.31791992085379,7
12,2,1,31.82217027484315,27.3978812632198,4.157996960822168,7
13,2,1,33.60431572454745,27.107608245870868,4.009497069364234,7
14,2,1,28.572530169232614,28.269605343792076,3.8712385497309842,7
15,2,1,27.39196903051552,28.400259570919694,3.7421972647399513,7
16,2,1,24.058787874787374,28.9934014435344,3.6214812239418883,7
17,2,1,19.628754628943362,29.158339469776777,3.5083099356937044,7
18,2,1,18.413645731226634,28.321299380924277,3.4019975133999556,7
19,2,1,17.118976500771545,28.572304547207455,3.3019387630058397,7
20,2,1,17.580594726396267,26.775925496962312,3.2075976554913868,7
21,2,1,17.717856889314913,25.44651215723369,3.118497720616626,7
22,2,1,24.51388793440939,23.773663219695482,3.0342139984377985,7
23,2,1,13.334097202703365,23.674862680453476,2.9543662616368036,7
24,2,1,17.784504656956067,21.9941287648044,2.8786132805691933,7
25,2,1,14.84750899657655,20.555964122296093,2.8066479485549634,7
26,2,1,20.182805178974046,19.308234924781907,2.738193120541428,7
27,2,1,20.38505693347944,18.652856392823594,2.6729980462428222,7
28,2,1,18.15773082545954,18.318880852704687,2.6108353009813614,7
29,2,1,23.35121381184988,18.18515141602434,2.551498135049967,7
30,2,1,17.49277057193769,18.634021241535546,2.4947981764933007,7
31,2,1,16.928384779462256,18.66800252073247,2.440563433526055,7
32,2,1,19.690290260973907,18.60871070737483,2.388636551961671,7
33,2,1,20.103048244686747,18.788022832071103,2.3388732904624696,7
34,2,1,16.071629476267148,18.38703740573268,2.2911411824938477,7
35,2,1,14.959551609935065,18.63590397605666,2.2453183588439707,7
36,2,1,17.26540276114297,18.379090062691116,2.2012925086705595,7
37,2,1,21.987684365475793,18.598898586742607,2.158959960426895,7
38,2,1,15.860702141878733,18.762978512788223,2.118224866833935,7
39,2,1,17.9613652532027,18.351673531733613,2.078998480411084,7
40,2,1,12.88145270648296,18.3338221160739,2.0411985080399733,7
41,2,1,13.799075840434327,17.382025651949633,2.004748534682117,7
42,2,1,14.35868151849714,17.046235221812967,1.9695775077578692,7
43,2,1,13.456343803543996,16.812625834452504,1.9356192748654921,7
44,2,1,16.837437550239677,16.2459034292316,1.9028121685118398,7
45,2,1,18.228119009714423,15.949029729736411,1.8710986323699756,7
46,2,1,13.205701179288464,16.145074232777073,1.8404248842983368,7
47,2,1,13.004742044401121,15.98563328453647,1.8107406119709442,7
48,2,1,14.64543725659642,15.598300492105396,1.781998697495215,7
49,2,1,14.380064982932007,14.930823482207268,1.7541549678468522,7
50,2,1,16.08774611656044,14.796220104121202,1.727167968341516,7
51,2,1,14.7890238521398,14.625891091699176,1.7009987566999778,7
52,2,1,12.101994902636383,14.799306650395259,1.675610715555202,7
53,2,1,13.355442930652146,14.645026565140899,1.6509693815029198,7
54,2,1,18.240934615388063,14.55382305715499,1.6270422890173701,7
55,2,1,19.13664878516262,14.988785858231722,1.6037988277456934,7
56,2,1,17.18085479460276,15.197805061406536,1.5812101118619513,7
57,2,1,16.007430187225687,15.102599223669113,1.559248860308313,7
58,2,1,14.362641706351956,15.357301860754312,1.537889286879432,7
59,2,1,11.74390401406577,15.480747284568023,1.5171069992188992,7
60,2,1,12.059314987781713,15.216971535247056,1.4968789058959806,7
61,2,1,12.027638760558725,15.005994262960666,1.4771831308184018,7
62,2,1,13.922665109704866,14.636893594233237,1.4579989343142667,7
63,2,1,14.607091545742525,14.558133708557333,1.4393066402845967,7
64,2,1,12.918876690884044,14.78586976702153,1.4210875688885891,7
65,2,1,15.521080873839026,14.746181927042613,1.4033239742774817,7
66,2,1,12.053958658816008,14.4989224959927,1.3859989869407228,7
67,2,1,16.646919917880577,13.855041575415736,1.369096560270714,7
68,2,1,14.200063352391496,13.806502041168265,1.3526014209903439,7
69,2,1,12.41984213757652,13.642195965274244,1.3364990231214111,7
70,2,1,12.356624645349791,13.465577822658297,1.3207755052023358,7
71,2,1,13.044082452707155,13.52127969822957,1.3054176504906807,7
72,2,1,16.80356125265471,13.610804013222793,1.290412849910328,7
73,2,1,13.52613886051706,14.04497878523152,1.2757490675249834,7
74,2,1,12.700834292824377,14.008930944396264,1.2614148083393095,7
75,2,1,13.008842528378045,13.835634830494614,1.2473990882466504,7
76,2,1,12.167986044374768,13.84381354299407,1.2336914059582258,7
77,2,1,12.348175142227353,13.5389867403155,1.2202817167630275,7
78,2,1,15.86259282175838,13.565733693352895,1.2071604079806295,7
79,2,1,16.37622831047647,13.494431230069058,1.1943182759808355,7
80,2,1,14.650079437521075,13.692264408076785,1.1817465046547215,7
81,2,1,14.362007364709493,13.895013253526288,1.1694366452312348,7
82,2,1,12.901423232645243,14.07732077346808,1.157380597342253,7
83,2,1,12.526303498574693,14.06435175346245,1.1455705912469238,7
84,2,1,10.369799006042143,13.675510139455179,1.1339991711333186,7
85,2,1,12.046359422075412,13.388570152684734,1.1226591794219853,7
86,2,1,12.91590883111121,13.329072437162097,1.1115437420019658,7
87,2,1,13.58579735132318,13.320623919228751,1.1006462543352797,7
88,2,1,11.734979330457957,13.449515856224059,1.0899603683708596,7
89,2,1,10.488112787951167,13.39377078242684,1.0794799802134476,7
90,2,1,10.523308173866795,12.905181688444367,1.069199218497129,7
91,2,1,11.777958893385584,12.37309803966167,1.0591124334169675,7
92,2,1,10.30349090798224,12.111996172012988,1.0492141863756872,7
93,2,1,10.72013756046665,11.74304013049233,1.039499240205542,7
94,2,1,11.164454903331775,11.54474143302155,1.029962549928427,7
95,2,1,12.433698979151727,11.420937015272193,1.0205992540199866,7
96,2,1,13.896902391896692,11.608564285554882,1.0114046661459328,7
97,2,1,12.69741955545814,11.776795464629544,1.0023742673410585,7
98,2,1,8.440345599575245,11.756932803206537,0.9935036986035269,7
99,2,1,9.40198950796705,11.289164462138542,0.9847887538789346,7
100,2,1,8.948851324457276,11.077074478275733,0.9762253734104221,7
101,2,1,10.836218039326829,10.937141617958106,0.9678096374327461,7
102,2,1,11.074922352944641,10.965587969363563,0.9595377601897311,7
103,2,1,9.905365034239669,10.901675556596205,0.9514060842559199,7
104,2,1,13.575193692681207,10.86548229534688,0.9434110751445256,7
105,2,1,9.648197308638846,11.125032852820931,0.9355493161849878,7
106,2,1,10.188043071187952,10.987191253303392,0.9278175036545334,7
107,2,1,9.64816682798918,10.783040716215776,0.9202124421491684,7
108,2,1,10.415619825654977,10.396792028587821,0.9127310401804759,7
109,2,1,10.950549721943089,10.189355689514805,0.9053703059854721,7
110,2,1,11.292827593370811,10.41755606427552,0.8981273435375884,7
111,2,1,14.33844068859278,10.58945043567586,0.8909993487476074,7
112,2,1,9.19303870014096,11.079413105142727,0.883983605844083,7
113,2,1,10.357807233026817,10.930033165216738,0.8770774839234261,7
114,2,1,10.454917292636734,10.864840881587845,0.8702784336604538,7
115,2,1,12.462314882289318,10.91480017780576,0.863583984170758,7
116,2,1,10.293537150567964,10.813629376861043,0.8569917400167828,7
117,2,1,9.104135681887001,10.872296635218236,0.8504993783499889,7
118,2,1,9.405947915224619,10.773759599827239,0.8441046461819439,7
119,2,1,9.213132734280624,10.751739698666825,0.837805357777601,7
120,2,1,11.116329019699762,10.642422690360066,0.8315993921644337,7
121,2,1,9.771653139419666,10.657493535610671,0.8254846907514599,7
122,2,1,8.87169770118808,10.51920494888784,0.8194592550525441,7
123,2,1,10.925756868880395,10.022228313669233,0.8135211445086851,7
124,2,1,9.654112697609744,10.179748147190999,0.807668474404306,7
125,2,1,10.249982154513155,10.115775916698537,0.8018994138728467,7
126,2,1,10.141812084776188,10.097145449596395,0.7962121839872237,7
127,2,1,9.414028087009928,9.886190649822474,0.7906050559309756,7
128,2,1,8.57686446761131,9.806235280408107,0.7850763492461437,7
129,2,1,8.481845230981197,9.75830153365577,0.7796244301541565,7
130,2,1,10.958220805636149,9.674292198724551,0.7742477099461968,7
131,2,1,8.510550698439301,9.832936568847778,0.768944643439716,7
132,2,1,9.028986030139894,9.596047630551373,0.7637137274979493,7
133,2,1,9.966765182183558,9.528532438798667,0.7585534996094496,7
134,2,1,8.507655907313515,9.628084027980073,0.7534625365248224,7
135,2,1,10.161423728098748,9.40825666783763,0.7484394529479903,7
136,2,1,8.042737690347,9.454375852427539,0.7434829002794605,7
137,2,1,8.999687857569455,9.253717264776073,0.7385915654092009,7
138,2,1,9.510853196957889,9.14988778957546,0.7337641695568532,7
139,2,1,7.10182316917088,9.158690072298002,0.7289994671571334,7
140,2,1,9.304840577535213,9.02459540880342,0.7242962447883777,7
141,2,1,7.208850128634,9.099413167581055,0.7196533201422983,7
142,2,1,6.737274307357673,8.758561287853587,0.7150695410331117,7
143,2,1,7.382663614284931,8.597354343209803,0.7105437844442946,7
144,2,1,10.39181909370758,8.44768866904117,0.7060749556113116,7
145,2,1,8.230917164474112,8.486329933725171,0.7016619871387408,7
146,2,1,8.316033402115282,8.461171866194318,0.6973038381503015,7
147,2,1,10.094573092434095,8.293409109286728,0.6929994934703614,7
148,2,1,8.035028427077016,8.479939600385554,0.6887479628355738,7
149,2,1,9.890790101488056,8.392243288522605,0.684548280135357,7
150,2,1,8.525465554967138,8.426783007116258,0.6803995026799912,7
151,2,1,7.990171228988897,8.556205042188644,0.6763007104951719,7
152,2,1,9.696409897698688,8.436689646866254,0.6722510056419074,7
153,2,1,7.22674145323369,8.662831444053952,0.6682495115607056,7
154,2,1,11.277701414476907,8.707328457315407,0.6642953724390446,7
155,2,1,9.371878640714748,9.061422802787407,0.6603877526011679,7
156,2,1,9.695085567544554,8.968700943424421,0.6565258359192897,7
157,2,1,8.552632968039875,9.101807161885368,0.6527088252453404,7
158,2,1,6.318392121765116,9.12331621333306,0.6489359418624193,7
159,2,1,8.987648713290337,8.780027034181334,0.645206424955164,7
160,2,1,10.419938105876529,8.866628878382546,0.6415195310982774,7
161,2,1,9.171384761441521,8.914733242417862,0.6378745337624917,7
162,2,1,8.937588638300118,8.97345317027917,0.6342707228372799,7
163,2,1,9.5463528165929,9.059582025671098,0.6307074041696548,7
164,2,1,9.248235379468326,9.045940472843299,0.6271838991184276,7
0,2,1,20.606365879635387,18.612038155625964,11.843967928650894,3
1,2,1,19.17507823223267,18.468543277933318,11.103719933110213,3
2,2,1,24.000906398900558,18.886752366651255,10.450559937044906,3
3,2,1,26.7882184930859,19.855716044811007,9.869973273875745,3
4,2,1,16.722225647834808,20.480590453734266,9.350500996303337,3
5,2,1,17.47724530424074,19.796210853066427,8.88297594648817,3
6,2,1,23.94174542056201,19.26610095377814,8.459977091893496,3
7,2,1,22.637293707169974,20.30244054553526,8.07543267862561,3
8,2,1,18.267581290823948,19.971502487365683,7.724326909989713,3
9,2,1,25.237616054738957,20.205515118511517,7.402479955406808,3
10,2,1,23.484225096197488,20.896407985594763,7.106380757190537,3
11,2,1,18.548908930859476,21.667136502311134,6.833058420375516,3
12,2,1,29.49782716815189,21.48009496151332,6.57998218258383,3
13,2,1,20.92015201289386,22.41852668296053,6.344982818920122,3
14,2,1,27.69439276284628,22.13845810241446,6.126190307922876,3
15,2,1,16.367232058071913,22.220837581483586,5.921983964325447,3
16,2,1,23.89607490034881,22.18856543695969,5.730952223540755,3
17,2,1,22.107940265689283,22.772095400242243,5.5518599665551065,3
18,2,1,20.196919447656974,22.605385840708355,5.383621785750407,3
19,2,1,27.48299681083187,22.383533635298082,5.225279968522453,3
20,2,1,21.18288312850735,23.22129868257153,5.0759862551360975,3
21,2,1,22.751760506554763,22.852686598368653,4.9349866369378725,3
22,2,1,20.939356805222882,22.786098908401133,4.801608619723336,3
23,2,1,17.759734729296937,23.00341235152508,4.6752504981516685,3
24,2,1,15.537549917435026,21.936313038901904,4.555372280250344,3
25,2,1,20.219017392305858,21.446985575678372,4.441487973244085,3
26,2,1,17.35258618389442,20.767405996538333,4.333158998286913,3
27,2,1,17.97228407121547,20.856983644340378,4.229988545946748,3
28,2,1,20.4578635125312,20.318457205328254,4.131616719296823,3
29,2,1,17.076997454116977,20.16845022776843,4.037716339312805,3
30,2,1,16.191048763603792,19.884820955628435,3.947989309550298,3
31,2,1,17.97475022956312,18.858280224062245,3.8621634549948567,3
32,2,1,15.02216409158677,18.566631778703677,3.779989764463051,3
33,2,1,17.994109232541582,17.86394119552477,3.701239977703404,3
34,2,1,10.772715016580907,17.596191416190106,3.625704467954355,3
35,2,1,13.272427724314218,16.961007805943193,3.5531903785952683,3
36,2,1,16.69001252771009,16.755087606568573,3.483519979014969,3
37,2,1,23.060809800659463,16.43426898251441,3.416529210187758,3
38,2,1,15.051545555997214,16.953198402220327,3.3520663949011964,3
39,2,1,15.425073635764344,16.687676719018665,3.289991091291915,3
40,2,1,17.28654873267913,16.230150366585317,3.2301730714502437,3
41,2,1,17.60189880448916,16.24920048281824,3.172491409460061,3
42,2,1,15.027131387341603,16.37745957744418,3.116833665434446,3
43,2,1,13.065029882891164,16.109494228151316,3.063095153961438,3
44,2,1,16.563845830116318,15.931572936451715,3.0111782869451424,3
45,2,1,17.680856497866284,15.801548990776693,2.9609919821627235,3
46,2,1,15.221435811557788,16.42956185271173,2.9124511299961213,3
47,2,1,15.811051450444912,16.606744406097505,2.8654761117703775,3
48,2,1,15.55576168875884,16.526838853618855,2.8199923639644986,3
49,2,1,18.45620059858434,15.84456175253698,2.7759299832775532,3
50,2,1,14.969985435354976,16.15407584731763,2.733223368150206,3
51,2,1,13.285029181037704,16.112704192734956,2.6918108928752034,3
52,2,1,16.15397865092595,15.74892968804028,2.6516346108919913,3
53,2,1,12.97668291403048,15.617300583170897,2.6126399842612265,3
54,2,1,16.585310609020844,15.43089617650625,2.574775636663238,3
55,2,1,14.25023468909994,15.75092169706349,2.5379931275680487,3
56,2,1,16.77727739892167,15.540593411516552,2.5022467454896256,3
57,2,1,18.75961662381618,15.45844985706704,2.4674933184689363,3
58,2,1,20.447194822555524,15.780102658181438,2.4336920401337454,3
59,2,1,15.078357378911985,16.201570237464225,2.400804309861668,3
60,2,1,14.467446943589048,16.158169845659963,2.3687935857301787,3
61,2,1,13.832781010735726,15.795555877024027,2.3376252490758342,3
62,2,1,13.751702857626503,15.692173656604096,2.307266479607317,3
63,2,1,13.222456929272974,15.734598536293985,2.277686140125172,3
64,2,1,16.610411327134862,15.468096561598259,2.248854669997005,3
65,2,1,17.12955255335229,15.798435508244115,2.2207439866220424,3
66,2,1,12.369267346624628,15.847912048637882,2.19332739419461,3
67,2,1,15.201067671402598,15.676915017503763,2.1665794991434564,3
68,2,1,11.395722526917291,15.53362322409294,2.1404761316838963,3
69,2,1,12.321083844078359,14.864178306193038,2.114994272973374,3
70,2,1,15.405272595469194,14.125440944513297,2.090111987408981,3
71,2,1,12.9311079573889,14.155160509654861,2.0658083596484116,3
72,2,1,14.518458165701784,14.015493329091212,2.042063435974292,3
73,2,1,12.764832982971155,14.077827615906308,2.0188581696564025,3
74,2,1,12.809238306196752,13.988112172755821,1.9961743699973418,3
75,2,1,14.31813253237002,13.950546843385258,1.973994654775149,3
76,2,1,15.694473099969636,13.742157862043,1.9523024058215759,3
77,2,1,15.821033565878679,13.611696093553666,1.9310817274974283,3
78,2,1,12.096333927650615,13.925493022576761,1.9103174078469183,3
79,2,1,14.808253727561782,13.64324450041749,1.8899948822315256,3
80,2,1,10.219316939963523,13.953474609566989,1.8701001992606674,3
81,2,1,14.888741702767742,13.762404891011096,1.850619988851702,3
82,2,1,18.779279908703792,13.715447537129144,1.831541432265602,3
83,2,1,12.862820206659231,14.247099532703224,1.8128522339771775,3
84,2,1,16.85276826465666,14.096586990972083,1.7945405952501354,3
85,2,1,16.901893909302633,14.468217471125312,1.7765951892976342,3
86,2,1,11.247606792012107,14.840277071407666,1.7590051379184495,3
87,2,1,11.508461503305984,14.561138367738765,1.7417599895074845,3
88,2,1,13.451331831115173,14.180591858951159,1.7248496983472175,3
89,2,1,12.95105548462901,13.965164428518113,1.708264605093879,3
90,2,1,13.101560045727737,14.042866388243423,1.6919954183786992,3
91,2,1,13.615323827768943,13.887712417167599,1.6760331974505982,3
92,2,1,13.939983336430837,14.196440316059004,1.6603693357921814,3
93,2,1,11.797370644207392,14.110189555482917,1.6449955456459575,3
94,2,1,11.293404296667187,13.475470531437793,1.6299038433923247,3
95,2,1,9.027850025124023,13.33279635780215,1.6150865357251218,3
96,2,1,15.763938154919009,12.621440154208274,1.600536206574445,3
97,2,1,14.313910308539779,12.517989631082491,1.5862457047300305,3
98,2,1,14.788611386978129,12.796744496221372,1.5722081321218,3
99,2,1,15.04761836293622,13.094939940191564,1.558416832717223,3
100,2,1,13.231823545421127,13.240056897629842,1.5448653819979428,3
101,2,1,15.761179922627417,13.265581266792763,1.531547576980719,3
102,2,1,14.17182411437138,13.507364891965459,1.5184574267501145,3
103,2,1,13.370910321380919,13.557955827111137,1.5055891434725712,3
104,2,1,14.229076487972515,13.506221916652056,1.492937133863558,3
105,2,1,10.626665749531321,13.727286084267064,1.4804959910813618,3
106,2,1,12.887918355790893,13.666673489072894,1.4682604870228382,3
107,2,1,11.200052684095569,14.01758879186079,1.4562255649980607,3
108,2,1,13.274249858022111,13.602690112695024,1.444386332762304,3
109,2,1,9.719957806026946,13.508175526284328,1.4327380558851888,3
110,2,1,15.712438912921623,13.047388837106949,1.4212761514381074,3
111,2,1,12.741470446431878,13.107827068923802,1.4099961819822493,3
112,2,1,11.233736076611974,13.063249514470233,1.3988938498406567,3
113,2,1,12.825137029764539,12.65166371028701,1.3879649916387766,3
114,2,1,10.008096912233421,12.52923761168639,1.3772055730989412,3
115,2,1,10.268399801975326,12.223527301763887,1.366611684075103,3
116,2,1,17.514922102960305,11.863465784855055,1.3561795338149878,3
117,2,1,11.228172397655827,12.489670907894054,1.3459054464376017,3
118,2,1,14.628170221655527,12.338784911699957,1.3357858566147625,3
119,2,1,12.339688266629306,12.650431960569044,1.3258173054459956,3
120,2,1,14.12183960737398,12.565471815896968,1.315996436516766,3
121,2,1,12.572061551728059,12.965642888746698,1.3063199921306132,3
122,2,1,11.324306601969987,12.680154037729103,1.2967848097063022,3
123,2,1,9.379268751379824,12.55132096095984,1.287387818331619,3
124,2,1,10.81846344713171,12.382733022302373,1.2781260354659238,3
125,2,1,11.42123513694765,12.200308151153935,1.2689965637840244,3
126,2,1,10.379238491483228,12.328775262491591,1.2599965881543504,3
127,2,1,8.691889656709066,12.338851506992311,1.2511233727448128,3
128,2,1,13.317206513305516,11.536757648242196,1.2423742582500938,3
129,2,1,15.154771798535151,11.726669840573987,1.2337466592344681,3
130,2,1,11.468579621941284,11.774542711199409,1.2252380615845753,3
131,2,1,15.65996489342113,11.695351016227768,1.2168460200668727,3
132,2,1,10.67525313355988,11.835180587686601,1.2085681559847852,3
133,2,1,10.529857857620849,11.662743458762224,1.200402154930834,3
134,2,1,10.265194772369968,11.590520845639572,1.1923457646292845,3
135,2,1,11.930671999155603,11.671059574820497,1.1843967928650894,3
136,2,1,14.543023154180181,11.772169443186302,1.176553105495122,3
137,2,1,13.942008484945598,12.055968353843808,1.1688126245379171,3
138,2,1,10.442202007445655,12.379856535067658,1.1611733263383228,3
139,2,1,12.258091292036843,12.538975839680074,1.1536332398036584,3
140,2,1,13.584916663428913,12.442692637746559,1.146190444708151,3
141,2,1,14.086526853631478,12.299978534555082,1.138843070062586,3
142,2,1,11.716291675556768,12.537973737436007,1.1315892925462638,3
143,2,1,13.270082120636577,12.179457990357433,1.1244273349985026,3
144,2,1,17.5450387117237,12.41535153463713,1.1173554649670654,3
145,2,1,15.9116275495517,13.05309524864648,1.1103719933110212,3
146,2,1,13.763180768766784,13.566407319299362,1.1034752728556734,3
147,2,1,14.687769741036263,13.732999025627652,1.096663697097305,3
148,2,1,14.336152140664018,13.746157806250933,1.0899356989556037,3
149,2,1,13.336962065446789,13.781989047679879,1.0832897495717282,3
150,2,1,11.512178987699281,14.045149052952711,1.0767243571500813,3
151,2,1,13.285285249879578,13.977338843467477,1.0702380658419481,3
152,2,1,9.902539787535186,13.950099624053905,1.063829454669242,3
153,2,1,11.966868148392328,13.569737163499694,1.057497136486687,3
154,2,1,11.367979532732264,13.592516842848381,1.0512397569808485,3
155,2,1,12.973672244229055,13.41959842576617,1.0450559937044905,3
156,2,1,9.938361737918015,13.00401965599393,1.0389445551448153,3
157,2,1,12.707051463055745,12.460995491299958,1.0329041798242058,3
158,2,1,13.122250605748686,12.364983736235319,1.0269336354321583,3
159,2,1,12.504336501304653,12.22266381484554,1.021031717987146,3
160,2,1,11.861430037433584,12.056135120358327,1.0151972510272196,3
161,2,1,11.801496779858107,11.921995845084398,1.0094290848282013,3
162,2,1,12.55050528263824,11.948297462553382,1.003726095648381,3
163,2,1,9.270079264561145,11.881499283713259,0.9980871849986709,3
164,2,1,11.072830395386806,11.824002872533804,0.9925112789372258,3
0,1,2,21.036994647811618,19.537765613541975,13.647929335204408,1
1,1,2,26.352097176609714,19.64018267297467,12.794933751754133,1
2,1,2,22.720160903955616,20.303851050708417,12.042290589886242,1
3,1,2,22.76565704973799,20.389303134850724,11.373274446003673,1
4,1,2,18.86666399107158,20.87514474345195,10.774681054108743,1
5,1,2,19.79170578943073,20.99281222742744,10.235947001403307,1
6,1,2,20.78437105057703,21.083462534163605,9.748520953717435,1
7,1,2,37.348900016712015,20.811418244640972,9.305406364912097,1
8,1,2,21.903640197511685,22.756397388732765,8.900823479481137,1
9,1,2,27.896706632596526,23.158567496311043,8.529955834502756,1
10,1,2,17.05909169103979,24.135725566382845,8.188757601122646,1
11,1,2,25.140690793185072,23.32054446791403,7.873805385694851,1
12,1,2,28.18646148685758,23.693607753857066,7.582182964002449,1
13,1,2,26.022689116782136,23.860368145697784,7.311390715288076,1
14,1,2,22.623048350385435,24.16059798322747,7.059273794071246,1
15,1,2,35.14657524473319,24.1476335560136,6.823964667602204,1
16,1,2,16.92475577135662,25.627625488164654,6.603836775098907,1
17,1,2,20.611848814349763,25.36699366833973,6.3974668758770665,1
18,1,2,24.94954472270603,25.351309828682705,6.203604243274731,1
19,1,2,19.061999801324983,24.224095711045802,6.021145294943121,1
20,1,2,18.489086796993238,23.96576476593792,5.849112572230461,1
21,1,2,27.57286869682229,23.110526599064897,5.686637223001837,1
22,1,2,24.57298511763191,24.066324508681486,5.532944325082869,1
23,1,2,26.824790690871986,24.01471490181302,5.387340527054372,1
24,1,2,32.900583670271786,23.890926647632508,5.249203590463234,1
25,1,2,18.47390795142289,24.516189788858842,5.117973500701654,1
26,1,2,18.040722142200366,24.138995207134975,4.99314487873332,1
27,1,2,15.8006736266537,22.583917652359258,4.874260476858717,1
28,1,2,12.414672817188734,22.481728366477174,4.76090558204805,1
29,1,2,15.247240378833663,21.736530548553446,4.652703182456048,1
30,1,2,14.080451048815178,20.854502880928685,4.5493097784014696,1
31,1,2,18.13012254181071,20.4016348125187,4.450411739740568,1
32,1,2,29.181583239787347,20.369001698411203,4.355722128256726,1
33,1,2,26.691339610975,20.51524847504439,4.264977917251378,1
34,1,2,21.72176253867302,20.7078261562574,4.177937551593186,1
35,1,2,18.16983098049098,20.243914506057493,4.094378800561323,1
36,1,2,21.451303147555567,18.904755170622874,4.014096863295414,1
37,1,2,17.052917460946297,19.175427461180387,3.9369026928474256,1
38,1,2,20.389201832608386,19.085627035611836,3.8626215099635117,1
39,1,2,18.20852531086063,19.502765963425897,3.7910914820012245,1
40,1,2,10.270040223064404,20.02947982648698,3.7221625459648386,1
41,1,2,16.434164883392704,19.57700708505341,3.655695357644038,1
42,1,2,16.08581852374869,19.790981070015004,3.5915603513695813,1
43,1,2,15.048588038093976,19.605135250191186,3.529636897035623,1
44,1,2,20.404013128100036,18.320317504582697,3.4698125428485787,1
45,1,2,17.981681698231803,17.748742369775883,3.411982333801102,1
46,1,2,17.107294110889,17.40873502064486,3.356048197181412,1
47,1,2,17.228202333034695,17.312140759771953,3.3019183875494535,1
48,1,2,14.713950645737373,16.928222503906422,3.2495069845724784,1
49,1,2,14.603467736736041,16.715589157069246,3.1987334379385333,1
50,1,2,12.491441545984344,16.18961333017176,3.1495221542779404,1
51,1,2,16.508738510467705,15.669878442455733,3.1018021216373657,1
52,1,2,20.213978932045936,16.23703283221967,3.0555065675830764,1
53,1,2,12.247096841796473,16.580652291188144,3.0105726474715606,1
54,1,2,14.573511802888655,16.23167759282885,2.966941159827045,1
55,1,2,16.238353009017594,16.18848884417382,2.9245562861152306,1
56,1,2,13.924056402247539,15.809792469711782,2.8833653525079734,1
57,1,2,15.142451354945138,15.440917442804125,2.8433186115009184,1
58,1,2,13.875415402116976,15.262295374081956,2.804369041480358,1
59,1,2,14.014573257829568,14.957496562180342,2.7664721625414344,1
60,1,2,12.37214210691694,14.893916799643272,2.729585867040882,1
61,1,2,12.119906730469584,14.691069015114264,2.693670263527186,1
62,1,2,15.242403923779733,14.657293122794739,2.658687532832028,1
63,1,2,13.179014595398332,14.542171796732193,2.624601795231617,1
64,1,2,16.577789113408915,13.902629584309686,2.5913789876970394,1
65,1,2,14.557777832023032,14.296328881728998,2.558986750350827,1
66,1,2,11.481913067088842,14.294898520741214,2.5273943213341497,1
67,1,2,14.441672404732369,13.86249488965678,2.49657243936666,1
68,1,2,13.007617871840495,13.909550889882677,2.4664932533501944,1
69,1,2,11.399996500514623,13.715475118691343,2.4371302384293587,1
70,1,2,13.476302482202318,13.490437036727492,2.4084581179772484,1
71,1,2,12.428525456086103,13.441503329852289,2.380452791024025,1
72,1,2,14.59844373171624,13.446629088867669,2.3530912646904154,1
73,1,2,14.726691228960528,13.671950634435545,2.326351591228024,1
74,1,2,14.34886184903504,13.625067662179253,2.3002128093041136,1
75,1,2,14.00064099447527,13.731417412509865,2.2746548892007348,1
76,1,2,15.073022512250684,13.497131219879533,2.2496586816271003,1
77,1,2,12.094371907492462,13.543971645354775,2.225205869870284,1
78,1,2,13.552024806503496,13.599649721755105,2.201278925032969,1
79,1,2,17.012736358414394,13.518772667370662,2.177861064128363,1
80,1,2,12.411326637266823,13.882874347968288,2.1549362108217487,1
81,1,2,13.988048316869088,13.974813451309398,2.132488958625689,1
82,1,2,16.8549184155271,14.021335799915466,2.1105045363718156,1
83,1,2,17.06907823966461,14.423735159864647,2.088968775796593,1
84,1,2,11.711246671120382,14.648338296950863,2.0678680810915773,1
85,1,2,14.006879079368705,14.37420697351085,2.0471894002806614,1
86,1,2,15.208154005908733,14.343117630813909,2.0269201982976845,1
87,1,2,17.15976257604238,14.452891540944224,2.007048431647707,1
88,1,2,16.476962523656237,14.642595183107106,1.9875625245443314,1
89,1,2,14.282069877456479,15.041012511849265,1.9684513464237128,1
90,1,2,14.840025819726776,15.107380245572266,1.9497041907434869,1
91,1,2,11.620889025906624,14.909861105691574,1.9313107549817559,1
92,1,2,16.972716454373476,14.838003141022465,1.9132611217576274,1
93,1,2,18.416504850691364,15.10933660806832,1.8955457410006122,1
94,1,2,17.06144002352837,15.25129901126507,1.8781554131015241,1
95,1,2,10.785325685508777,15.250604627979955,1.8610812729824193,1
96,1,2,10.739008061398623,15.166429992924357,1.8443147750276228,1
97,1,2,13.576699658749273,14.86935080947253,1.827847678822019,1
98,1,2,14.703343153795085,14.721036777912582,1.811672035646603,1
99,1,2,11.022134427280399,14.497725921344646,1.7957801756847906,1
100,1,2,12.472458368793326,14.00183245803775,1.7801646958962272,1
101,1,2,18.138466028221863,13.837322320886555,1.7648184485178116,1
102,1,2,17.808274990251434,14.137180521658836,1.7497345301544114,1
103,1,2,13.851797618085282,14.69967015478109,1.7349062714242893,1
104,1,2,21.386863873537997,14.415950260573071,1.7203272271266061,1
105,1,2,13.531806472318442,14.685982899013679,1.705991166900551,1
106,1,2,15.584222218909105,14.365107121630956,1.691892066347654,1
107,1,2,16.194123313486323,14.801370442849167,1.678024098590706,1
108,1,2,16.830276283204558,15.297290011220776,1.66438162624444,1
109,1,2,17.64520754213984,15.593069704353075,1.6509591937747268,1
110,1,2,12.367615791739142,15.860511921475325,1.637751520224529,1
111,1,2,15.77956320568553,15.982828409153393,1.6247534922862392,1
112,1,2,14.860610794582778,16.28347430341632,1.611960157701308,1
113,1,2,11.428793724812985,15.985487463994582,1.5993667189692666,1
114,1,2,15.338820655693993,15.405534621681996,1.58696852734935,1
115,1,2,14.701678301163671,15.54071853419188,1.5747610771389702,1
116,1,2,14.422238906664427,14.932974391248763,1.5627400002142453,1
117,1,2,16.640187366279427,15.013922794371124,1.5509010608186828,1
118,1,2,14.343103320860546,15.109919625950248,1.5392401505869633,1
119,1,2,18.127821872757924,14.941645081166081,1.5277532837915382,1
120,1,2,14.392843794152995,15.059603771125477,1.51643659280049,1
121,1,2,16.22166306602455,14.763934339490307,1.5052863237357803,1
122,1,2,15.798793372754503,15.11430227351626,1.4942988323216506,1
123,1,2,19.425460193100175,15.116050470522525,1.4834705799135226,1
124,1,2,14.874683763556291,15.531036779478656,1.4727981296983175,1
125,1,2,16.37852342725217,15.8442995102735,1.4622781430576153,1
126,1,2,20.79685346157538,15.938817944051515,1.4519073760855754,1
127,1,2,14.306362756922425,16.492924776816213,1.4416826762539867,1
128,1,2,15.600990163583834,16.482390581385125,1.4316009792172457,1
129,1,2,13.153195318917444,16.3879181084128,1.4216593057504592,1
130,1,2,12.808113468094325,16.279744653690702,1.4118547588142492,1
131,1,2,13.735765698231607,15.796134798721283,1.402184520740179,1
132,1,2,15.47204031309881,15.736400426364792,1.3926458505310622,1
133,1,2,13.336775742453934,15.66825290337154,1.3832360812707172,1
134,1,2,14.804078380849617,15.444433118798763,1.3739526176380277,1
135,1,2,13.398290111462265,15.024307499503255,1.364792933520441,1
136,1,2,13.83296110503127,14.890089894767437,1.3557545697222921,1
137,1,2,13.790759961591311,14.658675138201902,1.346835131763593,1
138,1,2,14.60180122647175,14.021757547294259,1.338032287765138,1
139,1,2,19.74988089757226,14.048615589980562,1.329343766416014,1
140,1,2,13.264509560207397,14.425787474888601,1.3207673550197814,1
141,1,2,11.128993780336177,14.435906951369503,1.3123008976158086,1
142,1,2,15.45122900898131,14.283259707027854,1.3039422931723956,1
143,1,2,14.252654425510098,14.439210917096007,1.2956894938485197,1
144,1,2,12.916913464968076,14.328357654587943,1.2875405033211706,1
145,1,2,13.333535951092973,14.290188356634685,1.2794933751754134,1
146,1,2,15.323012964805145,14.156502681202262,1.271546211354448,1
147,1,2,10.844215762906426,14.331477486051615,1.2636971606670748,1
148,1,2,12.409815360471061,14.059773364040268,1.2559444173500989,1
149,1,2,13.375225834694584,13.934232945756607,1.24828621968333,1
150,1,2,14.032756666687385,13.822726091958684,1.2407208486549461,1
151,1,2,14.475494503684533,13.302987525514602,1.2332466266750972,1
152,1,2,13.779246089764154,13.413077065830707,1.2258619163357254,1
153,1,2,14.134074275586624,13.654009093960523,1.2185651192146794,1
154,1,2,15.2260375059714,13.534267754561006,1.2113546747222848,1
155,1,2,16.424443608532624,13.622757125512033,1.2042290589886242,1
156,1,2,18.966108339153347,13.941623502199718,1.1971867837898604,1
157,1,2,11.20035279988824,14.453675537477936,1.1902263955120125,1
158,1,2,14.081986276614348,14.078888249758217,1.1833464741506712,1
159,1,2,12.818874458051287,14.373231023731664,1.1765456323452077,1
160,1,2,14.449954673876453,14.410418214420776,1.169822514446092,1
161,1,2,12.79274405422028,14.508120836164581,1.163175795614012,1
162,1,2,12.914522224500416,14.395392416849392,1.1566041809495262,1
163,1,2,13.260308696639992,14.253485846014472,1.1501064046520568,1
164,1,2,12.75317454347755,14.206309719366818,1.1436812292070733,1
0,1,2,15.668800714302819,14.401293358718487,18.888007706621757,5
1,1,2,17.14256037987785,14.643175161885694,17.707507224957897,5
2,1,2,15.41169570898666,14.819131994362346,16.66588915290155,5
3,1,2,20.050230861033448,14.929209451790046,15.740006422184798,5
4,1,2,13.216145516766494,15.329702633339652,14.911585031543492,5
5,1,2,19.999732487316518,15.707646730729094,14.166005779966317,5
6,1,2,16.77378218862314,16.404918551104757,13.491434076158399,5
7,1,2,13.078732587501525,16.61890225012073,12.878187072696653,5
8,1,2,17.123390785249995,16.121766663971762,12.318265895622885,5
9,1,2,21.233352732375263,16.43732353279971,11.805004816638599,5
10,1,2,18.547299607720124,16.915102791355324,11.332804623973054,5
11,1,2,15.01890837070574,17.11324759725035,10.896927523051014,5
12,1,2,17.40233859806727,17.05416647510516,10.493337614789866,5
13,1,2,19.088778105683982,17.077782676758744,10.118575557118799,5
14,1,2,17.284964556510225,17.412062894640318,9.769659158597461,5
15,1,2,17.824508686163302,17.160675048774575,9.444003853310878,5
16,1,2,13.896010981893188,17.579617155083373,9.139358567720205,5
17,1,2,15.814610206129933,17.024733381863072,8.853753612478949,5
18,1,2,17.045429335242602,16.937535928909146,8.585458048464435,5
19,1,2,17.45065226552499,17.298144724158334,8.332944576450775,5
20,1,2,14.671335771756716,17.32789576781969,8.094860445695039,5
21,1,2,19.72848089319409,16.731348771399826,7.870003211092399,5
22,1,2,17.672054093375845,16.838728888261095,7.657300421603415,5
23,1,2,14.351240796551158,17.079923953958374,7.455792515771746,5
24,1,2,18.209179816533815,16.802551426547822,7.264618348700676,5
25,1,2,19.03218911215273,16.722587945715986,7.083002889983159,5
26,1,2,17.49404870993382,16.88142654168349,6.910246721934789,5
27,1,2,17.24411760745616,16.851384725662626,6.745717038079199,5
28,1,2,17.37872790100592,17.15575805525926,6.588839897658753,5
29,1,2,14.603242238435062,17.29795057297526,6.439093536348326,5
30,1,2,15.093825278875297,17.075933564174576,6.296002568873919,5
31,1,2,17.819676262860437,16.861676565388237,6.159132947811442,5
32,1,2,20.574121174555337,17.14788933730676,6.028087565943114,5
33,1,2,16.60350164908107,17.224765726521415,5.902502408319299,5
34,1,2,14.07224203292659,17.12762459522189,5.782043175496456,5
35,1,2,15.369050307368084,17.10226107125602,5.666402311986527,5
36,1,2,17.300235256213504,16.844067479513683,5.555296384300517,5
37,1,2,14.058716298150534,16.686617128973754,5.448463761525507,5
38,1,2,19.01864283228464,16.374314182448,5.345662558477856,5
39,1,2,10.775950152048663,16.53563465743241,5.246668807394933,5
40,1,2,14.975351346658854,15.93538213479993,5.151274829078661,5
41,1,2,18.610479775345006,15.969210235547543,5.0592877785593995,5
42,1,2,18.350961913290103,16.288906098862974,4.970528343847831,5
43,1,2,14.482780129625649,16.33720479435658,4.884829579298731,5
44,1,2,20.83442486499265,15.78344651754479,4.802035857615701,5
45,1,2,15.227695280427238,16.16807590080948,4.722001926655439,5
46,1,2,17.303117008982987,16.27311710512772,4.64459205900535,5
47,1,2,18.2598096147075,16.448941350729076,4.569679283860102,5
48,1,2,18.02884114468184,16.53617538331944,4.4971446920527995,5
49,1,2,15.033302119972225,16.897095823913194,4.426876806239474,5
50,1,2,17.424884041803686,16.534792122793885,4.358771009220406,5
51,1,2,14.894363630875764,17.13924065822616,4.292729024232218,5
52,1,2,15.395402220311507,17.13187813860952,4.228658441780991,5
53,1,2,12.98421289161746,16.839598360879197,4.166472288225387,5
54,1,2,16.46552702071139,16.35171208618168,4.106088631874295,5
55,1,2,18.10940297146115,16.531961803553113,4.047430222847519,5
56,1,2,15.318751646046945,16.284232540504796,3.9904241633707938,5
57,1,2,17.955123240744953,16.29251039192477,3.9350016055461996,5
58,1,2,12.690618699128324,16.35178368572131,3.881097473963375,5
59,1,2,21.46199747190291,15.84549360248684,3.8286502108017073,5
60,1,2,19.06400623367739,16.157598723143302,3.7776015413243513,5
61,1,2,12.548266830885568,16.52402636984377,3.727896257885873,5
62,1,2,15.80106883514101,16.08069753248758,3.679482020770472,5
63,1,2,23.711124159367177,16.163125278329872,3.632309174350338,5
64,1,2,19.51783825940486,16.91910000006221,3.5863305772066627,5
65,1,2,14.85192844706234,17.513065942588337,3.5415014449915794,5
66,1,2,13.473424412999595,17.366375163165696,3.497779204929955,5
67,1,2,16.463246715435112,16.94492256694192,3.4551233609673946,5
68,1,2,13.99121444746066,17.04896757324993,3.4134953686665828,5
69,1,2,15.670429943021094,16.688612228405905,3.3728585190395997,5
70,1,2,12.723336962181946,16.959504159668885,3.33317783058031,5
71,1,2,16.5554356202934,16.165080476966978,3.2944199488293764,5
72,1,2,17.582703762452205,15.937028603022979,3.25655305286582,5
73,1,2,14.113548180421649,16.394704687710856,3.219546768174163,5
74,1,2,13.749589632902303,16.241293719100007,3.1833720853856895,5
75,1,2,14.751462107958776,15.335699671239563,3.1480012844369596,5
76,1,2,20.095203895038246,14.902392748380828,3.113407863728861,5
77,1,2,14.29777514303088,15.379054152742276,3.079566473905721,5
78,1,2,17.176433992317374,15.453995128199663,3.046452855906735,5
79,1,2,15.818417415154604,15.518830335188959,3.014043782971557,5
80,1,2,12.72120325839227,15.68493969588841,2.9823170063086986,5
81,1,2,21.821987087939085,15.41682817910397,2.9512512041596497,5
82,1,2,19.566704197264848,16.243978190536435,2.9208259340136737,5
83,1,2,11.937370175142942,16.517729879352018,2.891021587748228,5
84,1,2,16.485668565744994,16.00451773505118,2.861819349488145,5
85,1,2,16.964403665186374,16.220165042807846,2.8332011559932635,5
86,1,2,16.88702466287096,16.51242086392458,2.805149659399271,5
87,1,2,14.90434819636125,16.706562914371144,2.7776481921502585,5
88,1,2,14.180774153684425,16.234666941764143,2.7506807339740424,5
89,1,2,17.490173176397146,16.224030488187193,2.7242318807627535,5
90,1,2,13.640301377831431,16.252552232194446,2.6982868152316795,5
91,1,2,20.55948459920559,16.054541683346887,2.672831279238928,5
92,1,2,12.135455467023814,16.767112714329915,2.6478515476572557,5
93,1,2,18.559207910876566,15.88651893061034,2.6233344036974664,5
94,1,2,15.60676873399829,15.794928359120501,2.59926711559015,5
95,1,2,13.218791734729809,16.128510046289165,2.5756374145393304,5
96,1,2,14.017963462994611,15.831521243469608,2.552433473867805,5
97,1,2,13.173049599197006,15.563663043270354,2.5296438892796997,5
98,1,2,11.21342821253022,15.226028946572722,2.50725766017103,5
99,1,2,16.559579444880264,14.890490766224447,2.4852641719239155,5
100,1,2,19.18282427453197,15.106745792696795,2.463653179124577,5
101,1,2,21.020714450033562,15.260623165254508,2.4424147896493653,5
102,1,2,14.014758397835005,15.931569808181973,2.421539449566892,5
103,1,2,20.688759180428523,15.336594698966467,2.4010179288078506,5
104,1,2,14.494554229402993,16.11416776382144,2.3808413075573642,5
105,1,2,14.895998513832717,15.744653792778387,2.3610009633277196,5
106,1,2,13.857949124091428,15.680038318217884,2.341488558672119,5
107,1,2,16.823403858931268,15.738143535432572,2.322296029502675,5
108,1,2,10.941478382144194,15.993183571426814,2.303415573978263,5
109,1,2,10.892791009191614,15.790313460785649,2.284839641930051,5
110,1,2,14.753171795064924,15.761164624118505,2.266560924794611,5
111,1,2,11.357502791640178,15.596945746862566,2.2485723460263998,5
112,1,2,18.397880959254948,14.885552884781493,2.2308670519631995,5
113,1,2,15.569107798042179,14.647113476528892,2.213438403119737,5
114,1,2,13.11224748678716,14.788417967456816,2.1962799658862506,5
115,1,2,14.67032015718296,14.099644177125782,2.179385504610203,5
116,1,2,16.180973589384482,14.115622897833054,2.1627489740406594,5
117,1,2,18.970376582626994,14.232438813792301,2.146364512116109,5
118,1,2,17.792234431186262,14.697204946386444,2.1302264330776417,5
119,1,2,16.113152656414655,14.78528045295508,2.1143292208904954,5
120,1,2,14.22251137148651,15.25543265970694,2.098667522957973,5
121,1,2,15.295305340905884,15.55813451082466,2.0832361441126936,5
122,1,2,14.671881072687498,15.607419378628384,2.0680300408709953,5
123,1,2,14.616136120293286,15.90872649508723,2.0530443159371474,5
124,1,2,16.85857383095226,15.564931509727076,2.0382742129447937,5
125,1,2,20.997354722800782,15.682155694537084,2.0237151114237597,5
126,1,2,11.446506143848369,16.39898362508378,2.009362521981038,5
127,1,2,15.965874500796327,16.105909623871547,1.9952120816853969,5
128,1,2,15.968459860405583,16.086355161272625,1.9812595496456389,5
129,1,2,18.585376049203767,15.813453641070678,1.9675008027730998,5
130,1,2,15.990398969879143,15.88555742452681,1.953931831719492,5
131,1,2,26.223672707973442,15.874397998478129,1.9405487369816874,5
132,1,2,14.286367138306968,16.965412665431487,1.9273477251654854,5
133,1,2,15.471032059395416,16.873691010649765,1.9143251054008537,5
134,1,2,16.345529019092478,16.946341100350484,1.9014772859015192,5
135,1,2,13.14368211731103,17.10355863660496,1.8888007706621757,5
136,1,2,14.94185911642845,16.765841208092116,1.8762921562869295,5
137,1,2,13.363661002060677,16.215341607512816,1.8639481289429365,5
138,1,2,16.995701174499068,16.389628412804843,1.8517654614335055,5
139,1,2,15.98494919610344,16.48324901950509,1.839741010385236,5
140,1,2,12.735108672885861,16.48474805002308,1.827871713544041,5
141,1,2,19.59721436077768,15.952905561266904,1.816154587175169,5
142,1,2,16.208307265657616,16.28079786953041,1.8045867235625883,5
143,1,2,17.069166541024725,15.370310102047155,1.7931652886033314,5
144,1,2,18.25910856095586,15.623291865930584,1.7818875194926187,5
145,1,2,12.819979878577385,15.876753366072444,1.7707507224957897,5
146,1,2,17.013965178161616,15.55624889875289,1.7597522708032693,5
147,1,2,15.456138807384505,15.908092813375669,1.7488896024649776,5
148,1,2,17.033532764137156,15.954845512553494,1.7381602184007752,5
149,1,2,16.600598452940314,16.28847021819681,1.7275616804836973,5
150,1,2,13.008360188876441,16.252551788964197,1.717091609692887,5
151,1,2,15.884544647701171,15.981952788307199,1.7067476843332914,5
152,1,2,14.601023601844531,16.268265149654045,1.6965276383193195,5
153,1,2,12.284027816541686,15.81406598975103,1.6864292595197998,5
154,1,2,13.466026676881805,15.45731331255867,1.6764503881616943,5
155,1,2,14.358276467685595,15.129755143091131,1.666588915290155,5
156,1,2,15.410195082661758,14.775134043702927,1.6568427812826103,5
157,1,2,19.160814444725037,15.01060815316514,1.6472099744146882,5
158,1,2,17.811594340740722,15.205776268307273,1.637688529475875,5
159,1,2,16.453377502227326,15.419908589521476,1.62827652643291,5
160,1,2,19.58602267151835,15.36716720207513,1.6189720891390078,5
161,1,2,16.84525945585343,15.63856940376404,1.6097733840870816,5
162,1,2,11.19077333430724,15.987378428034674,1.6006786192052336,5
163,1,2,12.877302978760099,15.56067194499886,1.5916860426928447,5
164,1,2,14.926003107574676,15.403970070173004,1.582793941895678,5
0,1,1,14.717253261814397,14.916951406323909,16.74043460358186,7
1,1,1,13.422197064261677,14.38515209040438,15.694157440857994,7
2,1,1,17.60687339256893,14.785600800317148,14.770971709042819,7
3,1,1,22.12294976952158,15.22236077561267,13.95036216965155,7
4,1,1,19.64861379464777,15.972758150020608,13.216132581775152,7
5,1,1,17.14926121822005,16.526170980291223,12.555325952686395,7
6,1,1,15.251658711564616,16.75426366350166,11.957453288272758,7
7,1,1,21.976586619693535,16.699788046207072,11.41393268426036,7
8,1,1,19.722315935608396,17.583503718137937,10.917674741466431,7
9,1,1,18.064624734598205,17.899488766404847,10.462771627238663,7
10,1,1,19.512696590812418,17.92359968323513,10.044260762149117,7
11,1,1,17.661903003798614,18.10863919030105,9.657943040527996,7
12,1,1,14.632603625348063,18.376334621390527,9.300241446434367,7
13,1,1,25.428835960286932,18.48637158148929,8.968089966204568,7
14,1,1,26.31006388962204,19.19745908764547,8.658845484611307,7
15,1,1,13.157269645937566,19.57810582583642,8.37021730179093,7
16,1,1,31.30057585215938,18.98798363049913,8.100210292055738,7
17,1,1,12.906645317826156,20.274466779039066,7.847078720428997,7
18,1,1,18.46247620557781,20.061283743244662,7.609288456173573,7
19,1,1,23.89218194521268,19.741819160143237,7.385485854521409,7
20,1,1,19.126152007531687,20.12089788828908,7.174471972963654,7
21,1,1,21.224844221609544,20.21740036764667,6.975181084825775,7
22,1,1,37.469124091950796,20.37305015226459,6.786662677127781,7
23,1,1,26.561631099099866,22.173706614823878,6.608066290887576,7
24,1,1,18.225937630310316,23.258163657892222,6.438628693685331,7
25,1,1,33.62616141995111,22.60335471880344,6.277662976343198,7
26,1,1,35.55650024781251,23.268454494287898,6.124549245212876,7
27,1,1,19.841130334783003,25.30474818536744,5.978726644136379,7
28,1,1,13.702632473238046,24.262980411060497,5.839686489621579,7
29,1,1,27.373981456628833,24.335342879734302,5.70696634213018,7
30,1,1,25.10282582783126,25.145479720738944,5.5801448678606205,7
31,1,1,56.27748890638052,25.25553825552245,5.458837370733216,7
32,1,1,14.225828880801165,28.632932519054165,5.3426918947601685,7
33,1,1,23.242949165432503,27.99665839716249,5.231385813619331,7
34,1,1,23.34529260737777,26.70336976747901,5.124622837831182,7
35,1,1,14.958031879847663,26.41097535914064,5.022130381074558,7
36,1,1,15.589086498868848,26.11389301818949,4.923657236347606,7
37,1,1,19.62823807090107,24.474158934454735,4.828971520263998,7
38,1,1,15.485971216214176,23.026135100190057,4.737858850070338,7
39,1,1,20.1974852786514,22.63021154395653,4.650120723217183,7
40,1,1,16.810503542880767,23.220652708085016,4.565573073704144,7
41,1,1,32.82066096997959,22.26033653410792,4.484044983102284,7
42,1,1,25.51217516824899,22.961957910666865,4.405377527258384,7
43,1,1,14.512363816415263,20.16511120720036,4.3294227423056535,7
44,1,1,15.917530316004294,20.191159837710735,4.256042695825896,7
45,1,1,14.673972603809906,19.5252126695809,4.185108650895465,7
46,1,1,12.031111491005422,18.73691085107473,4.116500312356195,7
47,1,1,29.422250616985714,18.470827179361795,4.050105146027869,7
48,1,1,16.778968578757492,19.728387553736056,3.985817762757586,7
49,1,1,20.694782699547964,19.469363054450273,3.9235393602144986,7
50,1,1,16.52942277311295,19.942891371116982,3.8631772162111986,7
51,1,1,13.297209600804758,19.609431143340757,3.8046442280867865,7
52,1,1,16.32608544345787,19.290040784970213,3.7478584933392227,7
53,1,1,16.425487186717355,17.790533918922787,3.6927429272607046,7
54,1,1,13.660150054415084,16.96447137514718,3.6392249138221437,7
55,1,1,15.230567454680468,16.886997396783528,3.587235986481827,7
56,1,1,10.364763315548776,16.824546227572274,3.536711535967999,7
57,1,1,13.23758693806801,16.43279992863944,3.4875905424128875,7
58,1,1,18.22666131174966,16.54247951473604,3.439815329503122,7
59,1,1,11.665588574253041,15.524698668805492,3.3933313385638906,7
60,1,1,21.153849092039554,15.059845941123267,3.348086920716372,7
61,1,1,14.677810808614955,15.101579249531595,3.304033145443788,7
62,1,1,15.631686715670714,14.933250889122684,3.2611236240743886,7
63,1,1,14.90860182232856,15.14547608138323,3.2193143468426655,7
64,1,1,13.930615088600348,15.016613934007834,3.17856353232567,7
65,1,1,12.936237833344743,14.789807379633562,3.138831488171599,7
66,1,1,11.312826149105295,14.723997177718074,3.100080482144789,7
67,1,1,12.456824132425208,14.36783887721124,3.062274622606438,7
68,1,1,16.011040341698937,14.558026224200006,3.025379747635276,7
69,1,1,13.951717888391553,14.810158351802817,2.9893633220681894,7
70,1,1,13.058640411361358,14.421527131497538,2.9541943418085634,7
71,1,1,15.212847483797713,14.548168207598293,2.9198432448107896,7
72,1,1,9.48518607925104,14.008077152303578,2.886281828203769,7
73,1,1,17.516683408241025,13.536020358725041,2.85348317106509,7
74,1,1,15.884496161710988,13.707383694413254,2.8214215624014374,7
75,1,1,15.33297469053089,13.796101361629837,2.7900724339303102,7
76,1,1,16.529118810009884,13.923588598168976,2.7594122972937134,7
77,1,1,12.603291938888043,14.25021414150217,2.729418685366608,7
78,1,1,13.49386320227342,14.367529213300605,2.700070097351913,7
79,1,1,12.410285096828627,14.461805492377714,2.6713459473800842,7
80,1,1,11.231099923456613,14.134464106480413,2.6432265163550306,7
81,1,1,12.163015124564375,13.887135200577235,2.6156929068096657,7
82,1,1,15.569333140644847,13.805714719959328,2.588727000553896,7
83,1,1,11.5428505081413,13.838122506945433,2.562311418915591,7
84,1,1,11.787230540675194,14.025182909571821,2.536429485391191,7
85,1,1,12.117474251914476,13.504323557974926,2.511065190537279,7
86,1,1,10.840684119156734,13.161867020720695,2.486203158947801,7
87,1,1,12.966588151606976,12.75347696877759,2.461828618173803,7
88,1,1,10.233666109751493,12.429610545286419,2.437927369453669,7
89,1,1,15.14226998932404,12.214190015364913,2.414485760131999,7
90,1,1,8.290610184156371,12.364045177824062,2.3914906576545514,7
91,1,1,17.159993506104794,11.989529276672037,2.368929425035169,7
92,1,1,13.442405932939419,12.528519602367327,2.346789897698392,7
93,1,1,12.522403741161126,12.644827857674148,2.3250603616085916,7
94,1,1,14.122393806125931,12.3678342759029,2.3037295326030085,7
95,1,1,14.650588037365537,12.602338212083323,2.282786536852072,7
96,1,1,10.350821037797752,12.862643439055175,2.262220892375927,7
97,1,1,19.863550815974257,12.702038601408198,2.242022491551142,7
98,1,1,14.337225691334595,13.522299210209791,2.2221815845462647,7
99,1,1,14.844485443654127,13.646902622912302,2.202688763629192,7
100,1,1,9.951594817671062,14.06606801690345,2.183534948293286,7
101,1,1,11.184657006041437,13.594188455844089,2.1647113711528267,7
102,1,1,10.770110277024411,13.857283621470005,2.146209564561777,7
103,1,1,11.93483922589375,13.276385146099061,2.128021347912948,7
104,1,1,16.88416368704327,13.139333627276725,2.1101388155775456,7
105,1,1,14.321677652513468,13.535857258720556,2.0925543254477326,7
106,1,1,15.034862548180445,13.553973972028514,2.075260488047338,7
107,1,1,10.477107224285373,13.588908018466235,2.0582501561780977,7
108,1,1,15.338503927803867,13.600388580874199,2.0415164150709586,7
109,1,1,14.974504270361823,13.189020681949616,2.0250525730139346,7
110,1,1,11.657470444504693,13.246955098224822,2.008852152429823,7
111,1,1,14.305662498868234,12.957226461938511,1.992908881378793,7
112,1,1,14.203549932098529,13.353050796592798,1.9772166854624245,7
113,1,1,13.14852889703099,13.627495608052532,1.9617696801072493,7
114,1,1,12.49120780745185,13.843715482598585,1.946562163207193,7
115,1,1,12.676507669345591,13.894294444558414,1.9315886081055993,7
116,1,1,13.08531456515534,13.511780261131351,1.9168436568986864,7
117,1,1,13.170023918349898,13.399383616826066,1.9023221140433932,7
118,1,1,11.475272116408542,13.229852832296016,1.8880189402535934,7
119,1,1,13.149338223078484,13.320595095216305,1.8739292466696114,7
120,1,1,11.502860203784504,13.121580031150359,1.8600482892868735,7
121,1,1,11.662600628382355,12.805976025097879,1.8463714636303523,7
122,1,1,12.654643778205022,12.806442405450394,1.8328942996622475,7
123,1,1,14.377916761007194,12.65634979448101,1.8196124569110719,7
124,1,1,12.230070855642067,12.672201324381797,1.8065217198109922,7
125,1,1,11.484125016606352,12.588705138800986,1.7936179932409135,7
126,1,1,15.979255049470606,12.497152157815032,1.7808972982533895,7
127,1,1,13.064686673703832,12.79740191964458,1.7683557679839994,7
128,1,1,16.081835103163858,12.795526656785352,1.755989643732363,7
129,1,1,13.442177047715571,13.060236764495711,1.7437952712064437,7
130,1,1,10.618228100472962,13.239046303705441,1.7317690969222614,7
131,1,1,15.281372237575065,13.008945383468575,1.719907664751561,7
132,1,1,14.8844778813823,13.352446477449535,1.708207612610394,7
133,1,1,16.039785216418913,13.64534440954044,1.6966656692819453,7
134,1,1,12.979941609594485,13.953084540287158,1.6852786513673015,7
135,1,1,14.044668057499644,13.825995890158726,1.674043460358186,7
136,1,1,8.48874895535021,13.99095927214578,1.6629570798260127,7
137,1,1,10.169386538281218,13.718652357486132,1.652016572721894,7
138,1,1,12.733568073227568,13.190482492832553,1.6412190787825354,7
139,1,1,15.359728234782716,13.160380801880164,1.6305618120371943,7
140,1,1,10.885569903710595,13.094734722936424,1.620042058411148,7
141,1,1,13.979085406521595,12.862315891663245,1.6096571734213327,7
142,1,1,12.847484110750585,13.167848374031303,1.5994045799600505,7
143,1,1,10.428648533014162,12.946585817047259,1.589281766162835,7
144,1,1,10.122916928373916,12.541510421741064,1.5792862833567793,7
145,1,1,8.638169171221382,12.003613304646063,1.5694157440857994,7
146,1,1,12.365403791034458,11.608906719339414,1.55966782020949,7
147,1,1,11.700405754195929,11.456246331478944,1.5500402410723946,7
148,1,1,9.198365484670203,11.748215131374009,1.540530791740662,7
149,1,1,9.661278597162795,11.659940490136647,1.531137311303219,7
150,1,1,11.918220662422986,11.380641446858029,1.5218576912347146,7
151,1,1,13.281145057587148,11.067777122098054,1.512689873817638,7
152,1,1,13.796862097491308,11.285556681541378,1.5036318506211253,7
153,1,1,14.75240505136268,11.26899092617499,1.4946816610340947,7
154,1,1,13.681065256897535,11.442165557139726,1.485837390850461,7
155,1,1,10.840022967051317,11.737839804765485,1.4770971709042817,7
156,1,1,11.77285134776589,11.80303126282707,1.4684591757527947,7
157,1,1,10.986835860481216,12.08800236978566,1.4599216224053948,7
158,1,1,13.305161755985903,11.96267801246264,1.4514827690966932,7
159,1,1,13.336813927855019,12.10856492171627,1.4431409141018845,7
160,1,1,12.972588829968382,12.484787507460345,1.4348943945927308,7
161,1,1,12.63531626103158,12.785815710442671,1.426741585532545,7
162,1,1,12.957900926829021,12.85100621940709,1.4186808986086323,7
163,1,1,15.033428031431924,12.82162038933817,1.4107107812007187,7
164,1,1,15.244819233593773,12.93403547424186,1.4028297153839548,7
