Sample A1_Ex555_Em570,,Sample A1_Ex555_Em665,,Sample A2_Ex555_Em570,,Sample A2_Ex555_Em665,,Sample A3_Ex555_Em570,,Sample A3_Ex555_Em665,,Sample A4_Ex555_Em570,,Sample A4_Ex555_Em665,,Sample A5_Ex555_Em570,,Sample A5_Ex555_Em665,,Sample A6_Ex555_Em570,,Sample A6_Ex555_Em665,,Sample B1_Ex555_Em570,,Sample B1_Ex555_Em665,,Sample B2_Ex555_Em570,,Sample B2_Ex555_Em665,,Sample B3_Ex555_Em570,,Sample B3_Ex555_Em665,,Sample B4_Ex555_Em570,,Sample B4_Ex555_Em665,,Sample B5_Ex555_Em570,,Sample B5_Ex555_Em665,,Sample B6_Ex555_Em570,,Sample B6_Ex555_Em665,,Sample C1_Ex555_Em570,,Sample C1_Ex555_Em665,,Sample C2_Ex555_Em570,,Sample C2_Ex555_Em665,,Sample C3_Ex555_Em570,,Sample C3_Ex555_Em665,,Sample C4_Ex555_Em570,,Sample C4_Ex555_Em665,,Sample C5_Ex555_Em570,,Sample C5_Ex555_Em665,,Sample C6_Ex555_Em570,,Sample C6_Ex555_Em665,,
Time (min),Intensity (a.u.),Time (min),Intensity (a.u.),Time (min),Intensity (a.u.),Time (min),Intensity (a.u.),Time (min),Intensity (a.u.),Time (min),Intensity (a.u.),Time (min),Intensity (a.u.),Time (min),Intensity (a.u.),Time (min),Intensity (a.u.),Time (min),Intensity (a.u.),Time (min),Intensity (a.u.),Time (min),Intensity (a.u.),Time (min),Intensity (a.u.),Time (min),Intensity (a.u.),Time (min),Intensity (a.u.),Time (min),Intensity (a.u.),Time (min),Intensity (a.u.),Time (min),Intensity (a.u.),Time (min),Intensity (a.u.),Time (min),Intensity (a.u.),Time (min),Intensity (a.u.),Time (min),Intensity (a.u.),Time (min),Intensity (a.u.),Time (min),Intensity (a.u.),Time (min),Intensity (a.u.),Time (min),Intensity (a.u.),Time (min),Intensity (a.u.),Time (min),Intensity (a.u.),Time (min),Intensity (a.u.),Time (min),Intensity (a.u.),Time (min),Intensity (a.u.),Time (min),Intensity (a.u.),Time (min),Intensity (a.u.),Time (min),Intensity (a.u.),Time (min),Intensity (a.u.),Time (min),Intensity (a.u.),
0.0008333333535,12.118083,0.005708333571,0.4244181812,0.0270624999,72.19007111,0.03191666678,7.379305363,0.0540625006,37.43264389,0.05891666934,30.3093605,0.08006250113,26.42484474,0.08491666615,34.57684326,0.1080416664,33.4389534,0.1129166707,28.41866875,0.1349166781,46.58921432,0.1397500038,40.95242691,0.3029583395,7.513055801,0.3078333139,1.14807868,0.2763958275,99.68718719,0.28125,9.222169876,0.2494166642,47.57653809,0.25424999,36.01503372,0.2225625068,32.88177872,0.2274166793,34.24871826,0.1949166656,33.934021,0.1997499913,34.40701294,0.1678750068,40.37122726,0.1727499962,40.7290802,0.3352499902,9.432812691,0.3400833309,0.04668970034,0.3624166846,98.44472504,0.3672916591,9.618131638,0.3900624812,38.13341904,0.3949166536,25.53365517,0.417083323,31.10486603,0.4219166636,44.1240921,0.4431458414,27.13730049,0.4480416477,29.89690781,0.4707500041,35.09643555,0.4755833447,28.62179565,
1.500833392,10.77955532,1.505791783,0.9927276969,1.528979063,79.45071411,1.53389585,8.283576965,1.555979133,42.16355515,1.560895801,30.9126358,1.583145738,42.02576065,1.588062525,34.83302307,1.611250043,36.51901627,1.616145849,31.81137848,1.639145732,36.89017868,1.644062519,39.81166458,1.808083296,9.48966217,1.812979102,0.2152028829,1.78066659,97.02886963,1.785624981,10.11504364,1.753583312,48.62164688,1.758479238,40.5879097,1.726062536,44.38079834,1.730979204,40.54693604,1.699125051,31.99923325,1.704062581,29.23949242,1.671083331,41.3694725,1.675979137,36.41292953,1.838750005,9.538749695,1.843645811,0.04648135975,1.865645885,118.5898209,1.870562434,9.068465233,1.893333316,32.19944763,1.898291707,23.44784355,1.920312524,24.62205124,1.925229192,23.61491776,1.947479129,35.03507996,1.952416658,24.33575058,1.97597909,30.68200302,1.980895877,25.6428051,
3.000833273,6.752859592,3.005791664,-0.02321209013,3.028479338,76.84890747,3.033396006,6.453126907,3.055416584,43.27096176,3.06031251,18.53668022,3.083583355,34.25114059,3.088479042,37.34768677,3.110645771,35.60629272,3.115562439,28.25385475,3.137645721,36.52620697,3.142562628,39.4680481,3.305333376,8.326550484,3.310291529,0.6422607899,3.278250217,98.25389099,3.283208132,7.627693653,3.250145674,53.48721695,3.25506258,29.56186485,3.22264576,38.69832993,3.227625132,35.84220886,3.195812464,38.46512985,3.200729132,25.25677681,3.167645693,37.18493271,3.172562361,32.352005,3.338749886,9.779384613,3.343645811,0.07152734697,3.365750074,118.9184113,3.370646,8.670375824,3.392333269,33.7048378,3.39729166,19.38301277,3.419333458,33.28980255,3.424291849,22.01135826,3.446416616,38.98012543,3.451375008,31.24476242,3.474229097,32.02838898,3.479145765,26.22634697,
4.500833035,10.29927063,4.505791664,0.53235811,4.529666424,97.21880341,4.534625053,7.32671833,4.55664587,45.02691269,4.561562538,26.42537689,4.582645893,44.65198135,4.587562561,31.75413513,4.609749794,35.31611252,4.614645958,32.39308929,4.637812138,39.02427292,4.642729282,31.54143333,4.80547905,9.311937332,4.810395718,1.327433586,4.777729511,99.25609589,4.782645702,10.0559454,4.750646114,45.13982391,4.755562305,25.67736816,4.723500252,50.87952805,4.728457928,29.97450447,4.696645737,40.55426025,4.701562405,25.28935623,4.668666363,36.31966782,4.673624992,39.77434158,4.838750362,8.418082237,4.843645573,0.8833306432,4.865478992,111.2113342,4.870458603,10.05989647,4.892333508,46.9526825,4.89729166,20.98426819,4.920500278,35.3591423,4.925458431,18.9122467,4.947583675,38.553936,4.952478886,27.71523476,4.974145889,33.78378296,4.979062557,23.06591415,
6.000833035,9.797611237,6.005791664,0.04683731124,6.028250217,90.2161026,6.033145428,9.119735718,6.055312634,46.27717209,6.060228825,20.29602242,6.083479404,43.91030121,6.088395596,26.60731888,6.111479282,37.96173477,6.11639595,26.24940491,6.138145924,38.66998291,6.143062115,36.60136795,6.305499554,10.16699505,6.310458183,0.5784894228,6.278312683,99.52301788,6.283228874,6.734088421,6.251312256,49.66433334,6.256228924,26.45692635,6.224145889,44.30099487,6.229062557,27.79939842,6.197145462,39.39917374,6.202062607,23.41161346,6.170145512,34.70544434,6.175062656,30.32314682,6.337562561,8.945124626,6.342478752,0.1638922095,6.365478992,114.416687,6.370396137,11.45038223,6.392166615,35.25055695,6.397145748,21.89953613,6.420145512,36.5752449,6.425062656,29.82521439,6.447083473,30.34469795,6.452041626,26.62384415,6.474312305,29.51647949,6.47922945,24.48600388,
7.500833035,7.592318535,7.505791664,0.02318571694,7.529312611,93.69020081,7.534228802,8.586744308,7.555916786,40.85845947,7.560874939,27.40440559,7.583645821,42.70569992,7.588562489,30.84183502,7.610479355,39.12663269,7.615458012,24.44495773,7.63831234,38.9289856,7.643229008,32.83867264,7.807749748,9.117228508,7.812666893,0.5195173621,7.781645775,107.9955444,7.786562443,12.51071548,7.752645969,45.76560211,7.75756216,30.64783478,7.725832939,42.26770401,7.730791569,25.31586456,7.699166775,38.73941422,7.704124928,21.6801548,7.672479153,43.62119675,7.677395821,32.67406082,7.84108305,9.736804962,7.845979214,1.646491408,7.868083,131.1958923,7.87304163,11.5315485,7.895145893,43.29289246,7.900062561,21.26597977,7.922979355,36.7291832,7.927895546,15.93834019,7.951146126,35.33494568,7.956062317,29.5246315,7.977916241,35.96835327,7.98287487,25.56790733,
9.000833511,7.671143532,9.005791664,0.2547357678,9.027562141,95.23809814,9.032479286,9.625614166,9.054645538,35.58563995,9.059561729,19.89051819,9.081645966,52.30105972,9.086562157,26.98377991,9.108750343,28.45188141,9.113645554,25.03882599,9.135812759,35.83108521,9.140728951,28.95116234,9.301646233,8.236737251,9.306562424,0.2871088088,9.274749756,97.99543762,9.27964592,10.36773109,9.247750282,51.8730545,9.252645493,23.98471069,9.220062256,49.12092209,9.224979401,27.88005066,9.194146156,46.41211319,9.199062347,22.56215858,9.166062355,37.90385437,9.170978546,30.38808441,9.333979607,7.945029259,9.338895798,0.3583886623,9.361083031,121.1230927,9.365979195,11.6505785,9.387812614,46.09057236,9.392728806,21.90321922,9.41547966,39.71110153,9.420395851,12.59364128,9.443083763,41.55508804,9.447978973,28.90294456,9.470000267,28.51133919,9.47495842,29.03463554,
10.50083351,9.400147438,10.50579166,0.6020330191,10.52941704,98.37786102,10.5343132,9.884914398,10.55508327,42.07135773,10.55997944,18.54861069,10.58231163,48.4167366,10.58722973,25.24514008,10.60914612,34.93721771,10.61406231,28.89528847,10.63664532,36.51538849,10.64156246,33.72370911,10.80483341,9.293128967,10.80979252,0.6560142636,10.77781296,110.2257996,10.78272915,9.314257622,10.75031185,51.43945694,10.755229,26.4225235,10.72314548,47.3966217,10.72808361,28.62235641,10.6960001,39.51239777,10.70095825,23.88858223,10.66897869,31.3040123,10.67389584,32.62035751,10.83714581,12.36717892,10.842062,0.4230516255,10.86524963,114.7218552,10.8701458,11.27847099,10.892313,44.57168198,10.89722919,18.97147179,10.91947937,37.88246536,10.92439556,14.90212536,10.94614601,34.46668625,10.9510622,24.34922791,10.97414589,32.28610229,10.97906303,27.06495094,
12.00083351,7.633587837,12.00579166,0.6067961454,12.02931213,96.89095306,12.03422928,7.87253952,12.05814648,46.39693832,12.06306267,19.80929375,12.08431339,41.99568558,12.08922958,28.7714386,12.11197948,31.14030647,12.11689568,28.5787487,12.13906288,35.51293945,12.14397907,28.71396255,12.30514622,10.46226406,12.31006241,0.2730002701,12.2770834,121.8885803,12.28199959,10.42256165,12.24997997,57.40878296,12.25489616,19.17150879,12.22333336,45.17122269,12.22829151,20.89608765,12.19664574,38.67140198,12.20156288,26.21783447,12.16931248,43.72005081,12.17422867,31.6020546,12.33547878,9.501068115,12.34039593,1.192010999,12.36364555,110.2838669,12.3685627,14.56768036,12.39064503,42.89038467,12.39556313,17.51412392,12.41831303,39.47024536,12.42322922,15.24308872,12.44547939,38.44535065,12.45039558,18.25942612,12.47224998,33.12699509,12.47720814,25.95841026,
13.50083351,9.042704582,13.50579166,0.7707939148,13.52747917,97.12647247,13.53239536,6.961842537,13.55450058,44.35671234,13.55947876,19.26970482,13.58164597,46.5887413,13.58656216,23.59303856,13.60872936,41.40990829,13.61364555,24.1195755,13.63641644,40.49044037,13.6413126,33.17931747,13.80531216,6.877203465,13.8102293,0.3729516864,13.77816677,109.6249084,13.78312492,11.39594555,13.75114536,44.80101395,13.75606251,18.76725769,13.72231197,41.99518967,13.72722912,24.73778915,13.6953125,40.77492142,13.70022869,24.30903244,13.66766644,36.13579941,13.67264652,27.47201347,13.83864498,9.240639687,13.84356308,0.2621481717,13.8654995,106.0165176,13.87045765,10.74643517,13.89324951,51.09246063,13.89814568,20.93307304,13.92033291,39.2029953,13.92531204,16.25918579,13.94847965,41.28154755,13.95339584,24.57868576,13.97558308,33.05355072,13.98047924,26.83556175,
15.00083351,9.205177307,15.00579166,0.2385211736,15.02731228,111.6789169,15.03222942,12.07920837,15.05597973,38.53569031,15.06089592,24.41534233,15.08458328,42.30164337,15.08947945,26.08922577,15.11272907,35.29868317,15.11764622,29.79600525,15.13981247,45.66491699,15.14472961,32.47213364,15.30947876,8.913381577,15.3143959,0.4519075155,15.28281212,104.1656799,15.28772926,9.810562134,15.25483322,52.49097061,15.25979233,22.32753563,15.22774982,48.58566284,15.23264599,24.23872948,15.19981289,41.47097015,15.20472908,30.16074944,15.17264652,47.10136414,15.17756271,34.19624329,15.34247971,9.623860359,15.3473959,0.872332871,15.36947918,103.525322,15.37439537,10.71990299,15.39649963,50.29592896,15.40145874,18.42722511,15.42364597,47.47479248,15.42856216,16.74276924,15.45114517,42.53540802,15.45606327,21.88500404,15.47831249,31.31205177,15.48322964,27.21022606,
16.50083351,8.407185555,16.50579071,1.098681569,16.52847862,108.7966385,16.53339577,11.45066261,16.55587387,36.8862114,16.560812,17.97835732,16.58381271,39.6428566,16.58872795,28.1569767,16.61047935,36.30687714,16.6153965,22.12937546,16.63747978,47.85450745,16.64239693,38.51796722,16.80664635,9.234889984,16.81156158,0.04806305841,16.78108406,114.1019669,16.78597832,12.70810986,16.75314522,52.77274704,16.75806236,23.45042801,16.72514534,52.03100204,16.73006248,22.15386009,16.69706154,47.8783989,16.70197868,24.32268906,16.67047882,40.98570633,16.67539597,24.1138401,16.83681297,9.191267967,16.84172821,0.5128085613,16.86497879,98.18395996,16.86989594,7.320096016,16.89206314,54.61156082,16.89697838,21.66123772,16.92014503,48.66981888,16.92506218,19.16804504,16.94831276,42.47952271,16.953228,20.62532234,16.97597885,42.00891495,16.980896,27.75329399,
18.00083351,9.752615929,18.00579262,0.7479071021,18.02775002,107.8841171,18.03264618,11.54180717,18.05431366,38.63434601,18.05929184,20.72268486,18.08197784,44.23229218,18.08689499,26.4703083,18.1091671,40.79576111,18.11412621,21.08489799,18.13574982,40.25556183,18.14070892,36.15417099,18.3044796,7.703280926,18.30939484,1.131957293,18.27764511,116.3748703,18.28256226,10.81391335,18.25058365,59.84996414,18.25547981,23.4375,18.22264671,50.19979477,18.22756386,23.43950844,18.19598007,45.6776123,18.20089531,33.70466614,18.16849899,36.58566284,18.17347908,29.40421486,18.33714676,10.11447239,18.3420639,0.3733519912,18.36414528,95.66020203,18.36906242,7.444921494,18.39181328,62.10832977,18.39672852,22.55927849,18.41914749,54.33182907,18.42406273,19.12800217,18.44799995,47.28207016,18.45295906,21.05161858,18.47414589,30.9700222,18.47906303,24.34707832,
19.50083351,12.03130436,19.50579262,0.705334723,19.52758408,108.2493439,19.53247833,14.87006187,19.55481148,38.38422775,19.55972862,16.82004166,19.58206177,43.42383957,19.58697891,25.36881447,19.60914421,43.26158142,19.61412621,25.56645012,19.637146,49.02622604,19.64206314,29.28043175,19.80497932,9.173666,19.80989647,-0.04675846919,19.7779789,109.8343811,19.78289604,8.625714302,19.75064468,64.78145599,19.75556183,22.43916321,19.72258377,57.39130402,19.72747993,22.898983,19.69449997,57.48584366,19.69945908,23.15598679,19.66731071,45.27023697,19.67229271,30.94223595,19.83481216,13.08981705,19.83972931,1.355303526,19.86281395,118.8751297,19.86772919,14.98354626,19.89014435,59.97584152,19.89506149,25.16713524,19.91747856,49.72816086,19.92239571,12.78221226,19.94431114,45.33403397,19.94929123,24.38550949,19.97181129,36.40747833,19.97672844,23.76255989,
21.00083351,11.98820496,21.00579262,0.3851802051,21.02847862,117.8493729,21.03339577,8.372743607,21.05599976,40.37251282,21.06095695,19.46804237,21.08325005,45.02000809,21.0881443,15.57097721,21.10981178,44.98883438,21.11472893,19.9947319,21.13741684,35.32991028,21.1423111,34.68814087,21.3033123,7.127902508,21.30822945,0.8319467306,21.27658272,109.937088,21.28148079,10.89797401,21.25089455,62.68107986,21.25581169,18.49710846,21.22424889,58.46941376,21.22914696,23.51568031,21.19656181,51.02705765,21.20147896,33.94201279,21.16981125,37.64875793,21.1747303,27.86622429,21.33547974,8.994492531,21.34039497,0.8751803637,21.36224937,105.5325394,21.36714745,10.57007122,21.38974953,60.91169739,21.39464569,18.94995499,21.41664696,57.54113007,21.42156219,14.72360039,21.44397926,47.61462784,21.44895744,20.8651638,21.47114754,37.14962769,21.47606277,26.38547134,
22.50083351,11.17679501,22.50579262,1.445574045,22.52833176,112.6062469,22.53329277,9.042373657,22.55547905,46.00195694,22.56039619,20.15781784,22.58264542,48.24390411,22.58756256,20.01493263,22.61097908,43.72642517,22.61589622,24.28293991,22.63847923,41.48575592,22.64339638,32.893013,22.80781174,8.691893578,22.81273079,0.04803304374,22.78131294,114.1985626,22.78622818,11.01348019,22.75414658,67.71775055,22.75906181,18.87327957,22.72558403,55.71757126,22.73047829,18.24167824,22.69823074,49.12702179,22.70314598,23.92533875,22.67098045,53.3104248,22.67589569,25.64533997,22.83798027,9.486725807,22.84295845,0.2594094872,22.86491776,108.7711639,22.86983299,10.75998211,22.89281273,61.802742,22.89772987,17.92722511,22.91964531,55.74448776,22.92456245,19.0095768,22.94681168,47.47845459,22.95172882,28.16657448,22.97414589,39.05466461,22.97912598,29.25640869,
24.00083351,10.39461899,24.00581169,0.7148951888,24.02800179,103.7590256,24.03295898,12.94585133,24.05506134,45.92564774,24.05997849,15.06923008,24.08275032,50.72237015,24.08764648,18.43582153,24.11006355,40.35821915,24.1149807,23.42595673,24.13708305,40.23848343,24.14197922,37.9462204,24.30347824,7.648972988,24.30845833,0.5182079673,24.27664566,111.1245575,24.28156281,10.49447346,24.24997902,70.28738403,24.2549572,21.57553864,24.22231293,60.17737198,24.22729111,15.98492241,24.19514656,54.30786133,24.20012474,23.0424881,24.168396,48.71395874,24.17331314,28.87952805,24.33641815,9.497898102,24.34131241,1.499707103,24.36320877,105.7789536,24.36814499,10.66108608,24.39047813,79.03715515,24.39539528,19.88490105,24.41799927,56.9486351,24.42295647,14.65287685,24.44464493,46.12392807,24.44956207,21.18683434,24.47266579,42.40703964,24.47762489,24.10258675,
25.50083351,8.218853951,25.50579262,0.3775187731,25.52824974,111.7913666,25.5331459,12.77229691,25.55550003,49.44159698,25.56045723,13.80694199,25.58258247,60.42814255,25.58748055,28.3155632,25.60925102,46.01595688,25.6142292,20.76979065,25.63722992,47.92255402,25.64214706,33.36828613,25.8040638,9.357889175,25.80897903,-0.1636049151,25.77681351,105.120903,25.78179169,11.37265968,25.74931145,73.38342285,25.7542305,20.9831295,25.72274971,67.19432068,25.72764397,18.91024017,25.69499969,50.38639069,25.6999588,28.63571739,25.66814613,48.17956543,25.67306328,32.72847366,25.83474922,9.404767036,25.83972931,0.3628359139,25.86224937,98.69112396,25.86714745,12.72166538,25.88983345,67.67906952,25.89479256,21.78245354,25.91747856,60.33026123,25.92239571,15.65909767,25.94458389,57.35541153,25.94948006,24.24581528,25.97175026,53.37467194,25.97664642,28.9172821,
27.00083351,12.15820408,27.00579262,0.2317819446,27.02931404,101.5428467,27.03422928,9.062582016,27.0561657,50.04224777,27.0611248,16.81873703,27.08316612,55.33255005,27.0881443,19.07678795,27.10991669,50.03271484,27.11481285,22.06974602,27.13731194,49.25133896,27.14229202,32.42025375,27.3045845,10.13032246,27.30947876,0.3496503532,27.27697945,110.2855606,27.28189468,8.786149025,27.25064468,64.29942322,27.25556183,15.85233974,27.22283363,69.76855469,27.22779083,20.73743629,27.19608307,57.38759995,27.20097923,26.67068291,27.16881371,44.83705521,27.17372894,24.49308395,27.33498001,9.718079567,27.33989716,0,27.36181259,98.29379272,27.36672974,11.03790283,27.38931274,68.49185181,27.39422989,16.09615135,27.41608238,63.64578629,27.42104149,17.86009979,27.44364548,54.27454758,27.44856071,27.67807579,27.47056198,41.59725952,27.47548103,29.33180237,
28.50083351,9.29689312,28.50579262,0.1175640747,28.52847862,111.1631165,28.53339577,10.58337021,28.55539513,47.57042313,28.56031227,11.8927927,28.58283234,66.41518402,28.58779144,17.89688492,28.60989571,45.58685303,28.61481285,22.13903999,28.63574982,46.55935669,28.64064598,26.69862938,28.80197906,10.27309132,28.8068943,0.219474718,28.77433205,114.5715561,28.77929115,9.220256805,28.74731255,67.84346008,28.75222969,15.68608761,28.71981239,64.0151825,28.72472954,19.09978294,28.69347954,58.88053894,28.69839668,22.59926605,28.66606331,40.70481491,28.67098045,28.79992485,28.83291626,7.503813744,28.83781242,0.6659848094,28.85931206,110.3897705,28.8642292,6.813794613,28.88631248,70.60811615,28.89122963,23.1042366,28.91389656,64.24046326,28.91881371,14.87238503,28.94131279,49.46171951,28.94622993,20.9511528,28.96797943,39.33368683,28.97295761,25.56682396,
30.00083351,7.389677525,30.00579262,0.4221586287,30.02891731,108.0091705,30.03381348,6.336920738,30.05599976,56.17126083,30.06097794,18.68297958,30.08381271,54.78048325,30.08872795,19.41983795,30.1106472,51.91017532,30.11556244,18.48044395,30.13764572,50.97621536,30.14256096,29.37420273,30.30664635,6.722689152,30.31156158,1.052237868,30.2779789,104.6215134,30.28289604,8.865747452,30.25031281,71.32530975,30.25522804,20.22888184,30.2238121,71.68611145,30.22872925,21.23611832,30.19675064,60.91467667,30.2016468,21.9844265,30.16950035,44.45660019,30.17445946,33.01244736,30.3373127,8.823458672,30.34229088,-0.07091359794,30.36441612,93.93273163,30.36931229,8.976575851,30.39197922,69.68615723,30.39689445,15.77599525,30.41875076,53.68937302,30.42366791,14.63271141,30.44641685,52.47151947,30.45137596,20.43954468,30.47347832,42.66227722,30.47839546,21.61259651,
31.50083351,8.723917007,31.50579262,0.6026051044,31.52856255,114.1381073,31.53347969,8.212777138,31.55581284,58.66697693,31.56072998,16.04697609,31.58347893,68.48004913,31.58839607,21.95168686,31.61133385,50.91532898,31.61629295,22.66872597,31.63922882,55.69042969,31.64414597,31.27775383,31.80847931,7.875600815,31.81339455,0.5534700155,31.78081322,122.8460007,31.78573036,11.42010784,31.75291824,72.58773804,31.75787544,18.20536804,31.72556114,68.2424469,31.73047829,18.20067787,31.69823074,61.37804413,31.70314598,23.41965103,31.66964531,47.19708633,31.67456245,27.6099472,31.8404789,9.44287014,31.84539604,1.14247632,31.86750031,105.5483627,31.87247849,12.30693817,31.89514542,74.11862183,31.90006256,17.80561638,31.9220829,62.93503189,31.92697906,19.36157799,31.95000076,49.30783463,31.95495796,20.35468674,31.97714615,43.31114578,31.98206139,26.89207458,
33.00083542,11.34301281,33.00579071,0.4639351368,33.02750015,103.0634613,33.03247833,9.055193901,33.05558395,57.83779907,33.06047821,15.72917175,33.08231354,65.07370758,33.08723068,17.84053993,33.10900116,47.53945923,33.11396027,18.41342926,33.13691711,48.16318512,33.14181137,32.72872543,33.30274963,11.89940071,33.30764389,0.7092701793,33.27431107,111.4686356,33.27922821,8.895043373,33.24797821,69.1051178,33.25289536,15.69517136,33.22058487,73.54071045,33.22547913,24.48015022,33.19481277,61.94063187,33.19972992,23.14022446,33.16714859,50.23102951,33.17206192,23.80484009,33.33364487,9.472260475,33.33856201,0.4763832986,33.36125183,112.8238678,33.36614609,9.63131237,33.38774872,64.99182892,33.39266586,14.38574791,33.41547775,55.15804291,33.4203949,19.69883728,33.44241714,57.58932495,33.44733429,17.75247383,33.46756363,48.52793884,33.47248077,24.50750351,
34.50083542,8.779569626,34.50579071,0.361907959,34.52764511,121.2585068,34.53256607,8.250902176,34.55541611,52.44520187,34.56031036,12.56728077,34.58222961,64.11630249,34.58714676,14.38037491,34.60924911,48.92713928,34.61420822,20.35124207,34.63641739,55.43341064,34.64131165,34.34170532,34.80464554,8.631076813,34.80956268,0.2107432187,34.777565,111.1057816,34.78247833,9.862528801,34.75099945,73.73156738,34.75595856,13.66979599,34.72399902,72.05747986,34.72895813,21.37828064,34.69608307,64.73915863,34.70098114,25.09302902,34.66897964,42.65939331,34.67389679,34.7539444,34.83531189,7.630502701,34.84022903,0.4523271024,34.86266708,95.29872131,34.86762619,6.254043579,34.89164734,72.50718689,34.89656067,19.81793022,34.9199791,62.92855072,34.92489243,15.804039,34.94666672,52.12862778,34.95162201,22.60480118,34.9730835,42.83756638,34.97797775,28.45929718,
36.00083542,8.499656677,36.00579071,-0.04686804488,36.02814484,110.6128922,36.03306198,10.78109932,36.05558395,61.84869003,36.06054306,17.04153061,36.08233261,72.42528534,36.08731461,17.47098351,36.10950089,57.08766556,36.11445618,18.48665237,36.13774872,44.84560776,36.14264679,27.81933784,36.30464554,8.774654388,36.30956268,0.4946413636,36.27791595,120.951889,36.28281403,9.833567619,36.25098038,82.1605835,36.25589752,15.6030035,36.22375107,77.6804657,36.2286644,18.60614204,36.19697952,71.48069,36.20189667,20.54826546,36.16981125,56.91266632,36.17479324,27.93694687,36.33506393,11.66950321,36.33997726,0.3823269606,36.36297989,98.46401978,36.36789703,9.156615257,36.39031219,70.25861359,36.39522934,13.98307037,36.41689301,64.34757233,36.42181396,13.7114954,36.44441605,46.7944603,36.44937515,16.85595512,36.47198105,39.98715973,36.47689438,32.12644196,
37.50083542,9.733270645,37.50579071,0.9246307015,37.52814484,114.5200119,37.53306198,14.27692223,37.55464554,65.2631073,37.55956268,14.64605331,37.58231354,76.88936615,37.58722687,19.32193756,37.60981369,55.62585068,37.61473083,17.30832291,37.63664627,48.39013672,37.6415596,32.32250595,37.80498123,8.146449089,37.80989456,-0.07019021362,37.77814484,111.7334137,37.78306198,9.40358448,37.75031281,86.19012451,37.75522995,17.90364647,37.72364426,88.95676422,37.72856522,18.84711075,37.69606018,55.78404236,37.70098114,18.43499756,37.6696434,48.92377472,37.67456055,29.8194828,37.83564377,9.547498703,37.84056473,0.5897095799,37.86249924,111.4537354,37.86748123,9.714229584,37.89031219,69.14012909,37.89522934,17.32222176,37.91798019,66.55926514,37.92289734,17.81812096,37.9453125,60.76689148,37.95024872,17.87437248,37.97347641,43.83272552,37.97839737,20.1171875,
39.00083542,8.72730732,39.00579071,1.2218045,39.02864456,125.638382,39.03356171,6.493506432,39.05531311,62.92113495,39.06023026,11.90789986,39.08331299,65.24157715,39.08823013,18.13553047,39.11064529,56.28680801,39.11556244,20.69618988,39.137146,51.53092194,39.14206314,32.72477722,39.30531311,11.73941803,39.31023026,0.09364391863,39.27791595,108.7876205,39.28281403,9.668811798,39.25124741,64.64194489,39.25614548,14.44649792,39.22281265,70.73039246,39.2277298,19.29268646,39.19564438,65.68199158,39.20062637,24.4996891,39.16914368,49.91212463,39.17406464,25.19018173,39.33556366,8.484417915,39.34047699,0.7392986417,39.36266708,101.5728531,39.36764908,10.00513649,39.39041901,78.7734375,39.39531326,14.51939774,39.41748047,70.11785889,39.42239761,15.58490467,39.44380951,53.38554001,39.4487915,24.77988434,39.47139359,49.06442642,39.47631454,27.20023155,
40.50083542,9.105900764,40.50579071,0.1403377354,40.52781296,107.3508377,40.5327301,14.46331596,40.55397797,64.12693787,40.55895996,13.98978329,40.58181,66.53163147,40.58673096,18.23636818,40.60898209,61.36346817,40.61389542,18.57040977,40.63631058,49.12414551,40.64122772,27.42308998,40.80331039,11.13177013,40.80822754,0.7094210982,40.77700043,111.7480698,40.78195953,11.33015537,40.74925232,74.61716461,40.75414658,15.6746397,40.7221489,69.80963135,40.72706223,19.02712631,40.69397736,62.08275986,40.69889832,21.18938828,40.66633224,56.28421783,40.67131424,28.41665077,40.83566666,8.172219276,40.84064484,0.8181966543,40.86314774,102.7177505,40.86806107,10.48026466,40.88999939,70.78812408,40.8949585,15.34741211,40.9168129,71.75319672,40.92173004,11.51000881,40.94425201,60.25362396,40.94920731,18.98376656,40.97241592,42.82115936,40.97731018,22.22850227,
42.00083542,7.46877718,42.00579071,0.3711005449,42.02714539,118.6143265,42.03206253,12.08931828,42.05498123,63.22637177,42.05989456,11.7823267,42.08331299,73.16652679,42.08823013,14.47488499,42.11064529,61.80344391,42.11556244,18.19440651,42.13781357,48.80620575,42.14278793,25.69789314,42.30897903,8.537279129,42.31395721,0.4607065618,42.28197861,118.5032654,42.28689957,11.08350849,42.253479,86.6151123,42.25839615,11.73764515,42.22541428,86.04871368,42.23031235,18.15413475,42.19797897,59.56051636,42.20289612,18.09561729,42.17081451,51.33864212,42.17572784,28.9177742,42.34098053,7.581911564,42.34589386,0.1416430622,42.3662262,104.538475,42.37114716,11.34414673,42.39314651,79.83409119,42.39812469,17.26052475,42.42108154,74.42720795,42.42597961,13.69438839,42.44789505,64.11817169,42.45281219,20.9578743,42.4750824,39.11600494,42.47998047,26.84861183,
43.50083542,13.65359688,43.50579071,0.4291640818,43.52714539,103.6040573,43.53212357,6.687777519,43.55464554,73.14379883,43.55956268,14.401124,43.58147812,70.36105347,43.58639908,15.68703365,43.60874939,60.80500412,43.61364746,16.54818535,43.63566589,54.97092819,43.640625,30.09259415,43.80297852,12.98478127,43.80789566,0.6110527515,43.77522659,104.459259,43.78014755,9.255945206,43.74758148,83.88578033,43.75256348,12.00855446,43.72100067,67.23593903,43.72595978,15.82566452,43.69556046,53.39945602,43.70048141,18.4443264,43.66858292,47.89160919,43.67347717,28.06208229,43.8350029,10.2818346,43.83997726,0.4280618429,43.86297989,112.4135742,43.86789703,5.916179657,43.89006424,77.98513794,43.89497757,12.03503609,43.91864395,62.73514175,43.92356491,15.86441326,43.94514465,58.5891571,43.9500618,23.54173851,43.9721489,46.29320526,43.97706223,23.67661095,
45.00083542,12.93234539,45.00579071,0.1625298858,45.02708435,103.0840759,45.03204346,10.72320461,45.05464554,80.27331543,45.05956268,8.065297127,45.08131027,69.30716705,45.08623123,15.62351131,45.10898209,59.01980591,45.11389542,17.06573296,45.13631058,51.69848633,45.14122772,22.29719353,45.30498123,11.11969948,45.30989456,-0.0236742422,45.27730942,111.5886841,45.28229141,11.00676632,45.25033188,84.23163605,45.25529099,7.430132866,45.22364426,75.80937958,45.22856522,13.84798813,45.19631195,65.9516449,45.2012291,21.05553818,45.16850281,53.62434769,45.1734581,28.75869751,45.33631134,10.62777424,45.34122849,0.9050880671,45.36481094,95.7905426,45.3697319,10.77891064,45.39008331,82.22573853,45.3950386,16.45478439,45.41781235,66.90384674,45.42272949,15.26624584,45.44516754,53.49813843,45.45012665,20.22499466,45.47164536,46.98674774,45.4765625,22.3670845,
46.50083542,9.827667236,46.50579071,0.233786881,46.52791595,109.9369354,46.53281403,10.18858719,46.55508041,74.53321075,46.55997849,10.5887022,46.58241653,76.29312897,46.58731461,18.17367554,46.60797882,54.10160065,46.61289597,22.3179245,46.63349915,52.38917923,46.63846207,20.99503326,46.80033493,13.08925343,46.80529022,0.9650303125,46.77283478,112.941864,46.77779007,11.43404961,46.74614716,77.72613525,46.75106049,11.09420681,46.71839523,76.89318848,46.72331238,22.32738876,46.69073105,60.30605316,46.69564438,20.78663635,46.66416931,54.4232254,46.6691246,25.52266502,46.83247757,6.791460991,46.83739471,1.387974024,46.86047745,102.7727737,46.86539841,7.629224777,46.88791656,80.17223358,46.89281464,15.03689194,46.91458511,69.86206055,46.91954422,18.71232986,46.94174957,57.7056694,46.94670868,19.5112381,46.96947861,42.18712234,46.97439957,27.91256523,
48.00083542,14.53577423,48.00579071,0.1870076358,48.02991486,118.7330627,48.03481293,10.54908752,48.05781174,69.99205017,48.06272888,11.17067814,48.08625031,68.99146271,48.09114456,15.65099907,48.11274719,57.98299026,48.11771011,16.86597824,48.14031219,62.41569519,48.14522934,32.94213104,48.31116486,12.46172905,48.31612396,0.9605225325,48.28356171,115.1851807,48.28847885,10.83865929,48.25699997,83.92732239,48.26195908,13.25646973,48.22941589,85.21191406,48.234375,14.69696236,48.20081329,64.15261078,48.20573044,22.14068222,48.1728096,58.60474014,48.17773056,31.07896805,48.34339523,6.996599674,48.34831238,1.104582787,48.37114716,96.38108826,48.37606049,8.885242462,48.39781189,75.00783539,48.40272903,12.63167858,48.42547989,76.10120392,48.43039703,13.41873932,48.45291901,64.34561157,48.45781326,21.70180321,48.48050308,50.93164825,48.48545837,23.18494034,
49.50083542,6.991530418,49.50579071,-0.1930036247,49.52947998,103.2794724,49.53439713,10.4085083,49.55764389,75.43753815,49.56256104,10.85855007,49.58449936,64.11105347,49.58945847,14.512537,49.61133194,63.17956924,49.61629105,17.8843689,49.6387291,44.72663116,49.64364243,24.01621819,49.8056488,8.881711006,49.81056213,0.6440379024,49.77866745,114.6666031,49.78362656,9.747057915,49.75048065,78.96342468,49.75545502,13.04750824,49.72364426,84.36755371,49.72862625,17.71762466,49.69697952,69.61434174,49.70189667,19.09689713,49.6696434,49.63877869,49.67456055,32.12530136,49.8384819,9.667459488,49.84339523,1.299545169,49.86497879,102.3642578,49.86989594,7.321202755,49.89324951,79.16008759,49.89814377,14.67682076,49.92016602,79.78710175,49.92512512,12.63395882,49.94697952,63.30637741,49.9519577,21.04425812,49.97414398,47.20288086,49.97912598,27.59768105,
51.00083542,10.26206207,51.00579071,1.265911818,51.0284996,114.0769882,51.03345871,12.40879536,51.05614471,82.92950439,51.06106186,12.82082462,51.08341599,72.29708862,51.08831406,11.99913788,51.11208344,61.22745514,51.11698151,17.97947311,51.13950348,59.00546265,51.14445877,34.64708328,51.3065834,14.21155262,51.3115387,0.5885953903,51.27947998,109.9522018,51.28439713,8.328802109,51.25291824,82.00377655,51.2578125,15.24712086,51.22531509,77.91593933,51.23022842,22.76477242,51.19864655,62.0514183,51.20356369,18.50362015,51.17214584,58.80457306,51.17706299,27.80146027,51.33991623,9.723137856,51.34481049,0.3609153032,51.36681366,91.94036102,51.37172699,6.861623764,51.39414597,83.06974792,51.39912415,13.96042538,51.42097855,77.21721649,51.42596054,14.65438652,51.44864655,49.92857361,51.45356369,20.10412025,51.47514725,43.91479874,51.48006058,29.97789001,
52.50083542,5.968779087,52.50579071,0.02363730967,52.52941513,118.1051712,52.5343132,7.569488525,52.55548096,72.4606781,52.5603981,14.5661974,52.58264542,80.96574402,52.58756256,9.02233696,52.60964584,55.95726013,52.61456299,14.05509377,52.63691711,56.478405,52.64189529,33.51155853,52.80814743,12.17022991,52.81312561,0.5668265224,52.78131104,104.9636002,52.78623199,9.473709106,52.75281143,79.71805573,52.75773239,7.522113323,52.72425079,77.82292938,52.72914505,10.83079815,52.69658279,72.88143921,52.7015419,15.74688435,52.66981125,53.87697983,52.67472839,29.02035332,52.84114456,10.96162224,52.84612656,3.144211292,52.86830902,110.5900803,52.87322998,9.728040695,52.89664841,81.79187775,52.90156174,14.84508991,52.9239769,74.01257324,52.92889404,15.54561901,52.95131302,69.01821899,52.95623016,20.14435959,52.9786644,44.00584412,52.98362732,23.71551132,
54.00083542,10.29935455,54.00579071,1.223646998,54.0296669,111.736412,54.03462219,9.726344109,54.05531311,73.89328766,54.06023026,8.398433685,54.08264542,71.11067963,54.08756256,12.9798851,54.10983658,65.3538208,54.11479187,15.87115574,54.13747787,48.05252075,54.14239502,20.75167274,54.30731201,10.24152756,54.31225204,1.952206254,54.27883148,97.63719177,54.2837944,10.59466076,54.25197601,69.47890472,54.25689697,9.569490433,54.22455978,73.98461914,54.22948074,16.05278969,54.19824982,64.4695282,54.20314407,15.63140583,54.17064667,53.12137222,54.17562485,24.49866867,54.33781433,9.621613503,54.34272766,0.1447841525,54.36489487,106.8385086,54.36981201,9.657889366,54.39289474,84.85041809,54.39781189,15.06934834,54.41931152,70.22252655,54.42423248,12.56210041,54.44700241,63.25793457,54.4519577,17.87022781,54.47364426,53.83663177,54.47862625,24.4501667,
55.50083542,8.079201698,55.50579071,0.482090354,55.52747726,100.0416641,55.53239822,8.097262383,55.55481339,64.62102509,55.55973053,11.12294674,55.58147812,61.48389816,55.58639908,15.61698055,55.60974884,55.24344635,55.6146431,15.25901413,55.63731384,54.94318771,55.64222717,24.42442513,55.8056488,7.191419601,55.81056213,0.4069711864,55.77724838,100.1399307,55.78216553,5.059101582,55.74981308,84.26378632,55.75472641,12.9505825,55.72366714,76.40556335,55.72862625,14.65299988,55.69641495,63.2507515,55.70137405,20.6295433,55.66999817,54.98078156,55.67496109,32.00094986,55.83614349,8.763708115,55.84106445,0.3429607451,55.86423111,101.1918259,55.86914444,6.244109631,55.89164734,71.85702515,55.89656067,15.00731182,55.91864395,69.01111603,55.92356491,17.89809608,55.94431305,62.5120697,55.94923019,17.93764305,55.9718132,36.98557663,55.97673035,22.63793564,
57.00083542,13.69963551,57.00579071,1.321100831,57.02764511,112.73909,57.03256607,6.451918602,57.05347824,82.29239655,57.05839539,10.17837143,57.08014679,66.17768097,57.08506393,15.95497322,57.10749817,66.75308228,57.11248016,15.9602108,57.13447952,60.38843536,57.1394577,25.48119164,57.3037529,10.48859119,57.30864716,0.3254376054,57.27633286,123.330162,57.28129196,10.28030682,57.24900055,84.10236359,57.25395966,11.59833622,57.2221489,80.04875946,57.22706223,15.7637558,57.19447708,65.08074951,57.19945908,24.17109299,57.16758347,66.05950928,57.17247772,24.3708992,57.33416748,10.39755344,57.33912277,0.7959733009,57.36149979,99.70452881,57.36645889,8.45501709,57.38930893,82.02102661,57.39422989,16.04484749,57.41648102,71.25249481,57.42139435,14.27467251,57.44197845,61.55464554,57.4468956,17.07035065,57.46931076,52.10870743,57.47423172,21.94304085,
58.50083542,11.0164299,58.50579071,0.6250751615,58.52783203,95.89306641,58.53279114,8.429701805,58.55464554,69.76295471,58.55956268,9.688848495,58.58258438,72.66713715,58.58747864,15.95545578,58.60981369,61.41779709,58.61473083,13.5925169,58.63541794,50.53322601,58.64031219,25.3992691,58.80291748,9.909490585,58.80781174,0.4167790413,58.77481461,104.9465408,58.77972794,10.00335026,58.74808502,82.86577606,58.75297928,14.61644363,58.71966553,89.2277298,58.72462463,17.11665916,58.69248199,63.2228241,58.69739532,22.40301895,58.66575241,56.11165237,58.67064667,27.22462654,58.83281326,7.024297714,58.83772659,0.4879000783,58.86081314,116.1282578,58.86573029,8.805400848,58.88764572,83.74673462,58.89256287,10.11581135,58.91508484,79.04932404,58.9199791,8.254014015,58.94181442,68.56363678,58.94672775,19.70072556,58.97031403,45.45454788,58.97522736,20.96461105,
60.00083542,10.20821953,60.00579071,0.2855511308,60.02814484,110.4308929,60.03306198,9.569729805,60.05347824,76.13128662,60.05839539,7.23845005,60.08097839,71.9056778,60.08589554,15.83081818,60.1074791,62.90024567,60.11246109,20.04527855,60.13508224,56.43983078,60.1399765,24.43135834,60.29998016,8.844652176,60.30489349,0.2158428729,60.27291489,114.1488113,60.27787781,11.53864193,60.24608231,87.48225403,60.25106049,19.1029911,60.21933365,74.26846313,60.22431183,14.9509573,60.19298172,63.22064972,60.19789505,17.73638535,60.16575241,45.85458374,60.1707077,25.81840897,60.33147812,12.39484501,60.33639908,0.7840254903,60.35898209,122.2075882,60.36389542,6.778309822,60.38564301,91.19489288,60.39056396,17.66820145,60.413414,68.76959991,60.41831207,12.01179218,60.44174957,63.2481041,60.44664764,19.15690041,60.46924973,52.22451401,60.47414398,22.00905609,
61.50083542,11.87186623,61.50579071,0.1452643722,61.52733231,110.9206619,61.53231049,8.115113258,61.55464554,78.12004852,61.55956268,8.457201958,61.58189774,78.73862457,61.58681107,12.80206776,61.61014557,63.5632515,61.61506271,14.59497643,61.63747787,54.47296524,61.64239502,32.10242462,61.80414581,10.07145882,61.80906296,0.1445539296,61.77680969,110.6268082,61.78173065,9.374483109,61.74947739,87.70415497,61.75439453,15.47470665,61.72247696,77.44792938,61.72739792,14.51593113,61.69516754,67.26791382,61.70012665,23.16960144,61.6684761,53.61299896,61.67339706,28.36846161,61.8349762,10.93001366,61.83989716,0.3209401071,61.86281204,106.2208405,61.86772919,9.254059792,61.89097977,86.90684509,61.8958931,16.29132843,61.91864395,79.55576324,61.92356491,11.84612083,61.94533157,60.04555511,61.95029449,14.37691689,61.97264481,53.35322189,61.97756195,20.12451172,
63.00083542,9.148126602,63.00579071,0.3317064047,63.02898026,95.71645355,63.03389359,7.66311121,63.05597687,78.25447845,63.06089783,8.497373581,63.08298111,79.68318176,63.08789444,10.51734638,63.10991669,75.68075562,63.11481094,13.87658691,63.13633347,57.03969193,63.14131165,27.03838539,63.30464554,7.853155136,63.30956268,1.437120199,63.27797699,113.205658,63.28289413,9.863447189,63.25056076,76.34313965,63.25548172,11.60598469,63.22314453,78.97143555,63.22806549,18.78609085,63.19714737,72.26696777,63.20206451,20.560606,63.16897964,53.76239014,63.17389679,24.45965385,63.33681107,10.53327751,63.34172821,0.07117944211,63.36473083,103.3403625,63.36964417,8.943491936,63.39125061,79.33535004,63.3962059,16.15710258,63.41914368,74.27301788,63.42406464,10.854949,63.44566727,56.8911438,63.45064545,13.9960146,63.47275162,47.8380394,63.47771072,23.55016327,
64.5008316,7.314499855,64.50579071,0.4932588339,64.52872467,110.7498016,64.53364563,9.774035454,64.55574799,68.51265717,64.56064606,8.152044296,64.58248138,80.49491882,64.58745575,13.53674316,64.61014557,64.03324127,64.61506653,17.54839325,64.63674927,62.39460373,64.64164734,25.37374496,64.80356598,9.093084335,64.80847931,0.2233250588,64.77641296,106.6692734,64.7813797,16.01551247,64.74974823,88.96017456,64.7546463,9.148503304,64.72197723,90.53498077,64.72689819,19.5698452,64.69483185,69.5174408,64.69979095,14.65071869,64.66716766,58.20356369,64.67212677,24.3746624,64.83597565,13.96773052,64.84089661,1.087341309,64.86364746,108.5544891,64.86856079,7.357449055,64.89064789,76.7427063,64.89556122,12.47104073,64.91733551,68.90884399,64.92228699,10.50280952,64.94456482,69.85578918,64.94947815,18.0815773,64.96997833,51.20189667,64.97489166,21.13435364,
66.0008316,13.13456535,66.00579071,0.377330035,66.0276413,107.277153,66.03262329,9.444182396,66.05522919,74.64361572,66.06014252,6.788524151,66.08297729,72.81197357,66.08789825,11.65827751,66.11031342,66.53574371,66.11522675,15.81582069,66.13748169,66.00361633,66.14239502,29.95630836,66.30181122,12.92900181,66.30673218,0,66.27442169,115.8699951,66.27937317,9.109856606,66.24764252,81.40953827,66.25256348,13.00048256,66.22214508,65.30386353,66.22706604,23.58287621,66.1953125,63.61658096,66.20022583,14.31014538,66.16791534,58.98519897,66.17281342,22.7410183,66.33397675,9.035038948,66.33895874,0.3042786121,66.36114502,108.9687729,66.36612701,11.73465538,66.38864899,78.83869934,66.39356232,14.5321064,66.41614532,71.95370483,66.42105865,11.4524107,66.44206238,61.46154022,66.44698334,20.12749672,66.46956635,47.22917557,66.47447968,22.25231743,
67.5008316,10.9242897,67.50579071,1.360414267,67.52797699,110.2560806,67.53289032,8.263685226,67.55531311,76.55628967,67.56022644,6.247977734,67.5814743,69.21926117,67.58639526,12.08576107,67.60897827,61.2404747,67.61396027,13.43018627,67.637146,57.85668945,67.64208221,21.89183235,67.80614471,11.31634712,67.81106567,0.05175983533,67.78108215,110.1196289,67.78598022,11.26034737,67.75366974,81.01016998,67.75862885,11.93717766,67.72615051,79.43869019,67.73106384,14.41497803,67.69898224,75.443367,67.70389557,19.99526596,67.67081451,64.13816833,67.67572784,21.55630684,67.83747864,10.5180769,67.84239197,0.6845273376,67.86408234,103.8243332,67.86898041,7.757118225,67.8911438,79.07518768,67.89612579,11.33990574,67.91841888,68.04376984,67.92333221,9.00945282,67.94633484,56.98947144,67.95128632,16.70250893,67.97208405,48.33865356,67.97697449,27.44515991,
69.0008316,9.577301979,69.0058136,0.4907230139,69.02897644,94.33246613,69.0338974,8.313200951,69.05648041,78.44796753,69.06139374,11.4637537,69.08366394,71.91005707,69.08862305,16.64266777,69.11048126,55.61528015,69.11539459,15.80747986,69.13774872,55.58373642,69.14264679,25.47966003,69.30631256,9.226821899,69.31123352,0.7733045816,69.27950287,116.3735809,69.28445435,9.293102264,69.25131226,79.0098114,69.25622559,8.590308189,69.22463989,82.38511658,69.22956848,18.47417831,69.1969986,71.4745636,69.20198059,17.62828255,69.17031097,57.95613861,69.1752243,26.09967995,69.33750153,8.579998016,69.342453,0.2352609038,69.36414337,106.5469437,69.3690567,12.87926292,69.39074707,100.8535233,69.39566803,15.41051292,69.41864777,78.25104523,69.4235611,9.021920204,69.44547272,61.16277313,69.45040131,20.65270424,69.47314453,54.04528809,69.47805786,22.01768112,
70.5008316,12.59126759,70.50579071,0.5755323768,70.52724457,102.2315063,70.53217316,12.18995667,70.55464935,65.22357941,70.55956268,8.101603508,70.58125305,81.07298279,70.58616638,13.55594349,70.60914612,69.6135788,70.61405945,19.14243698,70.63631439,55.17420197,70.64122772,26.56448174,70.80316925,12.21568966,70.80812073,0.8895727992,70.77549744,98.9311142,70.78046417,8.471855164,70.7483139,85.75697327,70.75322723,9.684883118,70.72180939,73.87304688,70.72672272,14.56092644,70.69341278,71.32107544,70.69831848,20.91414642,70.66708374,64.485466,70.67198181,24.51423836,70.83533478,10.52243328,70.84029388,0.538384378,70.8629837,105.5965195,70.86789703,11.27387619,70.88980865,79.45898438,70.89472961,14.74426746,70.91714478,69.03135681,70.92206573,13.43939209,70.94516754,63.26238251,70.95011902,20.025177,70.97214508,50.42990112,70.97705841,21.96652603,
72.0008316,11.54422092,72.00579071,0.4483076334,72.02848053,113.1055832,72.03340149,10.32660866,72.05641174,68.88435364,72.06130981,4.496083736,72.08316803,74.37599945,72.08812714,14.07845783,72.11091614,63.76621246,72.11581421,16.95449638,72.13747406,56.13957596,72.14240265,29.05522919,72.30599976,12.25923634,72.31095886,1.005001545,72.27914429,103.9756088,72.28406525,15.96337414,72.25241852,72.69473267,72.25731659,11.96795464,72.22481537,86.51387024,72.2297287,13.72558498,72.19750214,60.38964081,72.20246124,19.2531662,72.17031097,59.56766129,72.1752243,24.26811218,72.33864594,8.731946945,72.34355927,0.9570751786,72.36547852,104.2943192,72.37039185,9.334638596,72.39258575,82.30492401,72.3974762,9.870043755,72.42114258,68.97389984,72.42606354,11.69604492,72.44773102,66.08258057,72.45264435,14.05349636,72.47514343,51.95861053,72.48006439,24.13280106,
73.5008316,8.086253166,73.50579071,1.100083113,73.52748108,106.2883377,73.53239441,11.00471592,73.55475616,83.04367828,73.55964661,8.685747147,73.58164978,70.31012726,73.58656311,10.33057785,73.60839844,64.12767792,73.61331177,10.9011116,73.6359787,52.70023727,73.64089203,18.5759964,73.80591583,14.54349613,73.81087494,0.1912182868,73.77815247,113.8896866,73.7830658,9.446332932,73.7514801,82.4278717,73.75639343,10.53202057,73.72398376,79.09941101,73.72889709,19.101717,73.69680786,67.96392822,73.70172882,20.38366508,73.66924286,58.53508377,73.67420959,21.74937439,73.83764648,10.77887821,73.84255981,0.7448163033,73.86481476,107.3497849,73.86972809,9.343979836,73.89163971,85.00484467,73.8965683,11.70435619,73.9196701,73.71586609,73.92462921,14.36761284,73.94641876,64.20681,73.9513092,17.03198242,73.97416687,43.38777161,73.97912598,13.76747704,
75.0008316,12.78140831,75.00579071,0.9347633719,75.02797699,88.35290527,75.03289032,7.053992271,75.05614471,72.88955688,75.06105804,10.84198856,75.08348083,69.55332184,75.08839417,14.06253719,75.11097717,61.07289124,75.1158905,15.21300602,75.13856506,51.08832169,75.14347839,22.3037262,75.3091507,14.57967854,75.31406403,0.4441327751,75.2808075,108.345787,75.28572845,10.23866558,75.25325012,81.01929474,75.25814819,10.8711071,75.22531128,90.03565979,75.23023224,15.56713867,75.19791412,67.0519104,75.20283508,17.82476807,75.17031097,61.43278885,75.17529297,26.65654755,75.34216309,15.297925,75.34712982,0.2360829115,75.36898041,103.1088104,75.37389374,12.31377316,75.39591217,75.95209503,75.40087891,9.890497208,75.42365265,70.486763,75.42856598,11.72749424,75.45064545,63.7336235,75.45556641,19.05504036,75.47748566,49.70583725,75.48239899,19.76246643,
76.5008316,7.411328793,76.50579071,1.549320102,76.52848053,106.3472061,76.53340149,8.08853817,76.55691528,73.02645874,76.56181335,7.877642155,76.58431244,75.07522583,76.58922577,11.33516216,76.6129837,58.33866501,76.61789703,16.73195839,76.63989258,55.59382248,76.64481354,29.84638023,76.80641174,9.80738163,76.81130981,-0.02395496517,76.77914429,112.3590164,76.78406525,8.975000381,76.75215149,89.19759369,76.75706482,14.56564045,76.72531128,84.00622559,76.73023224,14.41095257,76.69780731,60.91038895,76.70272827,14.23823071,76.67073059,56.06045914,76.67564392,24.74557877,76.83850098,10.63327599,76.84346008,0.5049357414,76.8658371,94.74808502,76.87081146,8.294205666,76.89339447,79.3883667,76.89831543,16.51571655,76.92047882,75.68709564,76.92539978,10.95836353,76.94616699,62.50625229,76.9511261,13.70734119,76.97291565,47.97815323,76.97781372,20.88902473,
78.0008316,9.892664909,78.00579071,0,78.02864838,105.1932449,78.03356171,8.685595512,78.05547333,72.84801483,78.06045532,8.613142014,78.08348083,77.60411835,78.08839417,10.79252148,78.10997772,59.63193512,78.11495972,13.95393753,78.13747406,59.69866943,78.14240265,23.62685013,78.30547333,7.667655468,78.31039429,0.8466007113,78.27799988,111.0970459,78.28295898,9.513192177,78.25108337,88.04414368,78.25603485,11.20467854,78.22398376,81.77301788,78.22895813,19.28878593,78.19631195,83.11142731,78.20122528,16.34415817,78.16983032,56.772789,78.17478943,24.62922478,78.3385849,11.05237865,78.34348297,0.6907064319,78.3653183,96.86920929,78.37028503,9.586707115,78.39222717,91.84947205,78.39720917,13.47358418,78.41915131,68.82914734,78.42406464,7.939966202,78.44675446,62.67271805,78.4516449,15.64565849,78.47380829,56.98691559,78.47872925,21.29870033,
79.5008316,11.87274361,79.50579071,1.471581578,79.52864838,108.0910873,79.53356171,11.82444668,79.55514526,60.64612961,79.56012726,9.717013359,79.58325195,89.98135376,79.5881424,16.05737305,79.6098175,66.60690308,79.61479187,13.59747601,79.63681793,59.81135559,79.64173126,26.71924019,79.80514526,7.747620106,79.81005859,0.4930619001,79.77804565,107.5565643,79.78297424,11.11736488,79.75041199,91.09846497,79.75531769,10.04776859,79.72380829,75.43281555,79.72872925,19.06248474,79.69625092,71.11612701,79.70114899,21.99395561,79.66856384,60.27692032,79.67347717,27.60482025,79.83605957,14.67889881,79.84098053,0.5974143744,79.86316681,102.9345703,79.86812592,10.9486351,79.89181519,77.68952179,79.8967514,11.92725849,79.92047882,76.53934479,79.92539978,10.01653671,79.94764709,59.69969177,79.95256042,20.89028168,79.97414398,51.78624344,79.97905731,19.71439934,
81.0008316,6.367331505,81.00579071,-0.0489009507,81.02831268,87.46848297,81.03329468,9.286328316,81.0556488,73.15718079,81.06056213,9.603210449,81.08214569,74.26778412,81.08705902,12.12213802,81.11074829,56.53744125,81.1157074,15.70821953,81.13864899,56.17137909,81.14356232,24.52396774,81.30323029,9.982692719,81.30814362,0.3231419325,81.27633667,105.9201813,81.28128815,8.758359909,81.24898529,83.09033966,81.25389862,12.0078125,81.22114563,80.24256134,81.22606659,17.51859856,81.19438934,62.20363617,81.19931793,17.56099892,81.16931152,63.43642044,81.17422485,20.71791649,81.33348083,9.681522369,81.33839417,0.3889347911,81.36081696,122.7135162,81.36573029,10.13738441,81.38749695,92.91326904,81.39245605,11.45948982,81.41506195,71.85083008,81.41997528,10.75217342,81.44197845,64.21907043,81.44689941,15.3346653,81.46875,57.86296844,81.47370911,17.94402504,
82.5008316,9.361138344,82.50579071,1.208588123,82.52841949,99.44462585,82.53333282,9.962375641,82.55680847,70.02999115,82.56172943,11.63465691,82.58531189,70.37659454,82.59022522,10.19141102,82.61331177,56.22779083,82.61823273,13.32508469,82.64058685,57.09720993,82.64547729,24.02210808,82.80747986,12.95094776,82.81239319,0.4053796232,82.77975464,101.3317642,82.78464508,8.104605675,82.75224304,89.10577393,82.75714874,10.80403233,82.72608185,96.19913483,82.73097992,14.64537239,82.69791412,66.11611176,82.70281219,17.30120468,82.67131042,59.211483,82.67623138,23.1183567,82.83791351,10.03035164,82.84281158,0.5392225385,82.86592102,98.18449402,82.87081146,8.243312836,82.89308167,75.22741699,82.89797974,13.59903336,82.91931152,74.34143829,82.92422485,13.68021297,82.9473114,61.43632889,82.95224762,15.5367918,82.97358704,59.14200592,82.9785614,21.5757637,
84.0008316,9.286678314,84.00579071,0.2602564692,84.02849579,102.5187683,84.0334549,9.666187286,84.05532837,66.81044769,84.0602951,9.895641327,84.08280945,80.45348358,84.08773041,10.68065739,84.11139679,70.87869263,84.11631012,13.86445236,84.1391449,59.91898727,84.14405823,18.37809753,84.3065033,11.47599316,84.31145477,0.717005372,84.27980804,104.2293472,84.28473663,11.32385826,84.25305939,84.47927094,84.25797272,9.785353661,84.22664642,88.08667755,84.23155975,14.24836922,84.19922638,69.20549011,84.20413971,17.03007317,84.17214203,69.34076691,84.17705536,21.45077515,84.3378067,12.25992012,84.34273529,1.127740026,84.36481476,98.37979889,84.36972809,8.056647301,84.39214325,88.5618515,84.39706421,15.87945938,84.41941833,69.13195038,84.42431641,12.79338455,84.44625092,72.02713013,84.45114899,13.17542267,84.47389221,50.90210724,84.47887421,22.30996132,
85.5008316,12.09813309,85.50579071,0.5940782428,85.52815247,98.71297455,85.5330658,7.216543198,85.55514526,73.54813385,85.56005859,11.71510029,85.58264923,74.4287262,85.58756256,11.59681034,85.60948181,67.05129242,85.61446381,12.77910042,85.63664246,59.47590256,85.64162445,17.0040493,85.80356598,9.861514091,85.80847931,0.4919645786,85.77742004,106.6562958,85.78231812,10.14227676,85.7514801,94.87471771,85.75639343,10.51779938,85.72380829,77.15632629,85.72879028,13.45965862,85.69691467,70.99421692,85.70181274,18.54360199,85.66964722,55.71017075,85.67456055,16.95715904,85.83675385,8.206302643,85.84164429,0.4734960794,85.86347961,94.56089783,85.86839294,8.915801048,85.89098358,77.92956543,85.89589691,11.84739494,85.91831207,71.40660095,85.9232254,14.25137329,85.94515228,64.85424042,85.95011902,14.95833015,85.97264862,48.86095428,85.97756195,19.65933418,
87.0008316,10.24798203,87.00579071,0.3760724068,87.02748108,102.359436,87.03239441,8.624570847,87.05464935,76.28179169,87.05956268,8.729599953,87.08114624,77.71897125,87.08605957,10.97960949,87.10797882,76.02749634,87.11295319,16.997509,87.13530731,48.42503738,87.14022827,24.13415909,87.30364227,15.71394348,87.30856323,0.2667313516,87.2760849,112.5376282,87.28099823,8.87364006,87.24873352,78.71960449,87.25364685,12.98029423,87.22231293,92.61547089,87.22722626,15.53202438,87.19506073,73.4934082,87.19997406,22.31855392,87.16764069,56.80923843,87.17256165,24.09461594,87.33397675,10.67337513,87.33895874,1.299959898,87.36131287,102.789093,87.3662262,7.212345123,87.3891449,74.39660645,87.39405823,12.41588211,87.41648102,72.44462585,87.42139435,10.96615696,87.44308472,58.39692688,87.44806671,16.13212013,87.47042084,55.22836685,87.4753952,21.43291664,
88.5008316,8.8132658,88.50579071,0.5439795852,88.52897644,109.8394318,88.5338974,10.14454174,88.55575562,68.39395905,88.56064606,11.14846134,88.58280945,71.0980835,88.58773041,10.46345139,88.60997772,72.17541504,88.61489105,14.09939194,88.63658142,60.37033463,88.64147949,25.49588776,88.80525208,11.18724346,88.81020355,2.027604818,88.77849579,108.6152573,88.7834549,19.0243206,88.75092316,86.23633575,88.7558136,12.72145653,88.72280884,78.23458099,88.7277298,13.90894222,88.69481659,69.32653809,88.69979095,18.42518234,88.6676712,60.24154663,88.67264557,22.92400932,88.8378067,8.108171463,88.84273529,0.1443834752,88.86450195,102.4105072,88.86948395,12.94947147,88.89281464,84.70849609,88.89772797,12.62339783,88.92198181,75.18690491,88.92689514,16.84838676,88.94881439,63.5412178,88.95372772,17.34947777,88.97547913,53.71312714,88.98039246,22.61154938,
90.0008316,10.12290382,90.00579071,0.776689887,90.02783203,109.1977158,90.03279114,8.480212212,90.05491638,71.7564621,90.05981445,10.22031498,90.08181,73.85559845,90.08672333,13.95668507,90.10830688,62.43444061,90.11323547,14.6173687,90.13566589,62.34810257,90.14064789,22.06037712,90.30472565,9.573439598,90.30964661,0.146939978,90.27697754,111.4564362,90.28189087,10.15360546,90.25039673,85.76005554,90.25531769,10.67792988,90.22298431,84.00489807,90.22795868,15.62208557,90.19597626,71.87640381,90.20089722,16.64351845,90.1677475,57.91281509,90.17264557,28.15455818,90.33474731,12.85535336,90.33970642,0.1506477892,90.36241913,85.53456116,90.36730957,6.381390572,90.38973236,81.38474274,90.39464569,15.51912117,90.41831207,80.00403595,90.4232254,12.56989861,90.44591522,60.36693573,90.45081329,14.68322563,90.47257996,53.85032272,90.47748566,19.74385071,

Sample A1_Ex555_Em570,
Sample A1_Ex555_Em570
Collection Time: 30-Aug-23 2:56:29 PM
Operator Name  :
Kinetics Software Version: 1.2(146)
Parameter List :
Report Time: Wed 30 Aug 02:56:29 PM 2023
Software version: 1.2(146)
Operator:
Instrument Parameters
Instrument                        Cary Eclipse
Instrument Serial Number          MY18160001
Data mode                         Fluorescence
Ex. wavelengths (nm)              555.0000 ; 555.0000
Em. wavelengths (nm)              570.0000 ; 665.0000
Ex. Slit (nm)                     5
Em. Slit (nm)                     5
Averaging Time (s)                0.1000
Cycle time(min)                   1.5000
Stop time(min)                    90.0000
Emission filter                   Open
Excitation Filter                 Auto
PMT voltage (V)                   900
Wellplate                         ON
Plate format                     96 Wells
Read position                    Well centre
Multi-zero                       OFF
Auto-zero                        OFF
Well                            A1
Comments:
Method Log     :
Method Name    : Default
Date/Time stamp: 30-Aug-23 2:49:57 PM
Method Modifications:
Wellplate Overlay Mode Changed: 30-Aug-23 2:50:02 PM, Old:Individual, New:Choice 1
Wellplate Overlay Mode Changed: 30-Aug-23 2:50:02 PM, Old:Overlay all, New:Choice 2
Wellplate Overlay Mode Changed: 30-Aug-23 2:50:02 PM, Old:Overlay rows, New:Choice 3
Wellplate Overlay Mode Changed: 30-Aug-23 2:50:02 PM, Old:Overlay columns, New:Choice 4
Wellplate Overlay Mode Changed: 30-Aug-23 2:50:02 PM, Old:User defined, New:Overlay columns
PMT Volts Changed: 30-Aug-23 2:51:01 PM, Old:600, New:800
Well plate reader Changed: 30-Aug-23 2:51:01 PM, Old:OFF, New:ON
Multiwavelength Changed: 30-Aug-23 2:51:01 PM, Old:OFF, New:ON
Excitation Wavelengths 1 Changed: 30-Aug-23 2:51:01 PM, Old:   350.0000, New:   555.0000
Emission Wavelengths 1 Changed: 30-Aug-23 2:51:01 PM, Old:   450.0000, New:   570.0000
Excitation Wavelengths 2 Changed: 30-Aug-23 2:51:01 PM, Old:   360.0000, New:   555.0000
Emission Wavelengths 2 Changed: 30-Aug-23 2:51:01 PM, Old:   460.0000, New:   665.0000
Excitation Wavelength Changed: 30-Aug-23 2:51:01 PM, Old: 400.00, New: 555.00
Emission Wavelength Changed: 30-Aug-23 2:51:01 PM, Old: 600.00, New: 570.00
Cycle Time 1 Changed: 30-Aug-23 2:51:01 PM, Old: 0.0000, New: 0.4000
Emission PMT (V): Changed: 30-Aug-23 2:51:01 PM, Old: 600, New: 800
Wellplate Samples Changed: 30-Aug-23 2:51:01 PM, Old:, New:A1;A2;A3;A4;A5;A6;B1;B2;B3;B4;B5;B6;C1;C2;C3;C4;C5;C6;
PMT Volts Changed: 30-Aug-23 2:53:11 PM, Old:800, New:900
Emission PMT (V): Changed: 30-Aug-23 2:53:11 PM, Old: 800, New: 900
Cycle Time 1 Changed: 30-Aug-23 2:56:22 PM, Old: 0.4000, New: 1.5000
Stop Time 1 Changed: 30-Aug-23 2:56:22 PM, Old: 1.0000, New:90.0000
End Method Modifications

Sample A1_Ex555_Em665,
Sample A1_Ex555_Em665
Collection Time: 30-Aug-23 2:56:29 PM
Operator Name  :
Kinetics Software Version: 1.2(146)
Parameter List :
Report Time: Wed 30 Aug 02:56:29 PM 2023
Software version: 1.2(146)
Operator:
Instrument Parameters
Instrument                        Cary Eclipse
Instrument Serial Number          MY18160001
Data mode                         Fluorescence
Ex. wavelengths (nm)              555.0000 ; 555.0000
Em. wavelengths (nm)              570.0000 ; 665.0000
Ex. Slit (nm)                     5
Em. Slit (nm)                     5
Averaging Time (s)                0.1000
Cycle time(min)                   1.5000
Stop time(min)                    90.0000
Emission filter                   Open
Excitation Filter                 Auto
PMT voltage (V)                   900
Wellplate                         ON
Plate format                     96 Wells
Read position                    Well centre
Multi-zero                       OFF
Auto-zero                        OFF
Well                            A1
Comments:
Method Log     :
Method Name    : Default
Date/Time stamp: 30-Aug-23 2:49:57 PM
Method Modifications:
Wellplate Overlay Mode Changed: 30-Aug-23 2:50:02 PM, Old:Individual, New:Choice 1
Wellplate Overlay Mode Changed: 30-Aug-23 2:50:02 PM, Old:Overlay all, New:Choice 2
Wellplate Overlay Mode Changed: 30-Aug-23 2:50:02 PM, Old:Overlay rows, New:Choice 3
Wellplate Overlay Mode Changed: 30-Aug-23 2:50:02 PM, Old:Overlay columns, New:Choice 4
Wellplate Overlay Mode Changed: 30-Aug-23 2:50:02 PM, Old:User defined, New:Overlay columns
PMT Volts Changed: 30-Aug-23 2:51:01 PM, Old:600, New:800
Well plate reader Changed: 30-Aug-23 2:51:01 PM, Old:OFF, New:ON
Multiwavelength Changed: 30-Aug-23 2:51:01 PM, Old:OFF, New:ON
Excitation Wavelengths 1 Changed: 30-Aug-23 2:51:01 PM, Old:   350.0000, New:   555.0000
Emission Wavelengths 1 Changed: 30-Aug-23 2:51:01 PM, Old:   450.0000, New:   570.0000
Excitation Wavelengths 2 Changed: 30-Aug-23 2:51:01 PM, Old:   360.0000, New:   555.0000
Emission Wavelengths 2 Changed: 30-Aug-23 2:51:01 PM, Old:   460.0000, New:   665.0000
Excitation Wavelength Changed: 30-Aug-23 2:51:01 PM, Old: 400.00, New: 555.00
Emission Wavelength Changed: 30-Aug-23 2:51:01 PM, Old: 600.00, New: 570.00
Cycle Time 1 Changed: 30-Aug-23 2:51:01 PM, Old: 0.0000, New: 0.4000
Emission PMT (V): Changed: 30-Aug-23 2:51:01 PM, Old: 600, New: 800
Wellplate Samples Changed: 30-Aug-23 2:51:01 PM, Old:, New:A1;A2;A3;A4;A5;A6;B1;B2;B3;B4;B5;B6;C1;C2;C3;C4;C5;C6;
PMT Volts Changed: 30-Aug-23 2:53:11 PM, Old:800, New:900
Emission PMT (V): Changed: 30-Aug-23 2:53:11 PM, Old: 800, New: 900
Cycle Time 1 Changed: 30-Aug-23 2:56:22 PM, Old: 0.4000, New: 1.5000
Stop Time 1 Changed: 30-Aug-23 2:56:22 PM, Old: 1.0000, New:90.0000
End Method Modifications

Sample A2_Ex555_Em570,
Sample A2_Ex555_Em570
Collection Time: 30-Aug-23 2:56:29 PM
Operator Name  :
Kinetics Software Version: 1.2(146)
Parameter List :
Report Time: Wed 30 Aug 02:56:29 PM 2023
Software version: 1.2(146)
Operator:
Instrument Parameters
Instrument                        Cary Eclipse
Instrument Serial Number          MY18160001
Data mode                         Fluorescence
Ex. wavelengths (nm)              555.0000 ; 555.0000
Em. wavelengths (nm)              570.0000 ; 665.0000
Ex. Slit (nm)                     5
Em. Slit (nm)                     5
Averaging Time (s)                0.1000
Cycle time(min)                   1.5000
Stop time(min)                    90.0000
Emission filter                   Open
Excitation Filter                 Auto
PMT voltage (V)                   900
Wellplate                         ON
Plate format                     96 Wells
Read position                    Well centre
Multi-zero                       OFF
Auto-zero                        OFF
Well                            A1
Comments:
Method Log     :
Method Name    : Default
Date/Time stamp: 30-Aug-23 2:49:57 PM
Method Modifications:
Wellplate Overlay Mode Changed: 30-Aug-23 2:50:02 PM, Old:Individual, New:Choice 1
Wellplate Overlay Mode Changed: 30-Aug-23 2:50:02 PM, Old:Overlay all, New:Choice 2
Wellplate Overlay Mode Changed: 30-Aug-23 2:50:02 PM, Old:Overlay rows, New:Choice 3
Wellplate Overlay Mode Changed: 30-Aug-23 2:50:02 PM, Old:Overlay columns, New:Choice 4
Wellplate Overlay Mode Changed: 30-Aug-23 2:50:02 PM, Old:User defined, New:Overlay columns
PMT Volts Changed: 30-Aug-23 2:51:01 PM, Old:600, New:800
Well plate reader Changed: 30-Aug-23 2:51:01 PM, Old:OFF, New:ON
Multiwavelength Changed: 30-Aug-23 2:51:01 PM, Old:OFF, New:ON
Excitation Wavelengths 1 Changed: 30-Aug-23 2:51:01 PM, Old:   350.0000, New:   555.0000
Emission Wavelengths 1 Changed: 30-Aug-23 2:51:01 PM, Old:   450.0000, New:   570.0000
Excitation Wavelengths 2 Changed: 30-Aug-23 2:51:01 PM, Old:   360.0000, New:   555.0000
Emission Wavelengths 2 Changed: 30-Aug-23 2:51:01 PM, Old:   460.0000, New:   665.0000
Excitation Wavelength Changed: 30-Aug-23 2:51:01 PM, Old: 400.00, New: 555.00
Emission Wavelength Changed: 30-Aug-23 2:51:01 PM, Old: 600.00, New: 570.00
Cycle Time 1 Changed: 30-Aug-23 2:51:01 PM, Old: 0.0000, New: 0.4000
Emission PMT (V): Changed: 30-Aug-23 2:51:01 PM, Old: 600, New: 800
Wellplate Samples Changed: 30-Aug-23 2:51:01 PM, Old:, New:A1;A2;A3;A4;A5;A6;B1;B2;B3;B4;B5;B6;C1;C2;C3;C4;C5;C6;
PMT Volts Changed: 30-Aug-23 2:53:11 PM, Old:800, New:900
Emission PMT (V): Changed: 30-Aug-23 2:53:11 PM, Old: 800, New: 900
Cycle Time 1 Changed: 30-Aug-23 2:56:22 PM, Old: 0.4000, New: 1.5000
Stop Time 1 Changed: 30-Aug-23 2:56:22 PM, Old: 1.0000, New:90.0000
End Method Modifications

Sample A2_Ex555_Em665,
Sample A2_Ex555_Em665
Collection Time: 30-Aug-23 2:56:29 PM
Operator Name  :
Kinetics Software Version: 1.2(146)
Parameter List :
Report Time: Wed 30 Aug 02:56:29 PM 2023
Software version: 1.2(146)
Operator:
Instrument Parameters
Instrument                        Cary Eclipse
Instrument Serial Number          MY18160001
Data mode                         Fluorescence
Ex. wavelengths (nm)              555.0000 ; 555.0000
Em. wavelengths (nm)              570.0000 ; 665.0000
Ex. Slit (nm)                     5
Em. Slit (nm)                     5
Averaging Time (s)                0.1000
Cycle time(min)                   1.5000
Stop time(min)                    90.0000
Emission filter                   Open
Excitation Filter                 Auto
PMT voltage (V)                   900
Wellplate                         ON
Plate format                     96 Wells
Read position                    Well centre
Multi-zero                       OFF
Auto-zero                        OFF
Well                            A1
Comments:
Method Log     :
Method Name    : Default
Date/Time stamp: 30-Aug-23 2:49:57 PM
Method Modifications:
Wellplate Overlay Mode Changed: 30-Aug-23 2:50:02 PM, Old:Individual, New:Choice 1
Wellplate Overlay Mode Changed: 30-Aug-23 2:50:02 PM, Old:Overlay all, New:Choice 2
Wellplate Overlay Mode Changed: 30-Aug-23 2:50:02 PM, Old:Overlay rows, New:Choice 3
Wellplate Overlay Mode Changed: 30-Aug-23 2:50:02 PM, Old:Overlay columns, New:Choice 4
Wellplate Overlay Mode Changed: 30-Aug-23 2:50:02 PM, Old:User defined, New:Overlay columns
PMT Volts Changed: 30-Aug-23 2:51:01 PM, Old:600, New:800
Well plate reader Changed: 30-Aug-23 2:51:01 PM, Old:OFF, New:ON
Multiwavelength Changed: 30-Aug-23 2:51:01 PM, Old:OFF, New:ON
Excitation Wavelengths 1 Changed: 30-Aug-23 2:51:01 PM, Old:   350.0000, New:   555.0000
Emission Wavelengths 1 Changed: 30-Aug-23 2:51:01 PM, Old:   450.0000, New:   570.0000
Excitation Wavelengths 2 Changed: 30-Aug-23 2:51:01 PM, Old:   360.0000, New:   555.0000
Emission Wavelengths 2 Changed: 30-Aug-23 2:51:01 PM, Old:   460.0000, New:   665.0000
Excitation Wavelength Changed: 30-Aug-23 2:51:01 PM, Old: 400.00, New: 555.00
Emission Wavelength Changed: 30-Aug-23 2:51:01 PM, Old: 600.00, New: 570.00
Cycle Time 1 Changed: 30-Aug-23 2:51:01 PM, Old: 0.0000, New: 0.4000
Emission PMT (V): Changed: 30-Aug-23 2:51:01 PM, Old: 600, New: 800
Wellplate Samples Changed: 30-Aug-23 2:51:01 PM, Old:, New:A1;A2;A3;A4;A5;A6;B1;B2;B3;B4;B5;B6;C1;C2;C3;C4;C5;C6;
PMT Volts Changed: 30-Aug-23 2:53:11 PM, Old:800, New:900
Emission PMT (V): Changed: 30-Aug-23 2:53:11 PM, Old: 800, New: 900
Cycle Time 1 Changed: 30-Aug-23 2:56:22 PM, Old: 0.4000, New: 1.5000
Stop Time 1 Changed: 30-Aug-23 2:56:22 PM, Old: 1.0000, New:90.0000
End Method Modifications

Sample A3_Ex555_Em570,
Sample A3_Ex555_Em570
Collection Time: 30-Aug-23 2:56:29 PM
Operator Name  :
Kinetics Software Version: 1.2(146)
Parameter List :
Report Time: Wed 30 Aug 02:56:29 PM 2023
Software version: 1.2(146)
Operator:
Instrument Parameters
Instrument                        Cary Eclipse
Instrument Serial Number          MY18160001
Data mode                         Fluorescence
Ex. wavelengths (nm)              555.0000 ; 555.0000
Em. wavelengths (nm)              570.0000 ; 665.0000
Ex. Slit (nm)                     5
Em. Slit (nm)                     5
Averaging Time (s)                0.1000
Cycle time(min)                   1.5000
Stop time(min)                    90.0000
Emission filter                   Open
Excitation Filter                 Auto
PMT voltage (V)                   900
Wellplate                         ON
Plate format                     96 Wells
Read position                    Well centre
Multi-zero                       OFF
Auto-zero                        OFF
Well                            A1
Comments:
Method Log     :
Method Name    : Default
Date/Time stamp: 30-Aug-23 2:49:57 PM
Method Modifications:
Wellplate Overlay Mode Changed: 30-Aug-23 2:50:02 PM, Old:Individual, New:Choice 1
Wellplate Overlay Mode Changed: 30-Aug-23 2:50:02 PM, Old:Overlay all, New:Choice 2
Wellplate Overlay Mode Changed: 30-Aug-23 2:50:02 PM, Old:Overlay rows, New:Choice 3
Wellplate Overlay Mode Changed: 30-Aug-23 2:50:02 PM, Old:Overlay columns, New:Choice 4
Wellplate Overlay Mode Changed: 30-Aug-23 2:50:02 PM, Old:User defined, New:Overlay columns
PMT Volts Changed: 30-Aug-23 2:51:01 PM, Old:600, New:800
Well plate reader Changed: 30-Aug-23 2:51:01 PM, Old:OFF, New:ON
Multiwavelength Changed: 30-Aug-23 2:51:01 PM, Old:OFF, New:ON
Excitation Wavelengths 1 Changed: 30-Aug-23 2:51:01 PM, Old:   350.0000, New:   555.0000
Emission Wavelengths 1 Changed: 30-Aug-23 2:51:01 PM, Old:   450.0000, New:   570.0000
Excitation Wavelengths 2 Changed: 30-Aug-23 2:51:01 PM, Old:   360.0000, New:   555.0000
Emission Wavelengths 2 Changed: 30-Aug-23 2:51:01 PM, Old:   460.0000, New:   665.0000
Excitation Wavelength Changed: 30-Aug-23 2:51:01 PM, Old: 400.00, New: 555.00
Emission Wavelength Changed: 30-Aug-23 2:51:01 PM, Old: 600.00, New: 570.00
Cycle Time 1 Changed: 30-Aug-23 2:51:01 PM, Old: 0.0000, New: 0.4000
Emission PMT (V): Changed: 30-Aug-23 2:51:01 PM, Old: 600, New: 800
Wellplate Samples Changed: 30-Aug-23 2:51:01 PM, Old:, New:A1;A2;A3;A4;A5;A6;B1;B2;B3;B4;B5;B6;C1;C2;C3;C4;C5;C6;
PMT Volts Changed: 30-Aug-23 2:53:11 PM, Old:800, New:900
Emission PMT (V): Changed: 30-Aug-23 2:53:11 PM, Old: 800, New: 900
Cycle Time 1 Changed: 30-Aug-23 2:56:22 PM, Old: 0.4000, New: 1.5000
Stop Time 1 Changed: 30-Aug-23 2:56:22 PM, Old: 1.0000, New:90.0000
End Method Modifications

Sample A3_Ex555_Em665,
Sample A3_Ex555_Em665
Collection Time: 30-Aug-23 2:56:29 PM
Operator Name  :
Kinetics Software Version: 1.2(146)
Parameter List :
Report Time: Wed 30 Aug 02:56:29 PM 2023
Software version: 1.2(146)
Operator:
Instrument Parameters
Instrument                        Cary Eclipse
Instrument Serial Number          MY18160001
Data mode                         Fluorescence
Ex. wavelengths (nm)              555.0000 ; 555.0000
Em. wavelengths (nm)              570.0000 ; 665.0000
Ex. Slit (nm)                     5
Em. Slit (nm)                     5
Averaging Time (s)                0.1000
Cycle time(min)                   1.5000
Stop time(min)                    90.0000
Emission filter                   Open
Excitation Filter                 Auto
PMT voltage (V)                   900
Wellplate                         ON
Plate format                     96 Wells
Read position                    Well centre
Multi-zero                       OFF
Auto-zero                        OFF
Well                            A1
Comments:
Method Log     :
Method Name    : Default
Date/Time stamp: 30-Aug-23 2:49:57 PM
Method Modifications:
Wellplate Overlay Mode Changed: 30-Aug-23 2:50:02 PM, Old:Individual, New:Choice 1
Wellplate Overlay Mode Changed: 30-Aug-23 2:50:02 PM, Old:Overlay all, New:Choice 2
Wellplate Overlay Mode Changed: 30-Aug-23 2:50:02 PM, Old:Overlay rows, New:Choice 3
Wellplate Overlay Mode Changed: 30-Aug-23 2:50:02 PM, Old:Overlay columns, New:Choice 4
Wellplate Overlay Mode Changed: 30-Aug-23 2:50:02 PM, Old:User defined, New:Overlay columns
PMT Volts Changed: 30-Aug-23 2:51:01 PM, Old:600, New:800
Well plate reader Changed: 30-Aug-23 2:51:01 PM, Old:OFF, New:ON
Multiwavelength Changed: 30-Aug-23 2:51:01 PM, Old:OFF, New:ON
Excitation Wavelengths 1 Changed: 30-Aug-23 2:51:01 PM, Old:   350.0000, New:   555.0000
Emission Wavelengths 1 Changed: 30-Aug-23 2:51:01 PM, Old:   450.0000, New:   570.0000
Excitation Wavelengths 2 Changed: 30-Aug-23 2:51:01 PM, Old:   360.0000, New:   555.0000
Emission Wavelengths 2 Changed: 30-Aug-23 2:51:01 PM, Old:   460.0000, New:   665.0000
Excitation Wavelength Changed: 30-Aug-23 2:51:01 PM, Old: 400.00, New: 555.00
Emission Wavelength Changed: 30-Aug-23 2:51:01 PM, Old: 600.00, New: 570.00
Cycle Time 1 Changed: 30-Aug-23 2:51:01 PM, Old: 0.0000, New: 0.4000
Emission PMT (V): Changed: 30-Aug-23 2:51:01 PM, Old: 600, New: 800
Wellplate Samples Changed: 30-Aug-23 2:51:01 PM, Old:, New:A1;A2;A3;A4;A5;A6;B1;B2;B3;B4;B5;B6;C1;C2;C3;C4;C5;C6;
PMT Volts Changed: 30-Aug-23 2:53:11 PM, Old:800, New:900
Emission PMT (V): Changed: 30-Aug-23 2:53:11 PM, Old: 800, New: 900
Cycle Time 1 Changed: 30-Aug-23 2:56:22 PM, Old: 0.4000, New: 1.5000
Stop Time 1 Changed: 30-Aug-23 2:56:22 PM, Old: 1.0000, New:90.0000
End Method Modifications

Sample A4_Ex555_Em570,
Sample A4_Ex555_Em570
Collection Time: 30-Aug-23 2:56:29 PM
Operator Name  :
Kinetics Software Version: 1.2(146)
Parameter List :
Report Time: Wed 30 Aug 02:56:29 PM 2023
Software version: 1.2(146)
Operator:
Instrument Parameters
Instrument                        Cary Eclipse
Instrument Serial Number          MY18160001
Data mode                         Fluorescence
Ex. wavelengths (nm)              555.0000 ; 555.0000
Em. wavelengths (nm)              570.0000 ; 665.0000
Ex. Slit (nm)                     5
Em. Slit (nm)                     5
Averaging Time (s)                0.1000
Cycle time(min)                   1.5000
Stop time(min)                    90.0000
Emission filter                   Open
Excitation Filter                 Auto
PMT voltage (V)                   900
Wellplate                         ON
Plate format                     96 Wells
Read position                    Well centre
Multi-zero                       OFF
Auto-zero                        OFF
Well                            A1
Comments:
Method Log     :
Method Name    : Default
Date/Time stamp: 30-Aug-23 2:49:57 PM
Method Modifications:
Wellplate Overlay Mode Changed: 30-Aug-23 2:50:02 PM, Old:Individual, New:Choice 1
Wellplate Overlay Mode Changed: 30-Aug-23 2:50:02 PM, Old:Overlay all, New:Choice 2
Wellplate Overlay Mode Changed: 30-Aug-23 2:50:02 PM, Old:Overlay rows, New:Choice 3
Wellplate Overlay Mode Changed: 30-Aug-23 2:50:02 PM, Old:Overlay columns, New:Choice 4
Wellplate Overlay Mode Changed: 30-Aug-23 2:50:02 PM, Old:User defined, New:Overlay columns
PMT Volts Changed: 30-Aug-23 2:51:01 PM, Old:600, New:800
Well plate reader Changed: 30-Aug-23 2:51:01 PM, Old:OFF, New:ON
Multiwavelength Changed: 30-Aug-23 2:51:01 PM, Old:OFF, New:ON
Excitation Wavelengths 1 Changed: 30-Aug-23 2:51:01 PM, Old:   350.0000, New:   555.0000
Emission Wavelengths 1 Changed: 30-Aug-23 2:51:01 PM, Old:   450.0000, New:   570.0000
Excitation Wavelengths 2 Changed: 30-Aug-23 2:51:01 PM, Old:   360.0000, New:   555.0000
Emission Wavelengths 2 Changed: 30-Aug-23 2:51:01 PM, Old:   460.0000, New:   665.0000
Excitation Wavelength Changed: 30-Aug-23 2:51:01 PM, Old: 400.00, New: 555.00
Emission Wavelength Changed: 30-Aug-23 2:51:01 PM, Old: 600.00, New: 570.00
Cycle Time 1 Changed: 30-Aug-23 2:51:01 PM, Old: 0.0000, New: 0.4000
Emission PMT (V): Changed: 30-Aug-23 2:51:01 PM, Old: 600, New: 800
Wellplate Samples Changed: 30-Aug-23 2:51:01 PM, Old:, New:A1;A2;A3;A4;A5;A6;B1;B2;B3;B4;B5;B6;C1;C2;C3;C4;C5;C6;
PMT Volts Changed: 30-Aug-23 2:53:11 PM, Old:800, New:900
Emission PMT (V): Changed: 30-Aug-23 2:53:11 PM, Old: 800, New: 900
Cycle Time 1 Changed: 30-Aug-23 2:56:22 PM, Old: 0.4000, New: 1.5000
Stop Time 1 Changed: 30-Aug-23 2:56:22 PM, Old: 1.0000, New:90.0000
End Method Modifications

Sample A4_Ex555_Em665,
Sample A4_Ex555_Em665
Collection Time: 30-Aug-23 2:56:29 PM
Operator Name  :
Kinetics Software Version: 1.2(146)
Parameter List :
Report Time: Wed 30 Aug 02:56:29 PM 2023
Software version: 1.2(146)
Operator:
Instrument Parameters
Instrument                        Cary Eclipse
Instrument Serial Number          MY18160001
Data mode                         Fluorescence
Ex. wavelengths (nm)              555.0000 ; 555.0000
Em. wavelengths (nm)              570.0000 ; 665.0000
Ex. Slit (nm)                     5
Em. Slit (nm)                     5
Averaging Time (s)                0.1000
Cycle time(min)                   1.5000
Stop time(min)                    90.0000
Emission filter                   Open
Excitation Filter                 Auto
PMT voltage (V)                   900
Wellplate                         ON
Plate format                     96 Wells
Read position                    Well centre
Multi-zero                       OFF
Auto-zero                        OFF
Well                            A1
Comments:
Method Log     :
Method Name    : Default
Date/Time stamp: 30-Aug-23 2:49:57 PM
Method Modifications:
Wellplate Overlay Mode Changed: 30-Aug-23 2:50:02 PM, Old:Individual, New:Choice 1
Wellplate Overlay Mode Changed: 30-Aug-23 2:50:02 PM, Old:Overlay all, New:Choice 2
Wellplate Overlay Mode Changed: 30-Aug-23 2:50:02 PM, Old:Overlay rows, New:Choice 3
Wellplate Overlay Mode Changed: 30-Aug-23 2:50:02 PM, Old:Overlay columns, New:Choice 4
Wellplate Overlay Mode Changed: 30-Aug-23 2:50:02 PM, Old:User defined, New:Overlay columns
PMT Volts Changed: 30-Aug-23 2:51:01 PM, Old:600, New:800
Well plate reader Changed: 30-Aug-23 2:51:01 PM, Old:OFF, New:ON
Multiwavelength Changed: 30-Aug-23 2:51:01 PM, Old:OFF, New:ON
Excitation Wavelengths 1 Changed: 30-Aug-23 2:51:01 PM, Old:   350.0000, New:   555.0000
Emission Wavelengths 1 Changed: 30-Aug-23 2:51:01 PM, Old:   450.0000, New:   570.0000
Excitation Wavelengths 2 Changed: 30-Aug-23 2:51:01 PM, Old:   360.0000, New:   555.0000
Emission Wavelengths 2 Changed: 30-Aug-23 2:51:01 PM, Old:   460.0000, New:   665.0000
Excitation Wavelength Changed: 30-Aug-23 2:51:01 PM, Old: 400.00, New: 555.00
Emission Wavelength Changed: 30-Aug-23 2:51:01 PM, Old: 600.00, New: 570.00
Cycle Time 1 Changed: 30-Aug-23 2:51:01 PM, Old: 0.0000, New: 0.4000
Emission PMT (V): Changed: 30-Aug-23 2:51:01 PM, Old: 600, New: 800
Wellplate Samples Changed: 30-Aug-23 2:51:01 PM, Old:, New:A1;A2;A3;A4;A5;A6;B1;B2;B3;B4;B5;B6;C1;C2;C3;C4;C5;C6;
PMT Volts Changed: 30-Aug-23 2:53:11 PM, Old:800, New:900
Emission PMT (V): Changed: 30-Aug-23 2:53:11 PM, Old: 800, New: 900
Cycle Time 1 Changed: 30-Aug-23 2:56:22 PM, Old: 0.4000, New: 1.5000
Stop Time 1 Changed: 30-Aug-23 2:56:22 PM, Old: 1.0000, New:90.0000
End Method Modifications

Sample A5_Ex555_Em570,
Sample A5_Ex555_Em570
Collection Time: 30-Aug-23 2:56:29 PM
Operator Name  :
Kinetics Software Version: 1.2(146)
Parameter List :
Report Time: Wed 30 Aug 02:56:29 PM 2023
Software version: 1.2(146)
Operator:
Instrument Parameters
Instrument                        Cary Eclipse
Instrument Serial Number          MY18160001
Data mode                         Fluorescence
Ex. wavelengths (nm)              555.0000 ; 555.0000
Em. wavelengths (nm)              570.0000 ; 665.0000
Ex. Slit (nm)                     5
Em. Slit (nm)                     5
Averaging Time (s)                0.1000
Cycle time(min)                   1.5000
Stop time(min)                    90.0000
Emission filter                   Open
Excitation Filter                 Auto
PMT voltage (V)                   900
Wellplate                         ON
Plate format                     96 Wells
Read position                    Well centre
Multi-zero                       OFF
Auto-zero                        OFF
Well                            A1
Comments:
Method Log     :
Method Name    : Default
Date/Time stamp: 30-Aug-23 2:49:57 PM
Method Modifications:
Wellplate Overlay Mode Changed: 30-Aug-23 2:50:02 PM, Old:Individual, New:Choice 1
Wellplate Overlay Mode Changed: 30-Aug-23 2:50:02 PM, Old:Overlay all, New:Choice 2
Wellplate Overlay Mode Changed: 30-Aug-23 2:50:02 PM, Old:Overlay rows, New:Choice 3
Wellplate Overlay Mode Changed: 30-Aug-23 2:50:02 PM, Old:Overlay columns, New:Choice 4
Wellplate Overlay Mode Changed: 30-Aug-23 2:50:02 PM, Old:User defined, New:Overlay columns
PMT Volts Changed: 30-Aug-23 2:51:01 PM, Old:600, New:800
Well plate reader Changed: 30-Aug-23 2:51:01 PM, Old:OFF, New:ON
Multiwavelength Changed: 30-Aug-23 2:51:01 PM, Old:OFF, New:ON
Excitation Wavelengths 1 Changed: 30-Aug-23 2:51:01 PM, Old:   350.0000, New:   555.0000
Emission Wavelengths 1 Changed: 30-Aug-23 2:51:01 PM, Old:   450.0000, New:   570.0000
Excitation Wavelengths 2 Changed: 30-Aug-23 2:51:01 PM, Old:   360.0000, New:   555.0000
Emission Wavelengths 2 Changed: 30-Aug-23 2:51:01 PM, Old:   460.0000, New:   665.0000
Excitation Wavelength Changed: 30-Aug-23 2:51:01 PM, Old: 400.00, New: 555.00
Emission Wavelength Changed: 30-Aug-23 2:51:01 PM, Old: 600.00, New: 570.00
Cycle Time 1 Changed: 30-Aug-23 2:51:01 PM, Old: 0.0000, New: 0.4000
Emission PMT (V): Changed: 30-Aug-23 2:51:01 PM, Old: 600, New: 800
Wellplate Samples Changed: 30-Aug-23 2:51:01 PM, Old:, New:A1;A2;A3;A4;A5;A6;B1;B2;B3;B4;B5;B6;C1;C2;C3;C4;C5;C6;
PMT Volts Changed: 30-Aug-23 2:53:11 PM, Old:800, New:900
Emission PMT (V): Changed: 30-Aug-23 2:53:11 PM, Old: 800, New: 900
Cycle Time 1 Changed: 30-Aug-23 2:56:22 PM, Old: 0.4000, New: 1.5000
Stop Time 1 Changed: 30-Aug-23 2:56:22 PM, Old: 1.0000, New:90.0000
End Method Modifications

Sample A5_Ex555_Em665,
Sample A5_Ex555_Em665
Collection Time: 30-Aug-23 2:56:29 PM
Operator Name  :
Kinetics Software Version: 1.2(146)
Parameter List :
Report Time: Wed 30 Aug 02:56:29 PM 2023
Software version: 1.2(146)
Operator:
Instrument Parameters
Instrument                        Cary Eclipse
Instrument Serial Number          MY18160001
Data mode                         Fluorescence
Ex. wavelengths (nm)              555.0000 ; 555.0000
Em. wavelengths (nm)              570.0000 ; 665.0000
Ex. Slit (nm)                     5
Em. Slit (nm)                     5
Averaging Time (s)                0.1000
Cycle time(min)                   1.5000
Stop time(min)                    90.0000
Emission filter                   Open
Excitation Filter                 Auto
PMT voltage (V)                   900
Wellplate                         ON
Plate format                     96 Wells
Read position                    Well centre
Multi-zero                       OFF
Auto-zero                        OFF
Well                            A1
Comments:
Method Log     :
Method Name    : Default
Date/Time stamp: 30-Aug-23 2:49:57 PM
Method Modifications:
Wellplate Overlay Mode Changed: 30-Aug-23 2:50:02 PM, Old:Individual, New:Choice 1
Wellplate Overlay Mode Changed: 30-Aug-23 2:50:02 PM, Old:Overlay all, New:Choice 2
Wellplate Overlay Mode Changed: 30-Aug-23 2:50:02 PM, Old:Overlay rows, New:Choice 3
Wellplate Overlay Mode Changed: 30-Aug-23 2:50:02 PM, Old:Overlay columns, New:Choice 4
Wellplate Overlay Mode Changed: 30-Aug-23 2:50:02 PM, Old:User defined, New:Overlay columns
PMT Volts Changed: 30-Aug-23 2:51:01 PM, Old:600, New:800
Well plate reader Changed: 30-Aug-23 2:51:01 PM, Old:OFF, New:ON
Multiwavelength Changed: 30-Aug-23 2:51:01 PM, Old:OFF, New:ON
Excitation Wavelengths 1 Changed: 30-Aug-23 2:51:01 PM, Old:   350.0000, New:   555.0000
Emission Wavelengths 1 Changed: 30-Aug-23 2:51:01 PM, Old:   450.0000, New:   570.0000
Excitation Wavelengths 2 Changed: 30-Aug-23 2:51:01 PM, Old:   360.0000, New:   555.0000
Emission Wavelengths 2 Changed: 30-Aug-23 2:51:01 PM, Old:   460.0000, New:   665.0000
Excitation Wavelength Changed: 30-Aug-23 2:51:01 PM, Old: 400.00, New: 555.00
Emission Wavelength Changed: 30-Aug-23 2:51:01 PM, Old: 600.00, New: 570.00
Cycle Time 1 Changed: 30-Aug-23 2:51:01 PM, Old: 0.0000, New: 0.4000
Emission PMT (V): Changed: 30-Aug-23 2:51:01 PM, Old: 600, New: 800
Wellplate Samples Changed: 30-Aug-23 2:51:01 PM, Old:, New:A1;A2;A3;A4;A5;A6;B1;B2;B3;B4;B5;B6;C1;C2;C3;C4;C5;C6;
PMT Volts Changed: 30-Aug-23 2:53:11 PM, Old:800, New:900
Emission PMT (V): Changed: 30-Aug-23 2:53:11 PM, Old: 800, New: 900
Cycle Time 1 Changed: 30-Aug-23 2:56:22 PM, Old: 0.4000, New: 1.5000
Stop Time 1 Changed: 30-Aug-23 2:56:22 PM, Old: 1.0000, New:90.0000
End Method Modifications

Sample A6_Ex555_Em570,
Sample A6_Ex555_Em570
Collection Time: 30-Aug-23 2:56:29 PM
Operator Name  :
Kinetics Software Version: 1.2(146)
Parameter List :
Report Time: Wed 30 Aug 02:56:29 PM 2023
Software version: 1.2(146)
Operator:
Instrument Parameters
Instrument                        Cary Eclipse
Instrument Serial Number          MY18160001
Data mode                         Fluorescence
Ex. wavelengths (nm)              555.0000 ; 555.0000
Em. wavelengths (nm)              570.0000 ; 665.0000
Ex. Slit (nm)                     5
Em. Slit (nm)                     5
Averaging Time (s)                0.1000
Cycle time(min)                   1.5000
Stop time(min)                    90.0000
Emission filter                   Open
Excitation Filter                 Auto
PMT voltage (V)                   900
Wellplate                         ON
Plate format                     96 Wells
Read position                    Well centre
Multi-zero                       OFF
Auto-zero                        OFF
Well                            A1
Comments:
Method Log     :
Method Name    : Default
Date/Time stamp: 30-Aug-23 2:49:57 PM
Method Modifications:
Wellplate Overlay Mode Changed: 30-Aug-23 2:50:02 PM, Old:Individual, New:Choice 1
Wellplate Overlay Mode Changed: 30-Aug-23 2:50:02 PM, Old:Overlay all, New:Choice 2
Wellplate Overlay Mode Changed: 30-Aug-23 2:50:02 PM, Old:Overlay rows, New:Choice 3
Wellplate Overlay Mode Changed: 30-Aug-23 2:50:02 PM, Old:Overlay columns, New:Choice 4
Wellplate Overlay Mode Changed: 30-Aug-23 2:50:02 PM, Old:User defined, New:Overlay columns
PMT Volts Changed: 30-Aug-23 2:51:01 PM, Old:600, New:800
Well plate reader Changed: 30-Aug-23 2:51:01 PM, Old:OFF, New:ON
Multiwavelength Changed: 30-Aug-23 2:51:01 PM, Old:OFF, New:ON
Excitation Wavelengths 1 Changed: 30-Aug-23 2:51:01 PM, Old:   350.0000, New:   555.0000
Emission Wavelengths 1 Changed: 30-Aug-23 2:51:01 PM, Old:   450.0000, New:   570.0000
Excitation Wavelengths 2 Changed: 30-Aug-23 2:51:01 PM, Old:   360.0000, New:   555.0000
Emission Wavelengths 2 Changed: 30-Aug-23 2:51:01 PM, Old:   460.0000, New:   665.0000
Excitation Wavelength Changed: 30-Aug-23 2:51:01 PM, Old: 400.00, New: 555.00
Emission Wavelength Changed: 30-Aug-23 2:51:01 PM, Old: 600.00, New: 570.00
Cycle Time 1 Changed: 30-Aug-23 2:51:01 PM, Old: 0.0000, New: 0.4000
Emission PMT (V): Changed: 30-Aug-23 2:51:01 PM, Old: 600, New: 800
Wellplate Samples Changed: 30-Aug-23 2:51:01 PM, Old:, New:A1;A2;A3;A4;A5;A6;B1;B2;B3;B4;B5;B6;C1;C2;C3;C4;C5;C6;
PMT Volts Changed: 30-Aug-23 2:53:11 PM, Old:800, New:900
Emission PMT (V): Changed: 30-Aug-23 2:53:11 PM, Old: 800, New: 900
Cycle Time 1 Changed: 30-Aug-23 2:56:22 PM, Old: 0.4000, New: 1.5000
Stop Time 1 Changed: 30-Aug-23 2:56:22 PM, Old: 1.0000, New:90.0000
End Method Modifications

Sample A6_Ex555_Em665,
Sample A6_Ex555_Em665
Collection Time: 30-Aug-23 2:56:29 PM
Operator Name  :
Kinetics Software Version: 1.2(146)
Parameter List :
Report Time: Wed 30 Aug 02:56:29 PM 2023
Software version: 1.2(146)
Operator:
Instrument Parameters
Instrument                        Cary Eclipse
Instrument Serial Number          MY18160001
Data mode                         Fluorescence
Ex. wavelengths (nm)              555.0000 ; 555.0000
Em. wavelengths (nm)              570.0000 ; 665.0000
Ex. Slit (nm)                     5
Em. Slit (nm)                     5
Averaging Time (s)                0.1000
Cycle time(min)                   1.5000
Stop time(min)                    90.0000
Emission filter                   Open
Excitation Filter                 Auto
PMT voltage (V)                   900
Wellplate                         ON
Plate format                     96 Wells
Read position                    Well centre
Multi-zero                       OFF
Auto-zero                        OFF
Well                            A1
Comments:
Method Log     :
Method Name    : Default
Date/Time stamp: 30-Aug-23 2:49:57 PM
Method Modifications:
Wellplate Overlay Mode Changed: 30-Aug-23 2:50:02 PM, Old:Individual, New:Choice 1
Wellplate Overlay Mode Changed: 30-Aug-23 2:50:02 PM, Old:Overlay all, New:Choice 2
Wellplate Overlay Mode Changed: 30-Aug-23 2:50:02 PM, Old:Overlay rows, New:Choice 3
Wellplate Overlay Mode Changed: 30-Aug-23 2:50:02 PM, Old:Overlay columns, New:Choice 4
Wellplate Overlay Mode Changed: 30-Aug-23 2:50:02 PM, Old:User defined, New:Overlay columns
PMT Volts Changed: 30-Aug-23 2:51:01 PM, Old:600, New:800
Well plate reader Changed: 30-Aug-23 2:51:01 PM, Old:OFF, New:ON
Multiwavelength Changed: 30-Aug-23 2:51:01 PM, Old:OFF, New:ON
Excitation Wavelengths 1 Changed: 30-Aug-23 2:51:01 PM, Old:   350.0000, New:   555.0000
Emission Wavelengths 1 Changed: 30-Aug-23 2:51:01 PM, Old:   450.0000, New:   570.0000
Excitation Wavelengths 2 Changed: 30-Aug-23 2:51:01 PM, Old:   360.0000, New:   555.0000
Emission Wavelengths 2 Changed: 30-Aug-23 2:51:01 PM, Old:   460.0000, New:   665.0000
Excitation Wavelength Changed: 30-Aug-23 2:51:01 PM, Old: 400.00, New: 555.00
Emission Wavelength Changed: 30-Aug-23 2:51:01 PM, Old: 600.00, New: 570.00
Cycle Time 1 Changed: 30-Aug-23 2:51:01 PM, Old: 0.0000, New: 0.4000
Emission PMT (V): Changed: 30-Aug-23 2:51:01 PM, Old: 600, New: 800
Wellplate Samples Changed: 30-Aug-23 2:51:01 PM, Old:, New:A1;A2;A3;A4;A5;A6;B1;B2;B3;B4;B5;B6;C1;C2;C3;C4;C5;C6;
PMT Volts Changed: 30-Aug-23 2:53:11 PM, Old:800, New:900
Emission PMT (V): Changed: 30-Aug-23 2:53:11 PM, Old: 800, New: 900
Cycle Time 1 Changed: 30-Aug-23 2:56:22 PM, Old: 0.4000, New: 1.5000
Stop Time 1 Changed: 30-Aug-23 2:56:22 PM, Old: 1.0000, New:90.0000
End Method Modifications

Sample B1_Ex555_Em570,
Sample B1_Ex555_Em570
Collection Time: 30-Aug-23 2:56:29 PM
Operator Name  :
Kinetics Software Version: 1.2(146)
Parameter List :
Report Time: Wed 30 Aug 02:56:29 PM 2023
Software version: 1.2(146)
Operator:
Instrument Parameters
Instrument                        Cary Eclipse
Instrument Serial Number          MY18160001
Data mode                         Fluorescence
Ex. wavelengths (nm)              555.0000 ; 555.0000
Em. wavelengths (nm)              570.0000 ; 665.0000
Ex. Slit (nm)                     5
Em. Slit (nm)                     5
Averaging Time (s)                0.1000
Cycle time(min)                   1.5000
Stop time(min)                    90.0000
Emission filter                   Open
Excitation Filter                 Auto
PMT voltage (V)                   900
Wellplate                         ON
Plate format                     96 Wells
Read position                    Well centre
Multi-zero                       OFF
Auto-zero                        OFF
Well                            A1
Comments:
Method Log     :
Method Name    : Default
Date/Time stamp: 30-Aug-23 2:49:57 PM
Method Modifications:
Wellplate Overlay Mode Changed: 30-Aug-23 2:50:02 PM, Old:Individual, New:Choice 1
Wellplate Overlay Mode Changed: 30-Aug-23 2:50:02 PM, Old:Overlay all, New:Choice 2
Wellplate Overlay Mode Changed: 30-Aug-23 2:50:02 PM, Old:Overlay rows, New:Choice 3
Wellplate Overlay Mode Changed: 30-Aug-23 2:50:02 PM, Old:Overlay columns, New:Choice 4
Wellplate Overlay Mode Changed: 30-Aug-23 2:50:02 PM, Old:User defined, New:Overlay columns
PMT Volts Changed: 30-Aug-23 2:51:01 PM, Old:600, New:800
Well plate reader Changed: 30-Aug-23 2:51:01 PM, Old:OFF, New:ON
Multiwavelength Changed: 30-Aug-23 2:51:01 PM, Old:OFF, New:ON
Excitation Wavelengths 1 Changed: 30-Aug-23 2:51:01 PM, Old:   350.0000, New:   555.0000
Emission Wavelengths 1 Changed: 30-Aug-23 2:51:01 PM, Old:   450.0000, New:   570.0000
Excitation Wavelengths 2 Changed: 30-Aug-23 2:51:01 PM, Old:   360.0000, New:   555.0000
Emission Wavelengths 2 Changed: 30-Aug-23 2:51:01 PM, Old:   460.0000, New:   665.0000
Excitation Wavelength Changed: 30-Aug-23 2:51:01 PM, Old: 400.00, New: 555.00
Emission Wavelength Changed: 30-Aug-23 2:51:01 PM, Old: 600.00, New: 570.00
Cycle Time 1 Changed: 30-Aug-23 2:51:01 PM, Old: 0.0000, New: 0.4000
Emission PMT (V): Changed: 30-Aug-23 2:51:01 PM, Old: 600, New: 800
Wellplate Samples Changed: 30-Aug-23 2:51:01 PM, Old:, New:A1;A2;A3;A4;A5;A6;B1;B2;B3;B4;B5;B6;C1;C2;C3;C4;C5;C6;
PMT Volts Changed: 30-Aug-23 2:53:11 PM, Old:800, New:900
Emission PMT (V): Changed: 30-Aug-23 2:53:11 PM, Old: 800, New: 900
Cycle Time 1 Changed: 30-Aug-23 2:56:22 PM, Old: 0.4000, New: 1.5000
Stop Time 1 Changed: 30-Aug-23 2:56:22 PM, Old: 1.0000, New:90.0000
End Method Modifications

Sample B1_Ex555_Em665,
Sample B1_Ex555_Em665
Collection Time: 30-Aug-23 2:56:29 PM
Operator Name  :
Kinetics Software Version: 1.2(146)
Parameter List :
Report Time: Wed 30 Aug 02:56:29 PM 2023
Software version: 1.2(146)
Operator:
Instrument Parameters
Instrument                        Cary Eclipse
Instrument Serial Number          MY18160001
Data mode                         Fluorescence
Ex. wavelengths (nm)              555.0000 ; 555.0000
Em. wavelengths (nm)              570.0000 ; 665.0000
Ex. Slit (nm)                     5
Em. Slit (nm)                     5
Averaging Time (s)                0.1000
Cycle time(min)                   1.5000
Stop time(min)                    90.0000
Emission filter                   Open
Excitation Filter                 Auto
PMT voltage (V)                   900
Wellplate                         ON
Plate format                     96 Wells
Read position                    Well centre
Multi-zero                       OFF
Auto-zero                        OFF
Well                            A1
Comments:
Method Log     :
Method Name    : Default
Date/Time stamp: 30-Aug-23 2:49:57 PM
Method Modifications:
Wellplate Overlay Mode Changed: 30-Aug-23 2:50:02 PM, Old:Individual, New:Choice 1
Wellplate Overlay Mode Changed: 30-Aug-23 2:50:02 PM, Old:Overlay all, New:Choice 2
Wellplate Overlay Mode Changed: 30-Aug-23 2:50:02 PM, Old:Overlay rows, New:Choice 3
Wellplate Overlay Mode Changed: 30-Aug-23 2:50:02 PM, Old:Overlay columns, New:Choice 4
Wellplate Overlay Mode Changed: 30-Aug-23 2:50:02 PM, Old:User defined, New:Overlay columns
PMT Volts Changed: 30-Aug-23 2:51:01 PM, Old:600, New:800
Well plate reader Changed: 30-Aug-23 2:51:01 PM, Old:OFF, New:ON
Multiwavelength Changed: 30-Aug-23 2:51:01 PM, Old:OFF, New:ON
Excitation Wavelengths 1 Changed: 30-Aug-23 2:51:01 PM, Old:   350.0000, New:   555.0000
Emission Wavelengths 1 Changed: 30-Aug-23 2:51:01 PM, Old:   450.0000, New:   570.0000
Excitation Wavelengths 2 Changed: 30-Aug-23 2:51:01 PM, Old:   360.0000, New:   555.0000
Emission Wavelengths 2 Changed: 30-Aug-23 2:51:01 PM, Old:   460.0000, New:   665.0000
Excitation Wavelength Changed: 30-Aug-23 2:51:01 PM, Old: 400.00, New: 555.00
Emission Wavelength Changed: 30-Aug-23 2:51:01 PM, Old: 600.00, New: 570.00
Cycle Time 1 Changed: 30-Aug-23 2:51:01 PM, Old: 0.0000, New: 0.4000
Emission PMT (V): Changed: 30-Aug-23 2:51:01 PM, Old: 600, New: 800
Wellplate Samples Changed: 30-Aug-23 2:51:01 PM, Old:, New:A1;A2;A3;A4;A5;A6;B1;B2;B3;B4;B5;B6;C1;C2;C3;C4;C5;C6;
PMT Volts Changed: 30-Aug-23 2:53:11 PM, Old:800, New:900
Emission PMT (V): Changed: 30-Aug-23 2:53:11 PM, Old: 800, New: 900
Cycle Time 1 Changed: 30-Aug-23 2:56:22 PM, Old: 0.4000, New: 1.5000
Stop Time 1 Changed: 30-Aug-23 2:56:22 PM, Old: 1.0000, New:90.0000
End Method Modifications

Sample B2_Ex555_Em570,
Sample B2_Ex555_Em570
Collection Time: 30-Aug-23 2:56:29 PM
Operator Name  :
Kinetics Software Version: 1.2(146)
Parameter List :
Report Time: Wed 30 Aug 02:56:29 PM 2023
Software version: 1.2(146)
Operator:
Instrument Parameters
Instrument                        Cary Eclipse
Instrument Serial Number          MY18160001
Data mode                         Fluorescence
Ex. wavelengths (nm)              555.0000 ; 555.0000
Em. wavelengths (nm)              570.0000 ; 665.0000
Ex. Slit (nm)                     5
Em. Slit (nm)                     5
Averaging Time (s)                0.1000
Cycle time(min)                   1.5000
Stop time(min)                    90.0000
Emission filter                   Open
Excitation Filter                 Auto
PMT voltage (V)                   900
Wellplate                         ON
Plate format                     96 Wells
Read position                    Well centre
Multi-zero                       OFF
Auto-zero                        OFF
Well                            A1
Comments:
Method Log     :
Method Name    : Default
Date/Time stamp: 30-Aug-23 2:49:57 PM
Method Modifications:
Wellplate Overlay Mode Changed: 30-Aug-23 2:50:02 PM, Old:Individual, New:Choice 1
Wellplate Overlay Mode Changed: 30-Aug-23 2:50:02 PM, Old:Overlay all, New:Choice 2
Wellplate Overlay Mode Changed: 30-Aug-23 2:50:02 PM, Old:Overlay rows, New:Choice 3
Wellplate Overlay Mode Changed: 30-Aug-23 2:50:02 PM, Old:Overlay columns, New:Choice 4
Wellplate Overlay Mode Changed: 30-Aug-23 2:50:02 PM, Old:User defined, New:Overlay columns
PMT Volts Changed: 30-Aug-23 2:51:01 PM, Old:600, New:800
Well plate reader Changed: 30-Aug-23 2:51:01 PM, Old:OFF, New:ON
Multiwavelength Changed: 30-Aug-23 2:51:01 PM, Old:OFF, New:ON
Excitation Wavelengths 1 Changed: 30-Aug-23 2:51:01 PM, Old:   350.0000, New:   555.0000
Emission Wavelengths 1 Changed: 30-Aug-23 2:51:01 PM, Old:   450.0000, New:   570.0000
Excitation Wavelengths 2 Changed: 30-Aug-23 2:51:01 PM, Old:   360.0000, New:   555.0000
Emission Wavelengths 2 Changed: 30-Aug-23 2:51:01 PM, Old:   460.0000, New:   665.0000
Excitation Wavelength Changed: 30-Aug-23 2:51:01 PM, Old: 400.00, New: 555.00
Emission Wavelength Changed: 30-Aug-23 2:51:01 PM, Old: 600.00, New: 570.00
Cycle Time 1 Changed: 30-Aug-23 2:51:01 PM, Old: 0.0000, New: 0.4000
Emission PMT (V): Changed: 30-Aug-23 2:51:01 PM, Old: 600, New: 800
Wellplate Samples Changed: 30-Aug-23 2:51:01 PM, Old:, New:A1;A2;A3;A4;A5;A6;B1;B2;B3;B4;B5;B6;C1;C2;C3;C4;C5;C6;
PMT Volts Changed: 30-Aug-23 2:53:11 PM, Old:800, New:900
Emission PMT (V): Changed: 30-Aug-23 2:53:11 PM, Old: 800, New: 900
Cycle Time 1 Changed: 30-Aug-23 2:56:22 PM, Old: 0.4000, New: 1.5000
Stop Time 1 Changed: 30-Aug-23 2:56:22 PM, Old: 1.0000, New:90.0000
End Method Modifications

Sample B2_Ex555_Em665,
Sample B2_Ex555_Em665
Collection Time: 30-Aug-23 2:56:29 PM
Operator Name  :
Kinetics Software Version: 1.2(146)
Parameter List :
Report Time: Wed 30 Aug 02:56:29 PM 2023
Software version: 1.2(146)
Operator:
Instrument Parameters
Instrument                        Cary Eclipse
Instrument Serial Number          MY18160001
Data mode                         Fluorescence
Ex. wavelengths (nm)              555.0000 ; 555.0000
Em. wavelengths (nm)              570.0000 ; 665.0000
Ex. Slit (nm)                     5
Em. Slit (nm)                     5
Averaging Time (s)                0.1000
Cycle time(min)                   1.5000
Stop time(min)                    90.0000
Emission filter                   Open
Excitation Filter                 Auto
PMT voltage (V)                   900
Wellplate                         ON
Plate format                     96 Wells
Read position                    Well centre
Multi-zero                       OFF
Auto-zero                        OFF
Well                            A1
Comments:
Method Log     :
Method Name    : Default
Date/Time stamp: 30-Aug-23 2:49:57 PM
Method Modifications:
Wellplate Overlay Mode Changed: 30-Aug-23 2:50:02 PM, Old:Individual, New:Choice 1
Wellplate Overlay Mode Changed: 30-Aug-23 2:50:02 PM, Old:Overlay all, New:Choice 2
Wellplate Overlay Mode Changed: 30-Aug-23 2:50:02 PM, Old:Overlay rows, New:Choice 3
Wellplate Overlay Mode Changed: 30-Aug-23 2:50:02 PM, Old:Overlay columns, New:Choice 4
Wellplate Overlay Mode Changed: 30-Aug-23 2:50:02 PM, Old:User defined, New:Overlay columns
PMT Volts Changed: 30-Aug-23 2:51:01 PM, Old:600, New:800
Well plate reader Changed: 30-Aug-23 2:51:01 PM, Old:OFF, New:ON
Multiwavelength Changed: 30-Aug-23 2:51:01 PM, Old:OFF, New:ON
Excitation Wavelengths 1 Changed: 30-Aug-23 2:51:01 PM, Old:   350.0000, New:   555.0000
Emission Wavelengths 1 Changed: 30-Aug-23 2:51:01 PM, Old:   450.0000, New:   570.0000
Excitation Wavelengths 2 Changed: 30-Aug-23 2:51:01 PM, Old:   360.0000, New:   555.0000
Emission Wavelengths 2 Changed: 30-Aug-23 2:51:01 PM, Old:   460.0000, New:   665.0000
Excitation Wavelength Changed: 30-Aug-23 2:51:01 PM, Old: 400.00, New: 555.00
Emission Wavelength Changed: 30-Aug-23 2:51:01 PM, Old: 600.00, New: 570.00
Cycle Time 1 Changed: 30-Aug-23 2:51:01 PM, Old: 0.0000, New: 0.4000
Emission PMT (V): Changed: 30-Aug-23 2:51:01 PM, Old: 600, New: 800
Wellplate Samples Changed: 30-Aug-23 2:51:01 PM, Old:, New:A1;A2;A3;A4;A5;A6;B1;B2;B3;B4;B5;B6;C1;C2;C3;C4;C5;C6;
PMT Volts Changed: 30-Aug-23 2:53:11 PM, Old:800, New:900
Emission PMT (V): Changed: 30-Aug-23 2:53:11 PM, Old: 800, New: 900
Cycle Time 1 Changed: 30-Aug-23 2:56:22 PM, Old: 0.4000, New: 1.5000
Stop Time 1 Changed: 30-Aug-23 2:56:22 PM, Old: 1.0000, New:90.0000
End Method Modifications

Sample B3_Ex555_Em570,
Sample B3_Ex555_Em570
Collection Time: 30-Aug-23 2:56:29 PM
Operator Name  :
Kinetics Software Version: 1.2(146)
Parameter List :
Report Time: Wed 30 Aug 02:56:29 PM 2023
Software version: 1.2(146)
Operator:
Instrument Parameters
Instrument                        Cary Eclipse
Instrument Serial Number          MY18160001
Data mode                         Fluorescence
Ex. wavelengths (nm)              555.0000 ; 555.0000
Em. wavelengths (nm)              570.0000 ; 665.0000
Ex. Slit (nm)                     5
Em. Slit (nm)                     5
Averaging Time (s)                0.1000
Cycle time(min)                   1.5000
Stop time(min)                    90.0000
Emission filter                   Open
Excitation Filter                 Auto
PMT voltage (V)                   900
Wellplate                         ON
Plate format                     96 Wells
Read position                    Well centre
Multi-zero                       OFF
Auto-zero                        OFF
Well                            A1
Comments:
Method Log     :
Method Name    : Default
Date/Time stamp: 30-Aug-23 2:49:57 PM
Method Modifications:
Wellplate Overlay Mode Changed: 30-Aug-23 2:50:02 PM, Old:Individual, New:Choice 1
Wellplate Overlay Mode Changed: 30-Aug-23 2:50:02 PM, Old:Overlay all, New:Choice 2
Wellplate Overlay Mode Changed: 30-Aug-23 2:50:02 PM, Old:Overlay rows, New:Choice 3
Wellplate Overlay Mode Changed: 30-Aug-23 2:50:02 PM, Old:Overlay columns, New:Choice 4
Wellplate Overlay Mode Changed: 30-Aug-23 2:50:02 PM, Old:User defined, New:Overlay columns
PMT Volts Changed: 30-Aug-23 2:51:01 PM, Old:600, New:800
Well plate reader Changed: 30-Aug-23 2:51:01 PM, Old:OFF, New:ON
Multiwavelength Changed: 30-Aug-23 2:51:01 PM, Old:OFF, New:ON
Excitation Wavelengths 1 Changed: 30-Aug-23 2:51:01 PM, Old:   350.0000, New:   555.0000
Emission Wavelengths 1 Changed: 30-Aug-23 2:51:01 PM, Old:   450.0000, New:   570.0000
Excitation Wavelengths 2 Changed: 30-Aug-23 2:51:01 PM, Old:   360.0000, New:   555.0000
Emission Wavelengths 2 Changed: 30-Aug-23 2:51:01 PM, Old:   460.0000, New:   665.0000
Excitation Wavelength Changed: 30-Aug-23 2:51:01 PM, Old: 400.00, New: 555.00
Emission Wavelength Changed: 30-Aug-23 2:51:01 PM, Old: 600.00, New: 570.00
Cycle Time 1 Changed: 30-Aug-23 2:51:01 PM, Old: 0.0000, New: 0.4000
Emission PMT (V): Changed: 30-Aug-23 2:51:01 PM, Old: 600, New: 800
Wellplate Samples Changed: 30-Aug-23 2:51:01 PM, Old:, New:A1;A2;A3;A4;A5;A6;B1;B2;B3;B4;B5;B6;C1;C2;C3;C4;C5;C6;
PMT Volts Changed: 30-Aug-23 2:53:11 PM, Old:800, New:900
Emission PMT (V): Changed: 30-Aug-23 2:53:11 PM, Old: 800, New: 900
Cycle Time 1 Changed: 30-Aug-23 2:56:22 PM, Old: 0.4000, New: 1.5000
Stop Time 1 Changed: 30-Aug-23 2:56:22 PM, Old: 1.0000, New:90.0000
End Method Modifications

Sample B3_Ex555_Em665,
Sample B3_Ex555_Em665
Collection Time: 30-Aug-23 2:56:29 PM
Operator Name  :
Kinetics Software Version: 1.2(146)
Parameter List :
Report Time: Wed 30 Aug 02:56:29 PM 2023
Software version: 1.2(146)
Operator:
Instrument Parameters
Instrument                        Cary Eclipse
Instrument Serial Number          MY18160001
Data mode                         Fluorescence
Ex. wavelengths (nm)              555.0000 ; 555.0000
Em. wavelengths (nm)              570.0000 ; 665.0000
Ex. Slit (nm)                     5
Em. Slit (nm)                     5
Averaging Time (s)                0.1000
Cycle time(min)                   1.5000
Stop time(min)                    90.0000
Emission filter                   Open
Excitation Filter                 Auto
PMT voltage (V)                   900
Wellplate                         ON
Plate format                     96 Wells
Read position                    Well centre
Multi-zero                       OFF
Auto-zero                        OFF
Well                            A1
Comments:
Method Log     :
Method Name    : Default
Date/Time stamp: 30-Aug-23 2:49:57 PM
Method Modifications:
Wellplate Overlay Mode Changed: 30-Aug-23 2:50:02 PM, Old:Individual, New:Choice 1
Wellplate Overlay Mode Changed: 30-Aug-23 2:50:02 PM, Old:Overlay all, New:Choice 2
Wellplate Overlay Mode Changed: 30-Aug-23 2:50:02 PM, Old:Overlay rows, New:Choice 3
Wellplate Overlay Mode Changed: 30-Aug-23 2:50:02 PM, Old:Overlay columns, New:Choice 4
Wellplate Overlay Mode Changed: 30-Aug-23 2:50:02 PM, Old:User defined, New:Overlay columns
PMT Volts Changed: 30-Aug-23 2:51:01 PM, Old:600, New:800
Well plate reader Changed: 30-Aug-23 2:51:01 PM, Old:OFF, New:ON
Multiwavelength Changed: 30-Aug-23 2:51:01 PM, Old:OFF, New:ON
Excitation Wavelengths 1 Changed: 30-Aug-23 2:51:01 PM, Old:   350.0000, New:   555.0000
Emission Wavelengths 1 Changed: 30-Aug-23 2:51:01 PM, Old:   450.0000, New:   570.0000
Excitation Wavelengths 2 Changed: 30-Aug-23 2:51:01 PM, Old:   360.0000, New:   555.0000
Emission Wavelengths 2 Changed: 30-Aug-23 2:51:01 PM, Old:   460.0000, New:   665.0000
Excitation Wavelength Changed: 30-Aug-23 2:51:01 PM, Old: 400.00, New: 555.00
Emission Wavelength Changed: 30-Aug-23 2:51:01 PM, Old: 600.00, New: 570.00
Cycle Time 1 Changed: 30-Aug-23 2:51:01 PM, Old: 0.0000, New: 0.4000
Emission PMT (V): Changed: 30-Aug-23 2:51:01 PM, Old: 600, New: 800
Wellplate Samples Changed: 30-Aug-23 2:51:01 PM, Old:, New:A1;A2;A3;A4;A5;A6;B1;B2;B3;B4;B5;B6;C1;C2;C3;C4;C5;C6;
PMT Volts Changed: 30-Aug-23 2:53:11 PM, Old:800, New:900
Emission PMT (V): Changed: 30-Aug-23 2:53:11 PM, Old: 800, New: 900
Cycle Time 1 Changed: 30-Aug-23 2:56:22 PM, Old: 0.4000, New: 1.5000
Stop Time 1 Changed: 30-Aug-23 2:56:22 PM, Old: 1.0000, New:90.0000
End Method Modifications

Sample B4_Ex555_Em570,
Sample B4_Ex555_Em570
Collection Time: 30-Aug-23 2:56:29 PM
Operator Name  :
Kinetics Software Version: 1.2(146)
Parameter List :
Report Time: Wed 30 Aug 02:56:29 PM 2023
Software version: 1.2(146)
Operator:
Instrument Parameters
Instrument                        Cary Eclipse
Instrument Serial Number          MY18160001
Data mode                         Fluorescence
Ex. wavelengths (nm)              555.0000 ; 555.0000
Em. wavelengths (nm)              570.0000 ; 665.0000
Ex. Slit (nm)                     5
Em. Slit (nm)                     5
Averaging Time (s)                0.1000
Cycle time(min)                   1.5000
Stop time(min)                    90.0000
Emission filter                   Open
Excitation Filter                 Auto
PMT voltage (V)                   900
Wellplate                         ON
Plate format                     96 Wells
Read position                    Well centre
Multi-zero                       OFF
Auto-zero                        OFF
Well                            A1
Comments:
Method Log     :
Method Name    : Default
Date/Time stamp: 30-Aug-23 2:49:57 PM
Method Modifications:
Wellplate Overlay Mode Changed: 30-Aug-23 2:50:02 PM, Old:Individual, New:Choice 1
Wellplate Overlay Mode Changed: 30-Aug-23 2:50:02 PM, Old:Overlay all, New:Choice 2
Wellplate Overlay Mode Changed: 30-Aug-23 2:50:02 PM, Old:Overlay rows, New:Choice 3
Wellplate Overlay Mode Changed: 30-Aug-23 2:50:02 PM, Old:Overlay columns, New:Choice 4
Wellplate Overlay Mode Changed: 30-Aug-23 2:50:02 PM, Old:User defined, New:Overlay columns
PMT Volts Changed: 30-Aug-23 2:51:01 PM, Old:600, New:800
Well plate reader Changed: 30-Aug-23 2:51:01 PM, Old:OFF, New:ON
Multiwavelength Changed: 30-Aug-23 2:51:01 PM, Old:OFF, New:ON
Excitation Wavelengths 1 Changed: 30-Aug-23 2:51:01 PM, Old:   350.0000, New:   555.0000
Emission Wavelengths 1 Changed: 30-Aug-23 2:51:01 PM, Old:   450.0000, New:   570.0000
Excitation Wavelengths 2 Changed: 30-Aug-23 2:51:01 PM, Old:   360.0000, New:   555.0000
Emission Wavelengths 2 Changed: 30-Aug-23 2:51:01 PM, Old:   460.0000, New:   665.0000
Excitation Wavelength Changed: 30-Aug-23 2:51:01 PM, Old: 400.00, New: 555.00
Emission Wavelength Changed: 30-Aug-23 2:51:01 PM, Old: 600.00, New: 570.00
Cycle Time 1 Changed: 30-Aug-23 2:51:01 PM, Old: 0.0000, New: 0.4000
Emission PMT (V): Changed: 30-Aug-23 2:51:01 PM, Old: 600, New: 800
Wellplate Samples Changed: 30-Aug-23 2:51:01 PM, Old:, New:A1;A2;A3;A4;A5;A6;B1;B2;B3;B4;B5;B6;C1;C2;C3;C4;C5;C6;
PMT Volts Changed: 30-Aug-23 2:53:11 PM, Old:800, New:900
Emission PMT (V): Changed: 30-Aug-23 2:53:11 PM, Old: 800, New: 900
Cycle Time 1 Changed: 30-Aug-23 2:56:22 PM, Old: 0.4000, New: 1.5000
Stop Time 1 Changed: 30-Aug-23 2:56:22 PM, Old: 1.0000, New:90.0000
End Method Modifications

Sample B4_Ex555_Em665,
Sample B4_Ex555_Em665
Collection Time: 30-Aug-23 2:56:29 PM
Operator Name  :
Kinetics Software Version: 1.2(146)
Parameter List :
Report Time: Wed 30 Aug 02:56:29 PM 2023
Software version: 1.2(146)
Operator:
Instrument Parameters
Instrument                        Cary Eclipse
Instrument Serial Number          MY18160001
Data mode                         Fluorescence
Ex. wavelengths (nm)              555.0000 ; 555.0000
Em. wavelengths (nm)              570.0000 ; 665.0000
Ex. Slit (nm)                     5
Em. Slit (nm)                     5
Averaging Time (s)                0.1000
Cycle time(min)                   1.5000
Stop time(min)                    90.0000
Emission filter                   Open
Excitation Filter                 Auto
PMT voltage (V)                   900
Wellplate                         ON
Plate format                     96 Wells
Read position                    Well centre
Multi-zero                       OFF
Auto-zero                        OFF
Well                            A1
Comments:
Method Log     :
Method Name    : Default
Date/Time stamp: 30-Aug-23 2:49:57 PM
Method Modifications:
Wellplate Overlay Mode Changed: 30-Aug-23 2:50:02 PM, Old:Individual, New:Choice 1
Wellplate Overlay Mode Changed: 30-Aug-23 2:50:02 PM, Old:Overlay all, New:Choice 2
Wellplate Overlay Mode Changed: 30-Aug-23 2:50:02 PM, Old:Overlay rows, New:Choice 3
Wellplate Overlay Mode Changed: 30-Aug-23 2:50:02 PM, Old:Overlay columns, New:Choice 4
Wellplate Overlay Mode Changed: 30-Aug-23 2:50:02 PM, Old:User defined, New:Overlay columns
PMT Volts Changed: 30-Aug-23 2:51:01 PM, Old:600, New:800
Well plate reader Changed: 30-Aug-23 2:51:01 PM, Old:OFF, New:ON
Multiwavelength Changed: 30-Aug-23 2:51:01 PM, Old:OFF, New:ON
Excitation Wavelengths 1 Changed: 30-Aug-23 2:51:01 PM, Old:   350.0000, New:   555.0000
Emission Wavelengths 1 Changed: 30-Aug-23 2:51:01 PM, Old:   450.0000, New:   570.0000
Excitation Wavelengths 2 Changed: 30-Aug-23 2:51:01 PM, Old:   360.0000, New:   555.0000
Emission Wavelengths 2 Changed: 30-Aug-23 2:51:01 PM, Old:   460.0000, New:   665.0000
Excitation Wavelength Changed: 30-Aug-23 2:51:01 PM, Old: 400.00, New: 555.00
Emission Wavelength Changed: 30-Aug-23 2:51:01 PM, Old: 600.00, New: 570.00
Cycle Time 1 Changed: 30-Aug-23 2:51:01 PM, Old: 0.0000, New: 0.4000
Emission PMT (V): Changed: 30-Aug-23 2:51:01 PM, Old: 600, New: 800
Wellplate Samples Changed: 30-Aug-23 2:51:01 PM, Old:, New:A1;A2;A3;A4;A5;A6;B1;B2;B3;B4;B5;B6;C1;C2;C3;C4;C5;C6;
PMT Volts Changed: 30-Aug-23 2:53:11 PM, Old:800, New:900
Emission PMT (V): Changed: 30-Aug-23 2:53:11 PM, Old: 800, New: 900
Cycle Time 1 Changed: 30-Aug-23 2:56:22 PM, Old: 0.4000, New: 1.5000
Stop Time 1 Changed: 30-Aug-23 2:56:22 PM, Old: 1.0000, New:90.0000
End Method Modifications

Sample B5_Ex555_Em570,
Sample B5_Ex555_Em570
Collection Time: 30-Aug-23 2:56:29 PM
Operator Name  :
Kinetics Software Version: 1.2(146)
Parameter List :
Report Time: Wed 30 Aug 02:56:29 PM 2023
Software version: 1.2(146)
Operator:
Instrument Parameters
Instrument                        Cary Eclipse
Instrument Serial Number          MY18160001
Data mode                         Fluorescence
Ex. wavelengths (nm)              555.0000 ; 555.0000
Em. wavelengths (nm)              570.0000 ; 665.0000
Ex. Slit (nm)                     5
Em. Slit (nm)                     5
Averaging Time (s)                0.1000
Cycle time(min)                   1.5000
Stop time(min)                    90.0000
Emission filter                   Open
Excitation Filter                 Auto
PMT voltage (V)                   900
Wellplate                         ON
Plate format                     96 Wells
Read position                    Well centre
Multi-zero                       OFF
Auto-zero                        OFF
Well                            A1
Comments:
Method Log     :
Method Name    : Default
Date/Time stamp: 30-Aug-23 2:49:57 PM
Method Modifications:
Wellplate Overlay Mode Changed: 30-Aug-23 2:50:02 PM, Old:Individual, New:Choice 1
Wellplate Overlay Mode Changed: 30-Aug-23 2:50:02 PM, Old:Overlay all, New:Choice 2
Wellplate Overlay Mode Changed: 30-Aug-23 2:50:02 PM, Old:Overlay rows, New:Choice 3
Wellplate Overlay Mode Changed: 30-Aug-23 2:50:02 PM, Old:Overlay columns, New:Choice 4
Wellplate Overlay Mode Changed: 30-Aug-23 2:50:02 PM, Old:User defined, New:Overlay columns
PMT Volts Changed: 30-Aug-23 2:51:01 PM, Old:600, New:800
Well plate reader Changed: 30-Aug-23 2:51:01 PM, Old:OFF, New:ON
Multiwavelength Changed: 30-Aug-23 2:51:01 PM, Old:OFF, New:ON
Excitation Wavelengths 1 Changed: 30-Aug-23 2:51:01 PM, Old:   350.0000, New:   555.0000
Emission Wavelengths 1 Changed: 30-Aug-23 2:51:01 PM, Old:   450.0000, New:   570.0000
Excitation Wavelengths 2 Changed: 30-Aug-23 2:51:01 PM, Old:   360.0000, New:   555.0000
Emission Wavelengths 2 Changed: 30-Aug-23 2:51:01 PM, Old:   460.0000, New:   665.0000
Excitation Wavelength Changed: 30-Aug-23 2:51:01 PM, Old: 400.00, New: 555.00
Emission Wavelength Changed: 30-Aug-23 2:51:01 PM, Old: 600.00, New: 570.00
Cycle Time 1 Changed: 30-Aug-23 2:51:01 PM, Old: 0.0000, New: 0.4000
Emission PMT (V): Changed: 30-Aug-23 2:51:01 PM, Old: 600, New: 800
Wellplate Samples Changed: 30-Aug-23 2:51:01 PM, Old:, New:A1;A2;A3;A4;A5;A6;B1;B2;B3;B4;B5;B6;C1;C2;C3;C4;C5;C6;
PMT Volts Changed: 30-Aug-23 2:53:11 PM, Old:800, New:900
Emission PMT (V): Changed: 30-Aug-23 2:53:11 PM, Old: 800, New: 900
Cycle Time 1 Changed: 30-Aug-23 2:56:22 PM, Old: 0.4000, New: 1.5000
Stop Time 1 Changed: 30-Aug-23 2:56:22 PM, Old: 1.0000, New:90.0000
End Method Modifications

Sample B5_Ex555_Em665,
Sample B5_Ex555_Em665
Collection Time: 30-Aug-23 2:56:29 PM
Operator Name  :
Kinetics Software Version: 1.2(146)
Parameter List :
Report Time: Wed 30 Aug 02:56:29 PM 2023
Software version: 1.2(146)
Operator:
Instrument Parameters
Instrument                        Cary Eclipse
Instrument Serial Number          MY18160001
Data mode                         Fluorescence
Ex. wavelengths (nm)              555.0000 ; 555.0000
Em. wavelengths (nm)              570.0000 ; 665.0000
Ex. Slit (nm)                     5
Em. Slit (nm)                     5
Averaging Time (s)                0.1000
Cycle time(min)                   1.5000
Stop time(min)                    90.0000
Emission filter                   Open
Excitation Filter                 Auto
PMT voltage (V)                   900
Wellplate                         ON
Plate format                     96 Wells
Read position                    Well centre
Multi-zero                       OFF
Auto-zero                        OFF
Well                            A1
Comments:
Method Log     :
Method Name    : Default
Date/Time stamp: 30-Aug-23 2:49:57 PM
Method Modifications:
Wellplate Overlay Mode Changed: 30-Aug-23 2:50:02 PM, Old:Individual, New:Choice 1
Wellplate Overlay Mode Changed: 30-Aug-23 2:50:02 PM, Old:Overlay all, New:Choice 2
Wellplate Overlay Mode Changed: 30-Aug-23 2:50:02 PM, Old:Overlay rows, New:Choice 3
Wellplate Overlay Mode Changed: 30-Aug-23 2:50:02 PM, Old:Overlay columns, New:Choice 4
Wellplate Overlay Mode Changed: 30-Aug-23 2:50:02 PM, Old:User defined, New:Overlay columns
PMT Volts Changed: 30-Aug-23 2:51:01 PM, Old:600, New:800
Well plate reader Changed: 30-Aug-23 2:51:01 PM, Old:OFF, New:ON
Multiwavelength Changed: 30-Aug-23 2:51:01 PM, Old:OFF, New:ON
Excitation Wavelengths 1 Changed: 30-Aug-23 2:51:01 PM, Old:   350.0000, New:   555.0000
Emission Wavelengths 1 Changed: 30-Aug-23 2:51:01 PM, Old:   450.0000, New:   570.0000
Excitation Wavelengths 2 Changed: 30-Aug-23 2:51:01 PM, Old:   360.0000, New:   555.0000
Emission Wavelengths 2 Changed: 30-Aug-23 2:51:01 PM, Old:   460.0000, New:   665.0000
Excitation Wavelength Changed: 30-Aug-23 2:51:01 PM, Old: 400.00, New: 555.00
Emission Wavelength Changed: 30-Aug-23 2:51:01 PM, Old: 600.00, New: 570.00
Cycle Time 1 Changed: 30-Aug-23 2:51:01 PM, Old: 0.0000, New: 0.4000
Emission PMT (V): Changed: 30-Aug-23 2:51:01 PM, Old: 600, New: 800
Wellplate Samples Changed: 30-Aug-23 2:51:01 PM, Old:, New:A1;A2;A3;A4;A5;A6;B1;B2;B3;B4;B5;B6;C1;C2;C3;C4;C5;C6;
PMT Volts Changed: 30-Aug-23 2:53:11 PM, Old:800, New:900
Emission PMT (V): Changed: 30-Aug-23 2:53:11 PM, Old: 800, New: 900
Cycle Time 1 Changed: 30-Aug-23 2:56:22 PM, Old: 0.4000, New: 1.5000
Stop Time 1 Changed: 30-Aug-23 2:56:22 PM, Old: 1.0000, New:90.0000
End Method Modifications

Sample B6_Ex555_Em570,
Sample B6_Ex555_Em570
Collection Time: 30-Aug-23 2:56:29 PM
Operator Name  :
Kinetics Software Version: 1.2(146)
Parameter List :
Report Time: Wed 30 Aug 02:56:29 PM 2023
Software version: 1.2(146)
Operator:
Instrument Parameters
Instrument                        Cary Eclipse
Instrument Serial Number          MY18160001
Data mode                         Fluorescence
Ex. wavelengths (nm)              555.0000 ; 555.0000
Em. wavelengths (nm)              570.0000 ; 665.0000
Ex. Slit (nm)                     5
Em. Slit (nm)                     5
Averaging Time (s)                0.1000
Cycle time(min)                   1.5000
Stop time(min)                    90.0000
Emission filter                   Open
Excitation Filter                 Auto
PMT voltage (V)                   900
Wellplate                         ON
Plate format                     96 Wells
Read position                    Well centre
Multi-zero                       OFF
Auto-zero                        OFF
Well                            A1
Comments:
Method Log     :
Method Name    : Default
Date/Time stamp: 30-Aug-23 2:49:57 PM
Method Modifications:
Wellplate Overlay Mode Changed: 30-Aug-23 2:50:02 PM, Old:Individual, New:Choice 1
Wellplate Overlay Mode Changed: 30-Aug-23 2:50:02 PM, Old:Overlay all, New:Choice 2
Wellplate Overlay Mode Changed: 30-Aug-23 2:50:02 PM, Old:Overlay rows, New:Choice 3
Wellplate Overlay Mode Changed: 30-Aug-23 2:50:02 PM, Old:Overlay columns, New:Choice 4
Wellplate Overlay Mode Changed: 30-Aug-23 2:50:02 PM, Old:User defined, New:Overlay columns
PMT Volts Changed: 30-Aug-23 2:51:01 PM, Old:600, New:800
Well plate reader Changed: 30-Aug-23 2:51:01 PM, Old:OFF, New:ON
Multiwavelength Changed: 30-Aug-23 2:51:01 PM, Old:OFF, New:ON
Excitation Wavelengths 1 Changed: 30-Aug-23 2:51:01 PM, Old:   350.0000, New:   555.0000
Emission Wavelengths 1 Changed: 30-Aug-23 2:51:01 PM, Old:   450.0000, New:   570.0000
Excitation Wavelengths 2 Changed: 30-Aug-23 2:51:01 PM, Old:   360.0000, New:   555.0000
Emission Wavelengths 2 Changed: 30-Aug-23 2:51:01 PM, Old:   460.0000, New:   665.0000
Excitation Wavelength Changed: 30-Aug-23 2:51:01 PM, Old: 400.00, New: 555.00
Emission Wavelength Changed: 30-Aug-23 2:51:01 PM, Old: 600.00, New: 570.00
Cycle Time 1 Changed: 30-Aug-23 2:51:01 PM, Old: 0.0000, New: 0.4000
Emission PMT (V): Changed: 30-Aug-23 2:51:01 PM, Old: 600, New: 800
Wellplate Samples Changed: 30-Aug-23 2:51:01 PM, Old:, New:A1;A2;A3;A4;A5;A6;B1;B2;B3;B4;B5;B6;C1;C2;C3;C4;C5;C6;
PMT Volts Changed: 30-Aug-23 2:53:11 PM, Old:800, New:900
Emission PMT (V): Changed: 30-Aug-23 2:53:11 PM, Old: 800, New: 900
Cycle Time 1 Changed: 30-Aug-23 2:56:22 PM, Old: 0.4000, New: 1.5000
Stop Time 1 Changed: 30-Aug-23 2:56:22 PM, Old: 1.0000, New:90.0000
End Method Modifications

Sample B6_Ex555_Em665,
Sample B6_Ex555_Em665
Collection Time: 30-Aug-23 2:56:29 PM
Operator Name  :
Kinetics Software Version: 1.2(146)
Parameter List :
Report Time: Wed 30 Aug 02:56:29 PM 2023
Software version: 1.2(146)
Operator:
Instrument Parameters
Instrument                        Cary Eclipse
Instrument Serial Number          MY18160001
Data mode                         Fluorescence
Ex. wavelengths (nm)              555.0000 ; 555.0000
Em. wavelengths (nm)              570.0000 ; 665.0000
Ex. Slit (nm)                     5
Em. Slit (nm)                     5
Averaging Time (s)                0.1000
Cycle time(min)                   1.5000
Stop time(min)                    90.0000
Emission filter                   Open
Excitation Filter                 Auto
PMT voltage (V)                   900
Wellplate                         ON
Plate format                     96 Wells
Read position                    Well centre
Multi-zero                       OFF
Auto-zero                        OFF
Well                            A1
Comments:
Method Log     :
Method Name    : Default
Date/Time stamp: 30-Aug-23 2:49:57 PM
Method Modifications:
Wellplate Overlay Mode Changed: 30-Aug-23 2:50:02 PM, Old:Individual, New:Choice 1
Wellplate Overlay Mode Changed: 30-Aug-23 2:50:02 PM, Old:Overlay all, New:Choice 2
Wellplate Overlay Mode Changed: 30-Aug-23 2:50:02 PM, Old:Overlay rows, New:Choice 3
Wellplate Overlay Mode Changed: 30-Aug-23 2:50:02 PM, Old:Overlay columns, New:Choice 4
Wellplate Overlay Mode Changed: 30-Aug-23 2:50:02 PM, Old:User defined, New:Overlay columns
PMT Volts Changed: 30-Aug-23 2:51:01 PM, Old:600, New:800
Well plate reader Changed: 30-Aug-23 2:51:01 PM, Old:OFF, New:ON
Multiwavelength Changed: 30-Aug-23 2:51:01 PM, Old:OFF, New:ON
Excitation Wavelengths 1 Changed: 30-Aug-23 2:51:01 PM, Old:   350.0000, New:   555.0000
Emission Wavelengths 1 Changed: 30-Aug-23 2:51:01 PM, Old:   450.0000, New:   570.0000
Excitation Wavelengths 2 Changed: 30-Aug-23 2:51:01 PM, Old:   360.0000, New:   555.0000
Emission Wavelengths 2 Changed: 30-Aug-23 2:51:01 PM, Old:   460.0000, New:   665.0000
Excitation Wavelength Changed: 30-Aug-23 2:51:01 PM, Old: 400.00, New: 555.00
Emission Wavelength Changed: 30-Aug-23 2:51:01 PM, Old: 600.00, New: 570.00
Cycle Time 1 Changed: 30-Aug-23 2:51:01 PM, Old: 0.0000, New: 0.4000
Emission PMT (V): Changed: 30-Aug-23 2:51:01 PM, Old: 600, New: 800
Wellplate Samples Changed: 30-Aug-23 2:51:01 PM, Old:, New:A1;A2;A3;A4;A5;A6;B1;B2;B3;B4;B5;B6;C1;C2;C3;C4;C5;C6;
PMT Volts Changed: 30-Aug-23 2:53:11 PM, Old:800, New:900
Emission PMT (V): Changed: 30-Aug-23 2:53:11 PM, Old: 800, New: 900
Cycle Time 1 Changed: 30-Aug-23 2:56:22 PM, Old: 0.4000, New: 1.5000
Stop Time 1 Changed: 30-Aug-23 2:56:22 PM, Old: 1.0000, New:90.0000
End Method Modifications

Sample C1_Ex555_Em570,
Sample C1_Ex555_Em570
Collection Time: 30-Aug-23 2:56:29 PM
Operator Name  :
Kinetics Software Version: 1.2(146)
Parameter List :
Report Time: Wed 30 Aug 02:56:29 PM 2023
Software version: 1.2(146)
Operator:
Instrument Parameters
Instrument                        Cary Eclipse
Instrument Serial Number          MY18160001
Data mode                         Fluorescence
Ex. wavelengths (nm)              555.0000 ; 555.0000
Em. wavelengths (nm)              570.0000 ; 665.0000
Ex. Slit (nm)                     5
Em. Slit (nm)                     5
Averaging Time (s)                0.1000
Cycle time(min)                   1.5000
Stop time(min)                    90.0000
Emission filter                   Open
Excitation Filter                 Auto
PMT voltage (V)                   900
Wellplate                         ON
Plate format                     96 Wells
Read position                    Well centre
Multi-zero                       OFF
Auto-zero                        OFF
Well                            A1
Comments:
Method Log     :
Method Name    : Default
Date/Time stamp: 30-Aug-23 2:49:57 PM
Method Modifications:
Wellplate Overlay Mode Changed: 30-Aug-23 2:50:02 PM, Old:Individual, New:Choice 1
Wellplate Overlay Mode Changed: 30-Aug-23 2:50:02 PM, Old:Overlay all, New:Choice 2
Wellplate Overlay Mode Changed: 30-Aug-23 2:50:02 PM, Old:Overlay rows, New:Choice 3
Wellplate Overlay Mode Changed: 30-Aug-23 2:50:02 PM, Old:Overlay columns, New:Choice 4
Wellplate Overlay Mode Changed: 30-Aug-23 2:50:02 PM, Old:User defined, New:Overlay columns
PMT Volts Changed: 30-Aug-23 2:51:01 PM, Old:600, New:800
Well plate reader Changed: 30-Aug-23 2:51:01 PM, Old:OFF, New:ON
Multiwavelength Changed: 30-Aug-23 2:51:01 PM, Old:OFF, New:ON
Excitation Wavelengths 1 Changed: 30-Aug-23 2:51:01 PM, Old:   350.0000, New:   555.0000
Emission Wavelengths 1 Changed: 30-Aug-23 2:51:01 PM, Old:   450.0000, New:   570.0000
Excitation Wavelengths 2 Changed: 30-Aug-23 2:51:01 PM, Old:   360.0000, New:   555.0000
Emission Wavelengths 2 Changed: 30-Aug-23 2:51:01 PM, Old:   460.0000, New:   665.0000
Excitation Wavelength Changed: 30-Aug-23 2:51:01 PM, Old: 400.00, New: 555.00
Emission Wavelength Changed: 30-Aug-23 2:51:01 PM, Old: 600.00, New: 570.00
Cycle Time 1 Changed: 30-Aug-23 2:51:01 PM, Old: 0.0000, New: 0.4000
Emission PMT (V): Changed: 30-Aug-23 2:51:01 PM, Old: 600, New: 800
Wellplate Samples Changed: 30-Aug-23 2:51:01 PM, Old:, New:A1;A2;A3;A4;A5;A6;B1;B2;B3;B4;B5;B6;C1;C2;C3;C4;C5;C6;
PMT Volts Changed: 30-Aug-23 2:53:11 PM, Old:800, New:900
Emission PMT (V): Changed: 30-Aug-23 2:53:11 PM, Old: 800, New: 900
Cycle Time 1 Changed: 30-Aug-23 2:56:22 PM, Old: 0.4000, New: 1.5000
Stop Time 1 Changed: 30-Aug-23 2:56:22 PM, Old: 1.0000, New:90.0000
End Method Modifications

Sample C1_Ex555_Em665,
Sample C1_Ex555_Em665
Collection Time: 30-Aug-23 2:56:29 PM
Operator Name  :
Kinetics Software Version: 1.2(146)
Parameter List :
Report Time: Wed 30 Aug 02:56:29 PM 2023
Software version: 1.2(146)
Operator:
Instrument Parameters
Instrument                        Cary Eclipse
Instrument Serial Number          MY18160001
Data mode                         Fluorescence
Ex. wavelengths (nm)              555.0000 ; 555.0000
Em. wavelengths (nm)              570.0000 ; 665.0000
Ex. Slit (nm)                     5
Em. Slit (nm)                     5
Averaging Time (s)                0.1000
Cycle time(min)                   1.5000
Stop time(min)                    90.0000
Emission filter                   Open
Excitation Filter                 Auto
PMT voltage (V)                   900
Wellplate                         ON
Plate format                     96 Wells
Read position                    Well centre
Multi-zero                       OFF
Auto-zero                        OFF
Well                            A1
Comments:
Method Log     :
Method Name    : Default
Date/Time stamp: 30-Aug-23 2:49:57 PM
Method Modifications:
Wellplate Overlay Mode Changed: 30-Aug-23 2:50:02 PM, Old:Individual, New:Choice 1
Wellplate Overlay Mode Changed: 30-Aug-23 2:50:02 PM, Old:Overlay all, New:Choice 2
Wellplate Overlay Mode Changed: 30-Aug-23 2:50:02 PM, Old:Overlay rows, New:Choice 3
Wellplate Overlay Mode Changed: 30-Aug-23 2:50:02 PM, Old:Overlay columns, New:Choice 4
Wellplate Overlay Mode Changed: 30-Aug-23 2:50:02 PM, Old:User defined, New:Overlay columns
PMT Volts Changed: 30-Aug-23 2:51:01 PM, Old:600, New:800
Well plate reader Changed: 30-Aug-23 2:51:01 PM, Old:OFF, New:ON
Multiwavelength Changed: 30-Aug-23 2:51:01 PM, Old:OFF, New:ON
Excitation Wavelengths 1 Changed: 30-Aug-23 2:51:01 PM, Old:   350.0000, New:   555.0000
Emission Wavelengths 1 Changed: 30-Aug-23 2:51:01 PM, Old:   450.0000, New:   570.0000
Excitation Wavelengths 2 Changed: 30-Aug-23 2:51:01 PM, Old:   360.0000, New:   555.0000
Emission Wavelengths 2 Changed: 30-Aug-23 2:51:01 PM, Old:   460.0000, New:   665.0000
Excitation Wavelength Changed: 30-Aug-23 2:51:01 PM, Old: 400.00, New: 555.00
Emission Wavelength Changed: 30-Aug-23 2:51:01 PM, Old: 600.00, New: 570.00
Cycle Time 1 Changed: 30-Aug-23 2:51:01 PM, Old: 0.0000, New: 0.4000
Emission PMT (V): Changed: 30-Aug-23 2:51:01 PM, Old: 600, New: 800
Wellplate Samples Changed: 30-Aug-23 2:51:01 PM, Old:, New:A1;A2;A3;A4;A5;A6;B1;B2;B3;B4;B5;B6;C1;C2;C3;C4;C5;C6;
PMT Volts Changed: 30-Aug-23 2:53:11 PM, Old:800, New:900
Emission PMT (V): Changed: 30-Aug-23 2:53:11 PM, Old: 800, New: 900
Cycle Time 1 Changed: 30-Aug-23 2:56:22 PM, Old: 0.4000, New: 1.5000
Stop Time 1 Changed: 30-Aug-23 2:56:22 PM, Old: 1.0000, New:90.0000
End Method Modifications

Sample C2_Ex555_Em570,
Sample C2_Ex555_Em570
Collection Time: 30-Aug-23 2:56:29 PM
Operator Name  :
Kinetics Software Version: 1.2(146)
Parameter List :
Report Time: Wed 30 Aug 02:56:29 PM 2023
Software version: 1.2(146)
Operator:
Instrument Parameters
Instrument                        Cary Eclipse
Instrument Serial Number          MY18160001
Data mode                         Fluorescence
Ex. wavelengths (nm)              555.0000 ; 555.0000
Em. wavelengths (nm)              570.0000 ; 665.0000
Ex. Slit (nm)                     5
Em. Slit (nm)                     5
Averaging Time (s)                0.1000
Cycle time(min)                   1.5000
Stop time(min)                    90.0000
Emission filter                   Open
Excitation Filter                 Auto
PMT voltage (V)                   900
Wellplate                         ON
Plate format                     96 Wells
Read position                    Well centre
Multi-zero                       OFF
Auto-zero                        OFF
Well                            A1
Comments:
Method Log     :
Method Name    : Default
Date/Time stamp: 30-Aug-23 2:49:57 PM
Method Modifications:
Wellplate Overlay Mode Changed: 30-Aug-23 2:50:02 PM, Old:Individual, New:Choice 1
Wellplate Overlay Mode Changed: 30-Aug-23 2:50:02 PM, Old:Overlay all, New:Choice 2
Wellplate Overlay Mode Changed: 30-Aug-23 2:50:02 PM, Old:Overlay rows, New:Choice 3
Wellplate Overlay Mode Changed: 30-Aug-23 2:50:02 PM, Old:Overlay columns, New:Choice 4
Wellplate Overlay Mode Changed: 30-Aug-23 2:50:02 PM, Old:User defined, New:Overlay columns
PMT Volts Changed: 30-Aug-23 2:51:01 PM, Old:600, New:800
Well plate reader Changed: 30-Aug-23 2:51:01 PM, Old:OFF, New:ON
Multiwavelength Changed: 30-Aug-23 2:51:01 PM, Old:OFF, New:ON
Excitation Wavelengths 1 Changed: 30-Aug-23 2:51:01 PM, Old:   350.0000, New:   555.0000
Emission Wavelengths 1 Changed: 30-Aug-23 2:51:01 PM, Old:   450.0000, New:   570.0000
Excitation Wavelengths 2 Changed: 30-Aug-23 2:51:01 PM, Old:   360.0000, New:   555.0000
Emission Wavelengths 2 Changed: 30-Aug-23 2:51:01 PM, Old:   460.0000, New:   665.0000
Excitation Wavelength Changed: 30-Aug-23 2:51:01 PM, Old: 400.00, New: 555.00
Emission Wavelength Changed: 30-Aug-23 2:51:01 PM, Old: 600.00, New: 570.00
Cycle Time 1 Changed: 30-Aug-23 2:51:01 PM, Old: 0.0000, New: 0.4000
Emission PMT (V): Changed: 30-Aug-23 2:51:01 PM, Old: 600, New: 800
Wellplate Samples Changed: 30-Aug-23 2:51:01 PM, Old:, New:A1;A2;A3;A4;A5;A6;B1;B2;B3;B4;B5;B6;C1;C2;C3;C4;C5;C6;
PMT Volts Changed: 30-Aug-23 2:53:11 PM, Old:800, New:900
Emission PMT (V): Changed: 30-Aug-23 2:53:11 PM, Old: 800, New: 900
Cycle Time 1 Changed: 30-Aug-23 2:56:22 PM, Old: 0.4000, New: 1.5000
Stop Time 1 Changed: 30-Aug-23 2:56:22 PM, Old: 1.0000, New:90.0000
End Method Modifications

Sample C2_Ex555_Em665,
Sample C2_Ex555_Em665
Collection Time: 30-Aug-23 2:56:29 PM
Operator Name  :
Kinetics Software Version: 1.2(146)
Parameter List :
Report Time: Wed 30 Aug 02:56:29 PM 2023
Software version: 1.2(146)
Operator:
Instrument Parameters
Instrument                        Cary Eclipse
Instrument Serial Number          MY18160001
Data mode                         Fluorescence
Ex. wavelengths (nm)              555.0000 ; 555.0000
Em. wavelengths (nm)              570.0000 ; 665.0000
Ex. Slit (nm)                     5
Em. Slit (nm)                     5
Averaging Time (s)                0.1000
Cycle time(min)                   1.5000
Stop time(min)                    90.0000
Emission filter                   Open
Excitation Filter                 Auto
PMT voltage (V)                   900
Wellplate                         ON
Plate format                     96 Wells
Read position                    Well centre
Multi-zero                       OFF
Auto-zero                        OFF
Well                            A1
Comments:
Method Log     :
Method Name    : Default
Date/Time stamp: 30-Aug-23 2:49:57 PM
Method Modifications:
Wellplate Overlay Mode Changed: 30-Aug-23 2:50:02 PM, Old:Individual, New:Choice 1
Wellplate Overlay Mode Changed: 30-Aug-23 2:50:02 PM, Old:Overlay all, New:Choice 2
Wellplate Overlay Mode Changed: 30-Aug-23 2:50:02 PM, Old:Overlay rows, New:Choice 3
Wellplate Overlay Mode Changed: 30-Aug-23 2:50:02 PM, Old:Overlay columns, New:Choice 4
Wellplate Overlay Mode Changed: 30-Aug-23 2:50:02 PM, Old:User defined, New:Overlay columns
PMT Volts Changed: 30-Aug-23 2:51:01 PM, Old:600, New:800
Well plate reader Changed: 30-Aug-23 2:51:01 PM, Old:OFF, New:ON
Multiwavelength Changed: 30-Aug-23 2:51:01 PM, Old:OFF, New:ON
Excitation Wavelengths 1 Changed: 30-Aug-23 2:51:01 PM, Old:   350.0000, New:   555.0000
Emission Wavelengths 1 Changed: 30-Aug-23 2:51:01 PM, Old:   450.0000, New:   570.0000
Excitation Wavelengths 2 Changed: 30-Aug-23 2:51:01 PM, Old:   360.0000, New:   555.0000
Emission Wavelengths 2 Changed: 30-Aug-23 2:51:01 PM, Old:   460.0000, New:   665.0000
Excitation Wavelength Changed: 30-Aug-23 2:51:01 PM, Old: 400.00, New: 555.00
Emission Wavelength Changed: 30-Aug-23 2:51:01 PM, Old: 600.00, New: 570.00
Cycle Time 1 Changed: 30-Aug-23 2:51:01 PM, Old: 0.0000, New: 0.4000
Emission PMT (V): Changed: 30-Aug-23 2:51:01 PM, Old: 600, New: 800
Wellplate Samples Changed: 30-Aug-23 2:51:01 PM, Old:, New:A1;A2;A3;A4;A5;A6;B1;B2;B3;B4;B5;B6;C1;C2;C3;C4;C5;C6;
PMT Volts Changed: 30-Aug-23 2:53:11 PM, Old:800, New:900
Emission PMT (V): Changed: 30-Aug-23 2:53:11 PM, Old: 800, New: 900
Cycle Time 1 Changed: 30-Aug-23 2:56:22 PM, Old: 0.4000, New: 1.5000
Stop Time 1 Changed: 30-Aug-23 2:56:22 PM, Old: 1.0000, New:90.0000
End Method Modifications

Sample C3_Ex555_Em570,
Sample C3_Ex555_Em570
Collection Time: 30-Aug-23 2:56:29 PM
Operator Name  :
Kinetics Software Version: 1.2(146)
Parameter List :
Report Time: Wed 30 Aug 02:56:29 PM 2023
Software version: 1.2(146)
Operator:
Instrument Parameters
Instrument                        Cary Eclipse
Instrument Serial Number          MY18160001
Data mode                         Fluorescence
Ex. wavelengths (nm)              555.0000 ; 555.0000
Em. wavelengths (nm)              570.0000 ; 665.0000
Ex. Slit (nm)                     5
Em. Slit (nm)                     5
Averaging Time (s)                0.1000
Cycle time(min)                   1.5000
Stop time(min)                    90.0000
Emission filter                   Open
Excitation Filter                 Auto
PMT voltage (V)                   900
Wellplate                         ON
Plate format                     96 Wells
Read position                    Well centre
Multi-zero                       OFF
Auto-zero                        OFF
Well                            A1
Comments:
Method Log     :
Method Name    : Default
Date/Time stamp: 30-Aug-23 2:49:57 PM
Method Modifications:
Wellplate Overlay Mode Changed: 30-Aug-23 2:50:02 PM, Old:Individual, New:Choice 1
Wellplate Overlay Mode Changed: 30-Aug-23 2:50:02 PM, Old:Overlay all, New:Choice 2
Wellplate Overlay Mode Changed: 30-Aug-23 2:50:02 PM, Old:Overlay rows, New:Choice 3
Wellplate Overlay Mode Changed: 30-Aug-23 2:50:02 PM, Old:Overlay columns, New:Choice 4
Wellplate Overlay Mode Changed: 30-Aug-23 2:50:02 PM, Old:User defined, New:Overlay columns
PMT Volts Changed: 30-Aug-23 2:51:01 PM, Old:600, New:800
Well plate reader Changed: 30-Aug-23 2:51:01 PM, Old:OFF, New:ON
Multiwavelength Changed: 30-Aug-23 2:51:01 PM, Old:OFF, New:ON
Excitation Wavelengths 1 Changed: 30-Aug-23 2:51:01 PM, Old:   350.0000, New:   555.0000
Emission Wavelengths 1 Changed: 30-Aug-23 2:51:01 PM, Old:   450.0000, New:   570.0000
Excitation Wavelengths 2 Changed: 30-Aug-23 2:51:01 PM, Old:   360.0000, New:   555.0000
Emission Wavelengths 2 Changed: 30-Aug-23 2:51:01 PM, Old:   460.0000, New:   665.0000
Excitation Wavelength Changed: 30-Aug-23 2:51:01 PM, Old: 400.00, New: 555.00
Emission Wavelength Changed: 30-Aug-23 2:51:01 PM, Old: 600.00, New: 570.00
Cycle Time 1 Changed: 30-Aug-23 2:51:01 PM, Old: 0.0000, New: 0.4000
Emission PMT (V): Changed: 30-Aug-23 2:51:01 PM, Old: 600, New: 800
Wellplate Samples Changed: 30-Aug-23 2:51:01 PM, Old:, New:A1;A2;A3;A4;A5;A6;B1;B2;B3;B4;B5;B6;C1;C2;C3;C4;C5;C6;
PMT Volts Changed: 30-Aug-23 2:53:11 PM, Old:800, New:900
Emission PMT (V): Changed: 30-Aug-23 2:53:11 PM, Old: 800, New: 900
Cycle Time 1 Changed: 30-Aug-23 2:56:22 PM, Old: 0.4000, New: 1.5000
Stop Time 1 Changed: 30-Aug-23 2:56:22 PM, Old: 1.0000, New:90.0000
End Method Modifications

Sample C3_Ex555_Em665,
Sample C3_Ex555_Em665
Collection Time: 30-Aug-23 2:56:29 PM
Operator Name  :
Kinetics Software Version: 1.2(146)
Parameter List :
Report Time: Wed 30 Aug 02:56:29 PM 2023
Software version: 1.2(146)
Operator:
Instrument Parameters
Instrument                        Cary Eclipse
Instrument Serial Number          MY18160001
Data mode                         Fluorescence
Ex. wavelengths (nm)              555.0000 ; 555.0000
Em. wavelengths (nm)              570.0000 ; 665.0000
Ex. Slit (nm)                     5
Em. Slit (nm)                     5
Averaging Time (s)                0.1000
Cycle time(min)                   1.5000
Stop time(min)                    90.0000
Emission filter                   Open
Excitation Filter                 Auto
PMT voltage (V)                   900
Wellplate                         ON
Plate format                     96 Wells
Read position                    Well centre
Multi-zero                       OFF
Auto-zero                        OFF
Well                            A1
Comments:
Method Log     :
Method Name    : Default
Date/Time stamp: 30-Aug-23 2:49:57 PM
Method Modifications:
Wellplate Overlay Mode Changed: 30-Aug-23 2:50:02 PM, Old:Individual, New:Choice 1
Wellplate Overlay Mode Changed: 30-Aug-23 2:50:02 PM, Old:Overlay all, New:Choice 2
Wellplate Overlay Mode Changed: 30-Aug-23 2:50:02 PM, Old:Overlay rows, New:Choice 3
Wellplate Overlay Mode Changed: 30-Aug-23 2:50:02 PM, Old:Overlay columns, New:Choice 4
Wellplate Overlay Mode Changed: 30-Aug-23 2:50:02 PM, Old:User defined, New:Overlay columns
PMT Volts Changed: 30-Aug-23 2:51:01 PM, Old:600, New:800
Well plate reader Changed: 30-Aug-23 2:51:01 PM, Old:OFF, New:ON
Multiwavelength Changed: 30-Aug-23 2:51:01 PM, Old:OFF, New:ON
Excitation Wavelengths 1 Changed: 30-Aug-23 2:51:01 PM, Old:   350.0000, New:   555.0000
Emission Wavelengths 1 Changed: 30-Aug-23 2:51:01 PM, Old:   450.0000, New:   570.0000
Excitation Wavelengths 2 Changed: 30-Aug-23 2:51:01 PM, Old:   360.0000, New:   555.0000
Emission Wavelengths 2 Changed: 30-Aug-23 2:51:01 PM, Old:   460.0000, New:   665.0000
Excitation Wavelength Changed: 30-Aug-23 2:51:01 PM, Old: 400.00, New: 555.00
Emission Wavelength Changed: 30-Aug-23 2:51:01 PM, Old: 600.00, New: 570.00
Cycle Time 1 Changed: 30-Aug-23 2:51:01 PM, Old: 0.0000, New: 0.4000
Emission PMT (V): Changed: 30-Aug-23 2:51:01 PM, Old: 600, New: 800
Wellplate Samples Changed: 30-Aug-23 2:51:01 PM, Old:, New:A1;A2;A3;A4;A5;A6;B1;B2;B3;B4;B5;B6;C1;C2;C3;C4;C5;C6;
PMT Volts Changed: 30-Aug-23 2:53:11 PM, Old:800, New:900
Emission PMT (V): Changed: 30-Aug-23 2:53:11 PM, Old: 800, New: 900
Cycle Time 1 Changed: 30-Aug-23 2:56:22 PM, Old: 0.4000, New: 1.5000
Stop Time 1 Changed: 30-Aug-23 2:56:22 PM, Old: 1.0000, New:90.0000
End Method Modifications

Sample C4_Ex555_Em570,
Sample C4_Ex555_Em570
Collection Time: 30-Aug-23 2:56:29 PM
Operator Name  :
Kinetics Software Version: 1.2(146)
Parameter List :
Report Time: Wed 30 Aug 02:56:29 PM 2023
Software version: 1.2(146)
Operator:
Instrument Parameters
Instrument                        Cary Eclipse
Instrument Serial Number          MY18160001
Data mode                         Fluorescence
Ex. wavelengths (nm)              555.0000 ; 555.0000
Em. wavelengths (nm)              570.0000 ; 665.0000
Ex. Slit (nm)                     5
Em. Slit (nm)                     5
Averaging Time (s)                0.1000
Cycle time(min)                   1.5000
Stop time(min)                    90.0000
Emission filter                   Open
Excitation Filter                 Auto
PMT voltage (V)                   900
Wellplate                         ON
Plate format                     96 Wells
Read position                    Well centre
Multi-zero                       OFF
Auto-zero                        OFF
Well                            A1
Comments:
Method Log     :
Method Name    : Default
Date/Time stamp: 30-Aug-23 2:49:57 PM
Method Modifications:
Wellplate Overlay Mode Changed: 30-Aug-23 2:50:02 PM, Old:Individual, New:Choice 1
Wellplate Overlay Mode Changed: 30-Aug-23 2:50:02 PM, Old:Overlay all, New:Choice 2
Wellplate Overlay Mode Changed: 30-Aug-23 2:50:02 PM, Old:Overlay rows, New:Choice 3
Wellplate Overlay Mode Changed: 30-Aug-23 2:50:02 PM, Old:Overlay columns, New:Choice 4
Wellplate Overlay Mode Changed: 30-Aug-23 2:50:02 PM, Old:User defined, New:Overlay columns
PMT Volts Changed: 30-Aug-23 2:51:01 PM, Old:600, New:800
Well plate reader Changed: 30-Aug-23 2:51:01 PM, Old:OFF, New:ON
Multiwavelength Changed: 30-Aug-23 2:51:01 PM, Old:OFF, New:ON
Excitation Wavelengths 1 Changed: 30-Aug-23 2:51:01 PM, Old:   350.0000, New:   555.0000
Emission Wavelengths 1 Changed: 30-Aug-23 2:51:01 PM, Old:   450.0000, New:   570.0000
Excitation Wavelengths 2 Changed: 30-Aug-23 2:51:01 PM, Old:   360.0000, New:   555.0000
Emission Wavelengths 2 Changed: 30-Aug-23 2:51:01 PM, Old:   460.0000, New:   665.0000
Excitation Wavelength Changed: 30-Aug-23 2:51:01 PM, Old: 400.00, New: 555.00
Emission Wavelength Changed: 30-Aug-23 2:51:01 PM, Old: 600.00, New: 570.00
Cycle Time 1 Changed: 30-Aug-23 2:51:01 PM, Old: 0.0000, New: 0.4000
Emission PMT (V): Changed: 30-Aug-23 2:51:01 PM, Old: 600, New: 800
Wellplate Samples Changed: 30-Aug-23 2:51:01 PM, Old:, New:A1;A2;A3;A4;A5;A6;B1;B2;B3;B4;B5;B6;C1;C2;C3;C4;C5;C6;
PMT Volts Changed: 30-Aug-23 2:53:11 PM, Old:800, New:900
Emission PMT (V): Changed: 30-Aug-23 2:53:11 PM, Old: 800, New: 900
Cycle Time 1 Changed: 30-Aug-23 2:56:22 PM, Old: 0.4000, New: 1.5000
Stop Time 1 Changed: 30-Aug-23 2:56:22 PM, Old: 1.0000, New:90.0000
End Method Modifications

Sample C4_Ex555_Em665,
Sample C4_Ex555_Em665
Collection Time: 30-Aug-23 2:56:29 PM
Operator Name  :
Kinetics Software Version: 1.2(146)
Parameter List :
Report Time: Wed 30 Aug 02:56:29 PM 2023
Software version: 1.2(146)
Operator:
Instrument Parameters
Instrument                        Cary Eclipse
Instrument Serial Number          MY18160001
Data mode                         Fluorescence
Ex. wavelengths (nm)              555.0000 ; 555.0000
Em. wavelengths (nm)              570.0000 ; 665.0000
Ex. Slit (nm)                     5
Em. Slit (nm)                     5
Averaging Time (s)                0.1000
Cycle time(min)                   1.5000
Stop time(min)                    90.0000
Emission filter                   Open
Excitation Filter                 Auto
PMT voltage (V)                   900
Wellplate                         ON
Plate format                     96 Wells
Read position                    Well centre
Multi-zero                       OFF
Auto-zero                        OFF
Well                            A1
Comments:
Method Log     :
Method Name    : Default
Date/Time stamp: 30-Aug-23 2:49:57 PM
Method Modifications:
Wellplate Overlay Mode Changed: 30-Aug-23 2:50:02 PM, Old:Individual, New:Choice 1
Wellplate Overlay Mode Changed: 30-Aug-23 2:50:02 PM, Old:Overlay all, New:Choice 2
Wellplate Overlay Mode Changed: 30-Aug-23 2:50:02 PM, Old:Overlay rows, New:Choice 3
Wellplate Overlay Mode Changed: 30-Aug-23 2:50:02 PM, Old:Overlay columns, New:Choice 4
Wellplate Overlay Mode Changed: 30-Aug-23 2:50:02 PM, Old:User defined, New:Overlay columns
PMT Volts Changed: 30-Aug-23 2:51:01 PM, Old:600, New:800
Well plate reader Changed: 30-Aug-23 2:51:01 PM, Old:OFF, New:ON
Multiwavelength Changed: 30-Aug-23 2:51:01 PM, Old:OFF, New:ON
Excitation Wavelengths 1 Changed: 30-Aug-23 2:51:01 PM, Old:   350.0000, New:   555.0000
Emission Wavelengths 1 Changed: 30-Aug-23 2:51:01 PM, Old:   450.0000, New:   570.0000
Excitation Wavelengths 2 Changed: 30-Aug-23 2:51:01 PM, Old:   360.0000, New:   555.0000
Emission Wavelengths 2 Changed: 30-Aug-23 2:51:01 PM, Old:   460.0000, New:   665.0000
Excitation Wavelength Changed: 30-Aug-23 2:51:01 PM, Old: 400.00, New: 555.00
Emission Wavelength Changed: 30-Aug-23 2:51:01 PM, Old: 600.00, New: 570.00
Cycle Time 1 Changed: 30-Aug-23 2:51:01 PM, Old: 0.0000, New: 0.4000
Emission PMT (V): Changed: 30-Aug-23 2:51:01 PM, Old: 600, New: 800
Wellplate Samples Changed: 30-Aug-23 2:51:01 PM, Old:, New:A1;A2;A3;A4;A5;A6;B1;B2;B3;B4;B5;B6;C1;C2;C3;C4;C5;C6;
PMT Volts Changed: 30-Aug-23 2:53:11 PM, Old:800, New:900
Emission PMT (V): Changed: 30-Aug-23 2:53:11 PM, Old: 800, New: 900
Cycle Time 1 Changed: 30-Aug-23 2:56:22 PM, Old: 0.4000, New: 1.5000
Stop Time 1 Changed: 30-Aug-23 2:56:22 PM, Old: 1.0000, New:90.0000
End Method Modifications

Sample C5_Ex555_Em570,
Sample C5_Ex555_Em570
Collection Time: 30-Aug-23 2:56:29 PM
Operator Name  :
Kinetics Software Version: 1.2(146)
Parameter List :
Report Time: Wed 30 Aug 02:56:29 PM 2023
Software version: 1.2(146)
Operator:
Instrument Parameters
Instrument                        Cary Eclipse
Instrument Serial Number          MY18160001
Data mode                         Fluorescence
Ex. wavelengths (nm)              555.0000 ; 555.0000
Em. wavelengths (nm)              570.0000 ; 665.0000
Ex. Slit (nm)                     5
Em. Slit (nm)                     5
Averaging Time (s)                0.1000
Cycle time(min)                   1.5000
Stop time(min)                    90.0000
Emission filter                   Open
Excitation Filter                 Auto
PMT voltage (V)                   900
Wellplate                         ON
Plate format                     96 Wells
Read position                    Well centre
Multi-zero                       OFF
Auto-zero                        OFF
Well                            A1
Comments:
Method Log     :
Method Name    : Default
Date/Time stamp: 30-Aug-23 2:49:57 PM
Method Modifications:
Wellplate Overlay Mode Changed: 30-Aug-23 2:50:02 PM, Old:Individual, New:Choice 1
Wellplate Overlay Mode Changed: 30-Aug-23 2:50:02 PM, Old:Overlay all, New:Choice 2
Wellplate Overlay Mode Changed: 30-Aug-23 2:50:02 PM, Old:Overlay rows, New:Choice 3
Wellplate Overlay Mode Changed: 30-Aug-23 2:50:02 PM, Old:Overlay columns, New:Choice 4
Wellplate Overlay Mode Changed: 30-Aug-23 2:50:02 PM, Old:User defined, New:Overlay columns
PMT Volts Changed: 30-Aug-23 2:51:01 PM, Old:600, New:800
Well plate reader Changed: 30-Aug-23 2:51:01 PM, Old:OFF, New:ON
Multiwavelength Changed: 30-Aug-23 2:51:01 PM, Old:OFF, New:ON
Excitation Wavelengths 1 Changed: 30-Aug-23 2:51:01 PM, Old:   350.0000, New:   555.0000
Emission Wavelengths 1 Changed: 30-Aug-23 2:51:01 PM, Old:   450.0000, New:   570.0000
Excitation Wavelengths 2 Changed: 30-Aug-23 2:51:01 PM, Old:   360.0000, New:   555.0000
Emission Wavelengths 2 Changed: 30-Aug-23 2:51:01 PM, Old:   460.0000, New:   665.0000
Excitation Wavelength Changed: 30-Aug-23 2:51:01 PM, Old: 400.00, New: 555.00
Emission Wavelength Changed: 30-Aug-23 2:51:01 PM, Old: 600.00, New: 570.00
Cycle Time 1 Changed: 30-Aug-23 2:51:01 PM, Old: 0.0000, New: 0.4000
Emission PMT (V): Changed: 30-Aug-23 2:51:01 PM, Old: 600, New: 800
Wellplate Samples Changed: 30-Aug-23 2:51:01 PM, Old:, New:A1;A2;A3;A4;A5;A6;B1;B2;B3;B4;B5;B6;C1;C2;C3;C4;C5;C6;
PMT Volts Changed: 30-Aug-23 2:53:11 PM, Old:800, New:900
Emission PMT (V): Changed: 30-Aug-23 2:53:11 PM, Old: 800, New: 900
Cycle Time 1 Changed: 30-Aug-23 2:56:22 PM, Old: 0.4000, New: 1.5000
Stop Time 1 Changed: 30-Aug-23 2:56:22 PM, Old: 1.0000, New:90.0000
End Method Modifications

Sample C5_Ex555_Em665,
Sample C5_Ex555_Em665
Collection Time: 30-Aug-23 2:56:29 PM
Operator Name  :
Kinetics Software Version: 1.2(146)
Parameter List :
Report Time: Wed 30 Aug 02:56:29 PM 2023
Software version: 1.2(146)
Operator:
Instrument Parameters
Instrument                        Cary Eclipse
Instrument Serial Number          MY18160001
Data mode                         Fluorescence
Ex. wavelengths (nm)              555.0000 ; 555.0000
Em. wavelengths (nm)              570.0000 ; 665.0000
Ex. Slit (nm)                     5
Em. Slit (nm)                     5
Averaging Time (s)                0.1000
Cycle time(min)                   1.5000
Stop time(min)                    90.0000
Emission filter                   Open
Excitation Filter                 Auto
PMT voltage (V)                   900
Wellplate                         ON
Plate format                     96 Wells
Read position                    Well centre
Multi-zero                       OFF
Auto-zero                        OFF
Well                            A1
Comments:
Method Log     :
Method Name    : Default
Date/Time stamp: 30-Aug-23 2:49:57 PM
Method Modifications:
Wellplate Overlay Mode Changed: 30-Aug-23 2:50:02 PM, Old:Individual, New:Choice 1
Wellplate Overlay Mode Changed: 30-Aug-23 2:50:02 PM, Old:Overlay all, New:Choice 2
Wellplate Overlay Mode Changed: 30-Aug-23 2:50:02 PM, Old:Overlay rows, New:Choice 3
Wellplate Overlay Mode Changed: 30-Aug-23 2:50:02 PM, Old:Overlay columns, New:Choice 4
Wellplate Overlay Mode Changed: 30-Aug-23 2:50:02 PM, Old:User defined, New:Overlay columns
PMT Volts Changed: 30-Aug-23 2:51:01 PM, Old:600, New:800
Well plate reader Changed: 30-Aug-23 2:51:01 PM, Old:OFF, New:ON
Multiwavelength Changed: 30-Aug-23 2:51:01 PM, Old:OFF, New:ON
Excitation Wavelengths 1 Changed: 30-Aug-23 2:51:01 PM, Old:   350.0000, New:   555.0000
Emission Wavelengths 1 Changed: 30-Aug-23 2:51:01 PM, Old:   450.0000, New:   570.0000
Excitation Wavelengths 2 Changed: 30-Aug-23 2:51:01 PM, Old:   360.0000, New:   555.0000
Emission Wavelengths 2 Changed: 30-Aug-23 2:51:01 PM, Old:   460.0000, New:   665.0000
Excitation Wavelength Changed: 30-Aug-23 2:51:01 PM, Old: 400.00, New: 555.00
Emission Wavelength Changed: 30-Aug-23 2:51:01 PM, Old: 600.00, New: 570.00
Cycle Time 1 Changed: 30-Aug-23 2:51:01 PM, Old: 0.0000, New: 0.4000
Emission PMT (V): Changed: 30-Aug-23 2:51:01 PM, Old: 600, New: 800
Wellplate Samples Changed: 30-Aug-23 2:51:01 PM, Old:, New:A1;A2;A3;A4;A5;A6;B1;B2;B3;B4;B5;B6;C1;C2;C3;C4;C5;C6;
PMT Volts Changed: 30-Aug-23 2:53:11 PM, Old:800, New:900
Emission PMT (V): Changed: 30-Aug-23 2:53:11 PM, Old: 800, New: 900
Cycle Time 1 Changed: 30-Aug-23 2:56:22 PM, Old: 0.4000, New: 1.5000
Stop Time 1 Changed: 30-Aug-23 2:56:22 PM, Old: 1.0000, New:90.0000
End Method Modifications

Sample C6_Ex555_Em570,
Sample C6_Ex555_Em570
Collection Time: 30-Aug-23 2:56:29 PM
Operator Name  :
Kinetics Software Version: 1.2(146)
Parameter List :
Report Time: Wed 30 Aug 02:56:29 PM 2023
Software version: 1.2(146)
Operator:
Instrument Parameters
Instrument                        Cary Eclipse
Instrument Serial Number          MY18160001
Data mode                         Fluorescence
Ex. wavelengths (nm)              555.0000 ; 555.0000
Em. wavelengths (nm)              570.0000 ; 665.0000
Ex. Slit (nm)                     5
Em. Slit (nm)                     5
Averaging Time (s)                0.1000
Cycle time(min)                   1.5000
Stop time(min)                    90.0000
Emission filter                   Open
Excitation Filter                 Auto
PMT voltage (V)                   900
Wellplate                         ON
Plate format                     96 Wells
Read position                    Well centre
Multi-zero                       OFF
Auto-zero                        OFF
Well                            A1
Comments:
Method Log     :
Method Name    : Default
Date/Time stamp: 30-Aug-23 2:49:57 PM
Method Modifications:
Wellplate Overlay Mode Changed: 30-Aug-23 2:50:02 PM, Old:Individual, New:Choice 1
Wellplate Overlay Mode Changed: 30-Aug-23 2:50:02 PM, Old:Overlay all, New:Choice 2
Wellplate Overlay Mode Changed: 30-Aug-23 2:50:02 PM, Old:Overlay rows, New:Choice 3
Wellplate Overlay Mode Changed: 30-Aug-23 2:50:02 PM, Old:Overlay columns, New:Choice 4
Wellplate Overlay Mode Changed: 30-Aug-23 2:50:02 PM, Old:User defined, New:Overlay columns
PMT Volts Changed: 30-Aug-23 2:51:01 PM, Old:600, New:800
Well plate reader Changed: 30-Aug-23 2:51:01 PM, Old:OFF, New:ON
Multiwavelength Changed: 30-Aug-23 2:51:01 PM, Old:OFF, New:ON
Excitation Wavelengths 1 Changed: 30-Aug-23 2:51:01 PM, Old:   350.0000, New:   555.0000
Emission Wavelengths 1 Changed: 30-Aug-23 2:51:01 PM, Old:   450.0000, New:   570.0000
Excitation Wavelengths 2 Changed: 30-Aug-23 2:51:01 PM, Old:   360.0000, New:   555.0000
Emission Wavelengths 2 Changed: 30-Aug-23 2:51:01 PM, Old:   460.0000, New:   665.0000
Excitation Wavelength Changed: 30-Aug-23 2:51:01 PM, Old: 400.00, New: 555.00
Emission Wavelength Changed: 30-Aug-23 2:51:01 PM, Old: 600.00, New: 570.00
Cycle Time 1 Changed: 30-Aug-23 2:51:01 PM, Old: 0.0000, New: 0.4000
Emission PMT (V): Changed: 30-Aug-23 2:51:01 PM, Old: 600, New: 800
Wellplate Samples Changed: 30-Aug-23 2:51:01 PM, Old:, New:A1;A2;A3;A4;A5;A6;B1;B2;B3;B4;B5;B6;C1;C2;C3;C4;C5;C6;
PMT Volts Changed: 30-Aug-23 2:53:11 PM, Old:800, New:900
Emission PMT (V): Changed: 30-Aug-23 2:53:11 PM, Old: 800, New: 900
Cycle Time 1 Changed: 30-Aug-23 2:56:22 PM, Old: 0.4000, New: 1.5000
Stop Time 1 Changed: 30-Aug-23 2:56:22 PM, Old: 1.0000, New:90.0000
End Method Modifications

Sample C6_Ex555_Em665,
Sample C6_Ex555_Em665
Collection Time: 30-Aug-23 2:56:29 PM
Operator Name  :
Kinetics Software Version: 1.2(146)
Parameter List :
Report Time: Wed 30 Aug 02:56:29 PM 2023
Software version: 1.2(146)
Operator:
Instrument Parameters
Instrument                        Cary Eclipse
Instrument Serial Number          MY18160001
Data mode                         Fluorescence
Ex. wavelengths (nm)              555.0000 ; 555.0000
Em. wavelengths (nm)              570.0000 ; 665.0000
Ex. Slit (nm)                     5
Em. Slit (nm)                     5
Averaging Time (s)                0.1000
Cycle time(min)                   1.5000
Stop time(min)                    90.0000
Emission filter                   Open
Excitation Filter                 Auto
PMT voltage (V)                   900
Wellplate                         ON
Plate format                     96 Wells
Read position                    Well centre
Multi-zero                       OFF
Auto-zero                        OFF
Well                            A1
Comments:
Method Log     :
Method Name    : Default
Date/Time stamp: 30-Aug-23 2:49:57 PM
Method Modifications:
Wellplate Overlay Mode Changed: 30-Aug-23 2:50:02 PM, Old:Individual, New:Choice 1
Wellplate Overlay Mode Changed: 30-Aug-23 2:50:02 PM, Old:Overlay all, New:Choice 2
Wellplate Overlay Mode Changed: 30-Aug-23 2:50:02 PM, Old:Overlay rows, New:Choice 3
Wellplate Overlay Mode Changed: 30-Aug-23 2:50:02 PM, Old:Overlay columns, New:Choice 4
Wellplate Overlay Mode Changed: 30-Aug-23 2:50:02 PM, Old:User defined, New:Overlay columns
PMT Volts Changed: 30-Aug-23 2:51:01 PM, Old:600, New:800
Well plate reader Changed: 30-Aug-23 2:51:01 PM, Old:OFF, New:ON
Multiwavelength Changed: 30-Aug-23 2:51:01 PM, Old:OFF, New:ON
Excitation Wavelengths 1 Changed: 30-Aug-23 2:51:01 PM, Old:   350.0000, New:   555.0000
Emission Wavelengths 1 Changed: 30-Aug-23 2:51:01 PM, Old:   450.0000, New:   570.0000
Excitation Wavelengths 2 Changed: 30-Aug-23 2:51:01 PM, Old:   360.0000, New:   555.0000
Emission Wavelengths 2 Changed: 30-Aug-23 2:51:01 PM, Old:   460.0000, New:   665.0000
Excitation Wavelength Changed: 30-Aug-23 2:51:01 PM, Old: 400.00, New: 555.00
Emission Wavelength Changed: 30-Aug-23 2:51:01 PM, Old: 600.00, New: 570.00
Cycle Time 1 Changed: 30-Aug-23 2:51:01 PM, Old: 0.0000, New: 0.4000
Emission PMT (V): Changed: 30-Aug-23 2:51:01 PM, Old: 600, New: 800
Wellplate Samples Changed: 30-Aug-23 2:51:01 PM, Old:, New:A1;A2;A3;A4;A5;A6;B1;B2;B3;B4;B5;B6;C1;C2;C3;C4;C5;C6;
PMT Volts Changed: 30-Aug-23 2:53:11 PM, Old:800, New:900
Emission PMT (V): Changed: 30-Aug-23 2:53:11 PM, Old: 800, New: 900
Cycle Time 1 Changed: 30-Aug-23 2:56:22 PM, Old: 0.4000, New: 1.5000
Stop Time 1 Changed: 30-Aug-23 2:56:22 PM, Old: 1.0000, New:90.0000
End Method Modifications

