Sample A1_Ex465_Em530,,Sample A1_Ex465_Em590,,Sample A2_Ex465_Em530,,Sample A2_Ex465_Em590,,Sample A3_Ex465_Em530,,Sample A3_Ex465_Em590,,Sample A4_Ex465_Em530,,Sample A4_Ex465_Em590,,Sample A5_Ex465_Em530,,Sample A5_Ex465_Em590,,Sample A6_Ex465_Em530,,Sample A6_Ex465_Em590,,
Time (min),Intensity (a.u.),Time (min),Intensity (a.u.),Time (min),Intensity (a.u.),Time (min),Intensity (a.u.),Time (min),Intensity (a.u.),Time (min),Intensity (a.u.),Time (min),Intensity (a.u.),Time (min),Intensity (a.u.),Time (min),Intensity (a.u.),Time (min),Intensity (a.u.),Time (min),Intensity (a.u.),Time (min),Intensity (a.u.),
0.0008333333535,179.9359894,0.0046666665,319.2221375,0.0255833324,150.3939972,0.02943750098,258.0588074,0.05124999955,176.1894379,0.05510416999,316.5840759,0.07624999434,143.9758606,0.08010416478,302.7499695,0.1023124978,157.0350342,0.1061666682,350.2293091,0.1284166723,153.0564117,0.1322708428,325.16745,
1.000833273,220.0198822,1.004750013,314.7903137,1.027333379,177.0433807,1.03125,250.7105713,1.053145885,196.5483246,1.057062507,313.7633057,1.077937484,153.9641418,1.081854105,298.6504517,1.101937532,164.6062469,1.105854154,349.1356201,1.126937509,164.2459259,1.13085413,307.5559998,
2.000833273,226.059433,2.004750013,305.8766479,2.026020765,184.2531738,2.029916525,255.9406128,2.051104307,204.0530396,2.055020809,305.2860107,2.076104164,159.4362335,2.080020666,304.4036255,2.101437569,168.7062531,2.105354071,346.3527832,2.126270771,168.5611877,2.130187511,307.7258606,
3.000833273,236.0374451,3.004750013,303.044281,3.026104212,191.0812836,3.030020952,244.3314514,3.050937414,204.6607361,3.054854155,300.7678528,3.076437473,165.0114899,3.080353975,312.9593506,3.101270914,182.8123627,3.105187416,353.3979187,3.127104282,168.039093,3.131020784,301.4533997,
4.000833511,235.3955841,4.004729271,300.0560303,4.027437687,189.7853851,4.031354427,242.615036,4.052937508,205.4918671,4.056854248,300.0632324,4.077937603,163.3939667,4.081854343,303.2067566,4.10341692,177.787796,4.107333183,344.6915283,4.129166603,173.6078644,4.133083344,302.3641663,
5.000833035,230.6955872,5.004750252,302.5347595,5.02575016,200.2363281,5.029666424,249.1537781,5.050750256,218.1785889,5.054666519,303.5226135,5.075750351,168.5257416,5.079666615,298.8700562,5.10077095,184.9505005,5.104687691,341.0926819,5.126770973,175.2115326,5.130687237,305.2669983,
6.000833035,242.4734039,6.004750252,296.5701294,6.025916576,187.4479675,6.029833317,246.9655304,6.050937176,215.170166,6.054854393,302.2081909,6.076333046,170.5223999,6.080250263,303.8570862,6.100937366,188.1126251,6.104854107,345.8659363,6.125937462,169.8059235,6.129854202,302.6116638,
7.000833035,237.9361115,7.004750252,306.6237793,7.026437283,194.8236847,7.0303545,238.9088898,7.05202055,219.717926,7.055937767,298.2201538,7.077083111,178.1445923,7.080999851,307.2453308,7.102499962,192.1089935,7.106416702,344.0786438,7.127604008,177.8059082,7.131520748,296.5846252,
8.000833511,242.3005066,8.004750252,300.9309387,8.02593708,195.7524872,8.029854774,240.2132721,8.05077076,216.490036,8.0546875,298.0092773,8.075771332,178.6718445,8.079687119,310.3155518,8.10077095,191.0879059,8.104729652,346.9248352,8.125771523,182.2745972,8.129687309,300.2115784,
9.000833511,238.1954803,9.004749298,292.9560547,9.026604652,202.3596954,9.030520439,244.6419983,9.051520348,223.066391,9.055417061,304.2967529,9.076582909,182.9723816,9.080500603,312.3967285,9.101437569,194.9700775,9.105353355,346.5035095,9.12660408,183.1006012,9.130520821,299.4008789,
10.00083351,234.585968,10.0047493,301.5888977,10.02543736,203.8751984,10.0293541,241.0556641,10.05147934,220.4724426,10.05539513,305.5593872,10.07597923,187.7918091,10.07989597,321.391449,10.10043716,199.0703888,10.1043539,337.7479248,10.12652111,180.2760468,10.13041687,295.8692627,
11.00083351,244.0677795,11.0047493,297.1039124,11.02514553,198.7175751,11.02906322,240.1165009,11.05125046,217.9127502,11.05516624,294.3230591,11.07593822,189.4149017,11.07985401,326.4980469,11.10177135,201.158493,11.10568714,337.1105042,11.12660408,187.5514679,11.13052082,292.4640503,
12.00083351,251.8394623,12.0047493,303.7167358,12.02593803,206.1822968,12.02985477,247.1729736,12.05160427,211.5230865,12.05552101,306.150177,12.07660389,180.3016357,12.08052063,312.7958069,12.10260391,204.375061,12.10652065,345.5403748,12.12760448,182.609024,12.13152027,287.7804565,
13.00083351,253.5715027,13.0047493,295.2976074,13.0265007,203.4841766,13.03041649,246.5439606,13.05193806,221.5589905,13.05585384,294.9042969,13.07693768,184.2151642,13.08085442,313.3665466,13.10193825,209.5845337,13.10585403,342.7989197,13.12800026,184.6803436,13.13191605,295.1847534,
14.00083351,258.5775146,14.0047493,293.9132996,14.02660465,200.9451447,14.03052044,242.6548004,14.05160427,217.5986481,14.05552101,298.0374756,14.07727051,183.5582275,14.0811882,310.3453369,14.10233402,208.0273743,14.10624981,322.7220459,14.12816715,183.9090271,14.13208294,294.2467346,
15.00083351,249.1467133,15.0047493,299.9132996,15.02608299,206.1079712,15.02999973,242.9405975,15.05058289,228.863739,15.05450058,293.9964294,15.076334,187.834549,15.08024979,311.8574524,15.1021452,191.6452026,15.10606289,307.8888855,15.126688,185.1688385,15.13058376,289.8449097,
16.00083351,254.7380676,16.0047493,293.1651917,16.02599907,203.0076294,16.02991676,241.3722839,16.05160332,218.7203217,16.05552101,283.5802612,16.07691574,195.0961304,16.08083344,316.9659729,16.10260391,189.947525,16.1065197,305.9916687,16.12825012,189.4293976,16.13216591,291.9597473,
17.00083351,255.8194427,17.0047493,301.149353,17.02616692,200.8328705,17.0300827,241.4794617,17.04964638,222.6739197,17.05356216,285.4766846,17.0752697,193.439743,17.07918739,314.1294556,17.09902191,184.0623779,17.10291672,292.1038818,17.12366676,191.1685638,17.12758446,299.3529053,
18.00083351,252.2833099,18.00475121,290.9099121,18.02693748,204.7822876,18.03085327,245.8936157,18.05033302,225.6538696,18.05425072,299.0941162,18.07577133,195.0298615,18.07968712,321.3882141,18.10060501,184.2373352,18.1045208,282.2162476,18.12577057,188.1325684,18.12968826,302.6390076,
19.00083351,248.4932098,19.00475121,309.4844055,19.02518654,197.3965149,19.02908325,242.2745514,19.05060387,226.6146088,19.05452156,288.9100647,19.07593727,197.3755646,19.07985497,316.1965332,19.10100174,181.6065521,19.10491753,283.3548889,19.1264782,186.0336456,19.13039589,292.0296021,
20.00083351,256.7976074,20.00475121,300.8942566,20.02593803,205.3603668,20.02985382,237.7992706,20.05075073,221.3539429,20.0546875,293.4701843,20.07631302,196.013504,20.08022881,315.967804,20.10143852,174.9442291,20.10535431,279.3375549,20.12710381,182.0923615,20.13101959,300.8998718,
21.00083351,254.8485107,21.00475121,308.1363525,21.02610397,206.3666382,21.03002167,239.9181061,21.0514164,218.4437714,21.05533218,282.5913391,21.07614517,202.5510101,21.08006096,312.5578003,21.10227013,181.4304199,21.10618782,270.9012451,21.12808418,187.2177582,21.13199997,284.1702881,
22.00083351,253.422348,22.00475121,304.8912659,22.02514648,198.5895233,22.02906227,238.5589752,22.05058479,228.0960236,22.05450058,285.6212463,22.07577133,200.8423462,22.07968712,315.1754456,22.10193634,181.6881409,22.10585403,275.7012024,22.12726974,192.1998749,22.13118744,298.2064514,
23.00083351,249.1521606,23.00475121,305.012085,23.02643776,209.9494171,23.03035545,238.1395264,23.05143929,229.1833649,23.05535507,281.7309265,23.07693672,199.8547974,23.08085251,318.654541,23.10227013,173.2460022,23.10618782,269.1792297,23.12793732,188.8679962,23.13185501,294.2415161,
24.00083351,247.9029388,24.00475121,291.1213989,24.02560425,205.2726288,24.02952003,234.0275879,24.05127144,217.6160736,24.05518723,283.1054688,24.07693672,200.7457428,24.08085251,320.0910034,24.10233307,173.1655273,24.10625076,264.0919189,24.12768745,190.4715424,24.13158417,292.9736328,
25.00083351,248.3791504,25.00475121,305.6633301,25.02614594,207.7008057,25.03006172,240.9371948,25.0511055,226.9548492,25.05502129,285.870697,25.07724953,208.5453339,25.08116722,324.3160706,25.10064507,168.2119446,25.10456276,253.5550537,25.1262722,194.0053864,25.13018799,301.6087036,
26.00083351,256.03302,26.00475121,306.8497314,26.0266037,210.3526611,26.03052139,233.6633606,26.05176926,223.7154694,26.05568886,287.1409912,26.07731247,207.0892334,26.08123016,329.9746094,26.10243797,176.6452332,26.10635376,263.80896,26.12660408,191.7207947,26.13052177,300.7631531,
27.00083351,248.9653168,27.00475121,309.4014282,27.02627182,210.8964081,27.03018761,235.0427094,27.05143929,220.7719116,27.05535507,287.9649048,27.0768528,204.4530487,27.08074951,319.4382019,27.1021862,174.6453705,27.10608292,262.4197388,27.12708282,198.8934021,27.13100052,297.9429321,
28.00083351,250.1496124,28.00475121,304.1950989,28.02610397,211.5447998,28.03002167,234.6145935,28.0511055,223.5784454,28.05502129,283.8780823,28.07660294,205.7041779,28.08052254,314.6104431,28.10149956,166.9424133,28.10541534,252.9528198,28.12726974,192.5069122,28.13118744,299.0919495,
29.00083351,253.9518127,29.00475121,300.2593689,29.02700043,212.0219879,29.03091621,240.1628265,29.05243683,220.9967651,29.05635452,280.8947754,29.07775116,207.7156372,29.08166695,306.1812744,29.10241699,165.9348907,29.10633278,250.9804077,29.12793732,195.4180603,29.13185501,295.3465271,
30.00083351,253.3033447,30.00475121,294.7338562,30.02566719,212.7976685,30.02958298,231.4379272,30.05147934,224.5686035,30.05539513,282.4748535,30.07752037,212.1839905,30.08141708,308.2128906,30.10193634,170.9587402,30.10585403,251.2463379,30.12743759,196.1529541,30.13139725,298.1870728,
31.00083351,251.6383514,31.00475121,290.9497681,31.02610397,205.6857147,31.03002167,238.992691,31.05181313,224.2148743,31.05572891,287.6239319,31.07658195,206.3703003,31.08049965,309.4613037,31.10193634,165.3889465,31.10585403,248.5622253,31.12683296,199.0654144,31.13074875,303.302948,
32.00083542,248.1149445,32.0047493,294.3354797,32.02510452,206.6755676,32.0290184,238.0065918,32.0511055,228.7521362,32.05501938,281.7571106,32.07677078,205.4206543,32.08068848,306.3138123,32.10097885,175.5070038,32.10489655,246.7185516,32.12693787,196.7483673,32.13085175,299.8863525,
33.00083542,252.4496002,33.0047493,291.7531128,33.02560425,209.4771881,33.02952194,236.8917084,33.0511055,221.1119843,33.05501938,280.2184448,33.07677078,200.7554169,33.08068848,307.0483093,33.10268784,170.8849792,33.10658264,242.7575531,33.12827301,202.7716675,33.13218689,303.9369202,
34.00083542,254.4840546,34.0047493,298.1499023,34.0253334,210.4763641,34.0292511,231.4385071,34.05010223,234.0470886,34.05401993,274.9751892,34.07593918,207.1085052,34.07985306,301.0559387,34.10043716,166.1556549,34.10435486,246.5786591,34.12643814,199.780365,34.13035583,296.9552307,
35.00083542,256.9318542,35.0047493,294.6651306,35.02626801,204.5445862,35.03018951,242.6604309,35.05074692,231.3215179,35.05466843,272.4388428,35.07624817,208.3746643,35.08016586,300.4871521,35.10083389,169.5448303,35.10474777,247.1432495,35.12610245,193.7834167,35.13002014,297.1339722,
36.00083542,248.8139648,36.0047493,294.8775024,36.02527237,212.3835449,36.02918625,233.5823212,36.05126953,228.1639709,36.05518723,282.5897522,36.07593536,203.3522949,36.07985306,299.5415649,36.10102081,166.4057312,36.10491562,244.4103851,36.1256485,199.0872498,36.12956238,295.1614685,
37.00083542,243.027298,37.0047493,296.0362549,37.02535248,210.9999847,37.02924728,231.4956207,37.05052185,224.9093781,37.05441666,285.5265503,37.07616806,201.22435,37.08008194,297.0090942,37.10160446,172.1929779,37.10552216,241.0441742,37.12691498,193.4224701,37.13083649,309.1393738,
38.00083542,249.1681976,38.0047493,297.8215637,38.02574921,215.5893555,38.0296669,238.0718689,38.05052185,231.3375092,38.05441666,281.8684387,38.07627106,203.1116638,38.08018875,296.5105286,38.10160446,169.2432709,38.10552216,244.1478882,38.12726974,200.8816986,38.13118744,302.9756775,
39.00083542,243.9069366,39.0047493,300.6659241,39.02568817,205.6817474,39.02958298,235.6878357,39.0502739,226.1198883,39.05418777,287.594574,39.0755806,206.0797729,39.07950211,299.4537659,39.10118866,170.1672058,39.10508347,252.3724365,39.12577057,199.3255615,39.12968826,296.5765381,
40.00083542,254.1727753,40.0047493,291.8485107,40.02510452,209.8477325,40.0290184,235.6660614,40.05126953,225.267746,40.05518723,278.3514099,40.07593536,205.6805267,40.07985306,297.9916687,40.10135651,167.3757782,40.1052475,238.8381805,40.12660217,190.6440125,40.13051987,298.9641724,
41.00083542,256.2194214,41.0047493,288.4772339,41.02626801,209.2317963,41.03018951,237.8834839,41.05110168,228.9647064,41.05501938,282.9427185,41.07660294,201.8319092,41.08052063,291.6063232,41.10214615,170.9322357,41.10606384,240.5506897,41.1271019,197.0781708,41.13102341,306.8405457,
42.00083542,254.3787994,42.0047493,289.562439,42.02710342,213.5534058,42.03102112,237.886322,42.05043793,231.338974,42.05435562,280.9446716,42.07610321,197.9957123,42.0800209,280.9759827,42.10093689,167.7831421,42.10485458,241.2375183,42.12643814,196.5614471,42.13035583,296.6957703,
43.00083542,251.4466705,43.0047493,289.1064758,43.02693558,211.7654114,43.03085709,229.1490784,43.05158234,231.8384399,43.05550003,281.883667,43.07627106,198.4385223,43.08018875,286.4703979,43.10160446,175.6179962,43.10552216,243.3599701,43.12743759,199.2850647,43.13135529,299.8268127,
44.00083542,250.8579865,44.0047493,281.6700439,44.02552032,218.1184692,44.02941513,230.2866364,44.0502739,229.5354462,44.05418777,284.891449,44.07593536,203.2445374,44.07985306,278.6037903,44.10110092,175.3136292,44.10502243,241.5202332,44.12531281,198.0934296,44.12922668,303.4206848,
45.00083542,249.244751,45.0047493,291.5205994,45.02544022,208.9752808,45.0293541,238.2432098,45.04968643,229.8760071,45.05358505,290.2064209,45.07468796,206.4941254,45.07858658,279.8672485,45.10041428,168.8641205,45.10433197,240.6602173,45.12566757,200.7995758,45.12958145,296.4220581,
46.00083542,249.0336456,46.0047493,280.2547302,46.02710342,215.9612732,46.03102112,231.930603,46.05226898,229.5961761,46.05619049,284.269165,46.07710266,198.7523804,46.08102036,279.8480225,46.10331345,173.3382568,46.10723114,235.681015,46.12877274,200.8883057,46.13268661,294.3968506,
47.00083542,261.8764038,47.0047493,294.6385193,47.02593613,209.0403595,47.02985382,229.3896179,47.05247879,228.5031586,47.05639648,283.3285522,47.07727051,208.7793121,47.0811882,281.3048401,47.10210419,174.013031,47.10602188,229.5610657,47.12714386,200.7323303,47.13106155,302.9828796,
48.00083542,247.192749,48.0047493,288.2824707,48.02544022,212.3870392,48.0293541,235.4941406,48.05083466,224.0983429,48.05474854,282.0579529,48.07685471,205.8540955,48.08074951,283.9220276,48.10126877,170.8198395,48.10518646,231.6341858,48.12681198,204.4649048,48.13072968,293.0475464,
49.00083542,250.3457947,49.0047493,282.0427856,49.02527237,206.7429657,49.02918625,238.6963654,49.05093765,226.2633362,49.05485535,282.3719177,49.07593536,202.913559,49.07985306,276.5872498,49.10235596,171.1321716,49.10625076,245.3621216,49.12693787,200.9054413,49.13085556,306.6217346,
50.00083542,246.8511505,50.0047493,295.0886841,50.02568817,209.0541077,50.02958298,235.5385132,50.05083466,224.4750519,50.05474854,279.67276,50.07600021,202.8470001,50.07991409,279.3525696,50.10085297,170.1255035,50.10474777,239.0458984,50.12693787,196.8926086,50.13085556,300.5150146,
51.00083542,257.6793518,51.0047493,279.4317017,51.02564621,208.3164978,51.02956009,233.6991272,51.05116653,226.14328,51.05508041,283.4454956,51.07593536,205.2019348,51.07985306,285.8410339,51.10108185,172.4558563,51.10499954,237.3580322,51.12677002,199.3764648,51.13068771,299.9567566,
52.00083542,257.1322937,52.0047493,293.0274963,52.02560043,213.4044342,52.02952194,229.3943176,52.05060196,231.6309204,52.05451965,274.4043274,52.07593536,202.1591034,52.07985306,282.9596863,52.10126877,170.0840149,52.10518646,235.5812378,52.12664413,200.6984406,52.13056183,300.6695557,
53.00083542,253.0982513,53.0047493,294.203186,53.02626801,208.9986877,53.03018951,231.2094574,53.05081558,231.0270844,53.05472946,280.7697144,53.07608414,206.7988586,53.08000183,286.8137817,53.10158157,171.8343353,53.10550308,237.0683899,53.12708282,198.8790436,53.13100052,302.3846436,
54.00083542,253.5387878,54.0047493,284.6922913,54.02643585,211.3880157,54.03035355,224.5215302,54.05125046,227.2825317,54.05516815,280.1480408,54.07627106,208.106781,54.08018875,281.0935974,54.10214615,176.4991455,54.10606384,241.1584778,54.12760544,196.7864532,54.13152313,297.2890625,
55.00083542,248.2584686,55.0047493,275.264801,55.02585602,206.522644,55.02974701,230.2679443,55.05041504,231.5663452,55.05433273,283.6827698,55.07543945,205.8297119,55.07935333,281.9907532,55.09860611,169.4584351,55.1025238,245.9335022,55.12431335,201.2248077,55.12823105,296.3847656,
56.00083542,258.7355042,56.0047493,291.9309998,56.02510452,201.4763031,56.0290184,235.2018127,56.04958344,226.2127838,56.05350113,272.8494568,56.07491684,207.7326813,56.07883453,283.3713989,56.10027313,176.6381683,56.10418701,241.5163116,56.12524796,196.6767883,56.12916565,296.0024719,
57.00083542,255.0741425,57.0047493,276.7446289,57.02574921,215.536377,57.0296669,234.1769409,57.05126953,227.6040649,57.05518723,270.7627258,57.07660294,206.3997955,57.08052063,279.4211121,57.10210419,177.9406738,57.10606384,241.4815521,57.12831116,204.0927734,57.13222885,296.3959656,
58.00083542,245.7957306,58.0047493,281.4919739,58.02576828,212.5806885,58.02968597,231.7051086,58.05064774,225.6455688,58.05456161,288.8129272,58.07660294,207.3099213,58.08052063,278.5830383,58.10126877,171.4905548,58.10518646,235.2164459,58.12677002,206.9514923,58.13068771,297.3417664,
59.00083542,250.0972443,59.00476837,283.6522522,59.02710342,211.3998566,59.03102112,224.359726,59.05308533,225.96492,59.05699921,272.6791382,59.07810593,208.1012878,59.08201981,284.8029175,59.1024971,169.884613,59.10641861,244.5491638,59.12841797,200.1477966,59.13233185,299.5967712,
60.00083542,253.2421417,60.0047493,288.9042969,60.02550125,212.9108276,60.02941513,223.1423492,60.05018616,233.5084991,60.05408478,278.0372925,60.07593536,205.859726,60.07985306,286.1087952,60.1006012,177.1874084,60.10451889,240.7120667,60.12608337,204.7742462,60.13000107,298.0230408,
61.00083542,246.7893066,61.0047493,293.6916504,61.02697754,206.949173,61.03089523,223.802475,61.05210495,226.2955475,61.05602264,275.3157043,61.07743835,213.6672363,61.08135605,275.1040039,61.10260391,170.7265778,61.10652161,233.8464355,61.12810516,203.6150208,61.13201904,296.247406,
62.00083542,257.2557983,62.0047493,291.7157288,62.02560043,198.362793,62.02952194,224.3663177,62.05108261,228.2442474,62.05500031,278.4867249,62.07533264,205.4649353,62.07924652,281.0038147,62.10124969,179.4353943,62.10516739,235.8097687,62.12693787,204.6269531,62.13085556,302.6655579,
63.00083542,247.8267365,63.0047493,284.4193726,63.02593613,202.3850861,63.02985382,223.4237976,63.05076981,226.3179016,63.0546875,269.4407959,63.07643509,209.4636383,63.0803566,282.8255005,63.10110092,173.7430573,63.10502243,235.0049591,63.12660217,201.9148712,63.13051987,289.5423279,
64.0008316,252.901886,64.00474548,285.9861145,64.02677155,205.0322571,64.03068542,224.1638794,64.05214691,230.0263367,64.05606079,262.6369019,64.07649994,206.9784393,64.08041382,285.2958374,64.10175323,172.9136658,64.10566711,238.0621185,64.12693787,200.8861694,64.13085175,298.1698914,
65.0008316,249.3315582,65.00474548,283.7542419,65.02560425,204.0594635,65.02951813,226.2837524,65.05027008,222.2617645,65.05418396,267.0909729,65.07583618,213.7098389,65.07975006,285.8147278,65.1006012,175.6166077,65.10452271,230.0693054,65.12602234,196.9126434,65.12991333,287.368988,
66.0008316,245.2165985,66.00474548,282.4015503,66.02650452,205.3829803,66.0304184,222.5284576,66.05126953,219.6664124,66.05519104,266.9733887,66.07743835,201.960495,66.08135223,284.0639343,66.10260773,173.279892,66.10652161,235.6815186,66.12747955,202.4283447,66.13139343,293.677002,
67.0008316,247.5469971,67.00474548,282.3734131,67.02501678,201.2084656,67.02891541,223.6903534,67.05027008,747.0756836,67.05418396,376.9796143,67.07559967,210.8625946,67.07952118,286.0263062,67.10166931,171.0962372,67.10558319,238.9910126,67.12727356,198.6221161,67.13118744,291.0765991,
68.0008316,243.1930542,68.00474548,286.7479553,68.02548218,206.5713959,68.02939606,228.0829926,68.05018616,261.4077148,68.05408478,259.9204712,68.07576752,207.7913208,68.07968903,287.5108337,68.10025024,175.569458,68.10416412,232.6963959,68.12660217,203.6055603,68.13052368,299.2884216,
69.0008316,246.7065735,69.00475311,289.2289124,69.02560425,204.4649963,69.02952576,222.9020081,69.05097961,214.7863922,69.05490112,254.7995148,69.07577515,217.667923,69.07968903,293.0939636,69.10160065,174.866333,69.10551453,234.0209351,69.12683105,203.4681702,69.13075256,290.4877014,
70.0008316,252.9430084,70.00475311,288.0994873,70.02700043,209.1943817,70.03091431,221.7862701,70.0524826,202.5497284,70.05639648,245.7783356,70.07776642,211.2427063,70.08168793,281.6976929,70.10310364,177.4771881,70.10702515,241.6171112,70.12776947,201.0119781,70.13169098,306.7792664,
71.0008316,248.6992798,71.00475311,284.2635498,71.02577209,204.9279175,71.02968597,224.3786621,71.05181122,207.0431824,71.05573273,241.8296356,71.0766449,208.4337921,71.08056641,279.0812683,71.10147858,175.0924683,71.10539246,235.6048737,71.12724304,208.9893494,71.13117218,291.7980347,
72.0008316,249.315567,72.00475311,280.7824402,72.02577209,201.7819672,72.02968597,224.3681641,72.05177307,204.1660614,72.05568695,248.9226227,72.0764389,210.141449,72.08035278,286.596405,72.10260773,174.8563843,72.10652161,236.9920502,72.12752533,197.0771027,72.13141632,297.0606079,
73.0008316,250.3078613,73.00475311,279.3505859,73.02619171,203.8094482,73.0300827,222.0951538,73.05110931,206.6212311,73.05502319,238.5359802,73.0762558,213.7989044,73.08018494,282.2279663,73.10210419,175.9794312,73.1060257,238.8877258,73.12776947,204.3623352,73.13169098,300.4776917,
74.0008316,252.7518311,74.00475311,285.9452515,74.02577209,204.0813141,74.02968597,220.8093414,74.05126953,202.4140167,74.05518341,231.8549042,74.07685852,208.5452423,74.08075714,288.7910461,74.10257721,177.4806366,74.10649872,234.378067,74.12727356,206.592865,74.13118744,292.7580566,
75.0008316,245.9477692,75.00475311,279.7159729,75.02593231,207.4601898,75.02985382,224.3960419,75.05077362,200.091217,75.0546875,233.9746857,75.07660675,212.5077209,75.08052063,283.6335144,75.10093689,182.1599884,75.10485077,225.0082855,75.12560272,205.1935883,75.12953949,305.691864,
76.0008316,259.5743713,76.00475311,281.0661011,76.02541351,207.8052368,76.02932739,221.715744,76.05027008,197.1498718,76.05419159,233.9866943,76.07492065,215.5431061,76.07883453,284.5342407,76.10077667,182.3336639,76.10469055,228.6718903,76.12560272,207.8716888,76.12952423,300.3788452,
77.0008316,250.111496,77.00475311,276.0735779,77.02710724,206.0930634,77.03102112,220.8770752,77.05235291,193.6906891,77.05625153,229.973526,77.07810211,213.4243774,77.08202362,286.7443848,77.10276794,176.2259064,77.10668945,229.4861755,77.12747955,199.073349,77.13139343,295.8065491,
78.0008316,249.1864777,78.00475311,277.9952698,78.02644348,199.803299,78.03035736,218.9089661,78.05177307,194.0841064,78.05568695,234.0854797,78.07727051,216.8461914,78.08118439,274.1636047,78.10260773,171.1515808,78.10652161,232.2212982,78.12760162,208.3259277,78.1315155,295.2958679,
79.0008316,246.2939301,79.00475311,279.7139587,79.02566528,210.5695038,79.02957916,218.7088318,79.0515213,201.3460541,79.05541992,226.1239624,79.07627106,211.2921753,79.08018494,286.7604675,79.10177612,179.7619934,79.10569,233.4003143,79.1276474,205.978302,79.13156128,301.7577515,
80.0008316,244.8254852,80.00475311,277.9890137,80.0266037,207.9974213,80.03051758,221.7655792,80.05143738,195.6183624,80.05535126,227.8612061,80.07660675,212.3401947,80.08056641,276.5253906,80.10316467,180.6616821,80.10707855,231.847702,80.12715149,212.1338196,80.13106537,301.0825806,
81.0008316,239.1066437,81.00475311,275.0038452,81.02616119,203.4951935,81.0300827,219.6733856,81.05110931,190.2962952,81.05502319,230.6865387,81.07701874,211.9772186,81.08091736,280.5172119,81.10234833,179.1797943,81.10624695,231.6184082,81.12776947,202.3554077,81.13169098,296.4605713,
82.0008316,251.968689,82.00475311,288.3052979,82.0253067,201.5072174,82.02922821,221.0373993,82.05058289,197.9397736,82.05449677,225.2269592,82.07585144,210.5535126,82.07975006,279.9996948,82.10131073,173.3114166,82.10523224,226.3800201,82.12710571,210.1503143,82.13101959,297.8473816,
83.0008316,248.1553802,83.00475311,277.6028748,83.02674866,204.3108978,83.03066254,227.0419769,83.05193329,198.4545288,83.0558548,229.5174713,83.07741547,215.7523804,83.08132935,289.1063538,83.10260773,181.4631958,83.10652161,229.2642059,83.12783051,204.7406921,83.13174438,289.1871033,
84.0008316,246.0016174,84.00475311,285.1657715,84.02466583,207.5928345,84.02857971,221.2871857,84.04981232,196.0913239,84.0537262,223.4693604,84.07510376,213.9420471,84.07901764,277.7091064,84.10044098,181.8986206,84.10435486,235.058136,84.12581635,201.7680359,84.12973022,291.4517517,
85.0008316,241.3486633,85.00475311,276.8858948,85.02493286,209.0009613,85.02890015,226.0220642,85.04914856,195.9438782,85.05306244,223.816391,85.07410431,212.1113281,85.07801819,282.5238953,85.09993744,183.4010925,85.10385895,232.753952,85.12460327,204.7053833,85.12852478,302.8215027,
86.0008316,244.4842072,86.00475311,267.8562012,86.02549744,204.1626892,86.02941895,220.3276215,86.05033112,189.5574951,86.054245,232.819046,86.07566833,209.0548553,86.07958221,281.5198364,86.10164642,180.7057648,86.10556793,222.3865356,86.12710571,200.3254395,86.13101959,284.6643372,
87.0008316,250.86203,87.00475311,274.7258301,87.02593231,212.6625366,87.02985382,220.3220367,87.04947662,192.0307465,87.0533905,225.744812,87.07493591,212.034668,87.07885742,286.6105042,87.09843445,177.5265961,87.10234833,232.2461548,87.12343597,203.1525421,87.12734985,293.8273315,
88.0008316,249.5137939,88.00475311,282.7438354,88.02526855,208.699234,88.02919006,222.1898651,88.05126953,190.9980927,88.05518341,217.9327087,88.07675171,213.7376862,88.08066559,288.0239563,88.10160065,181.9046631,88.10551453,227.1066742,88.12677765,208.0546112,88.13069153,291.0800476,
89.0008316,247.0731354,89.00475311,280.2315674,89.02593231,209.2072144,89.02985382,221.5256958,89.05077362,189.9772949,89.0546875,218.2245636,89.0767746,209.0432587,89.08068848,291.0339966,89.10227203,180.8945618,89.10618591,231.6875153,89.12693787,209.1938629,89.13085175,287.6864624,
90.0008316,251.7749329,90.00475311,280.5566101,90.02397919,210.4667358,90.0279007,222.8249664,90.0490799,190.6369629,90.0530014,223.7511749,90.07344055,213.4009399,90.07735443,281.5540466,90.09761047,173.1707306,90.10152435,231.925415,90.12294006,197.5488739,90.12685394,286.4742432,
91.0008316,252.2903137,91.00475311,284.183197,91.02648163,207.9631958,91.03039551,224.9810791,91.05093384,189.2362366,91.05484772,224.5844574,91.07660675,213.3629761,91.08052063,284.9871826,91.10134888,175.8375092,91.1052475,228.8452759,91.12727356,201.8598633,91.13118744,295.9682312,
92.0008316,248.4135742,92.00475311,279.8313293,92.0254364,204.4186859,92.02935028,227.2412872,92.05110931,191.2243958,92.05502319,215.8072968,92.07610321,214.8475342,92.08002472,280.9058533,92.10160065,186.0564575,92.10551453,224.7385712,92.12710571,205.9164429,92.13101959,301.4299622,
93.0008316,252.0686646,93.00475311,279.3023987,93.02731323,213.8962708,93.03122711,229.4263916,93.05326843,192.1468964,93.05718231,217.8502808,93.07808685,209.4732513,93.08200073,273.1976318,93.10327148,183.2257385,93.10718536,237.4471588,93.12818909,207.038208,93.13208008,280.0279541,
94.0008316,248.0430756,94.00475311,274.0014038,94.02641296,209.4976501,94.03032684,225.1930237,94.05135345,185.9525757,94.05525208,218.2770233,94.07764435,217.7817993,94.08155823,279.7247314,94.10335541,181.1224823,94.10725403,227.1475677,94.12783051,212.5533447,94.13174438,292.2654419,
95.0008316,244.2019653,95.00475311,279.4425964,95.02568054,208.8540802,95.02957916,225.5701752,95.05135345,190.1424255,95.05525208,216.7030945,95.0764389,218.7640686,95.08035278,281.5293274,95.10241699,181.7661743,95.10633087,230.9441833,95.12791443,200.6419373,95.13183594,293.8249512,
96.0008316,254.6699371,96.00475311,279.2008057,96.02568054,211.7502136,96.02957916,231.480545,96.05143738,191.7159576,96.05535126,215.6287842,96.07593536,213.9141541,96.07984924,279.8847351,96.10152435,181.7224426,96.10542297,229.3125153,96.12610626,208.7623138,96.13002014,293.4590759,
97.0008316,249.0568237,97.00475311,277.053772,97.02644348,205.5989685,97.03035736,233.3511963,97.05177307,188.0731506,97.05568695,220.7062988,97.07831573,217.1070251,97.08222961,285.2735291,97.1034317,183.8216095,97.10735321,221.7032623,97.12843323,207.3676605,97.13235474,293.0604248,
98.0008316,247.1545563,98.00476837,276.5708923,98.02791595,212.0011902,98.03183746,232.7119293,98.0533371,192.1894531,98.05725098,214.1448517,98.07810211,215.8535156,98.08202362,277.0211792,98.10443878,179.9710083,98.10836029,231.3499298,98.12993622,201.7110443,98.13385773,290.2440796,
99.0008316,249.2587128,99.00475311,284.9942932,99.02600098,203.633606,99.02991486,231.422699,99.05160522,184.538269,99.0555191,212.2719421,99.07660675,224.7792053,99.08052063,278.3596802,99.102005,176.7343903,99.10591888,226.2969208,99.12776947,208.0088501,99.13169098,287.5445557,
100.0008316,239.3013763,100.0047531,273.9776611,100.0250015,220.1878204,100.0289154,262.7696533,100.0506058,185.0370636,100.0545273,219.8891449,100.0761642,212.203949,100.0800858,277.6886597,100.1019363,182.0964203,100.1058502,231.1705475,100.1276703,201.7898865,100.1315842,289.3713379,
101.0008316,246.8455505,101.0047531,272.9154053,101.0256042,207.2922668,101.0295258,232.3165131,101.0509338,186.8212891,101.0548477,212.3218536,101.0754929,213.6707458,101.079422,283.5706787,101.1007767,177.73172,101.1046906,225.6429138,101.1264191,196.4912872,101.1303329,294.1659546,
102.0008316,249.6867065,102.0047531,278.6136169,102.0267715,196.1351013,102.0306854,225.384964,102.0516052,183.0118408,102.0555191,212.9770508,102.0773392,212.8073578,102.0812531,282.1913452,102.102272,178.4144135,102.1061859,227.4933167,102.1276016,207.1152344,102.1315155,285.9334412,
103.0008316,243.0558472,103.0047531,272.1322937,103.0257721,196.0232544,103.029686,214.6569214,103.0519333,188.013504,103.0558548,217.173111,103.0767746,215.2763519,103.0806885,282.2193909,103.1004181,179.2735748,103.104332,222.8368988,103.1251068,203.4846802,103.1290207,284.9031982,
104.0008316,243.5500336,104.0047531,279.4822083,104.0267487,189.0749817,104.0306625,218.582962,104.0523148,189.7788544,104.0562286,211.8225098,104.0770798,219.6691895,104.0810013,282.6862488,104.1022491,182.8009033,104.1061707,227.6578827,104.1274414,211.8803864,104.1313553,284.4972839,
105.0008316,249.4401245,105.0047531,267.7825317,105.0272675,191.1722107,105.0311813,211.9938202,105.0524139,190.8842468,105.0563278,210.7412262,105.0772705,210.241272,105.0811844,279.1893311,105.1021042,180.2793274,105.1060257,227.8149872,105.1276016,207.9418945,105.1315155,288.1007385,
106.0008316,244.4757233,106.0047531,276.9432983,106.0263367,182.0778198,106.0302505,210.7411346,106.0514374,188.0517273,106.0553513,208.0924377,106.0767746,213.6551361,106.0806885,295.0241699,106.1024399,179.6938477,106.1063538,236.151062,106.1280975,202.8382721,106.1320267,297.3589783,
107.0008316,245.8599854,107.0047684,278.4833374,107.0271072,184.421463,107.0310211,207.0582275,107.0521088,186.6832123,107.0560226,213.3643494,107.0774841,219.3081055,107.081398,283.3685913,107.1026077,184.1098022,107.1065216,226.2675171,107.1279373,209.0266571,107.1318512,283.8120422,
108.0008316,249.2375946,108.0047684,271.2062988,108.0274811,183.5128784,108.031395,206.0944214,108.0523376,192.0213623,108.0562515,218.9424591,108.0781021,214.5415497,108.0820236,278.1108398,108.1035843,181.0797729,108.1075058,226.9756012,108.1280975,203.3476105,108.1320267,288.0669556,
109.0008316,240.3261719,109.0047531,275.8655701,109.0254364,186.3570862,109.0293503,205.9645691,109.0511093,188.6509094,109.0550232,212.4777679,109.0763092,218.5809021,109.0802307,279.4539795,109.1008301,177.6776886,109.1047516,223.8360901,109.1264801,204.491333,109.130394,286.8003845,
110.0008316,246.5304718,110.0047531,275.643158,110.0261078,179.817688,110.0300217,202.0315857,110.0516434,190.5146027,110.0555649,214.6979218,110.0764389,213.1062164,110.0803528,285.4359436,110.1022491,175.5698242,110.1061707,224.9765778,110.1269226,207.0453339,110.1308365,288.837677,
111.0008316,244.6041107,111.0047531,271.5032654,111.0271072,188.0555267,111.0310211,207.021347,111.0516663,183.7190094,111.0555801,216.0191345,111.0771866,218.0836639,111.0810852,285.6485901,111.1009369,180.2784729,111.1048508,229.1996002,111.1268539,211.6190948,111.1307526,288.4125366,
112.0008316,246.9206848,112.0047531,262.4006958,112.0254135,182.4958649,112.0293274,204.7987213,112.0511093,184.0110779,112.0550232,208.5298004,112.0761032,213.9040527,112.0800247,281.1217957,112.102272,179.5580292,112.1061859,227.5020905,112.1274414,208.579071,112.1313553,288.955658,
113.0008316,246.4416351,113.0047531,276.0197144,113.0259323,177.7702942,113.0298538,204.2510681,113.0513077,186.7859802,113.0552292,204.5879669,113.0767746,216.3557892,113.0806885,275.917572,113.1017761,182.2166901,113.10569,229.9496918,113.1272736,204.667572,113.1311874,289.3760376,
114.0008316,244.8387604,114.0047531,272.8865356,114.0259781,177.1977997,114.0298996,197.5592804,114.0489349,185.274353,114.0528564,212.7109833,114.074585,221.3939514,114.0784988,272.4177856,114.0996399,177.9746704,114.1035614,223.2944794,114.125267,209.4576416,114.1291885,284.7496643,
115.0008316,247.1656799,115.0047531,282.6493225,115.0251083,179.4598083,115.0290222,205.9317169,115.0506668,184.3974915,115.0545807,213.1665497,115.0754929,215.1565552,115.079422,288.4889832,115.1004944,175.1941071,115.1044159,230.7867279,115.1254959,213.3631439,115.1294174,284.1290588,
116.0008316,250.1282654,116.0047531,272.2156372,116.0263138,182.3936462,116.0302353,197.4731598,116.0520172,188.7449799,116.0559158,206.6012268,116.0769348,220.0555725,116.0808487,281.1390991,116.1031647,178.6699677,116.1070786,231.0441284,116.1286087,214.3028564,116.1325226,292.6260376,
117.0008316,242.8603973,117.0047531,272.4430847,117.0261459,181.6395569,117.0300598,189.9084473,117.0516434,186.1974487,117.0555649,209.8118439,117.0774384,221.4796143,117.0813522,276.5560608,117.1029358,181.1411591,117.1068497,222.5636902,117.1286087,204.0378418,117.1325226,285.8908081,
118.0008316,245.8601685,118.0047531,273.4360962,118.0264435,173.0520782,118.0303574,202.1389771,118.0521088,179.5642853,118.0560226,208.7856445,118.0767746,223.6037292,118.0806885,283.2416077,118.1031036,183.9042664,118.1070251,222.0315247,118.1278534,204.8196259,118.1317444,299.0645752,
119.0008316,238.845047,119.0047531,271.1651917,119.0261078,179.6452789,119.0300217,192.3500366,119.0513077,186.1138153,119.0552292,211.0612335,119.0771103,220.7391052,119.0810242,278.75177,119.1016693,180.0512695,119.1055832,228.1243439,119.126442,204.6708069,119.1303558,293.4421082,
120.0008316,244.506546,120.0047684,265.0178223,120.0269394,180.0343323,120.0308533,198.5346832,120.0519333,187.0541077,120.0558548,202.7591095,120.0777664,219.0736237,120.0816879,277.6346436,120.1025772,177.4658203,120.1064987,222.3982697,120.1281509,208.5592346,120.1320648,292.5901489,
121.0008316,242.9963684,121.0047531,273.8308716,121.0271072,178.6266937,121.0310211,193.7095032,121.052269,190.6149902,121.0561829,211.8628845,121.0779343,225.1814728,121.0818558,279.779541,121.1014786,179.295929,121.1053925,225.8334808,121.126442,205.9056854,121.1303558,286.7381592,
122.0008316,241.1509552,122.0047531,271.1174927,122.0256424,177.7411041,122.0295639,195.7650452,122.0515213,184.4494019,122.0554199,205.8316498,122.0761032,215.8781891,122.0800247,278.4587708,122.1021881,179.0440216,122.1060867,225.8134613,122.1269989,207.8777924,122.1309128,293.4060059,
123.0008316,244.3726196,123.0047531,269.6068115,123.0254822,177.7226105,123.0293961,194.4868622,123.051918,193.0496216,123.0558319,209.4151917,123.0762711,215.3348694,123.0801849,269.1724548,123.1019363,185.37883,123.1058502,229.6447449,123.1274414,202.3075104,123.1313553,281.8597107,
124.0008316,239.1381836,124.0047531,275.4878235,124.0257721,179.935379,124.029686,191.0251007,124.0501022,184.8686218,124.0540237,210.0315552,124.0758514,212.3170929,124.0797501,274.1056213,124.1002655,183.7673645,124.1041946,220.8200684,124.1259995,206.7643433,124.1299133,280.2349243,
125.0008316,245.4665833,125.0047531,272.5740356,125.0266647,176.5097504,125.0305862,198.7267761,125.0521927,191.4803619,125.0560837,210.3437195,125.0769348,217.4722443,125.0808487,279.3760376,125.1027679,184.0130463,125.1066895,230.7000122,125.1274796,200.7735596,125.1313934,279.365509,
126.0008316,238.5969238,126.0047531,281.1519775,126.0258102,175.5599518,126.0297318,196.6783142,126.0503311,188.225296,126.054245,208.7103729,126.0758514,218.7668304,126.0797501,272.5533447,126.1014404,181.2804413,126.1053543,227.0007629,126.1259384,207.6457062,126.1298523,278.6881714,
127.0008316,243.1728973,127.0047531,271.0639648,127.0258102,175.2392426,127.0297318,194.0590515,127.0521088,188.7385559,127.0560226,203.4308624,127.0767746,217.3959961,127.0806885,274.0484619,127.1024857,184.7859039,127.1063995,220.6422119,127.1279373,209.6774139,127.1318512,279.6332092,
128.000824,243.898407,128.0047455,274.9539185,128.0265198,179.2984009,128.030426,192.7879333,128.0512695,188.6546478,128.055191,203.9468079,128.0773315,215.2049103,128.0812531,282.6276245,128.1024933,182.7833252,128.1064148,221.8945618,128.1282654,203.5950928,128.1321869,281.5777893,
129.0008087,238.1353912,129.0047302,265.7630005,129.0260773,178.5204315,129.0299988,193.7573242,129.0519409,185.6296082,129.0558472,202.7968903,129.0769348,216.3359985,129.0808563,281.7401733,129.1026459,178.6282654,129.1065521,229.1351318,129.1280823,205.8827667,129.1320038,276.2513733,
130.0007935,241.7193298,130.0046844,267.1478882,130.0256805,176.1238403,130.0295868,191.1264343,130.050415,197.3842316,130.0543365,202.9281921,130.0756378,218.5621643,130.0795593,268.9858704,130.1011505,174.8911133,130.1050568,224.8218231,130.1266022,207.3739471,130.1305237,275.198761,
131.0007935,244.1355743,131.0047302,272.8927612,131.0257721,176.8662109,131.0296936,198.0941467,131.0512695,185.14328,131.055191,208.0541687,131.0761108,220.9915161,131.0800171,280.0573425,131.0998383,180.1878204,131.1037445,223.0956573,131.1255798,204.0796051,131.1295013,277.1191406,
132.0007935,235.7930908,132.0046844,272.0696716,132.0250854,175.515564,132.029007,191.0482178,132.0505829,185.8426056,132.0545044,204.1984406,132.0761566,217.000351,132.0800934,272.7800598,132.1016083,183.1971741,132.1055145,225.2471924,132.12677,203.3801117,132.1306915,285.8821106,
133.0007935,241.2203217,133.0046844,268.9278564,133.0252686,165.2613373,133.0291901,201.4480896,133.0509796,185.3444824,133.0549011,201.6340485,133.0767517,210.7075043,133.080658,274.9584656,133.1013336,179.7789917,133.1052551,223.9353485,133.12677,197.9116669,133.1306915,279.9394836,
134.0007935,242.0980835,134.0046844,274.9806824,134.023941,176.2227478,134.0278625,194.2667389,134.0488586,182.7171631,134.0527496,207.1877747,134.0742645,217.1811371,134.078186,273.4600525,134.0992737,187.8546143,134.1031952,225.7123566,134.1246033,209.3268738,134.1285248,281.2675476,
135.0007935,241.8027954,135.0046844,275.2533569,135.0259399,170.1401215,135.0298462,193.8557129,135.0505981,188.5074158,135.0545197,202.4949493,135.0756073,213.3323517,135.0795288,270.5362854,135.1000214,177.3357544,135.1039124,222.6760101,135.1242676,203.7506561,135.1281891,273.3801575,
136.0007935,250.344696,136.0046844,275.9772949,136.0256042,179.6947021,136.0295258,194.6196289,136.0509338,185.2540283,136.0548553,208.1081085,136.076767,217.1838989,136.0806885,273.3061523,136.1024475,180.5560608,136.1063538,226.7755432,136.1280975,207.2868195,136.132019,282.4539185,
137.0007935,247.8750153,137.0046844,262.9136047,137.0261688,171.8079987,137.0300751,196.374939,137.0511017,182.1570129,137.0550079,199.7520752,137.0768127,214.3740234,137.0807343,267.8364868,137.1031799,184.1278839,137.1070862,225.335083,137.1284332,201.7796173,137.1323547,277.6161499,
138.0007935,244.2787933,138.0047302,266.7846985,138.0268555,177.453476,138.0307465,192.3700562,138.0524445,192.657547,138.0563507,206.0638428,138.0771027,218.3126678,138.0810242,275.0802002,138.1020966,183.4493103,138.1060181,223.5182495,138.1275024,207.1156921,138.1314087,280.763916,
139.0007935,238.1951904,139.0046844,269.2663269,139.0270996,171.9055786,139.0310211,191.1854401,139.0524445,190.6871796,139.0563507,209.3403625,139.0773163,219.8972778,139.0812378,273.2097473,139.1026001,184.1178589,139.1065216,226.40625,139.1281128,201.5460358,139.132019,273.0783997,
140.0007935,242.3313293,140.0046844,273.9709167,140.0266113,171.1968384,140.0305176,193.2220154,140.0519409,182.1726685,140.0558624,203.3204041,140.0766144,218.3000946,140.0805206,271.0485535,140.1020203,174.9189758,140.1059265,223.4335022,140.1276093,207.9437256,140.1315308,274.1331177,
141.0007935,243.2493439,141.0047302,272.1213684,141.0266113,176.7555695,141.0305176,193.0203552,141.0517731,193.8434143,141.0556793,203.3286743,141.0765839,216.783371,141.0805054,271.7569885,141.1018372,178.6256104,141.1057434,219.3239594,141.1274414,199.1009979,141.1313477,274.3846436,
142.0007935,242.7077332,142.0046844,261.8399048,142.0262756,174.9703827,142.0301971,191.9001617,142.052597,186.0081329,142.0565338,200.7403107,142.0771637,222.0926208,142.0810852,274.4438782,142.1032715,184.2855377,142.107193,219.4779968,142.1286621,200.9235229,142.1325836,267.2421875,
143.0007935,243.6410522,143.0046844,266.5873413,143.0264282,172.7345123,143.0303497,190.4126282,143.0516052,192.2190857,143.0555115,206.5682373,143.0766144,217.4256744,143.0805206,273.4621277,143.101944,184.7656403,143.1058655,221.6238861,143.1276093,199.5774994,143.1315308,267.9281616,
144.0007935,234.2482605,144.0046844,269.019989,144.02565,175.0762787,144.0295563,198.2855682,144.0514374,190.3420563,144.0553589,203.6971283,144.076416,216.6417694,144.0803375,274.2819824,144.1018372,185.1119995,144.1057434,225.6581421,144.1270905,205.9467926,144.131012,268.3908081,
145.0007935,244.3619232,145.0046844,261.2910767,145.025528,179.9606781,145.0294037,195.2383423,145.0502777,191.0865326,145.054184,204.1598358,145.0752716,219.3166656,145.0791779,265.455658,145.1002808,180.0996704,145.104187,222.781311,145.1263275,197.0443726,145.1302643,272.918335,
146.0007935,243.5523987,146.0046844,267.2756042,146.0256042,174.024353,146.0295258,193.7236176,146.0509491,183.4786072,146.0548553,199.3063202,146.0764313,212.2709045,146.0803528,273.3282166,146.1012726,183.5379181,146.1051941,228.3481903,146.1264343,199.342804,146.1303558,263.2908936,
147.0007935,239.9905548,147.0046844,272.697876,147.0262756,176.61203,147.0301971,192.1751556,147.0498352,190.0028229,147.0537415,196.9844971,147.0744781,217.8436737,147.0783997,268.4716187,147.1001587,180.5982513,147.1040802,226.164032,147.1255188,201.2384949,147.1294098,270.4393616,
148.0007935,242.6347809,148.0047302,267.757843,148.024765,177.2554932,148.0287018,199.0956726,148.0503082,186.4525604,148.0542297,203.0334167,148.0757599,212.996521,148.0796814,264.294342,148.1004333,183.7198944,148.1043549,229.1629639,148.1246033,207.6220856,148.1285095,261.8638,
149.0007935,239.1516418,149.0046844,268.8458252,149.0241852,175.9353943,149.0280762,193.0827637,149.0496368,188.0800781,149.0535583,194.7552948,149.0749817,217.9207153,149.0788879,272.6066284,149.1004333,179.7337646,149.1043549,224.3053589,149.1266174,201.3215942,149.1305237,263.0846252,
150.0007935,250.6501923,150.0046844,271.2171631,150.0257721,178.3648987,150.0296936,199.8488159,150.0502777,186.8068695,150.054184,202.8026428,150.07547,215.8975983,150.0793915,273.6105652,150.1000214,179.1453094,150.1039276,219.4322357,150.1246033,205.5428162,150.1285095,263.6653442,
151.0007935,243.0270386,151.0046844,267.33078,151.0254211,173.224472,151.0293274,194.0493469,151.0505829,182.5721588,151.0544891,206.7616577,151.0757446,213.4695892,151.0796661,267.8633118,151.1014252,176.3283691,151.1053619,219.4181519,151.1266174,198.6084747,151.1305237,263.3474426,
152.0007935,241.3184357,152.0047302,273.8830261,152.0266113,176.8787079,152.0305176,194.9256287,152.0523224,190.0613556,152.0562439,206.9160461,152.0770874,217.2388,152.0810089,272.1387329,152.1031036,182.8722839,152.1070099,224.865509,152.1277618,199.2953796,152.1316833,273.5129395,
153.0007935,235.700119,153.0046844,264.6219177,153.0251465,178.6198273,153.029068,197.613739,153.0504303,191.2320709,153.0543365,199.5499878,153.0761108,215.7651062,153.0800171,269.0473328,153.1017761,189.5304108,153.1056824,226.7832794,153.1270142,200.0832825,153.1309204,268.8581238,
154.0007935,237.5229034,154.0046844,273.6257324,154.0269318,176.777771,154.0308533,195.7928925,154.0522766,186.1242676,154.0561829,203.0778198,154.076767,214.617157,154.0806732,269.7807312,154.1020966,177.0659637,154.1060181,216.2138519,154.1276855,200.9022064,154.1315765,264.3080444,
155.0007935,234.7086182,155.0046844,274.2279968,155.0253601,181.0380249,155.0292511,196.598999,155.0504303,179.9515228,155.0543365,199.5565491,155.0759735,216.7956848,155.079895,274.1761475,155.1009369,179.8604431,155.1048431,215.7840729,155.126358,199.3888397,155.1302643,260.1871033,
156.0007935,239.9607086,156.0046844,268.3106079,156.0259399,183.1003876,156.0298462,197.6321411,156.0514832,184.0206909,156.0554047,197.3444824,156.0766144,217.0185242,156.0805206,269.8492737,156.1007538,180.0195007,156.1046753,219.9205627,156.1250916,189.8494873,156.1290131,260.6231689,
157.0007935,240.6371307,157.0046844,264.1611023,157.0270081,176.2709961,157.0309296,201.0097656,157.0519409,185.4869843,157.0558624,202.3768311,157.0766144,218.0288086,157.0805206,266.1206665,157.1024017,174.6196289,157.1063385,221.4308624,157.1274414,194.2439117,157.1313477,261.5482788,
158.0007935,238.5059204,158.0046844,268.4403687,158.0265808,170.2171631,158.0305023,203.6793213,158.0520935,186.7900085,158.056015,197.338913,158.0779114,212.7588806,158.0818329,267.3919067,158.1026001,179.1826782,158.1065216,221.495285,158.1276093,202.757843,158.1315308,267.0262146,
159.0007935,237.3541718,159.0046844,262.7371826,159.0261078,176.4071655,159.030014,187.7483826,159.0508118,183.7532959,159.0547333,197.7713776,159.0769196,211.5180359,159.0808258,265.3165283,159.1014252,182.5399628,159.1053619,214.8902435,159.1272736,199.6787415,159.1311798,259.2436218,
160.0007935,248.4398193,160.0046844,268.5982666,160.0253296,172.6437836,160.0292511,200.9654846,160.0511017,186.472641,160.0550079,202.35849,160.076416,219.1006927,160.0803375,263.9654236,160.1017761,180.4092712,160.1056824,227.8824615,160.1264954,195.3659668,160.1304169,255.0615997,
161.0007935,240.5891571,161.0046844,258.2315063,161.0260925,180.9275818,161.0299988,199.5303802,161.0504456,187.3252869,161.0543671,198.589386,161.075943,220.6960449,161.0798492,264.8297424,161.1007538,182.9971619,161.1046753,226.2291412,161.1261139,191.2273407,161.1300201,265.6898193,
162.0007935,233.5969086,162.0046844,265.3399353,162.0259399,174.7810364,162.0298462,196.865799,162.0505829,183.7883606,162.0544891,197.3957672,162.0764313,215.0447235,162.0803528,269.8979797,162.1009369,180.6724243,162.1048431,218.0088959,162.1276703,195.1420135,162.1315765,255.709671,
163.0007935,245.2474823,163.0046844,265.6320801,163.0266418,177.4719696,163.0305634,194.4078674,163.0500946,180.923172,163.0540161,204.2593689,163.0756836,210.1322021,163.0795898,263.5661316,163.1004333,175.2970123,163.1043549,216.9657593,163.1261902,199.5713501,163.1300812,266.8981018,
164.0007935,231.6683197,164.0046844,262.8990784,164.0265045,178.7619019,164.030426,204.624588,164.050354,182.6329193,164.054245,194.3794861,164.0751038,215.3297272,164.0790253,264.1728516,164.1006775,184.9605713,164.1045837,216.6800995,164.125946,195.4929199,164.1298523,264.8645935,
165.0007935,240.2938538,165.0046844,263.8885803,165.0264282,172.473877,165.0303497,197.7268524,165.0519409,181.4589996,165.0558624,200.7203369,165.0766144,217.3980865,165.0805206,264.422821,165.1019135,178.2799988,165.1058197,215.3100739,165.1276093,203.7139587,165.1315308,268.552948,
166.0007935,242.7261505,166.0046844,262.1486206,166.0272827,175.6447144,166.031189,198.5101013,166.0527649,181.0850677,166.0566864,200.0072632,166.0775299,211.1782684,166.0814056,266.4501343,166.1031342,182.8955688,166.1070709,225.1123352,166.1276093,194.819458,166.1315308,253.497757,
167.0007935,231.9403839,167.0046844,255.3041229,167.0256042,173.7435608,167.0295258,199.3824158,167.0512695,176.7854156,167.055191,199.8919983,167.0769348,211.214035,167.0808563,263.3097839,167.1016083,180.7783966,167.1055145,225.286911,167.1270905,198.2437592,167.131012,265.5777893,
168.0007935,238.3545532,168.0046844,262.8249207,168.0254974,173.8704224,168.0294037,200.3774719,168.050766,184.3222809,168.0546875,200.9887543,168.0762634,220.2459106,168.0801849,267.351593,168.1015015,186.8042145,168.105423,222.3784637,168.12677,200.3369598,168.1306763,251.5442047,
169.0007935,235.5960236,169.0046844,269.4747314,169.0259857,182.8214264,169.0299225,199.6550446,169.0512695,189.0513153,169.055191,199.1904907,169.0763397,212.7574005,169.0802612,259.5434265,169.1014252,180.4473267,169.1054077,219.7009125,169.1272736,196.5585022,169.1311798,261.3327332,
170.0007935,240.0317688,170.0046844,261.6433716,170.0256042,177.5168457,170.0295258,193.0322113,170.0509491,185.1419525,170.0548553,193.3739319,170.0767517,211.5647125,170.080658,267.1777344,170.101944,181.1252441,170.1058655,220.2044525,170.1264343,198.9215088,170.1303558,262.3546448,
171.0007935,236.9597626,171.0046844,258.7600098,171.0268097,181.3297119,171.0307312,193.6884766,171.0514374,188.735611,171.0553589,196.702179,171.0772858,218.6918945,171.081192,262.9290771,171.101944,183.2922974,171.1058655,219.0130157,171.127243,196.2560272,171.1311646,260.9725952,
172.0007935,237.1560211,172.0046844,256.8667908,172.0262756,176.7144165,172.0301971,196.3934631,172.0514374,181.6000824,172.0553589,195.6136017,172.0764313,214.891449,172.0803528,264.5984192,172.1020813,182.8417816,172.1060028,215.8865967,172.1269379,193.6739349,172.1308594,250.9527283,
173.0007935,238.2725067,173.0046844,264.1411743,173.0254669,173.1293793,173.0293884,197.3181458,173.051178,182.3005371,173.0550842,198.4755707,173.0766449,213.1895142,173.0805664,264.7829285,173.1009369,180.1852875,173.1048431,218.0017395,173.1276093,196.5562286,173.1315308,255.3480835,
174.0007935,230.1468048,174.0046844,260.8137817,174.0269318,174.8368835,174.0308533,197.5427246,174.0517731,185.9127655,174.0556793,199.6280823,174.0765839,218.5300903,174.0805054,264.6168213,174.1020966,173.087677,174.1060181,220.5701599,174.1274414,193.5421906,174.1313477,253.405365,
175.0007935,230.3369141,175.0046844,261.3830261,175.0259857,174.7211914,175.0299225,199.7273407,175.0509491,181.3299408,175.0548553,193.9704437,175.0766144,215.8677673,175.0805206,267.1758423,175.1018066,182.6007538,175.1057281,218.6267548,175.1265717,201.8860321,175.1305084,254.3431549,
176.0007935,234.2016602,176.0046844,255.6772766,176.0261078,174.5347748,176.030014,195.8625336,176.050766,187.8773193,176.0547485,190.6588135,176.0772858,209.6257324,176.081192,266.825531,176.1022797,177.5857849,176.1061859,220.6903534,176.127594,197.3737946,176.1315002,250.3396912,
177.0007935,235.7034302,177.0046844,255.1456146,177.0256805,179.9593964,177.0295868,201.088974,177.0509796,180.6651001,177.0549011,196.3005676,177.0772858,216.5959625,177.081192,259.2900085,177.1013489,175.3034515,177.1052551,215.7619171,177.1268616,206.4143372,177.1307526,257.1818848,
178.0007935,238.3316498,178.0046844,257.1231079,178.0251007,176.0333099,178.0290222,192.1889496,178.050766,188.1958771,178.0547333,195.237381,178.0771484,216.1532135,178.0810547,263.067627,178.1020966,175.6932983,178.1060181,212.8736725,178.1279297,194.6327972,178.1318512,252.5050354,
179.0007935,230.8225098,179.0047455,266.5671997,179.0267792,175.9194031,179.0306854,192.4613953,179.052597,191.3799744,179.0565338,196.3242493,179.0772858,222.1269531,179.081192,257.6471558,179.1027679,181.3147888,179.1066895,225.1752625,179.1274414,201.6022034,179.1313477,253.5480804,
180.0007935,232.3523865,180.0046844,258.4062195,180.0254211,173.5259399,180.0293274,198.0905151,180.0510254,182.7764282,180.0549164,199.4203644,180.0766449,223.614212,180.0805664,259.9500427,180.1011047,183.812973,180.105011,220.0767822,180.12677,196.4907837,180.1306763,254.0822906,
181.0007935,231.6697845,181.0046844,258.6567383,181.0257721,174.8026428,181.0296936,193.48526,181.0505829,184.2633514,181.0544891,201.9289246,181.075943,215.4755096,181.0798492,263.0515442,181.1012726,181.0691376,181.1051941,218.9502106,181.1272736,192.6254883,181.1311798,255.8175659,
182.0007935,235.9603577,182.0046844,253.4256287,182.025528,174.0802612,182.0294037,195.5160828,182.0501556,188.2921295,182.0540924,200.056015,182.0754395,214.4638977,182.079361,261.9554749,182.1011047,180.8377533,182.105011,218.7581024,182.1261139,193.0953827,182.1300201,253.8124084,
183.0007935,235.0023651,183.0046844,255.9473572,183.0263214,178.3927307,183.0302277,191.9971008,183.0509491,188.787735,183.0548859,199.9509735,183.0774078,220.3652039,183.0813293,263.687439,183.1022797,179.4976044,183.1061859,218.860321,183.1281128,199.5865936,183.132019,256.1269531,
184.0007935,238.7923737,184.0046844,257.9578247,184.0257721,174.8763885,184.0296936,187.4942627,184.0504456,179.528717,184.0543671,195.7263947,184.0766144,211.808197,184.0805206,261.6289978,184.1009369,185.5252686,184.1048431,217.4324493,184.1265717,198.9448853,184.1305084,257.990509,
185.0007935,234.5492706,185.0046844,265.9629211,185.0259857,175.2229309,185.0299225,200.2383575,185.0503082,179.8771667,185.0542297,198.7762909,185.0764923,209.0939178,185.0804138,260.6241455,185.1008148,178.6547852,185.1047363,221.0658264,185.1262512,196.5791626,185.1301575,251.2518768,
186.0007935,235.6851959,186.0046844,257.6411743,186.0259399,170.9953156,186.0298462,191.6523895,186.050827,184.5891418,186.0547485,204.5047455,186.0769348,212.8486633,186.0808563,260.0387573,186.1016083,180.5522308,186.1055145,215.1067505,186.1276093,197.0032959,186.1315308,246.2796326,
187.0007935,232.5763397,187.0046844,260.5071411,187.0262604,175.2832947,187.0301666,190.5152283,187.0497589,187.5478668,187.0536652,198.259491,187.0748444,218.3931732,187.0787506,255.036377,187.1006622,177.5503235,187.1045837,219.2555237,187.1254425,195.9490356,187.129364,245.1940613,
188.0007935,232.6936798,188.0046844,260.2947693,188.0249939,167.9937286,188.0289154,194.1176453,188.0507507,185.4790344,188.0546722,198.764801,188.075943,217.1151733,188.0798492,259.0134277,188.1014862,178.0940247,188.1054077,220.4820862,188.1262665,195.187912,188.130188,252.8525238,
189.0007935,232.4543457,189.0046844,265.829834,189.025589,173.5704498,189.0294952,192.1367493,189.0506744,185.6586304,189.0545959,198.7599487,189.0767517,211.7654877,189.080658,268.740387,189.1011658,181.8400726,189.105072,215.6820221,189.1269226,191.1089172,189.1308289,246.2619476,
190.0007935,238.3580322,190.0046844,250.8024597,190.0264282,174.9890289,190.0303497,196.8952789,190.0509949,183.9877014,190.0549164,197.3754578,190.0767517,213.9814606,190.080658,264.211853,190.1011353,177.776474,190.1050568,213.2992401,190.1269836,195.4654999,190.1308899,239.2709961,
191.0007935,232.5374908,191.0046844,255.6522522,191.0259857,173.6815033,191.0299225,191.0846405,191.049942,183.4193268,191.0538635,193.2925415,191.0752411,208.6841278,191.0791626,263.5789795,191.1000977,185.3966064,191.1040192,219.0185394,191.1251984,190.6805878,191.1290894,256.6015625,
192.0007935,236.1018524,192.0046844,255.0226135,192.0256042,169.1524353,192.0295258,192.1288147,192.0513153,186.9829254,192.0552216,195.5799103,192.0764313,218.3457489,192.0803528,267.3776855,192.1018066,175.5764771,192.1057281,206.5292358,192.1270905,190.6091309,192.131012,249.378418,
193.0007935,237.9970551,193.0046844,249.6259155,193.0269318,172.2572021,193.0308533,192.7944031,193.0520935,188.0381622,193.056015,195.2540436,193.07724,212.1851349,193.0811615,265.9746704,193.1029816,181.5558014,193.1069031,216.8883667,193.1281128,193.0379791,193.132019,248.4870453,
194.0007935,234.7216034,194.0046844,264.5158081,194.0258331,179.5701141,194.0297546,188.2688599,194.0511322,181.6666565,194.055069,197.2638397,194.0776062,210.8126831,194.0815277,264.4603577,194.1027527,181.9292908,194.1066742,213.2833099,194.1271667,192.9466553,194.1310883,239.1280212,
195.0007935,241.6092529,195.0046844,261.1672974,195.0258179,173.4562988,195.0297394,188.2137451,195.0517731,186.3616028,195.0556793,197.5247345,195.077179,212.9181671,195.0810852,260.0280151,195.1027679,180.2763824,195.1066895,213.332077,195.1281738,196.7400055,195.1320801,248.5975647,
196.0007935,233.4249725,196.0046844,256.1300964,196.0249939,175.8805847,196.0289154,191.7187195,196.0504456,178.5385437,196.0543671,200.9627991,196.0760193,209.8499908,196.0799103,258.3187256,196.1016083,183.5628967,196.1055145,211.4252777,196.1264343,192.4456024,196.1303558,250.8680878,
197.0007935,231.4441833,197.0047302,261.5005493,197.0266113,174.2122192,197.0305176,191.9090424,197.0519409,186.0841217,197.0558624,199.3973083,197.076767,219.803894,197.0806732,259.4280396,197.1022797,180.6014404,197.1061859,216.3742676,197.1276093,190.22229,197.1315308,248.809082,
198.0007935,232.1635437,198.0047302,257.7233276,198.0249786,176.4545441,198.0288849,191.2475586,198.0502777,181.8618469,198.0542145,195.0928497,198.0762634,210.7005768,198.0801849,260.1335754,198.1004791,176.7710571,198.1044006,214.7079926,198.125946,183.2631683,198.1298523,241.957489,
199.0007935,233.5171661,199.0046844,259.9656372,199.0257721,172.3782349,199.0296936,195.1602325,199.0502777,180.0169067,199.054184,196.7754211,199.0746155,217.1057281,199.0785217,264.3242798,199.1000977,182.2250824,199.1040192,217.03862,199.1249847,193.4825592,199.128891,250.5102997,
200.0007935,239.5109558,200.0046844,253.4686584,200.0266113,170.1728058,200.0305176,192.3933105,200.049942,186.5078278,200.0538635,199.6895447,200.0747986,209.5622559,200.0787201,265.6900635,200.1011047,180.5602264,200.105011,212.1451874,200.1268005,184.3859711,200.130722,243.6326294,
201.0007935,231.4806519,201.0046844,257.6394958,201.0259705,171.2389984,201.029892,192.2357941,201.050766,186.5023651,201.0546875,202.4862061,201.0751038,215.4795532,201.0790253,258.3379822,201.100769,184.2446899,201.1046906,215.6070862,201.125824,192.780426,201.1297455,241.801712,
202.0007935,235.9318542,202.0046844,253.6955109,202.0259705,172.4788666,202.029892,186.4424438,202.0514374,181.7163086,202.0553589,197.9939575,202.0771637,215.1217804,202.0810852,252.1933594,202.1014862,179.6829224,202.1054077,215.8513489,202.1271057,189.154129,202.1310272,248.9328613,
203.0007935,239.8920746,203.0046844,256.177948,203.0259399,170.6017609,203.0298462,191.2253113,203.0511932,182.6907959,203.0550842,193.146698,203.0764771,211.3213348,203.0803986,258.7617493,203.1014252,181.041275,203.1053619,218.1065369,203.1266174,189.7743225,203.1305237,252.3886871,
204.0007935,232.9039307,204.0046844,254.5781403,204.0259399,171.3425293,204.0298462,184.1631317,204.0514374,178.8531799,204.0553589,197.140625,204.0774384,208.4568329,204.0813446,256.9884033,204.101944,183.2552185,204.1058655,219.2249146,204.1277618,187.8638458,204.1316833,245.3942871,
205.0007935,228.1844025,205.0046844,253.9388885,205.0251007,175.1090088,205.0290222,191.1430817,205.0509796,184.3377686,205.0549011,194.3394318,205.0759735,212.5317841,205.079895,263.9098511,205.1016541,182.7613983,205.1055756,214.3348083,205.12677,188.8316193,205.1306763,247.3466034,
206.0007935,231.2405548,206.0046844,258.4316711,206.0253296,172.4969635,206.0292511,191.6898499,206.0512695,186.7440796,206.055191,191.1068726,206.0762634,209.8643799,206.0801849,258.4313965,206.1016541,181.4788055,206.1055756,214.4691925,206.1274109,190.57724,206.1313324,254.4713287,
207.0007935,234.4818726,207.0046844,257.0158997,207.0256042,175.1551971,207.0295258,191.461319,207.050766,186.0946198,207.0546875,193.5262909,207.0764313,207.9046326,207.0803528,264.0899353,207.1016541,179.418045,207.1055756,208.6773224,207.1253204,192.9351807,207.1292419,245.1746826,
208.0007935,233.2489777,208.0046844,257.1960449,208.0261688,175.5183716,208.0300751,189.9158478,208.0509796,180.8044281,208.0549011,193.8670349,208.0774994,213.1703644,208.0814056,251.6601105,208.102829,181.3053741,208.1067505,216.7737122,208.1275024,191.3222809,208.1314087,252.6095581,
209.0007935,233.7735901,209.0046844,252.5811462,209.0257721,168.5907898,209.0296936,196.7196808,209.0511017,184.8849792,209.0550079,192.0449982,209.075943,207.3470764,209.0798492,254.5043488,209.1014252,179.0023193,209.1053619,221.0664673,209.1266174,189.2119141,209.1305237,246.2285919,
210.0007935,227.2518768,210.0046844,257.0184326,210.0261841,168.896225,210.0300751,191.9031677,210.0505981,180.6532593,210.0545197,195.8650208,210.0766449,206.6030273,210.0805664,256.7766724,210.1022797,185.0028534,210.1061859,209.8767242,210.1255951,199.7601929,210.1295319,247.7666626,
211.0007935,228.0888824,211.0046844,250.1452789,211.026474,167.8080444,211.0304108,187.4264832,211.051178,185.8157043,211.0550842,199.7256622,211.0767517,207.6931915,211.080658,252.8930359,211.1025238,179.8617096,211.1064148,211.7995605,211.1282654,188.9306793,211.1321869,245.2960052,
212.0007935,233.813446,212.0047302,252.4606323,212.0250092,169.415741,212.0289154,189.6535645,212.0507507,182.6304169,212.0546722,191.2928467,212.0757599,209.1002808,212.0796814,251.1938477,212.101944,181.3829498,212.1058655,220.7955322,212.1269379,192.5261078,212.1308594,243.6236267,
213.0007935,224.9763184,213.0046844,249.4307251,213.0253601,172.4638519,213.0292511,191.4129791,213.0516052,183.6503601,213.0555115,188.5134583,213.0769958,207.4755859,213.0809174,258.0738525,213.1026001,182.5013428,213.1065216,212.3750763,213.1274414,190.0109406,213.1313477,240.5075378,
214.0007935,234.986908,214.0046844,249.2531891,214.0261078,170.1089478,214.030014,191.4270782,214.0512695,179.0977936,214.055191,194.8211517,214.0769348,206.5958557,214.0808563,260.7654724,214.102005,181.3377228,214.1059265,212.7185669,214.1274414,194.6837921,214.1313477,243.8096771,
215.0007935,229.8817596,215.0046844,249.9663391,215.024765,165.8875732,215.0287018,194.0576935,215.0509186,181.4890289,215.0548401,197.2153168,215.075943,210.2618256,215.0798492,248.6749878,215.100769,179.6153259,215.1047058,209.7647247,215.1269226,191.1256256,215.1308289,248.1034088,
216.0007935,231.6583252,216.0047302,246.036026,216.0248413,168.370224,216.0287476,187.4692535,216.0504456,180.8099213,216.0543671,201.0908813,216.0757599,210.3017273,216.0796814,261.7971497,216.1018066,179.4971619,216.1057281,216.0384064,216.1272736,188.7882385,216.1311798,246.8713989,
217.0007935,231.0533295,217.0046844,249.2944489,217.0256042,170.6164246,217.0295258,187.6612244,217.0504456,187.2250366,217.0543671,190.5498505,217.0761108,207.9710693,217.0800171,257.6493835,217.1014252,182.1321259,217.1053619,217.2743073,217.12677,188.1923981,217.1306763,251.6509552,
218.0007935,223.544632,218.0046844,253.4172821,218.0254211,170.0500793,218.0293274,181.5390167,218.0514374,180.9922791,218.0553589,193.9885406,218.0771027,206.5103455,218.0810242,257.0924072,218.1025848,176.146347,218.1064911,212.3319397,218.1272736,192.1931,218.1311798,248.0964355,
219.0007935,225.7770844,219.0046844,256.322113,219.0252838,170.6711426,219.0291901,186.3045654,219.0514221,177.0006256,219.0553436,195.6921539,219.076767,215.4672241,219.0806732,251.6505127,219.1021881,180.7210236,219.1060944,207.5818024,219.127655,191.0246277,219.1315613,242.1947937,
220.0007935,231.0401001,220.0047302,261.1999512,220.0270844,173.9806519,220.0310059,190.9135742,220.0523071,182.6810913,220.0562286,198.0671539,220.0781708,210.6101379,220.082077,258.5819397,220.1033325,177.2613983,220.1072388,211.3046722,220.1289215,191.9402313,220.1328278,235.3926392,
221.0007935,225.5010223,221.0046844,246.1422882,221.0249939,169.6084137,221.0289154,187.7667847,221.0503235,177.4021301,221.054245,191.1160889,221.0757446,212.176651,221.0796661,250.3384705,221.1013489,176.5663605,221.1052551,216.362854,221.1261444,194.9231262,221.1300659,246.3787384,
222.0007935,225.3495483,222.0046844,253.5087738,222.0256042,173.6094513,222.0295258,185.0882263,222.0502777,182.4111023,222.054184,190.3337708,222.075943,208.7114716,222.0798492,253.577774,222.1015778,184.5197144,222.1054993,211.0498657,222.127594,190.8681488,222.1315002,249.3754425,
223.0007935,234.7605591,223.0047302,256.4631348,223.0269318,172.5642242,223.0308533,191.9573212,223.0526733,178.3744659,223.0565796,187.0785065,223.0776672,211.5473022,223.0815735,253.4185944,223.1022797,181.9835968,223.1061859,211.7062836,223.1277618,193.542099,223.1316833,241.3922272,
224.0007935,227.4719849,224.0046844,249.9013214,224.0254211,167.7919617,224.0293274,184.2299194,224.0509949,178.8876343,224.0549164,193.1244507,224.0756073,212.0583344,224.0795288,258.0216064,224.1006012,175.2464752,224.1045227,216.5454254,224.12677,185.1706543,224.1306763,238.3415375,
225.0007935,234.6750031,225.0046844,249.1552429,225.0268402,166.3023071,225.0307465,191.6945801,225.0521698,179.1052399,225.0560913,189.2946167,225.076767,207.5593109,225.0806732,253.9705353,225.1022491,182.2957611,225.1061707,209.3442841,225.1275177,192.1821594,225.1314087,246.6295929,
226.0007935,231.7706604,226.0046844,254.0970764,226.0259094,173.7567139,226.0298309,185.8382721,226.0512543,184.6013641,226.0551605,193.3518677,226.075943,207.2467957,226.0798492,251.6645813,226.1000061,176.1337585,226.1039276,211.0944977,226.1254425,193.9437866,226.129364,240.1448059,
227.0007935,227.4411469,227.0047302,257.7557068,227.0269318,165.3418884,227.0308533,189.2306366,227.0526733,176.8436432,227.0565796,197.7384644,227.0774689,211.9546356,227.0814056,257.0328979,227.1017761,180.6815643,227.1056824,214.3340912,227.1270142,191.1514435,227.1309204,239.7730713,
228.0007935,231.4264374,228.0047455,254.2098389,228.0265198,172.5186462,228.030426,185.5632629,228.0521545,182.9645386,228.0560608,192.050827,228.0771637,207.9289703,228.0810852,261.921936,228.1020966,181.8813477,228.1060181,217.1945648,228.1278229,185.9146271,228.1317291,243.1697845,
229.0007935,228.0025482,229.0046844,251.0804291,229.0254364,168.5587769,229.0293579,184.9042358,229.0509491,177.9857788,229.0548553,191.099762,229.0763397,218.0756836,229.0802612,250.4264069,229.1011658,178.3021088,229.105072,209.0409851,229.1264343,192.5461578,229.1303558,243.9398804,
230.0007935,228.3122559,230.0046844,247.2881317,230.0256042,170.180069,230.0295258,187.4394531,230.0497742,176.7318726,230.0536957,198.3233337,230.0752411,216.3526611,230.0791626,258.6085205,230.1000977,181.0119019,230.1040192,210.2641449,230.1258392,182.7492523,230.1297455,240.6382141,
231.0007935,230.1845703,231.0046844,257.4798889,231.0262756,167.7367096,231.0302277,189.2421875,231.0498047,177.8138428,231.0537262,191.2039337,231.0749359,208.5973969,231.0788574,250.0812988,231.1004333,174.5137329,231.1043549,211.0458069,231.1261139,188.3644257,231.1300201,243.7740326,
232.0007935,222.8383331,232.0046844,251.6815643,232.0253296,167.2741699,232.0292511,184.9082489,232.0506744,177.3097076,232.0545959,194.2927856,232.0764313,212.035553,232.0803528,262.5557251,232.1012726,176.3395386,232.1051941,214.8779907,232.1266174,191.7773285,232.1305237,232.964325,
233.0007935,227.5912018,233.0046844,247.6430817,233.0261078,170.0539856,233.030014,190.8090363,233.0512695,177.2748413,233.055191,191.4726868,233.0771637,215.9381561,233.0810852,256.571167,233.1022797,181.1920776,233.1061859,212.8492737,233.1282654,192.5290375,233.1321869,240.5598145,
234.0007935,227.028183,234.0046844,247.5352631,234.0253296,166.8519287,234.0292511,188.8814697,234.0511017,182.8712006,234.0550079,188.5467224,234.0761108,212.1324921,234.0800171,259.1143494,234.1020966,179.5659637,234.1060181,211.1965637,234.1266174,190.9534454,234.1305237,239.6252136,
235.0007935,230.3838806,235.0046844,247.9812622,235.0259399,173.2369995,235.0298462,187.2807159,235.0511017,188.0320892,235.0550079,195.0727539,235.0764771,210.5071716,235.0803986,257.0066223,235.1017761,170.2772217,235.1056824,211.3857269,235.1269226,188.8224182,235.1308289,246.952652,
236.0007935,234.2352905,236.0046844,254.1005554,236.0261078,173.1194153,236.030014,186.1342621,236.051651,177.8125305,236.0555725,191.3374786,236.0769348,211.2773132,236.0808563,254.9131165,236.1016083,182.3003082,236.1055145,213.2775879,236.1270142,187.6254883,236.1309204,240.5253601,
237.0007935,225.6320343,237.0046844,246.6231384,237.0262604,169.9898987,237.0301666,187.0382538,237.0512695,180.2859497,237.055191,189.1196442,237.0765839,212.7495575,237.0805054,255.2897034,237.1016083,184.9931793,237.1055145,201.217392,237.1274719,191.2167358,237.1313934,233.6729584,
238.0007935,223.85849,238.0046844,246.7912292,238.0254364,165.0656738,238.0293579,188.5414734,238.0505219,182.302597,238.0544128,192.9972534,238.0756073,206.6318054,238.0795288,257.4384766,238.1011658,178.4347839,238.105072,213.9210968,238.1269379,186.8697052,238.1308594,236.9427032,
239.0007935,222.6534119,239.0046844,249.1828766,239.0256805,166.7267303,239.0295868,180.2906952,239.0511017,180.492569,239.0550079,189.1971588,239.0769806,213.5378418,239.0808868,259.0570679,239.1017761,178.1183624,239.1056824,212.0290222,239.1271057,190.3381195,239.1310272,235.3651886,
240.0007935,228.7885895,240.0046844,248.9339142,240.0266113,164.8215027,240.0305176,187.8158569,240.0514832,184.1721954,240.0554047,191.9798126,240.0766449,220.2079773,240.0805664,252.0406494,240.1024475,185.3726501,240.1063538,209.9532013,240.1277618,189.4320679,240.1316833,238.5160217,
241.0007935,226.3791656,241.0046844,244.5297699,241.0264282,170.6764679,241.0303497,177.8808441,241.0517578,180.1159515,241.0556641,194.47052,241.076767,211.1758118,241.0806732,255.1108856,241.1020966,178.8612061,241.1060181,208.6418762,241.1284332,191.5228577,241.1323547,235.9565125,
242.0007935,232.1552429,242.0046844,247.9300842,242.0269318,168.4157257,242.0308533,184.7250214,242.0530701,183.2123718,242.0569916,192.5088348,242.0776062,216.0009613,242.0815277,248.6042938,242.103653,179.7467804,242.1075745,206.4776459,242.1294861,189.4636841,242.1334076,238.9573212,
243.0007935,227.5121002,243.0047302,254.8200226,243.0270996,168.6436768,243.0310211,185.6773682,243.0518036,179.2064056,243.0557251,191.939209,243.077774,202.8802948,243.0816956,249.5455627,243.1021881,179.1970825,243.1060944,204.3796844,243.1276093,187.9003906,243.1315308,235.3339691,
244.0007935,227.520752,244.0046844,245.4131165,244.0259705,169.0561676,244.029892,179.3434143,244.0516052,174.2899017,244.0555115,190.3502197,244.0769958,211.9930878,244.0809174,256.0556946,244.1032715,176.6907806,244.107193,203.3543549,244.1282654,193.6844635,244.1321869,240.6637268,
245.0007935,225.9692078,245.0046844,247.5006256,245.0253296,169.0639038,245.0292511,181.5776062,245.0505981,181.555191,245.0545197,187.0128632,245.0754395,215.1913452,245.079361,254.0870056,245.1004333,180.8191376,245.1043549,209.8623505,245.1261139,183.6725159,245.1300201,230.9164276,
246.0007935,223.8070679,246.0047302,249.1823425,246.0265808,163.8213043,246.0305023,187.6764832,246.0518494,185.2959595,246.0557404,189.4533234,246.0779266,215.5683594,246.0818481,255.3855438,246.1016998,176.2000732,246.1055756,209.8993225,246.1250916,186.0689087,246.1290131,234.2846985,
247.0007935,226.9372864,247.0046844,244.7765808,247.0257721,164.2438507,247.0296936,182.6773376,247.0516052,180.4755096,247.0555115,188.4262848,247.076416,207.9238739,247.0803375,250.8238525,247.1020813,180.4138794,247.1060028,215.2424011,247.1279297,186.1233063,247.1318512,233.7142181,
248.0007935,222.4365845,248.0047302,243.4306488,248.0269928,173.2840271,248.030899,185.6333618,248.0522766,174.7067719,248.0561829,188.6392975,248.0777435,209.2953796,248.0816803,251.3509064,248.1020966,173.6893768,248.1060181,205.000946,248.1267548,186.6609192,248.130661,238.8007507,
249.0007935,226.1829681,249.0046844,247.1311035,249.025238,166.9302063,249.0291595,192.9727631,249.050766,177.3659668,249.0546875,185.6114044,249.0756073,210.1218872,249.0795288,247.2777863,249.0993347,180.651947,249.1032562,204.4769135,249.1253204,183.131897,249.1292419,231.8853607,
250.0007935,220.9075165,250.0046844,243.4734039,250.0258484,168.7457275,250.0297546,183.5232086,250.0510864,177.1242828,250.0549927,193.654541,250.0757599,209.5192261,250.0796814,251.5245361,250.1014099,180.2647095,250.1053314,213.8643188,250.127182,184.9145203,250.1310883,236.1772003,
251.0007935,226.2260132,251.0046844,241.0447693,251.0252838,165.5995636,251.0291901,187.217865,251.050766,178.3431702,251.0546875,186.1168518,251.0764313,213.205368,251.0803528,255.9390106,251.1018372,174.0305176,251.1057434,206.7351532,251.1275177,185.3344574,251.1314087,237.882843,
252.0007935,221.8043671,252.0046844,249.7919312,252.0262756,163.865387,252.0301971,181.8721466,252.0509491,173.4549408,252.0548553,189.8839111,252.0763397,207.010025,252.0802612,252.4629517,252.1019897,178.4897003,252.105896,205.3770752,252.1276093,191.6526184,252.1315308,233.3802643,
253.0007935,226.5879364,253.0046844,246.1330719,253.0257721,169.4347687,253.0296936,186.4222565,253.0510254,177.7342529,253.0549164,182.6623993,253.0764313,210.8036652,253.0803528,250.2226257,253.1023254,178.6858215,253.1062469,205.8233643,253.1269836,183.048996,253.1308899,229.7873535,
254.0007935,221.6456604,254.0046844,248.6066589,254.0264282,168.0564117,254.0303497,185.5835114,254.0518036,174.661911,254.0557251,188.6570587,254.0766907,210.5484009,254.0805817,252.7251892,254.1021423,175.185318,254.1060486,205.7365417,254.1270142,190.3822784,254.1309204,234.2749786,
255.0007935,224.7164764,255.0046844,251.6116486,255.0259399,164.9882507,255.0298462,187.3378906,255.0512695,180.2203369,255.055191,193.1416931,255.0764923,205.0509949,255.0804138,249.4971924,255.1017761,179.8057556,255.1056824,208.4277496,255.1276093,185.2136993,255.1315308,232.5894775,
256.0007935,226.2492218,256.0046997,243.8804169,256.0250854,167.7263641,256.0290222,180.5950775,256.0502625,178.4460297,256.0541687,188.2796936,256.075592,206.9465942,256.0795288,251.1127014,256.1014709,175.4921417,256.1054077,209.8795471,256.1269226,185.7698212,256.1308594,238.3914795,
257.0007935,224.0471497,257.0046997,255.3115234,257.0255737,165.3595428,257.02948,184.810318,257.0511169,177.4500732,257.0550232,188.0915985,257.075592,212.1973877,257.0795288,247.8483582,257.1016235,180.4238586,257.1055298,209.0351868,257.1266479,186.1001434,257.1305542,231.7031708,
258.0007935,221.4455414,258.0046997,242.6019287,258.0254517,168.69841,258.0293579,183.4566345,258.0510254,178.6681519,258.0549011,190.5422974,258.0770874,210.5849762,258.0810242,252.7410126,258.1029358,179.8768463,258.106842,206.5175018,258.1289978,184.8682098,258.1329041,237.0121918,
259.0007935,228.096405,259.0046997,241.1989746,259.0256042,166.3165588,259.0295105,181.9382324,259.0509644,179.7128601,259.0549011,187.4097748,259.0760803,208.2768097,259.0799866,244.229187,259.1013489,175.8165436,259.1052551,210.5760498,259.1269226,184.646347,259.1308594,229.5281677,
260.0007935,228.7680054,260.0046997,247.4464874,260.0260315,166.3463135,260.0299072,180.9561768,260.0507507,179.3463745,260.0546875,180.283432,260.0757446,207.8639832,260.0796814,255.1177216,260.1011047,181.4528503,260.105011,204.6971893,260.1264954,183.5603027,260.1304321,226.5090332,
261.0007935,225.7985992,261.0046997,247.6140594,261.0259399,165.6515656,261.0298462,184.1919708,261.0511169,179.6814728,261.0550232,190.0198364,261.0763245,203.6543427,261.0802612,247.5929565,261.1017761,174.3983154,261.1056824,208.4007111,261.1274414,181.5766602,261.1313477,233.5464935,
262.0007935,224.513855,262.0046997,247.0545197,262.0257568,165.1560059,262.0296631,186.4685364,262.0516052,170.3917084,262.0555115,185.9694977,262.076355,207.3692322,262.0802612,251.1929932,262.1025085,177.5783539,262.1064148,204.669281,262.1272888,183.1263275,262.1311951,228.7494659,
263.0007935,221.1985474,263.0046997,234.008194,263.0242615,162.8999329,263.0281982,187.3494873,263.0491638,180.6906891,263.0530701,188.862854,263.0747681,207.7710876,263.0786743,248.1582642,263.0996094,177.1213226,263.1035767,212.4055328,263.1248169,183.8695831,263.1287231,231.8126984,
264.0007935,228.6688232,264.0046997,247.1809235,264.0260925,170.0782318,264.0299988,185.6990662,264.0514221,181.7885895,264.0553589,187.7722321,264.0761414,208.6719208,264.0800476,244.092865,264.1016235,177.9736176,264.1055298,203.3895721,264.1264343,183.5074158,264.1303406,231.7280884,
265.0007935,219.9745331,265.0046997,250.2919159,265.0264282,169.3482208,265.030365,191.0801392,265.0518494,176.3595428,265.0557556,188.2576447,265.0776978,207.6096649,265.0815735,249.984436,265.1025085,177.1515503,265.1064148,201.2890167,265.1271362,181.5595856,265.1310425,234.7341003,
266.0007935,220.890152,266.0046997,244.015152,266.0254517,163.2381287,266.0293579,186.7266693,266.0514832,175.2894135,266.0554199,192.4949493,266.0768433,209.0515594,266.0807495,245.0500641,266.1014099,178.6466522,266.1053162,202.1523438,266.12677,184.4010315,266.1306763,239.0135345,
267.0007935,221.3332367,267.0046997,243.7679749,267.0249329,163.6429291,267.0288696,182.6837769,267.0505066,179.8115845,267.0544128,185.0515289,267.076416,212.987442,267.0803528,242.8417206,267.1002808,176.2662811,267.104187,208.5529938,267.125946,187.3387299,267.1298523,221.6139221,
268.0007935,218.540329,268.0046997,240.983963,268.0257568,166.6642609,268.0296936,185.2009277,268.0512695,176.8050385,268.0552063,186.9667358,268.0767822,207.5863037,268.0806885,245.7768555,268.1014099,178.3651581,268.1053467,206.4930725,268.1272888,187.6511383,268.1311951,230.1611786,
269.0007935,225.7249146,269.0046997,243.3482666,269.0258484,164.4442139,269.0297546,183.5077057,269.051178,173.3056946,269.0550842,184.7749939,269.0759583,210.2143707,269.0798645,244.7443085,269.1016235,175.9261322,269.1055298,213.9377747,269.127594,183.4668427,269.1315002,227.742691,
270.0007935,223.128891,270.0046997,243.5641479,270.0262756,161.8144989,270.0301819,183.9599457,270.0517883,178.8863525,270.0556946,192.8864288,270.07724,215.3504791,270.0811768,247.6595306,270.1018677,181.7640686,270.1057434,205.0991821,270.1275024,187.4550476,270.1314087,230.603714,
271.0007935,220.4148407,271.0046997,246.1790924,271.0254517,163.8804321,271.0293579,183.8581543,271.0507507,178.2815704,271.054657,194.551651,271.0762634,211.7720642,271.0802002,241.8803711,271.1019287,175.0427246,271.1058655,199.0650177,271.1269836,181.3659058,271.1308899,225.830658,
272.0007935,225.9253998,272.0046997,244.395752,272.0266113,163.1437531,272.0305176,186.9931641,272.0527649,173.9967499,272.0566711,186.7961121,272.0771484,201.3147278,272.0810547,244.3240967,272.1026611,176.24823,272.1065674,206.609848,272.1283264,182.0106049,272.1322327,234.3704834,
273.0007935,227.6727448,273.0046997,237.8025665,273.0257568,165.0496216,273.0296936,179.1587067,273.0511169,171.5023041,273.0550232,184.771347,273.0765076,210.0655518,273.0804138,245.9431152,273.1022339,175.6382294,273.1061401,208.1531677,273.1274414,187.3667297,273.1313477,226.7116852,
274.0007935,221.3528137,274.0046997,238.3719177,274.0271301,167.937027,274.0310364,182.1515961,274.0517578,178.1572723,274.0556946,182.8594971,274.0772705,206.0441895,274.0811768,246.5143738,274.1022644,176.8148804,274.1061707,202.2337494,274.1278381,185.1156006,274.1317444,227.2993317,
275.0007935,213.922287,275.0046997,238.7158051,275.0259705,156.0246124,275.0298767,188.8091431,275.0511169,178.0111237,275.0550232,191.8235626,275.07724,213.301239,275.0811462,240.9248352,275.1013489,179.0322723,275.1052551,208.1575317,275.1265869,181.5502625,275.1305237,226.9851532,
276.0007935,214.8625946,276.0046997,238.6495667,276.0256042,168.0541382,276.0295105,184.3786926,276.0510864,177.0533447,276.0550232,194.3443604,276.0764465,205.9059753,276.0803528,241.3230591,276.1014709,169.0636444,276.1054077,204.0279388,276.1271057,187.4915314,276.131012,221.7533417,
277.0007935,225.3986359,277.0046997,241.0096436,277.0263367,165.3238678,277.0302429,181.1681366,277.0514832,166.7221222,277.0553894,185.2241058,277.0770874,201.7507629,277.0809937,245.1192932,277.1017456,177.1867981,277.1056519,205.1818695,277.1269531,180.7471619,277.1308594,233.6779633,
278.0007935,222.0665588,278.0046997,245.2390747,278.0260925,166.0059814,278.0299988,187.2997742,278.0522766,177.9007416,278.0561829,187.1256714,278.0771179,207.8093414,278.0810242,247.9412079,278.1027222,173.7023315,278.1066589,205.1486359,278.1282654,176.4931183,278.1322021,226.2406616,
279.0007935,225.9987488,279.0046997,244.8800049,279.0254822,166.2521667,279.0294189,181.2947693,279.0509949,175.710495,279.0549011,188.6639252,279.0759583,202.2274323,279.0798645,249.8573914,279.1011047,178.7343903,279.105011,199.0927277,279.1260986,180.9230804,279.1300049,228.0166016,
280.0007935,227.3184509,280.0046997,239.545166,280.026825,165.6078339,280.0307617,178.2453308,280.0521851,168.3119354,280.0560913,189.9940643,280.0775146,206.0471497,280.0814209,241.6916809,280.103241,177.5309906,280.1072083,205.4377289,280.1279907,181.3025055,280.131897,226.890625,
281.0007935,220.9937592,281.0046997,247.1611328,281.0267639,169.02034,281.0307007,183.3588257,281.0512695,176.0436096,281.0551758,187.4901886,281.0769653,204.688446,281.0808716,245.059082,281.101593,177.9535217,281.1055298,202.4560699,281.1269226,181.0413208,281.1308289,231.149826,
282.0007935,222.860672,282.0046997,232.3251343,282.0264282,165.7798615,282.0303345,184.823349,282.0516968,171.7171631,282.055603,194.3966675,282.0769958,207.4600372,282.0809021,243.2761688,282.1022644,174.649231,282.1061707,202.8828278,282.127594,175.0147705,282.1315002,232.2688751,
283.0007935,219.9714203,283.0046997,235.3330078,283.026001,163.6996918,283.0299072,187.0323792,283.0507813,180.8242798,283.0546875,186.7074738,283.0757751,206.4656067,283.0796814,240.8583679,283.1012573,179.5091553,283.1051636,205.0467529,283.1271057,186.5315247,283.131012,227.8084717,
284.0007935,219.0509033,284.0046997,239.7704163,284.0255127,163.7668915,284.0294189,181.1874084,284.051239,177.0106659,284.0551758,183.8273773,284.076355,209.3434601,284.0802307,241.0988464,284.1019592,178.5106812,284.1058655,204.1676788,284.1265259,184.4358063,284.1304016,226.3547211,
285.0007935,222.5972595,285.0046997,244.0003357,285.0257874,164.3072357,285.0296936,190.5865173,285.0509644,173.6121368,285.0548706,187.4151611,285.0765991,205.5660248,285.0805359,239.728714,285.1023254,172.9943085,285.1062317,211.5999146,285.1281433,185.1342163,285.1321106,225.4171448,
286.0007935,220.0025635,286.0046997,241.4285583,286.0264282,164.4386597,286.0303345,180.652771,286.0516663,175.9579163,286.0555725,184.6648254,286.0772705,204.0184326,286.0811768,239.5883484,286.1025085,172.4067841,286.1064148,204.1496124,286.127594,181.729187,286.1315002,227.8499603,
287.0007935,221.1650238,287.0046997,232.6819153,287.0257874,162.6733398,287.0296936,181.0879822,287.0519409,175.1061859,287.0558472,185.1017609,287.0756531,201.4006195,287.0795593,235.4629364,287.1004333,174.9465942,287.1043701,208.4740906,287.1260986,183.3719177,287.1300049,224.7387085,
288.0007935,217.8292389,288.0046997,241.7026367,288.0254822,165.1610718,288.0293884,177.3407593,288.0512695,179.3491974,288.0551758,190.8974609,288.0764465,202.3516846,288.0803528,240.0805206,288.1019592,179.0704193,288.1058655,205.9266357,288.1269836,179.3360596,288.1308899,227.1124878,
289.0007935,221.7804413,289.0046997,238.4349518,289.0263672,161.0884857,289.0302429,181.8895416,289.0514221,174.7197113,289.0553284,186.7617798,289.0777588,198.4981842,289.081665,240.8465271,289.1021118,180.9670563,289.1060181,206.9426727,289.1279297,182.3439636,289.1318359,228.0223541,
290.0007935,213.4820557,290.0046997,235.8012848,290.0264282,164.4091949,290.0303345,180.6226807,290.0512695,174.1437836,290.0551758,181.6348724,290.0772705,206.1320953,290.0811768,238.2208099,290.101593,178.0646667,290.1054993,208.2725525,290.1268311,183.5417633,290.1307373,225.3845215,
291.0007935,221.0124664,291.0046997,238.4315033,291.0264282,166.6704254,291.0303345,177.3783569,291.0519104,170.1421356,291.0558167,190.4895782,291.0766907,199.4405518,291.0805969,243.1973267,291.1019897,173.5276031,291.105896,201.6799164,291.1257935,179.5095062,291.1296997,227.0185699,
292.0007935,219.5582275,292.0046997,242.3841248,292.0257568,163.3553314,292.0296631,179.8323975,292.0528564,171.0861053,292.0567322,191.6584625,292.0774536,204.1997986,292.0813599,240.8494263,292.1029358,174.042099,292.1068726,206.0992584,292.1288147,176.8012848,292.1327209,223.1899261,
293.0007935,226.1617432,293.0047607,235.9678345,293.0255127,163.883606,293.0294189,181.1175385,293.0506287,174.5449066,293.0545349,186.3908844,293.0759583,207.9697571,293.0798645,246.1398621,293.1009521,178.8715973,293.1048584,202.3389587,293.1257935,180.9552612,293.1296997,223.8929138,
294.0007935,216.4295044,294.0046997,232.590332,294.0259094,163.4208832,294.0298157,178.5142212,294.0513,166.4367065,294.0552368,180.0835114,294.0764771,203.5823059,294.0804138,240.1233215,294.1011047,174.3782349,294.1050415,210.1452484,294.1254272,182.217392,294.129364,225.9258118,
295.0007935,213.3242035,295.0046997,230.4235382,295.0254211,171.3999481,295.0293579,180.6382904,295.0505066,176.6302338,295.0544128,179.4230804,295.0762939,204.171524,295.0802307,235.5468292,295.1011047,177.0151367,295.105011,202.483551,295.1269531,179.8238831,295.1308594,223.6379395,
296.0007935,217.0554962,296.0046997,237.9678802,296.0256653,167.4785919,296.0296021,179.0676575,296.050415,173.2708282,296.0543518,184.4214478,296.0752563,202.2436523,296.0791931,237.2495117,296.1004333,174.6387634,296.1043396,197.6489258,296.1261292,178.2806702,296.1300659,233.9213715,
297.0007935,218.7902069,297.0046997,236.5081329,297.0250854,163.2649994,297.0290222,173.653595,297.0504761,177.3717346,297.0543823,180.2065277,297.0756836,200.7646179,297.0795898,237.663269,297.1002502,168.2575073,297.104187,200.7470551,297.1260071,178.2674561,297.1299133,216.4256287,
298.0007935,210.8638153,298.0046997,242.5936127,298.0257874,161.8905945,298.0296936,181.4197998,298.0504761,176.7339783,298.0543823,186.9091644,298.0762634,199.7309265,298.0801697,238.9864807,298.1021118,177.6392822,298.1060181,200.1316071,298.1268616,183.6777344,298.1307678,219.793396,
299.0007935,209.7028961,299.0046997,238.9431763,299.0250854,166.0616302,299.0290222,184.913681,299.0502625,174.147995,299.0541687,179.1104584,299.0758057,206.5092926,299.0797119,235.1659851,299.1001587,179.0597992,299.1040649,200.9691925,299.1251526,178.7825012,299.1290588,226.6369629,
300.0007935,220.6024933,300.0046997,236.7489319,300.0261841,162.4246368,300.0300903,180.2575684,300.0521545,175.7881622,300.0560608,175.6382904,300.0777893,203.0076904,300.0817261,239.0834656,300.1034546,179.6145172,300.1073608,200.2818604,300.1280212,183.0368347,300.131897,221.8827057,

Sample A1_Ex465_Em530,
Sample A1_Ex465_Em530
Collection Time: 03-Jul-23 4:47:29 PM
Operator Name  :
Kinetics Software Version: 1.2(146)
Parameter List :
Report Time: Mon 03 Jul 04:47:29 PM 2023
Software version: 1.2(146)
Operator:
Instrument Parameters
Instrument                        Cary Eclipse
Instrument Serial Number          MY18160001
Data mode                         Fluorescence
Ex. wavelengths (nm)              465.0000 ; 465.0000
Em. wavelengths (nm)              530.0000 ; 590.0000
Ex. Slit (nm)                     10
Em. Slit (nm)                     10
Averaging Time (s)                0.1000
Cycle time(min)                   1.0000
Stop time(min)                    300.0000
Emission filter                   Open
Excitation Filter                 Auto
PMT voltage (V)                   High
Wellplate                         ON
Plate format                     96 Wells
Read position                    Well centre
Multi-zero                       OFF
Auto-zero                        OFF
Well                            A1
Comments:
Method Log     :
Method Name    : Default
Date/Time stamp: 03-Jul-23 4:40:10 PM
Method Modifications:
Wellplate Overlay Mode Changed: 03-Jul-23 4:40:13 PM, Old:Individual, New:Choice 1
Wellplate Overlay Mode Changed: 03-Jul-23 4:40:13 PM, Old:Overlay all, New:Choice 2
Wellplate Overlay Mode Changed: 03-Jul-23 4:40:13 PM, Old:Overlay rows, New:Choice 3
Wellplate Overlay Mode Changed: 03-Jul-23 4:40:13 PM, Old:Overlay columns, New:Choice 4
Wellplate Overlay Mode Changed: 03-Jul-23 4:40:13 PM, Old:User defined, New:Overlay columns
Well plate reader Changed: 03-Jul-23 4:41:47 PM, Old:OFF, New:ON
Multiwavelength Changed: 03-Jul-23 4:41:47 PM, Old:OFF, New:ON
Excitation Wavelengths 1 Changed: 03-Jul-23 4:41:47 PM, Old:   350.0000, New:   465.0000
Emission Wavelengths 1 Changed: 03-Jul-23 4:41:47 PM, Old:   450.0000, New:   530.0000
Excitation Wavelengths 2 Changed: 03-Jul-23 4:41:47 PM, Old:   360.0000, New:   465.0000
Emission Wavelengths 2 Changed: 03-Jul-23 4:41:47 PM, Old:   460.0000, New:   590.0000
Excitation Wavelength Changed: 03-Jul-23 4:41:47 PM, Old: 400.00, New: 465.00
Emission Wavelength Changed: 03-Jul-23 4:41:47 PM, Old: 600.00, New: 530.00
Ex. Slit Width (nm): Changed: 03-Jul-23 4:41:47 PM, Old:5, New:10
Em. Slit Width (nm): Changed: 03-Jul-23 4:41:47 PM, Old:5, New:10
Cycle Time 1 Changed: 03-Jul-23 4:41:47 PM, Old: 0.0000, New: 0.2000
Stop Time 1 Changed: 03-Jul-23 4:41:47 PM, Old: 1.0000, New: 0.4000
Wellplate Samples Changed: 03-Jul-23 4:41:47 PM, Old:, New:A1;A2;A3;A4;A5;A6;
PMT Volts Changed: 03-Jul-23 4:43:18 PM, Old:600, New:800
Emission PMT (V): Changed: 03-Jul-23 4:43:18 PM, Old: 600, New: 800
Cycle Time 1 Changed: 03-Jul-23 4:47:27 PM, Old: 0.2000, New: 1.0000
Stop Time 1 Changed: 03-Jul-23 4:47:27 PM, Old: 0.4000, New:300.0000
End Method Modifications

Sample A1_Ex465_Em590,
Sample A1_Ex465_Em590
Collection Time: 03-Jul-23 4:47:29 PM
Operator Name  :
Kinetics Software Version: 1.2(146)
Parameter List :
Report Time: Mon 03 Jul 04:47:29 PM 2023
Software version: 1.2(146)
Operator:
Instrument Parameters
Instrument                        Cary Eclipse
Instrument Serial Number          MY18160001
Data mode                         Fluorescence
Ex. wavelengths (nm)              465.0000 ; 465.0000
Em. wavelengths (nm)              530.0000 ; 590.0000
Ex. Slit (nm)                     10
Em. Slit (nm)                     10
Averaging Time (s)                0.1000
Cycle time(min)                   1.0000
Stop time(min)                    300.0000
Emission filter                   Open
Excitation Filter                 Auto
PMT voltage (V)                   High
Wellplate                         ON
Plate format                     96 Wells
Read position                    Well centre
Multi-zero                       OFF
Auto-zero                        OFF
Well                            A1
Comments:
Method Log     :
Method Name    : Default
Date/Time stamp: 03-Jul-23 4:40:10 PM
Method Modifications:
Wellplate Overlay Mode Changed: 03-Jul-23 4:40:13 PM, Old:Individual, New:Choice 1
Wellplate Overlay Mode Changed: 03-Jul-23 4:40:13 PM, Old:Overlay all, New:Choice 2
Wellplate Overlay Mode Changed: 03-Jul-23 4:40:13 PM, Old:Overlay rows, New:Choice 3
Wellplate Overlay Mode Changed: 03-Jul-23 4:40:13 PM, Old:Overlay columns, New:Choice 4
Wellplate Overlay Mode Changed: 03-Jul-23 4:40:13 PM, Old:User defined, New:Overlay columns
Well plate reader Changed: 03-Jul-23 4:41:47 PM, Old:OFF, New:ON
Multiwavelength Changed: 03-Jul-23 4:41:47 PM, Old:OFF, New:ON
Excitation Wavelengths 1 Changed: 03-Jul-23 4:41:47 PM, Old:   350.0000, New:   465.0000
Emission Wavelengths 1 Changed: 03-Jul-23 4:41:47 PM, Old:   450.0000, New:   530.0000
Excitation Wavelengths 2 Changed: 03-Jul-23 4:41:47 PM, Old:   360.0000, New:   465.0000
Emission Wavelengths 2 Changed: 03-Jul-23 4:41:47 PM, Old:   460.0000, New:   590.0000
Excitation Wavelength Changed: 03-Jul-23 4:41:47 PM, Old: 400.00, New: 465.00
Emission Wavelength Changed: 03-Jul-23 4:41:47 PM, Old: 600.00, New: 530.00
Ex. Slit Width (nm): Changed: 03-Jul-23 4:41:47 PM, Old:5, New:10
Em. Slit Width (nm): Changed: 03-Jul-23 4:41:47 PM, Old:5, New:10
Cycle Time 1 Changed: 03-Jul-23 4:41:47 PM, Old: 0.0000, New: 0.2000
Stop Time 1 Changed: 03-Jul-23 4:41:47 PM, Old: 1.0000, New: 0.4000
Wellplate Samples Changed: 03-Jul-23 4:41:47 PM, Old:, New:A1;A2;A3;A4;A5;A6;
PMT Volts Changed: 03-Jul-23 4:43:18 PM, Old:600, New:800
Emission PMT (V): Changed: 03-Jul-23 4:43:18 PM, Old: 600, New: 800
Cycle Time 1 Changed: 03-Jul-23 4:47:27 PM, Old: 0.2000, New: 1.0000
Stop Time 1 Changed: 03-Jul-23 4:47:27 PM, Old: 0.4000, New:300.0000
End Method Modifications

Sample A2_Ex465_Em530,
Sample A2_Ex465_Em530
Collection Time: 03-Jul-23 4:47:29 PM
Operator Name  :
Kinetics Software Version: 1.2(146)
Parameter List :
Report Time: Mon 03 Jul 04:47:29 PM 2023
Software version: 1.2(146)
Operator:
Instrument Parameters
Instrument                        Cary Eclipse
Instrument Serial Number          MY18160001
Data mode                         Fluorescence
Ex. wavelengths (nm)              465.0000 ; 465.0000
Em. wavelengths (nm)              530.0000 ; 590.0000
Ex. Slit (nm)                     10
Em. Slit (nm)                     10
Averaging Time (s)                0.1000
Cycle time(min)                   1.0000
Stop time(min)                    300.0000
Emission filter                   Open
Excitation Filter                 Auto
PMT voltage (V)                   High
Wellplate                         ON
Plate format                     96 Wells
Read position                    Well centre
Multi-zero                       OFF
Auto-zero                        OFF
Well                            A1
Comments:
Method Log     :
Method Name    : Default
Date/Time stamp: 03-Jul-23 4:40:10 PM
Method Modifications:
Wellplate Overlay Mode Changed: 03-Jul-23 4:40:13 PM, Old:Individual, New:Choice 1
Wellplate Overlay Mode Changed: 03-Jul-23 4:40:13 PM, Old:Overlay all, New:Choice 2
Wellplate Overlay Mode Changed: 03-Jul-23 4:40:13 PM, Old:Overlay rows, New:Choice 3
Wellplate Overlay Mode Changed: 03-Jul-23 4:40:13 PM, Old:Overlay columns, New:Choice 4
Wellplate Overlay Mode Changed: 03-Jul-23 4:40:13 PM, Old:User defined, New:Overlay columns
Well plate reader Changed: 03-Jul-23 4:41:47 PM, Old:OFF, New:ON
Multiwavelength Changed: 03-Jul-23 4:41:47 PM, Old:OFF, New:ON
Excitation Wavelengths 1 Changed: 03-Jul-23 4:41:47 PM, Old:   350.0000, New:   465.0000
Emission Wavelengths 1 Changed: 03-Jul-23 4:41:47 PM, Old:   450.0000, New:   530.0000
Excitation Wavelengths 2 Changed: 03-Jul-23 4:41:47 PM, Old:   360.0000, New:   465.0000
Emission Wavelengths 2 Changed: 03-Jul-23 4:41:47 PM, Old:   460.0000, New:   590.0000
Excitation Wavelength Changed: 03-Jul-23 4:41:47 PM, Old: 400.00, New: 465.00
Emission Wavelength Changed: 03-Jul-23 4:41:47 PM, Old: 600.00, New: 530.00
Ex. Slit Width (nm): Changed: 03-Jul-23 4:41:47 PM, Old:5, New:10
Em. Slit Width (nm): Changed: 03-Jul-23 4:41:47 PM, Old:5, New:10
Cycle Time 1 Changed: 03-Jul-23 4:41:47 PM, Old: 0.0000, New: 0.2000
Stop Time 1 Changed: 03-Jul-23 4:41:47 PM, Old: 1.0000, New: 0.4000
Wellplate Samples Changed: 03-Jul-23 4:41:47 PM, Old:, New:A1;A2;A3;A4;A5;A6;
PMT Volts Changed: 03-Jul-23 4:43:18 PM, Old:600, New:800
Emission PMT (V): Changed: 03-Jul-23 4:43:18 PM, Old: 600, New: 800
Cycle Time 1 Changed: 03-Jul-23 4:47:27 PM, Old: 0.2000, New: 1.0000
Stop Time 1 Changed: 03-Jul-23 4:47:27 PM, Old: 0.4000, New:300.0000
End Method Modifications

Sample A2_Ex465_Em590,
Sample A2_Ex465_Em590
Collection Time: 03-Jul-23 4:47:29 PM
Operator Name  :
Kinetics Software Version: 1.2(146)
Parameter List :
Report Time: Mon 03 Jul 04:47:29 PM 2023
Software version: 1.2(146)
Operator:
Instrument Parameters
Instrument                        Cary Eclipse
Instrument Serial Number          MY18160001
Data mode                         Fluorescence
Ex. wavelengths (nm)              465.0000 ; 465.0000
Em. wavelengths (nm)              530.0000 ; 590.0000
Ex. Slit (nm)                     10
Em. Slit (nm)                     10
Averaging Time (s)                0.1000
Cycle time(min)                   1.0000
Stop time(min)                    300.0000
Emission filter                   Open
Excitation Filter                 Auto
PMT voltage (V)                   High
Wellplate                         ON
Plate format                     96 Wells
Read position                    Well centre
Multi-zero                       OFF
Auto-zero                        OFF
Well                            A1
Comments:
Method Log     :
Method Name    : Default
Date/Time stamp: 03-Jul-23 4:40:10 PM
Method Modifications:
Wellplate Overlay Mode Changed: 03-Jul-23 4:40:13 PM, Old:Individual, New:Choice 1
Wellplate Overlay Mode Changed: 03-Jul-23 4:40:13 PM, Old:Overlay all, New:Choice 2
Wellplate Overlay Mode Changed: 03-Jul-23 4:40:13 PM, Old:Overlay rows, New:Choice 3
Wellplate Overlay Mode Changed: 03-Jul-23 4:40:13 PM, Old:Overlay columns, New:Choice 4
Wellplate Overlay Mode Changed: 03-Jul-23 4:40:13 PM, Old:User defined, New:Overlay columns
Well plate reader Changed: 03-Jul-23 4:41:47 PM, Old:OFF, New:ON
Multiwavelength Changed: 03-Jul-23 4:41:47 PM, Old:OFF, New:ON
Excitation Wavelengths 1 Changed: 03-Jul-23 4:41:47 PM, Old:   350.0000, New:   465.0000
Emission Wavelengths 1 Changed: 03-Jul-23 4:41:47 PM, Old:   450.0000, New:   530.0000
Excitation Wavelengths 2 Changed: 03-Jul-23 4:41:47 PM, Old:   360.0000, New:   465.0000
Emission Wavelengths 2 Changed: 03-Jul-23 4:41:47 PM, Old:   460.0000, New:   590.0000
Excitation Wavelength Changed: 03-Jul-23 4:41:47 PM, Old: 400.00, New: 465.00
Emission Wavelength Changed: 03-Jul-23 4:41:47 PM, Old: 600.00, New: 530.00
Ex. Slit Width (nm): Changed: 03-Jul-23 4:41:47 PM, Old:5, New:10
Em. Slit Width (nm): Changed: 03-Jul-23 4:41:47 PM, Old:5, New:10
Cycle Time 1 Changed: 03-Jul-23 4:41:47 PM, Old: 0.0000, New: 0.2000
Stop Time 1 Changed: 03-Jul-23 4:41:47 PM, Old: 1.0000, New: 0.4000
Wellplate Samples Changed: 03-Jul-23 4:41:47 PM, Old:, New:A1;A2;A3;A4;A5;A6;
PMT Volts Changed: 03-Jul-23 4:43:18 PM, Old:600, New:800
Emission PMT (V): Changed: 03-Jul-23 4:43:18 PM, Old: 600, New: 800
Cycle Time 1 Changed: 03-Jul-23 4:47:27 PM, Old: 0.2000, New: 1.0000
Stop Time 1 Changed: 03-Jul-23 4:47:27 PM, Old: 0.4000, New:300.0000
End Method Modifications

Sample A3_Ex465_Em530,
Sample A3_Ex465_Em530
Collection Time: 03-Jul-23 4:47:29 PM
Operator Name  :
Kinetics Software Version: 1.2(146)
Parameter List :
Report Time: Mon 03 Jul 04:47:29 PM 2023
Software version: 1.2(146)
Operator:
Instrument Parameters
Instrument                        Cary Eclipse
Instrument Serial Number          MY18160001
Data mode                         Fluorescence
Ex. wavelengths (nm)              465.0000 ; 465.0000
Em. wavelengths (nm)              530.0000 ; 590.0000
Ex. Slit (nm)                     10
Em. Slit (nm)                     10
Averaging Time (s)                0.1000
Cycle time(min)                   1.0000
Stop time(min)                    300.0000
Emission filter                   Open
Excitation Filter                 Auto
PMT voltage (V)                   High
Wellplate                         ON
Plate format                     96 Wells
Read position                    Well centre
Multi-zero                       OFF
Auto-zero                        OFF
Well                            A1
Comments:
Method Log     :
Method Name    : Default
Date/Time stamp: 03-Jul-23 4:40:10 PM
Method Modifications:
Wellplate Overlay Mode Changed: 03-Jul-23 4:40:13 PM, Old:Individual, New:Choice 1
Wellplate Overlay Mode Changed: 03-Jul-23 4:40:13 PM, Old:Overlay all, New:Choice 2
Wellplate Overlay Mode Changed: 03-Jul-23 4:40:13 PM, Old:Overlay rows, New:Choice 3
Wellplate Overlay Mode Changed: 03-Jul-23 4:40:13 PM, Old:Overlay columns, New:Choice 4
Wellplate Overlay Mode Changed: 03-Jul-23 4:40:13 PM, Old:User defined, New:Overlay columns
Well plate reader Changed: 03-Jul-23 4:41:47 PM, Old:OFF, New:ON
Multiwavelength Changed: 03-Jul-23 4:41:47 PM, Old:OFF, New:ON
Excitation Wavelengths 1 Changed: 03-Jul-23 4:41:47 PM, Old:   350.0000, New:   465.0000
Emission Wavelengths 1 Changed: 03-Jul-23 4:41:47 PM, Old:   450.0000, New:   530.0000
Excitation Wavelengths 2 Changed: 03-Jul-23 4:41:47 PM, Old:   360.0000, New:   465.0000
Emission Wavelengths 2 Changed: 03-Jul-23 4:41:47 PM, Old:   460.0000, New:   590.0000
Excitation Wavelength Changed: 03-Jul-23 4:41:47 PM, Old: 400.00, New: 465.00
Emission Wavelength Changed: 03-Jul-23 4:41:47 PM, Old: 600.00, New: 530.00
Ex. Slit Width (nm): Changed: 03-Jul-23 4:41:47 PM, Old:5, New:10
Em. Slit Width (nm): Changed: 03-Jul-23 4:41:47 PM, Old:5, New:10
Cycle Time 1 Changed: 03-Jul-23 4:41:47 PM, Old: 0.0000, New: 0.2000
Stop Time 1 Changed: 03-Jul-23 4:41:47 PM, Old: 1.0000, New: 0.4000
Wellplate Samples Changed: 03-Jul-23 4:41:47 PM, Old:, New:A1;A2;A3;A4;A5;A6;
PMT Volts Changed: 03-Jul-23 4:43:18 PM, Old:600, New:800
Emission PMT (V): Changed: 03-Jul-23 4:43:18 PM, Old: 600, New: 800
Cycle Time 1 Changed: 03-Jul-23 4:47:27 PM, Old: 0.2000, New: 1.0000
Stop Time 1 Changed: 03-Jul-23 4:47:27 PM, Old: 0.4000, New:300.0000
End Method Modifications

Sample A3_Ex465_Em590,
Sample A3_Ex465_Em590
Collection Time: 03-Jul-23 4:47:29 PM
Operator Name  :
Kinetics Software Version: 1.2(146)
Parameter List :
Report Time: Mon 03 Jul 04:47:29 PM 2023
Software version: 1.2(146)
Operator:
Instrument Parameters
Instrument                        Cary Eclipse
Instrument Serial Number          MY18160001
Data mode                         Fluorescence
Ex. wavelengths (nm)              465.0000 ; 465.0000
Em. wavelengths (nm)              530.0000 ; 590.0000
Ex. Slit (nm)                     10
Em. Slit (nm)                     10
Averaging Time (s)                0.1000
Cycle time(min)                   1.0000
Stop time(min)                    300.0000
Emission filter                   Open
Excitation Filter                 Auto
PMT voltage (V)                   High
Wellplate                         ON
Plate format                     96 Wells
Read position                    Well centre
Multi-zero                       OFF
Auto-zero                        OFF
Well                            A1
Comments:
Method Log     :
Method Name    : Default
Date/Time stamp: 03-Jul-23 4:40:10 PM
Method Modifications:
Wellplate Overlay Mode Changed: 03-Jul-23 4:40:13 PM, Old:Individual, New:Choice 1
Wellplate Overlay Mode Changed: 03-Jul-23 4:40:13 PM, Old:Overlay all, New:Choice 2
Wellplate Overlay Mode Changed: 03-Jul-23 4:40:13 PM, Old:Overlay rows, New:Choice 3
Wellplate Overlay Mode Changed: 03-Jul-23 4:40:13 PM, Old:Overlay columns, New:Choice 4
Wellplate Overlay Mode Changed: 03-Jul-23 4:40:13 PM, Old:User defined, New:Overlay columns
Well plate reader Changed: 03-Jul-23 4:41:47 PM, Old:OFF, New:ON
Multiwavelength Changed: 03-Jul-23 4:41:47 PM, Old:OFF, New:ON
Excitation Wavelengths 1 Changed: 03-Jul-23 4:41:47 PM, Old:   350.0000, New:   465.0000
Emission Wavelengths 1 Changed: 03-Jul-23 4:41:47 PM, Old:   450.0000, New:   530.0000
Excitation Wavelengths 2 Changed: 03-Jul-23 4:41:47 PM, Old:   360.0000, New:   465.0000
Emission Wavelengths 2 Changed: 03-Jul-23 4:41:47 PM, Old:   460.0000, New:   590.0000
Excitation Wavelength Changed: 03-Jul-23 4:41:47 PM, Old: 400.00, New: 465.00
Emission Wavelength Changed: 03-Jul-23 4:41:47 PM, Old: 600.00, New: 530.00
Ex. Slit Width (nm): Changed: 03-Jul-23 4:41:47 PM, Old:5, New:10
Em. Slit Width (nm): Changed: 03-Jul-23 4:41:47 PM, Old:5, New:10
Cycle Time 1 Changed: 03-Jul-23 4:41:47 PM, Old: 0.0000, New: 0.2000
Stop Time 1 Changed: 03-Jul-23 4:41:47 PM, Old: 1.0000, New: 0.4000
Wellplate Samples Changed: 03-Jul-23 4:41:47 PM, Old:, New:A1;A2;A3;A4;A5;A6;
PMT Volts Changed: 03-Jul-23 4:43:18 PM, Old:600, New:800
Emission PMT (V): Changed: 03-Jul-23 4:43:18 PM, Old: 600, New: 800
Cycle Time 1 Changed: 03-Jul-23 4:47:27 PM, Old: 0.2000, New: 1.0000
Stop Time 1 Changed: 03-Jul-23 4:47:27 PM, Old: 0.4000, New:300.0000
End Method Modifications

Sample A4_Ex465_Em530,
Sample A4_Ex465_Em530
Collection Time: 03-Jul-23 4:47:29 PM
Operator Name  :
Kinetics Software Version: 1.2(146)
Parameter List :
Report Time: Mon 03 Jul 04:47:29 PM 2023
Software version: 1.2(146)
Operator:
Instrument Parameters
Instrument                        Cary Eclipse
Instrument Serial Number          MY18160001
Data mode                         Fluorescence
Ex. wavelengths (nm)              465.0000 ; 465.0000
Em. wavelengths (nm)              530.0000 ; 590.0000
Ex. Slit (nm)                     10
Em. Slit (nm)                     10
Averaging Time (s)                0.1000
Cycle time(min)                   1.0000
Stop time(min)                    300.0000
Emission filter                   Open
Excitation Filter                 Auto
PMT voltage (V)                   High
Wellplate                         ON
Plate format                     96 Wells
Read position                    Well centre
Multi-zero                       OFF
Auto-zero                        OFF
Well                            A1
Comments:
Method Log     :
Method Name    : Default
Date/Time stamp: 03-Jul-23 4:40:10 PM
Method Modifications:
Wellplate Overlay Mode Changed: 03-Jul-23 4:40:13 PM, Old:Individual, New:Choice 1
Wellplate Overlay Mode Changed: 03-Jul-23 4:40:13 PM, Old:Overlay all, New:Choice 2
Wellplate Overlay Mode Changed: 03-Jul-23 4:40:13 PM, Old:Overlay rows, New:Choice 3
Wellplate Overlay Mode Changed: 03-Jul-23 4:40:13 PM, Old:Overlay columns, New:Choice 4
Wellplate Overlay Mode Changed: 03-Jul-23 4:40:13 PM, Old:User defined, New:Overlay columns
Well plate reader Changed: 03-Jul-23 4:41:47 PM, Old:OFF, New:ON
Multiwavelength Changed: 03-Jul-23 4:41:47 PM, Old:OFF, New:ON
Excitation Wavelengths 1 Changed: 03-Jul-23 4:41:47 PM, Old:   350.0000, New:   465.0000
Emission Wavelengths 1 Changed: 03-Jul-23 4:41:47 PM, Old:   450.0000, New:   530.0000
Excitation Wavelengths 2 Changed: 03-Jul-23 4:41:47 PM, Old:   360.0000, New:   465.0000
Emission Wavelengths 2 Changed: 03-Jul-23 4:41:47 PM, Old:   460.0000, New:   590.0000
Excitation Wavelength Changed: 03-Jul-23 4:41:47 PM, Old: 400.00, New: 465.00
Emission Wavelength Changed: 03-Jul-23 4:41:47 PM, Old: 600.00, New: 530.00
Ex. Slit Width (nm): Changed: 03-Jul-23 4:41:47 PM, Old:5, New:10
Em. Slit Width (nm): Changed: 03-Jul-23 4:41:47 PM, Old:5, New:10
Cycle Time 1 Changed: 03-Jul-23 4:41:47 PM, Old: 0.0000, New: 0.2000
Stop Time 1 Changed: 03-Jul-23 4:41:47 PM, Old: 1.0000, New: 0.4000
Wellplate Samples Changed: 03-Jul-23 4:41:47 PM, Old:, New:A1;A2;A3;A4;A5;A6;
PMT Volts Changed: 03-Jul-23 4:43:18 PM, Old:600, New:800
Emission PMT (V): Changed: 03-Jul-23 4:43:18 PM, Old: 600, New: 800
Cycle Time 1 Changed: 03-Jul-23 4:47:27 PM, Old: 0.2000, New: 1.0000
Stop Time 1 Changed: 03-Jul-23 4:47:27 PM, Old: 0.4000, New:300.0000
End Method Modifications

Sample A4_Ex465_Em590,
Sample A4_Ex465_Em590
Collection Time: 03-Jul-23 4:47:29 PM
Operator Name  :
Kinetics Software Version: 1.2(146)
Parameter List :
Report Time: Mon 03 Jul 04:47:29 PM 2023
Software version: 1.2(146)
Operator:
Instrument Parameters
Instrument                        Cary Eclipse
Instrument Serial Number          MY18160001
Data mode                         Fluorescence
Ex. wavelengths (nm)              465.0000 ; 465.0000
Em. wavelengths (nm)              530.0000 ; 590.0000
Ex. Slit (nm)                     10
Em. Slit (nm)                     10
Averaging Time (s)                0.1000
Cycle time(min)                   1.0000
Stop time(min)                    300.0000
Emission filter                   Open
Excitation Filter                 Auto
PMT voltage (V)                   High
Wellplate                         ON
Plate format                     96 Wells
Read position                    Well centre
Multi-zero                       OFF
Auto-zero                        OFF
Well                            A1
Comments:
Method Log     :
Method Name    : Default
Date/Time stamp: 03-Jul-23 4:40:10 PM
Method Modifications:
Wellplate Overlay Mode Changed: 03-Jul-23 4:40:13 PM, Old:Individual, New:Choice 1
Wellplate Overlay Mode Changed: 03-Jul-23 4:40:13 PM, Old:Overlay all, New:Choice 2
Wellplate Overlay Mode Changed: 03-Jul-23 4:40:13 PM, Old:Overlay rows, New:Choice 3
Wellplate Overlay Mode Changed: 03-Jul-23 4:40:13 PM, Old:Overlay columns, New:Choice 4
Wellplate Overlay Mode Changed: 03-Jul-23 4:40:13 PM, Old:User defined, New:Overlay columns
Well plate reader Changed: 03-Jul-23 4:41:47 PM, Old:OFF, New:ON
Multiwavelength Changed: 03-Jul-23 4:41:47 PM, Old:OFF, New:ON
Excitation Wavelengths 1 Changed: 03-Jul-23 4:41:47 PM, Old:   350.0000, New:   465.0000
Emission Wavelengths 1 Changed: 03-Jul-23 4:41:47 PM, Old:   450.0000, New:   530.0000
Excitation Wavelengths 2 Changed: 03-Jul-23 4:41:47 PM, Old:   360.0000, New:   465.0000
Emission Wavelengths 2 Changed: 03-Jul-23 4:41:47 PM, Old:   460.0000, New:   590.0000
Excitation Wavelength Changed: 03-Jul-23 4:41:47 PM, Old: 400.00, New: 465.00
Emission Wavelength Changed: 03-Jul-23 4:41:47 PM, Old: 600.00, New: 530.00
Ex. Slit Width (nm): Changed: 03-Jul-23 4:41:47 PM, Old:5, New:10
Em. Slit Width (nm): Changed: 03-Jul-23 4:41:47 PM, Old:5, New:10
Cycle Time 1 Changed: 03-Jul-23 4:41:47 PM, Old: 0.0000, New: 0.2000
Stop Time 1 Changed: 03-Jul-23 4:41:47 PM, Old: 1.0000, New: 0.4000
Wellplate Samples Changed: 03-Jul-23 4:41:47 PM, Old:, New:A1;A2;A3;A4;A5;A6;
PMT Volts Changed: 03-Jul-23 4:43:18 PM, Old:600, New:800
Emission PMT (V): Changed: 03-Jul-23 4:43:18 PM, Old: 600, New: 800
Cycle Time 1 Changed: 03-Jul-23 4:47:27 PM, Old: 0.2000, New: 1.0000
Stop Time 1 Changed: 03-Jul-23 4:47:27 PM, Old: 0.4000, New:300.0000
End Method Modifications

Sample A5_Ex465_Em530,
Sample A5_Ex465_Em530
Collection Time: 03-Jul-23 4:47:29 PM
Operator Name  :
Kinetics Software Version: 1.2(146)
Parameter List :
Report Time: Mon 03 Jul 04:47:29 PM 2023
Software version: 1.2(146)
Operator:
Instrument Parameters
Instrument                        Cary Eclipse
Instrument Serial Number          MY18160001
Data mode                         Fluorescence
Ex. wavelengths (nm)              465.0000 ; 465.0000
Em. wavelengths (nm)              530.0000 ; 590.0000
Ex. Slit (nm)                     10
Em. Slit (nm)                     10
Averaging Time (s)                0.1000
Cycle time(min)                   1.0000
Stop time(min)                    300.0000
Emission filter                   Open
Excitation Filter                 Auto
PMT voltage (V)                   High
Wellplate                         ON
Plate format                     96 Wells
Read position                    Well centre
Multi-zero                       OFF
Auto-zero                        OFF
Well                            A1
Comments:
Method Log     :
Method Name    : Default
Date/Time stamp: 03-Jul-23 4:40:10 PM
Method Modifications:
Wellplate Overlay Mode Changed: 03-Jul-23 4:40:13 PM, Old:Individual, New:Choice 1
Wellplate Overlay Mode Changed: 03-Jul-23 4:40:13 PM, Old:Overlay all, New:Choice 2
Wellplate Overlay Mode Changed: 03-Jul-23 4:40:13 PM, Old:Overlay rows, New:Choice 3
Wellplate Overlay Mode Changed: 03-Jul-23 4:40:13 PM, Old:Overlay columns, New:Choice 4
Wellplate Overlay Mode Changed: 03-Jul-23 4:40:13 PM, Old:User defined, New:Overlay columns
Well plate reader Changed: 03-Jul-23 4:41:47 PM, Old:OFF, New:ON
Multiwavelength Changed: 03-Jul-23 4:41:47 PM, Old:OFF, New:ON
Excitation Wavelengths 1 Changed: 03-Jul-23 4:41:47 PM, Old:   350.0000, New:   465.0000
Emission Wavelengths 1 Changed: 03-Jul-23 4:41:47 PM, Old:   450.0000, New:   530.0000
Excitation Wavelengths 2 Changed: 03-Jul-23 4:41:47 PM, Old:   360.0000, New:   465.0000
Emission Wavelengths 2 Changed: 03-Jul-23 4:41:47 PM, Old:   460.0000, New:   590.0000
Excitation Wavelength Changed: 03-Jul-23 4:41:47 PM, Old: 400.00, New: 465.00
Emission Wavelength Changed: 03-Jul-23 4:41:47 PM, Old: 600.00, New: 530.00
Ex. Slit Width (nm): Changed: 03-Jul-23 4:41:47 PM, Old:5, New:10
Em. Slit Width (nm): Changed: 03-Jul-23 4:41:47 PM, Old:5, New:10
Cycle Time 1 Changed: 03-Jul-23 4:41:47 PM, Old: 0.0000, New: 0.2000
Stop Time 1 Changed: 03-Jul-23 4:41:47 PM, Old: 1.0000, New: 0.4000
Wellplate Samples Changed: 03-Jul-23 4:41:47 PM, Old:, New:A1;A2;A3;A4;A5;A6;
PMT Volts Changed: 03-Jul-23 4:43:18 PM, Old:600, New:800
Emission PMT (V): Changed: 03-Jul-23 4:43:18 PM, Old: 600, New: 800
Cycle Time 1 Changed: 03-Jul-23 4:47:27 PM, Old: 0.2000, New: 1.0000
Stop Time 1 Changed: 03-Jul-23 4:47:27 PM, Old: 0.4000, New:300.0000
End Method Modifications

Sample A5_Ex465_Em590,
Sample A5_Ex465_Em590
Collection Time: 03-Jul-23 4:47:29 PM
Operator Name  :
Kinetics Software Version: 1.2(146)
Parameter List :
Report Time: Mon 03 Jul 04:47:29 PM 2023
Software version: 1.2(146)
Operator:
Instrument Parameters
Instrument                        Cary Eclipse
Instrument Serial Number          MY18160001
Data mode                         Fluorescence
Ex. wavelengths (nm)              465.0000 ; 465.0000
Em. wavelengths (nm)              530.0000 ; 590.0000
Ex. Slit (nm)                     10
Em. Slit (nm)                     10
Averaging Time (s)                0.1000
Cycle time(min)                   1.0000
Stop time(min)                    300.0000
Emission filter                   Open
Excitation Filter                 Auto
PMT voltage (V)                   High
Wellplate                         ON
Plate format                     96 Wells
Read position                    Well centre
Multi-zero                       OFF
Auto-zero                        OFF
Well                            A1
Comments:
Method Log     :
Method Name    : Default
Date/Time stamp: 03-Jul-23 4:40:10 PM
Method Modifications:
Wellplate Overlay Mode Changed: 03-Jul-23 4:40:13 PM, Old:Individual, New:Choice 1
Wellplate Overlay Mode Changed: 03-Jul-23 4:40:13 PM, Old:Overlay all, New:Choice 2
Wellplate Overlay Mode Changed: 03-Jul-23 4:40:13 PM, Old:Overlay rows, New:Choice 3
Wellplate Overlay Mode Changed: 03-Jul-23 4:40:13 PM, Old:Overlay columns, New:Choice 4
Wellplate Overlay Mode Changed: 03-Jul-23 4:40:13 PM, Old:User defined, New:Overlay columns
Well plate reader Changed: 03-Jul-23 4:41:47 PM, Old:OFF, New:ON
Multiwavelength Changed: 03-Jul-23 4:41:47 PM, Old:OFF, New:ON
Excitation Wavelengths 1 Changed: 03-Jul-23 4:41:47 PM, Old:   350.0000, New:   465.0000
Emission Wavelengths 1 Changed: 03-Jul-23 4:41:47 PM, Old:   450.0000, New:   530.0000
Excitation Wavelengths 2 Changed: 03-Jul-23 4:41:47 PM, Old:   360.0000, New:   465.0000
Emission Wavelengths 2 Changed: 03-Jul-23 4:41:47 PM, Old:   460.0000, New:   590.0000
Excitation Wavelength Changed: 03-Jul-23 4:41:47 PM, Old: 400.00, New: 465.00
Emission Wavelength Changed: 03-Jul-23 4:41:47 PM, Old: 600.00, New: 530.00
Ex. Slit Width (nm): Changed: 03-Jul-23 4:41:47 PM, Old:5, New:10
Em. Slit Width (nm): Changed: 03-Jul-23 4:41:47 PM, Old:5, New:10
Cycle Time 1 Changed: 03-Jul-23 4:41:47 PM, Old: 0.0000, New: 0.2000
Stop Time 1 Changed: 03-Jul-23 4:41:47 PM, Old: 1.0000, New: 0.4000
Wellplate Samples Changed: 03-Jul-23 4:41:47 PM, Old:, New:A1;A2;A3;A4;A5;A6;
PMT Volts Changed: 03-Jul-23 4:43:18 PM, Old:600, New:800
Emission PMT (V): Changed: 03-Jul-23 4:43:18 PM, Old: 600, New: 800
Cycle Time 1 Changed: 03-Jul-23 4:47:27 PM, Old: 0.2000, New: 1.0000
Stop Time 1 Changed: 03-Jul-23 4:47:27 PM, Old: 0.4000, New:300.0000
End Method Modifications

Sample A6_Ex465_Em530,
Sample A6_Ex465_Em530
Collection Time: 03-Jul-23 4:47:29 PM
Operator Name  :
Kinetics Software Version: 1.2(146)
Parameter List :
Report Time: Mon 03 Jul 04:47:29 PM 2023
Software version: 1.2(146)
Operator:
Instrument Parameters
Instrument                        Cary Eclipse
Instrument Serial Number          MY18160001
Data mode                         Fluorescence
Ex. wavelengths (nm)              465.0000 ; 465.0000
Em. wavelengths (nm)              530.0000 ; 590.0000
Ex. Slit (nm)                     10
Em. Slit (nm)                     10
Averaging Time (s)                0.1000
Cycle time(min)                   1.0000
Stop time(min)                    300.0000
Emission filter                   Open
Excitation Filter                 Auto
PMT voltage (V)                   High
Wellplate                         ON
Plate format                     96 Wells
Read position                    Well centre
Multi-zero                       OFF
Auto-zero                        OFF
Well                            A1
Comments:
Method Log     :
Method Name    : Default
Date/Time stamp: 03-Jul-23 4:40:10 PM
Method Modifications:
Wellplate Overlay Mode Changed: 03-Jul-23 4:40:13 PM, Old:Individual, New:Choice 1
Wellplate Overlay Mode Changed: 03-Jul-23 4:40:13 PM, Old:Overlay all, New:Choice 2
Wellplate Overlay Mode Changed: 03-Jul-23 4:40:13 PM, Old:Overlay rows, New:Choice 3
Wellplate Overlay Mode Changed: 03-Jul-23 4:40:13 PM, Old:Overlay columns, New:Choice 4
Wellplate Overlay Mode Changed: 03-Jul-23 4:40:13 PM, Old:User defined, New:Overlay columns
Well plate reader Changed: 03-Jul-23 4:41:47 PM, Old:OFF, New:ON
Multiwavelength Changed: 03-Jul-23 4:41:47 PM, Old:OFF, New:ON
Excitation Wavelengths 1 Changed: 03-Jul-23 4:41:47 PM, Old:   350.0000, New:   465.0000
Emission Wavelengths 1 Changed: 03-Jul-23 4:41:47 PM, Old:   450.0000, New:   530.0000
Excitation Wavelengths 2 Changed: 03-Jul-23 4:41:47 PM, Old:   360.0000, New:   465.0000
Emission Wavelengths 2 Changed: 03-Jul-23 4:41:47 PM, Old:   460.0000, New:   590.0000
Excitation Wavelength Changed: 03-Jul-23 4:41:47 PM, Old: 400.00, New: 465.00
Emission Wavelength Changed: 03-Jul-23 4:41:47 PM, Old: 600.00, New: 530.00
Ex. Slit Width (nm): Changed: 03-Jul-23 4:41:47 PM, Old:5, New:10
Em. Slit Width (nm): Changed: 03-Jul-23 4:41:47 PM, Old:5, New:10
Cycle Time 1 Changed: 03-Jul-23 4:41:47 PM, Old: 0.0000, New: 0.2000
Stop Time 1 Changed: 03-Jul-23 4:41:47 PM, Old: 1.0000, New: 0.4000
Wellplate Samples Changed: 03-Jul-23 4:41:47 PM, Old:, New:A1;A2;A3;A4;A5;A6;
PMT Volts Changed: 03-Jul-23 4:43:18 PM, Old:600, New:800
Emission PMT (V): Changed: 03-Jul-23 4:43:18 PM, Old: 600, New: 800
Cycle Time 1 Changed: 03-Jul-23 4:47:27 PM, Old: 0.2000, New: 1.0000
Stop Time 1 Changed: 03-Jul-23 4:47:27 PM, Old: 0.4000, New:300.0000
End Method Modifications

Sample A6_Ex465_Em590,
Sample A6_Ex465_Em590
Collection Time: 03-Jul-23 4:47:29 PM
Operator Name  :
Kinetics Software Version: 1.2(146)
Parameter List :
Report Time: Mon 03 Jul 04:47:29 PM 2023
Software version: 1.2(146)
Operator:
Instrument Parameters
Instrument                        Cary Eclipse
Instrument Serial Number          MY18160001
Data mode                         Fluorescence
Ex. wavelengths (nm)              465.0000 ; 465.0000
Em. wavelengths (nm)              530.0000 ; 590.0000
Ex. Slit (nm)                     10
Em. Slit (nm)                     10
Averaging Time (s)                0.1000
Cycle time(min)                   1.0000
Stop time(min)                    300.0000
Emission filter                   Open
Excitation Filter                 Auto
PMT voltage (V)                   High
Wellplate                         ON
Plate format                     96 Wells
Read position                    Well centre
Multi-zero                       OFF
Auto-zero                        OFF
Well                            A1
Comments:
Method Log     :
Method Name    : Default
Date/Time stamp: 03-Jul-23 4:40:10 PM
Method Modifications:
Wellplate Overlay Mode Changed: 03-Jul-23 4:40:13 PM, Old:Individual, New:Choice 1
Wellplate Overlay Mode Changed: 03-Jul-23 4:40:13 PM, Old:Overlay all, New:Choice 2
Wellplate Overlay Mode Changed: 03-Jul-23 4:40:13 PM, Old:Overlay rows, New:Choice 3
Wellplate Overlay Mode Changed: 03-Jul-23 4:40:13 PM, Old:Overlay columns, New:Choice 4
Wellplate Overlay Mode Changed: 03-Jul-23 4:40:13 PM, Old:User defined, New:Overlay columns
Well plate reader Changed: 03-Jul-23 4:41:47 PM, Old:OFF, New:ON
Multiwavelength Changed: 03-Jul-23 4:41:47 PM, Old:OFF, New:ON
Excitation Wavelengths 1 Changed: 03-Jul-23 4:41:47 PM, Old:   350.0000, New:   465.0000
Emission Wavelengths 1 Changed: 03-Jul-23 4:41:47 PM, Old:   450.0000, New:   530.0000
Excitation Wavelengths 2 Changed: 03-Jul-23 4:41:47 PM, Old:   360.0000, New:   465.0000
Emission Wavelengths 2 Changed: 03-Jul-23 4:41:47 PM, Old:   460.0000, New:   590.0000
Excitation Wavelength Changed: 03-Jul-23 4:41:47 PM, Old: 400.00, New: 465.00
Emission Wavelength Changed: 03-Jul-23 4:41:47 PM, Old: 600.00, New: 530.00
Ex. Slit Width (nm): Changed: 03-Jul-23 4:41:47 PM, Old:5, New:10
Em. Slit Width (nm): Changed: 03-Jul-23 4:41:47 PM, Old:5, New:10
Cycle Time 1 Changed: 03-Jul-23 4:41:47 PM, Old: 0.0000, New: 0.2000
Stop Time 1 Changed: 03-Jul-23 4:41:47 PM, Old: 1.0000, New: 0.4000
Wellplate Samples Changed: 03-Jul-23 4:41:47 PM, Old:, New:A1;A2;A3;A4;A5;A6;
PMT Volts Changed: 03-Jul-23 4:43:18 PM, Old:600, New:800
Emission PMT (V): Changed: 03-Jul-23 4:43:18 PM, Old: 600, New: 800
Cycle Time 1 Changed: 03-Jul-23 4:47:27 PM, Old: 0.2000, New: 1.0000
Stop Time 1 Changed: 03-Jul-23 4:47:27 PM, Old: 0.4000, New:300.0000
End Method Modifications

