Sample A1,,Sample A2,,Sample A3,,Sample A4,,Sample A5,,Sample A6,,Sample A7,,Sample B1,,Sample B2,,Sample B3,,Sample B4,,Sample B5,,Sample B6,,Sample B7,,Sample C1,,Sample C2,,Sample C3,,Sample C4,,Sample C5,,Sample C6,,Sample C7,,
Time (min),Intensity (a.u.),Time (min),Intensity (a.u.),Time (min),Intensity (a.u.),Time (min),Intensity (a.u.),Time (min),Intensity (a.u.),Time (min),Intensity (a.u.),Time (min),Intensity (a.u.),Time (min),Intensity (a.u.),Time (min),Intensity (a.u.),Time (min),Intensity (a.u.),Time (min),Intensity (a.u.),Time (min),Intensity (a.u.),Time (min),Intensity (a.u.),Time (min),Intensity (a.u.),Time (min),Intensity (a.u.),Time (min),Intensity (a.u.),Time (min),Intensity (a.u.),Time (min),Intensity (a.u.),Time (min),Intensity (a.u.),Time (min),Intensity (a.u.),Time (min),Intensity (a.u.),
0.0008333333535,327.1079712,0.02116666548,364.4302368,0.0421666652,374.0289612,0.06258333474,389.1226807,0.08437500149,393.1202698,0.1047083288,33.96235657,0.1262083352,39.91555786,0.2767083347,399.6179199,0.2560416758,360.131012,0.2350833267,338.5702209,0.2140000015,371.6324768,0.1926666796,376.8900146,0.1718333364,34.56168747,0.1508750021,32.14902115,0.3007291853,399.2436829,0.3217291534,344.8421021,0.3428125083,355.1817017,0.363833338,344.983551,0.3843333125,334.6789856,0.4058750272,35.66871262,0.4268749952,45.39815521,
1.000833273,331.2490234,1.021562457,361.7342224,1.042062521,380.6913147,1.063416719,391.9263611,1.08397913,401.2466736,1.105145812,32.77313995,1.126875043,44.21556091,1.276875019,387.335083,1.255895853,378.5067444,1.234729171,356.3241882,1.214083314,382.2844238,1.192791581,383.3119812,1.17245841,35.97919083,1.151708364,33.84464645,1.301562548,397.3681946,1.322395802,349.3703308,1.342729211,358.9719238,1.364062548,352.2797241,1.384395838,337.3906555,1.405750036,35.0904274,1.426312566,43.63068008,
2.000833273,339.3538818,2.021895885,371.0603333,2.04239583,392.295929,2.063583374,376.4048157,2.08479166,419.7184753,2.105750084,30.59861565,2.126124859,39.17189026,2.278229237,375.3272095,2.257416725,364.8504639,2.237083435,368.9347229,2.215958357,379.4023438,2.194625139,374.4251099,2.173479319,35.53043747,2.153229237,36.10069275,2.304083347,397.0423584,2.325416565,347.3303528,2.345916748,362.5348816,2.366562366,344.7027283,2.388062477,347.5551453,2.408708334,35.18946075,2.429874897,42.28996277,
3.000833273,345.3741455,3.021562338,373.9916382,3.041729212,399.8586426,3.062791586,383.3851929,3.083979368,411.2677917,3.105208397,33.27584839,3.126208305,40.74582291,3.276479006,383.618927,3.255541801,369.132843,3.234208345,369.7235107,3.213979006,385.0426331,3.192958355,380.0097656,3.172062397,35.32194519,3.150541782,34.47703934,3.302875042,403.2867432,3.32420826,345.2282715,3.344375134,370.1793213,3.365541697,352.1585083,3.385895729,357.0191956,3.407375097,34.20732117,3.428208351,39.38949203,
4.000833511,356.5523682,4.021708488,372.4103699,4.043208122,398.3250732,4.064374924,389.9530029,4.085041523,412.8192749,4.106041908,30.78279305,4.127041817,40.30297089,4.278916359,369.9031677,4.257562637,364.8999329,4.237062454,369.2185364,4.215895653,378.3082886,4.195416927,380.3789673,4.173895836,38.42021942,4.153562546,31.66464424,4.305458546,389.6063232,4.326478958,339.0049744,4.346979141,346.3801575,4.368458748,346.1209106,4.38947916,361.7544861,4.41024971,34.15210342,4.430562496,41.16546631,
5.000833035,347.6611938,5.020895958,378.6147461,5.041291714,402.4473572,5.062208652,376.9356079,5.08354187,409.9136658,5.103896141,32.30718994,5.125374794,40.08300781,5.276895523,370.6612244,5.256249905,373.302124,5.235458374,361.351593,5.21404171,388.6815491,5.193541527,378.9191589,5.172395706,35.48151779,5.152062416,31.85310936,5.301541805,388.4253235,5.322541714,334.6226196,5.34304142,357.9173889,5.36408329,355.1205139,5.385583401,357.6040039,5.405916691,35.68617249,5.426791668,39.98726654,
6.000833035,359.1639404,6.021749973,386.139679,6.042916775,387.5626526,6.063416481,385.0693359,6.084708214,407.6937256,6.105541706,31.42397881,6.126395702,41.44205093,6.276374817,366.789093,6.25506258,370.7141418,6.234541893,363.1578979,6.213895798,380.0452576,6.193250179,383.3811951,6.171583652,35.93340302,6.150229454,34.69959641,6.300395489,384.1467285,6.321729183,335.5200195,6.342541695,358.7693481,6.363062382,349.8848877,6.383728981,357.7054138,6.40474987,36.62215805,6.425708294,39.58744812,
7.000833035,364.9241638,7.021958351,373.217865,7.042250156,403.497406,7.063374996,375.2181396,7.084374905,412.8432922,7.105062485,31.72581291,7.126374722,42.64102554,7.278375149,361.5401001,7.257062435,360.5960388,7.236708641,366.805542,7.215374947,384.3527832,7.194375038,390.8052673,7.174208641,37.31129074,7.152625084,31.00867081,7.304646015,382.9125671,7.325541496,342.5950012,7.345895767,366.603363,7.367228985,350.7796936,7.388250351,361.044342,7.408958435,36.21700668,7.429396152,42.23455811,
8.000833511,353.9475098,8.021645546,380.6712341,8.042041779,409.6346741,8.063374519,385.6955872,8.084395409,413.5952148,8.104895592,32.37605286,8.125729561,37.25839996,8.276708603,374.0583801,8.255374908,359.0759583,8.234229088,360.789093,8.213041306,380.5431824,8.192708015,393.3751831,8.172062874,35.20388031,8.150875092,33.11871719,8.302562714,382.7879028,8.323395729,341.3643188,8.344583511,352.4862976,8.365916252,358.0397034,8.386416435,361.817749,8.407250404,36.93423843,8.428208351,42.27982712,
9.000833511,372.8934021,9.020083427,388.9687195,9.041208267,415.2116394,9.062208176,382.5965576,9.08354187,414.2885132,9.10387516,31.76391411,9.124375343,41.67363739,9.275208473,362.2145996,9.254041672,374.7228394,9.233208656,360.8512573,9.212561607,379.2695313,9.191228867,379.789856,9.170395851,35.66989517,9.149729729,32.31647491,9.299208641,387.0979309,9.320708275,353.1239014,9.341312408,355.0703735,9.362542152,355.2134705,9.383208275,353.8132324,9.404479027,35.28453064,9.425729752,43.27400208,
10.00083351,365.3661194,10.0215416,383.5464478,10.04206276,408.9126282,10.06306267,385.9234924,10.08395767,412.9075012,10.10429192,32.2729187,10.12545872,41.45490646,10.27747917,372.9737549,10.2561245,377.1711121,10.23504162,363.1044922,10.2145834,370.6785889,10.19370842,379.7104492,10.17320824,36.63967514,10.15204144,30.56871605,10.30372906,376.9232483,10.32458305,347.9747314,10.34545803,348.3945007,10.36637497,343.7954407,10.38754177,356.1889343,10.40856266,35.59257126,10.42908287,45.59990311,
11.00083351,358.7843933,11.02156258,375.5428772,11.04289532,408.7644958,11.06379223,386.7102356,11.0840826,414.1984863,11.10508347,31.08119392,11.12629223,39.25357819,11.2787075,378.5065613,11.25737476,369.6208496,11.23637486,366.1256104,11.21572876,376.2260437,11.19520855,374.4165039,11.17404175,35.36153793,11.15304184,36.23567581,11.30454159,383.133667,11.32539558,344.9812622,11.34658337,359.8323364,11.36762524,356.1333923,11.38775063,356.4606323,11.40947914,34.38280869,11.43054199,44.42131805,
12.00083351,370.7257385,12.02070808,379.2711182,12.04191685,403.830719,12.06304073,385.0626221,12.083395,413.2125549,12.10431194,30.09281731,12.12562466,42.15274048,12.27537537,371.0028381,12.25387478,361.0154419,12.23322964,365.651947,12.21239662,386.1691895,12.19187546,377.614563,12.17054176,36.18552017,12.14956284,33.77051926,12.3017292,392.7268372,12.3222084,337.6843262,12.34322929,357.775238,12.3637085,344.5872498,12.38489628,350.4689026,12.4055624,37.73353958,12.42625046,46.38761139,
13.00083351,361.2112427,13.0206461,384.2570801,13.04204178,397.1641235,13.06304073,385.9745178,13.083395,416.9365845,13.10454178,29.10169983,13.12537575,44.3584938,13.2770834,360.8034668,13.25641727,369.7452087,13.23524952,357.9532471,13.21479225,387.5554504,13.19412518,374.2486267,13.17279148,36.63901901,13.15154171,34.83041,13.30370808,386.1529846,13.32520866,339.3154297,13.34556293,360.0452881,13.36670876,351.7063599,13.38737488,355.1879883,13.40839577,36.35716629,13.42924976,46.95711136,
14.00083351,358.9414368,14.0210619,381.2727661,14.04206276,402.2981873,14.06329155,385.0806274,14.08381271,412.8677063,14.10506248,32.30031967,14.12604141,41.70985413,14.27872944,373.1913147,14.25704098,374.3510742,14.23620796,367.3065491,14.21556282,380.5180054,14.1942091,377.9902954,14.17322922,36.19876862,14.15289593,34.53288651,14.30354214,386.8545532,14.32404137,337.677124,14.34454155,352.3566589,14.36556339,354.8183594,14.38670826,359.5345459,14.40722942,32.48877335,14.42839527,44.65632248,
15.00083351,375.6452026,15.020895,381.7051086,15.04189587,399.7419128,15.06229115,371.275238,15.08320808,408.8883057,15.10354233,31.93662643,15.12456226,40.55271149,15.2758131,372.2298889,15.25472927,365.3072815,15.23370838,370.1763306,15.21329117,386.4654846,15.19231224,374.7250061,15.17154121,38.94297791,15.15045834,32.60750198,15.3017292,379.2012939,15.32208347,328.7220459,15.34404182,354.3798828,15.3647089,354.5379944,15.38522911,352.9474182,15.40574932,37.10243225,15.42695808,49.031353,
16.00083351,361.8204651,16.0199585,384.072876,16.0407505,403.8528748,16.06204033,376.5558472,16.08270836,415.7765808,16.10306358,34.57713699,16.12454033,44.6884079,16.27625084,354.9796448,16.25574875,372.2858276,16.23472977,352.3079529,16.21356201,385.1091614,16.19229126,373.9502563,16.17158318,36.09528351,16.15112495,37.23287201,16.30281258,378.7545471,16.32387543,346.5716858,16.34456253,349.259613,16.3658123,356.5927734,16.38672829,364.3363953,16.40754128,35.00384521,16.42887497,46.971035,
17.00083351,362.5800476,17.02104187,382.294342,17.04239655,402.0968933,17.06272888,381.0332642,17.08395767,412.7255554,17.1051445,31.02056313,17.12554169,44.31086731,17.27675056,368.7857666,17.25541496,375.3087158,17.23472977,353.5198364,17.21404266,383.495636,17.19370842,381.2832947,17.17237473,38.7687149,17.1519165,33.83018875,17.30289459,375.1291504,17.3230629,347.8510132,17.34439468,343.0758667,17.36489677,345.7442322,17.38537598,346.1629333,17.40654182,32.63819504,17.42787552,48.50576782,
18.00083351,367.3886414,18.02070999,380.9646606,18.04104233,395.1461792,18.062397,362.6707764,18.08262444,422.7108459,18.10397911,33.82671738,18.12439537,46.18026733,18.27487564,374.3702393,18.25437355,367.7323914,18.23297882,362.7554016,18.21245956,384.0223999,18.19129181,371.0569763,18.17072868,34.29704666,18.14937592,36.62292862,18.30124855,383.2060852,18.3215847,349.0679016,18.34304237,353.961731,18.36387444,355.7100525,18.3847084,357.0358276,18.40520859,36.66853333,18.42570877,49.06875229,
19.00083351,360.5749207,19.02103996,373.7221375,19.04206276,398.5270996,19.062397,375.5298462,19.0837307,408.9240723,19.10470772,29.13733482,19.12504005,46.73714828,19.27722931,368.6982117,19.25574875,368.3150635,19.23514557,348.473114,19.21437645,383.4492493,19.19287491,373.2588806,19.17254257,34.18294144,19.15145874,35.28715134,19.30304146,376.2582092,19.32439613,343.6753235,19.34458351,347.7618408,19.36597824,351.9607849,19.38587379,346.5842896,19.40720749,36.42300797,19.42822838,49.22047043,
20.00083351,368.7762451,20.02054214,375.4591675,20.04189682,393.1387634,20.0627079,373.0630798,20.08356285,414.7653503,20.10406303,31.60184288,20.12523079,47.13658905,20.27672958,366.0249023,20.25537491,368.6968079,20.23491669,352.5574951,20.2138958,379.5404053,20.19339561,369.0384827,20.17270851,36.55817795,20.1513958,36.22547913,20.30289459,374.6411743,20.32356071,336.2424011,20.34406281,348.8876953,20.36558342,348.1310425,20.38564682,349.8705139,20.40670776,35.1478653,20.42797852,47.94327164,
21.00083351,361.8479004,21.02008247,370.9154663,21.04156303,397.4084167,21.06179237,383.5217896,21.08320999,414.428009,21.10370827,32.11365128,21.12431145,49.30871964,21.27687645,364.6746826,21.25572968,374.2019043,21.23522949,349.4263611,21.21372795,374.6256409,21.19337654,383.5651245,21.17254257,35.87375641,21.15137482,36.73077011,21.30089569,385.268158,21.32195854,339.6123962,21.34320831,353.070282,21.36356163,350.3718567,21.38506317,344.9174805,21.40556145,36.29816437,21.42591667,51.05568695,
22.00083351,363.7162781,22.02089691,371.0950623,22.04206276,401.1079407,22.06308365,375.4359131,22.08347893,415.3286438,22.10481071,32.52986526,22.12531281,49.03406525,22.27689552,372.2656555,22.25656319,367.7247925,22.23539543,362.6156006,22.21487427,378.1827393,22.1936264,379.2485046,22.17270851,36.87713242,22.15229034,36.59966278,22.30347824,373.8694458,22.32404137,337.9653015,22.34556198,344.0761719,22.36589622,339.1369324,22.38656235,343.7193298,22.40779305,34.33875656,22.42814445,50.78261185,
23.00083351,370.8966675,23.02072906,370.0615234,23.04172897,402.7654114,23.06281281,384.7141113,23.08339691,424.5897217,23.10372925,32.93649292,23.12512398,48.31873703,23.27595901,373.4041138,23.25489426,369.2356567,23.23387527,357.1999817,23.21329117,376.3370056,23.19272804,354.8666687,23.17156219,35.05596161,23.15054131,38.6681633,23.30204201,380.3416138,23.3230629,331.3797913,23.34341621,353.5396423,23.36462402,345.067688,23.38504219,340.576416,23.40654182,33.35037613,23.42687607,50.23723221,
24.00083351,365.905304,24.02137375,377.3370972,24.04270744,399.7004395,24.06304169,386.2108154,24.0837307,414.1374207,24.10479164,33.34244156,24.12604141,51.25580978,24.27704239,363.5578003,24.25589561,364.9465332,24.23572922,356.2385254,24.21504021,378.0021667,24.19364548,372.76297,24.17224884,36.22950745,24.15172958,40.01112747,24.30272865,371.5827942,24.32414627,330.0453491,24.34420776,359.1210022,24.36495781,349.9035339,24.38620758,341.8195801,24.4077282,37.05263519,24.42789459,53.74895859,
25.00083351,377.6653442,25.02112389,372.1208496,25.0425415,405.6549988,25.0627079,384.6705322,25.08381271,420.2431641,25.10439682,31.13812447,25.12570763,51.43861008,25.27558327,372.3250732,25.25456429,372.4457092,25.23391724,345.9505615,25.21306229,373.2596436,25.19141579,372.7336731,25.17037582,35.64710236,25.15006256,38.125,25.2996254,379.7538757,25.32024956,335.8491821,25.3415432,348.5414429,25.36270714,359.1586914,25.38337326,349.8670044,25.40420723,35.78030014,25.42439651,50.66679382,
26.00083351,365.9705811,26.02139473,375.5377502,26.04206276,387.8033142,26.06339455,378.1304932,26.08374977,413.6121216,26.10424995,31.33653069,26.12597847,49.26008224,26.27587509,361.5190125,26.25479126,365.3951111,26.23373032,354.3634644,26.21308327,367.2316284,26.19191742,381.8871765,26.17079353,33.6896019,26.15006256,39.90365601,26.30239677,383.2461853,26.3230629,346.1881714,26.34391594,357.6876526,26.3658123,342.8751526,26.38573074,344.5888977,26.40673065,34.60103607,26.42787552,53.66755295,
27.00083351,372.2158813,27.02106285,378.8818359,27.04154205,409.6434326,27.06256294,378.3135071,27.08279228,409.2415161,27.10379219,35.36850739,27.12497902,49.13315964,27.27620888,359.528595,27.25475121,378.4411316,27.23429108,344.2019348,27.21339607,378.8893433,27.19262505,378.0125122,27.17222977,33.82722092,27.15189552,37.78917313,27.30239677,379.7763977,27.32323074,331.5926208,27.34489632,347.579071,27.36525154,351.9460754,27.38579178,353.0983887,27.40712547,34.00407028,27.4274807,55.16489792,
28.00083351,361.543335,28.02064705,372.1721802,28.04204178,398.1029053,28.0622921,377.8370972,28.08287621,415.7137756,28.10404205,31.70641899,28.12456322,50.15488815,28.27672958,360.2044983,28.25608253,359.4163513,28.23481178,351.4472961,28.21431351,381.6087646,28.19297981,369.7194519,28.17214584,36.8569603,28.15089607,40.10919189,28.30162621,378.9423523,28.32204247,346.4926147,28.3435421,348.0941162,28.3637085,347.3751831,28.38487625,350.679657,28.40556145,35.45627975,28.42689705,54.97378922,
29.00083351,370.7631836,29.02170753,360.540802,29.04291534,390.1979675,29.06381226,374.7854309,29.08420753,409.2576294,29.10470772,30.88110542,29.12606239,50.72288513,29.27489662,364.2676392,29.25372887,363.730957,29.23308372,350.2345886,29.21195793,374.1516418,29.19147873,371.3530273,29.17079353,35.17534256,29.1501236,39.55160141,29.30170822,374.948761,29.32187462,325.5141296,29.34322929,351.2191467,29.36362457,345.3548889,29.38497925,346.9193115,29.40597916,36.27178955,29.42645836,52.18883133,
30.00083351,367.7779541,30.02106285,365.7565918,30.04206276,387.668457,30.06320763,382.8858032,30.08353996,408.9625549,30.10420799,38.1948204,30.12539673,50.36176682,30.27437592,360.854187,30.25322914,358.2541504,30.23270798,348.4441528,30.21204185,382.2446594,30.19170761,375.4364929,30.17062569,34.09989166,30.1501236,39.80260468,30.30095863,376.5057678,30.32108307,334.9984436,30.34231186,363.4414978,30.36347771,341.2364502,30.38472939,349.4789429,30.4048748,36.97012329,30.4255619,58.67045975,
31.00083351,373.1233826,31.02220917,360.473938,31.04354286,396.8956604,31.06404305,370.9237366,31.08487511,409.3161316,31.10574913,32.33201981,31.12645912,49.51604843,31.27837563,362.0855408,31.25739479,365.9522095,31.2360611,345.1742249,31.21522903,387.0621643,31.19439507,369.085083,31.17354202,33.16058731,31.15220833,40.73263168,31.30239677,376.7943726,31.32372856,338.9040527,31.34404182,365.2332153,31.36614609,338.6881104,31.38606071,345.7235413,31.40737534,36.02322388,31.42839622,57.85529327,
32.00083542,367.178009,32.02145767,365.6665344,32.04225159,395.8562317,32.06348038,370.3276367,32.08504105,404.119751,32.10539627,37.88101578,32.12572861,48.18761826,32.27708435,375.1060791,32.25639725,358.0834351,32.23622894,352.7723999,32.21539688,367.9934387,32.19422913,367.8143005,32.17354202,33.11035538,32.15237427,43.24640274,32.30191803,371.3275146,32.32308197,330.0067444,32.34414673,341.6552734,32.36456299,346.2107849,32.38523102,351.820282,32.40589523,34.41331863,32.42712402,54.68952179,
33.00083542,359.1227722,33.02104187,372.3896484,33.04206467,394.9106445,33.062397,386.9243164,33.08364487,401.2801208,33.10454178,36.88343048,33.12471008,51.5069809,33.27454376,359.0814819,33.25373077,356.7440491,33.23287582,339.7423096,33.21220779,365.6273499,33.1917305,370.9517212,33.17031097,33.70570374,33.14987564,42.67515182,33.29987717,380.6903992,33.32070923,339.8275146,33.34122849,346.3109436,33.36239624,337.7988586,33.3829155,338.7210388,33.40339661,37.26255798,33.42389679,50.6767807,
34.00083542,370.3959351,34.02204132,372.5757141,34.04306412,403.6164246,34.06339645,380.5340881,34.08458328,403.856842,34.10497665,35.16539001,34.12606049,49.38138199,34.27804184,362.8411255,34.25697708,358.0512085,34.23572922,352.7232971,34.21497726,371.9346008,34.19374847,368.9528198,34.17325211,32.90153503,34.15262604,42.83109665,34.30397797,373.9760742,34.3250618,341.4163513,34.34553909,340.3427734,34.36689377,341.2408752,34.38737488,349.6226196,34.4077301,37.30452347,34.42897797,54.86122131,
35.00083542,376.1062622,35.02045822,360.9454041,35.04220963,393.2254333,35.06287384,375.8056641,35.08320618,409.4033508,35.10370636,33.61103439,35.12453842,52.15438843,35.27672958,364.6541443,35.25548172,364.5445557,35.23445511,352.3139343,35.21374893,381.111145,35.1932106,367.9004211,35.17204285,35.85547256,35.15095901,40.83530807,35.30072784,388.2833862,35.32208252,343.7781677,35.34246063,348.4274902,35.36314774,343.9770508,35.38420868,343.6723938,35.40506363,36.20183945,35.42572784,55.78305054,
36.00083542,366.8491821,36.02025223,373.6842957,36.04154205,389.7867737,36.06254196,388.5614624,36.08320618,406.8492737,36.10398102,35.3315773,36.12437439,52.9227066,36.27470779,366.6691284,36.25424957,369.960144,36.23297882,359.5198975,36.21220779,371.5228882,36.19187546,369.256958,36.17053986,35.20269012,36.14906311,42.10012054,36.30106354,378.0471802,36.32172775,335.3070068,36.34306335,346.0404358,36.36397934,361.4997559,36.38454056,336.657959,36.40487289,36.37156677,36.42591476,57.98027802,
37.00083542,370.0699158,37.02079391,363.4795837,37.0421257,401.4282837,37.06264496,373.3200378,37.08356094,410.1228027,37.10389328,35.74742126,37.12439728,51.5959816,37.27503967,364.0203247,37.25472641,360.6511841,37.23337555,343.8372803,37.21287537,373.8489685,37.19237518,366.4980164,37.17204285,34.43750763,37.15087509,41.79177094,37.30145645,375.6756592,37.32212448,338.8272095,37.34337616,344.5578613,37.36372757,337.4393921,37.38425064,342.5983582,37.40556335,34.2688942,37.42656326,53.79587173,
38.00083542,361.9040833,38.02070618,361.8797607,38.04172897,390.2384033,38.06264496,372.3598328,38.08304214,405.2701111,38.10387421,38.52993774,38.12520599,53.49814224,38.27573013,356.719635,38.25504303,350.6584473,38.23353958,353.0200806,38.21323013,360.5254211,38.19187546,379.9222412,38.17087555,33.39454269,38.14962387,43.1465683,38.30024719,383.6375122,38.31995773,325.3226318,38.3412056,351.8109436,38.36170578,342.5211792,38.38287354,347.48172,38.40354156,34.9407959,38.42437363,52.65828705,
39.00083542,373.8754272,39.02108002,367.960083,39.04125214,394.2447815,39.06281281,380.0760498,39.08306122,403.4323425,39.10387421,34.10038376,39.12489319,50.96688461,39.27606201,368.7748108,39.25572968,366.9792786,39.23420715,353.4841614,39.21362305,366.3026123,39.19241714,367.4627686,39.17222977,35.21857834,39.15120697,42.88040543,39.30229187,378.9638977,39.32308197,329.1047668,39.34462357,360.963623,39.36487579,335.7077637,39.38547897,337.9488525,39.40639496,36.78780365,39.4275856,54.06699753,
40.00083542,368.4917908,40.02137375,370.1898499,40.0425415,387.3982239,40.06356049,383.3912048,40.08406067,412.0247803,40.10508347,36.47225952,40.12589645,55.96406174,40.27539444,362.9752197,40.25489426,364.7853394,40.2337265,357.7426147,40.2130394,373.0151062,40.19272995,366.1741028,40.17156219,34.55299377,40.15089417,40.34733582,40.3016243,385.5279236,40.32287598,331.9206238,40.34370804,353.4371948,40.36387634,336.930603,40.38506317,335.368866,40.40572739,35.90628815,40.42706299,55.85970688,
41.00083542,357.6425476,41.02122879,363.3783264,41.0421257,394.9003601,41.06270599,375.0286255,41.08406067,409.1315002,41.10395813,34.8549118,41.12522888,55.34844589,41.27520752,369.4297791,41.25395966,359.7451172,41.23312759,346.2012024,41.21258163,362.2136536,41.19087219,370.8091431,41.17037201,34.70190048,41.14987564,44.6272049,41.30122757,371.4337769,41.3224144,336.6478577,41.34325027,350.1641541,41.36437607,343.5996704,41.3847084,336.4525757,41.40575027,37.43045044,41.42614746,60.20885086,
42.00083542,369.0393677,42.02141571,373.2514648,42.04179382,386.756073,42.06289291,377.8126526,42.08406067,409.6387024,42.10422897,37.7383461,42.12614822,55.21079254,42.27708435,356.1922607,42.25589752,356.1891174,42.23470688,346.6946411,42.21422958,366.2177124,42.19356155,369.5400696,42.17306137,36.29797745,42.15204239,41.53834915,42.30304337,376.4980164,42.32406235,328.4230042,42.3452301,335.8666382,42.36562347,350.6427917,42.3862915,343.4510193,42.40681076,34.74598694,42.4274559,53.48706436,
43.00083542,366.2204285,43.02220917,363.0703735,43.043396,397.1821899,43.06389618,374.1723938,43.08506393,410.7897949,43.10575104,35.45288849,43.12639618,54.3742218,43.27804184,362.5248108,43.2568779,367.1390686,43.23662567,346.4237976,43.21508408,370.2380981,43.19472885,367.4231262,43.17356491,35.74448395,43.15258408,44.98495483,43.30441666,374.4784241,43.32564545,335.1029358,43.34614563,343.8968506,43.36737442,350.4431458,43.38762665,338.3244934,43.40858078,36.53162766,43.43004227,54.34940338,
44.00083542,377.4812012,44.02189636,367.4706116,44.04241562,375.2496948,44.06358337,375.6423035,44.0849762,407.4394531,44.10512543,36.14070511,44.1264801,56.3915596,44.27781296,357.8057556,44.25728989,359.5706482,44.23579025,351.1199341,44.21508408,374.1824951,44.19472885,370.2828674,44.17356491,33.18085861,44.15304184,43.06097794,44.30389404,369.1382751,44.32522964,339.0090027,44.34556198,355.465332,44.366539,345.3805542,44.38720703,340.6105957,44.40797806,31.56146049,44.42912674,57.01267624,
45.00083542,364.5325623,45.02104187,355.9334412,45.04156113,395.7626648,45.06274796,378.2975464,45.08387375,389.7841492,45.10437393,39.54585648,45.12554169,49.6705513,45.27641678,366.2354736,45.25589752,368.2342834,45.23472977,342.3018799,45.21421051,369.6842346,45.19358444,362.9938965,45.17256165,34.31454849,45.15208435,44.18347931,45.30287552,376.2423401,45.32354355,346.9024963,45.34503937,336.7304382,45.36537552,344.7478027,45.38670731,336.9401855,45.40706253,35.63119125,45.4275856,51.76699829,
46.00083542,372.4562988,46.02137375,358.8816223,46.04272842,390.4119873,46.06370926,375.2299194,46.0840416,403.2821655,46.10537338,38.34307861,46.12587357,54.03172684,46.27770996,369.2445984,46.25712585,353.6713257,46.23579025,346.9439392,46.21508408,379.2960815,46.19374847,371.5131836,46.17306137,36.27987671,46.15206146,44.45168304,46.3037529,369.0931091,46.32481384,325.8370972,46.34614563,351.7388916,46.36737442,345.3315735,46.38820648,335.7759399,46.40872955,31.34330368,46.42989349,58.79941177,
47.00083542,367.3173828,47.02174759,356.4385986,47.04308319,380.9200439,47.06289291,375.8095093,47.08431244,402.1549988,47.10454178,39.33931732,47.12587357,52.52603912,47.277565,354.5199585,47.25606155,356.8917542,47.23545837,339.4432678,47.21445847,379.5831299,47.19345856,364.249176,47.1722908,33.12489319,47.15158463,43.08779526,47.30356598,382.785614,47.32423019,336.4546814,47.34506607,349.6552124,47.36573029,341.3179626,47.38645935,341.2116089,47.40822601,34.52388382,47.429039,50.49552917,
48.00083542,363.6568604,48.02187347,361.0595703,48.04306412,377.7476501,48.06374741,367.8979187,48.08520889,401.7738342,48.10572815,37.54742813,48.12697601,55.20499039,48.27775192,363.0907593,48.25656509,354.8558655,48.23606491,347.0452881,48.21556473,371.5791626,48.19421005,360.5247192,48.17364502,35.23302078,48.15258408,43.04379272,48.30239487,374.1983948,48.32287598,323.9804382,48.34354401,355.6865234,48.36387634,340.0288086,48.38523102,331.2037964,48.40541458,33.86268616,48.42679214,58.82352829,
49.00083542,362.2442932,49.02106094,365.615448,49.04239655,381.9621277,49.06272888,371.8916931,49.08308411,403.4103394,49.1046257,39.70279312,49.12487411,54.42201233,49.27637482,362.9563599,49.25587463,359.3081055,49.23487473,345.570343,49.21356201,374.8142395,49.19371033,359.7814636,49.17214584,38.17948532,49.15179062,43.99362183,49.30212402,368.4490051,49.32273102,338.1213074,49.34381104,361.9354553,49.36404037,335.1214905,49.3847084,335.6393738,49.40637589,36.04951859,49.42687607,58.23395157,
50.00083542,364.3435974,50.02104187,360.1870422,50.04154205,380.8022156,50.06254196,384.6144409,50.08374786,402.003479,50.10429382,40.69322968,50.12531281,56.76128769,50.27587509,371.0455322,50.25429153,346.7796936,50.23379135,332.309967,50.21341705,368.0812073,50.19189453,359.5904541,50.17087555,34.13377762,50.15070724,44.78878403,50.29987335,376.4530029,50.32106018,337.6166077,50.34196091,353.6373596,50.3621254,341.8198547,50.38306046,350.5790405,50.40429306,38.72917557,50.42458344,59.53509903,
51.00083542,370.2776489,51.02187347,354.7837524,51.04306412,384.6711426,51.06341553,370.2881165,51.08481598,400.4255676,51.10572815,37.0663414,51.12637711,58.14464951,51.27506256,366.3326721,51.25472641,364.5292053,51.23389435,343.2167053,51.21289444,359.9686584,51.19254303,359.3887634,51.17139435,36.66818619,51.15114594,47.38838577,51.30137634,372.0522156,51.3222084,334.9801941,51.34339523,344.022644,51.36358261,341.3381958,51.38495636,337.2444763,51.40589523,32.97806549,51.42639542,56.39488602,
52.00083542,364.3811951,52.02072906,353.1099854,52.04189301,389.9135132,52.06222916,371.6208191,52.08358002,397.6604004,52.10481262,38.29026031,52.12522888,59.02101898,52.27658463,359.0996399,52.25529099,358.9094543,52.23506165,348.0784302,52.21422958,377.0933838,52.19322968,361.3896484,52.17264557,33.04164886,52.15162277,45.76946259,52.30072784,377.2836304,52.32137299,324.8241577,52.34272766,339.0830994,52.36329269,347.4553223,52.38487625,337.8414307,52.40504074,40.06039429,52.42656326,56.22985458,
53.00083542,366.5188904,53.02297592,352.5230713,53.04404449,385.0751038,53.06454086,375.0258179,53.08606339,403.8803101,53.10639572,39.35477829,53.12791824,58.30437851,53.27770996,353.7016602,53.25647736,365.2001038,53.23587799,337.433136,53.21547699,359.6392517,53.19431305,362.8348694,53.17291641,34.71483231,53.1521225,47.01907349,53.30389404,366.7338257,53.32441711,338.4966431,53.34473038,349.4667969,53.36587143,334.5065308,53.38631058,329.2169495,53.4074173,32.73827362,53.42812347,60.62472916,
54.00083542,366.9711609,54.02156067,351.4255981,54.0421257,382.5770264,54.06339645,356.7684326,54.08372879,398.8082886,54.10439301,38.23013687,54.12475204,56.98679352,54.27489471,360.5330505,54.253479,353.786499,54.23241806,355.0819092,54.21205902,373.1729126,54.1905632,362.4171143,54.1707077,36.49345398,54.14955902,45.31899643,54.30056,371.2958984,54.3218956,336.6301575,54.34295654,348.9732056,54.36389542,344.6553955,54.38523102,332.3424988,54.40537643,38.10664749,54.4262886,56.92130661,
55.00083542,362.7065125,55.02129364,363.1720581,55.0425415,385.8916321,55.06287384,360.018158,55.08372879,402.605835,55.1049614,36.39010239,55.1254158,58.4884491,55.27656174,362.4777527,55.25556183,359.9668884,55.23506165,348.6760864,55.21406174,361.120697,55.19339752,368.9937439,55.17289734,35.17476273,55.15204239,45.90331268,55.30256271,367.4416809,55.3233757,324.406189,55.34441757,343.4212646,55.36491776,335.6555786,55.38606262,337.1472168,55.40724945,35.31547546,55.4275856,53.99214172,
56.00083542,372.4112549,56.02156067,349.7642517,56.04248047,366.2467346,56.06354141,371.3873291,56.08414841,395.5961914,56.10508347,41.59371185,56.12556076,58.46320343,56.27823257,361.1074524,56.25708389,358.0670776,56.23562241,337.4176636,56.21454239,366.4638977,56.19391632,367.8636475,56.17279053,34.71435165,56.15230942,47.17785263,56.30370712,381.9806213,56.3250618,335.5585938,56.34612656,342.7088928,56.366539,333.4048157,56.38764572,330.9345398,56.40829086,34.75043106,56.42948151,56.223423,
57.00083542,369.1531982,57.02158356,360.8764038,57.0418129,382.5046387,57.06356049,361.3394165,57.08458328,398.6610718,57.1046257,39.68968201,57.1264801,59.8067131,57.27648163,356.7641907,57.25554276,351.6417847,57.23487473,346.024231,57.21345901,361.363739,57.19279099,348.1832581,57.17141342,34.26435089,57.15073013,44.4386673,57.30304337,377.701416,57.32391739,333.9924011,57.3443985,343.2579651,57.36556244,335.3809204,57.38656235,341.2826233,57.40756607,35.01470947,57.42773056,56.41582108,
58.00083542,366.2088623,58.02220917,359.0204773,58.04304123,386.2514954,58.06337357,375.1985779,58.08439636,399.9396973,58.10562515,38.93109131,58.12670898,61.37319565,58.27804184,366.1639404,58.25773239,356.306427,58.23670578,338.1993713,58.21531296,366.1953125,58.19487381,358.0821838,58.17372894,34.22784805,58.15306473,46.32924271,58.30323029,371.5371399,58.32339859,332.5474854,58.34537506,340.7243042,58.36573029,327.8500366,58.38687515,331.4350281,58.40797806,35.0933609,58.42845917,54.28481674,
59.00083542,363.6652527,59.02206039,364.734436,59.04220963,379.6152649,59.06374741,368.274231,59.08475113,404.3612976,59.10528946,39.25959396,59.12604141,65.03275299,59.27839661,367.6248779,59.25720978,351.6058044,59.23604202,340.4032593,59.21539688,357.7865906,59.19421005,356.5814819,59.17387772,36.62038422,59.15254211,45.22843552,59.30439377,369.4762268,59.32572937,323.2112427,59.34656143,345.8009338,59.36689377,334.5382996,59.3875618,333.7356567,59.40889359,36.01702499,59.42922592,56.52121353,
60.00083542,370.091217,60.02189636,361.0988159,60.04256058,388.4763184,60.06404114,378.2668152,60.08489609,399.3098755,60.10508347,40.24953461,60.12662506,59.02610016,60.27837372,367.4361572,60.25770569,346.0632935,60.23639679,335.1739502,60.21573257,365.6419373,60.19506454,367.7835388,60.17370987,35.40145874,60.15320587,47.84561539,60.30524826,365.66745,60.32604218,325.7677002,60.34624863,339.760376,60.36741638,342.2150574,60.3883934,332.2032471,60.40920639,35.17168808,60.42956161,55.39271927,

Sample A1,
Sample A1
Collection Time: 05-Nov-24 12:56:01 PM
Operator Name  :
Kinetics Software Version: 1.2(146)
Parameter List :
Report Time: Tue 05 Nov 12:56:01 PM 2024
Software version: 1.2(146)
Operator:
Instrument Parameters
Instrument                        Cary Eclipse
Instrument Serial Number          MY18160001
Data mode                         Fluorescence
Ex. wavelength (nm)               495.00
Em. wavelength (nm)               515.00
Ex. Slit (nm)                     5
Em. Slit (nm)                     5
Averaging Time (s)                0.1000
Cycle time(min)                   1.0000
Stop time(min)                    60.0000
Emission filter                   Open
Excitation Filter                 Auto
PMT voltage (V)                   High
Wellplate                         ON
Plate format                     96 Wells
Read position                    Well centre
Multi-zero                       OFF
Auto-zero                        OFF
Well                            A1
Comments:
Method Log     :
Method Name    : C:\USERS\ADMIN\DESKTOP\TXC.FBKN
Date/Time stamp: 12-Jun-24 9:10:34 AM
Method Modifications:
Wellplate Overlay Mode Changed: 11-Jun-24 5:29:48 PM, Old:Individual, New:Choice 1
Wellplate Overlay Mode Changed: 11-Jun-24 5:29:48 PM, Old:Overlay all, New:Choice 2
Wellplate Overlay Mode Changed: 11-Jun-24 5:29:48 PM, Old:Overlay rows, New:Choice 3
Wellplate Overlay Mode Changed: 11-Jun-24 5:29:48 PM, Old:Overlay columns, New:Choice 4
Wellplate Overlay Mode Changed: 11-Jun-24 5:29:48 PM, Old:User defined, New:Overlay columns
PMT Volts Changed: 11-Jun-24 5:34:02 PM, Old:600, New:550
Well plate reader Changed: 11-Jun-24 5:34:02 PM, Old:OFF, New:ON
Autoconvert Changed: 11-Jun-24 5:34:02 PM, Old:None, New:Ascii
Excitation Wavelength Changed: 11-Jun-24 5:34:02 PM, Old: 400.00, New: 494.00
Emission Wavelength Changed: 11-Jun-24 5:34:02 PM, Old: 600.00, New: 514.00
Stop Time 1 Changed: 11-Jun-24 5:34:02 PM, Old: 1.0000, New:120.0000
Emission PMT (V): Changed: 11-Jun-24 5:34:02 PM, Old: 600, New: 550
Wellplate Samples Changed: 11-Jun-24 5:34:02 PM, Old:, New:A1;A2;A3;A4;A5;A6;A7;A8;A9;A10;A11;A12;B1;B2;B3;B4;B5;B6;B7;B8;B9;B10;B11;B12;C1;C2;C3;C4;C5;C6;C7;C8;C9;C10;C11;C12;D1;D2;D3;D4;D5;D6;D7;D8;D9;D10;D11;D12;E1;E2;E3;E4;E5;E6;E7;E8;E9;E10;E11;E12;F1;F2;F3;F4;F5;F6;F7;F8;F9;F10;F11;F12;G1;G2;G3;G4;G5;G6;G7;G8;G9;G10;G11;G12;H1;H2;H3;H4;H5;H6;H7;H8;H9;H10;H11;H12;
Stop Time 1 Changed: 12-Jun-24 8:47:35 AM, Old:120.0000, New: 3.0000
Current Method Changed: 05-Nov-24 12:49:38 PM, Old:C:\Users\admin\Desktop\txc.FBKN, New:C:\USERS\ADMIN\DESKTOP\TXC.FBKN
Excitation Wavelength Changed: 05-Nov-24 12:51:26 PM, Old: 494.00, New: 495.00
Emission Wavelength Changed: 05-Nov-24 12:51:26 PM, Old: 514.00, New: 515.00
Cycle Time 1 Changed: 05-Nov-24 12:51:26 PM, Old: 0.0000, New: 1.0000
Stop Time 1 Changed: 05-Nov-24 12:51:26 PM, Old: 3.0000, New: 1.0000
Wellplate Samples Changed: 05-Nov-24 12:51:26 PM, Old:A1;A2;A3;A4;A5;A6;A7;A8;A9;A10;A11;A12;B1;B2;B3;B4;B5;B6;B7;B8;B9;B10;B11;B12;C1;C2;C3;C4;C5;C6;C7;C8;C9;C10;C11;C12;D1;D2;D3;D4;D5;D6;D7;D8;D9;D10;D11;D12;E1;E2;E3;E4;E5;E6;E7;E8;E9;E10;E11;E12;F1;F2;F3;F4;F5;F6;F7;F8;F9;F10;F11;F12;G1;G2;G3;G4;G5;G6;G7;G8;G9;G10;G11;G12;H1;H2;H3;H4;H5;H6;H7;H8;H9;H10;H11;H12;, New:A1;A2;A3;A4;A5;A6;A7;B1;B2;B3;B4;B5;B6;B7;C1;C2;C3;C4;C5;C6;C7;
PMT Volts Changed: 05-Nov-24 12:51:38 PM, Old:550, New:600
Emission PMT (V): Changed: 05-Nov-24 12:51:38 PM, Old: 550, New: 600
PMT Volts Changed: 05-Nov-24 12:52:16 PM, Old:600, New:800
Emission PMT (V): Changed: 05-Nov-24 12:52:16 PM, Old: 600, New: 800
Stop Time 1 Changed: 05-Nov-24 12:54:44 PM, Old: 1.0000, New:60.0000
End Method Modifications

Sample A2,
Sample A2
Collection Time: 05-Nov-24 12:56:01 PM
Operator Name  :
Kinetics Software Version: 1.2(146)
Parameter List :
Report Time: Tue 05 Nov 12:56:01 PM 2024
Software version: 1.2(146)
Operator:
Instrument Parameters
Instrument                        Cary Eclipse
Instrument Serial Number          MY18160001
Data mode                         Fluorescence
Ex. wavelength (nm)               495.00
Em. wavelength (nm)               515.00
Ex. Slit (nm)                     5
Em. Slit (nm)                     5
Averaging Time (s)                0.1000
Cycle time(min)                   1.0000
Stop time(min)                    60.0000
Emission filter                   Open
Excitation Filter                 Auto
PMT voltage (V)                   High
Wellplate                         ON
Plate format                     96 Wells
Read position                    Well centre
Multi-zero                       OFF
Auto-zero                        OFF
Well                            A1
Comments:
Method Log     :
Method Name    : C:\USERS\ADMIN\DESKTOP\TXC.FBKN
Date/Time stamp: 12-Jun-24 9:10:34 AM
Method Modifications:
Wellplate Overlay Mode Changed: 11-Jun-24 5:29:48 PM, Old:Individual, New:Choice 1
Wellplate Overlay Mode Changed: 11-Jun-24 5:29:48 PM, Old:Overlay all, New:Choice 2
Wellplate Overlay Mode Changed: 11-Jun-24 5:29:48 PM, Old:Overlay rows, New:Choice 3
Wellplate Overlay Mode Changed: 11-Jun-24 5:29:48 PM, Old:Overlay columns, New:Choice 4
Wellplate Overlay Mode Changed: 11-Jun-24 5:29:48 PM, Old:User defined, New:Overlay columns
PMT Volts Changed: 11-Jun-24 5:34:02 PM, Old:600, New:550
Well plate reader Changed: 11-Jun-24 5:34:02 PM, Old:OFF, New:ON
Autoconvert Changed: 11-Jun-24 5:34:02 PM, Old:None, New:Ascii
Excitation Wavelength Changed: 11-Jun-24 5:34:02 PM, Old: 400.00, New: 494.00
Emission Wavelength Changed: 11-Jun-24 5:34:02 PM, Old: 600.00, New: 514.00
Stop Time 1 Changed: 11-Jun-24 5:34:02 PM, Old: 1.0000, New:120.0000
Emission PMT (V): Changed: 11-Jun-24 5:34:02 PM, Old: 600, New: 550
Wellplate Samples Changed: 11-Jun-24 5:34:02 PM, Old:, New:A1;A2;A3;A4;A5;A6;A7;A8;A9;A10;A11;A12;B1;B2;B3;B4;B5;B6;B7;B8;B9;B10;B11;B12;C1;C2;C3;C4;C5;C6;C7;C8;C9;C10;C11;C12;D1;D2;D3;D4;D5;D6;D7;D8;D9;D10;D11;D12;E1;E2;E3;E4;E5;E6;E7;E8;E9;E10;E11;E12;F1;F2;F3;F4;F5;F6;F7;F8;F9;F10;F11;F12;G1;G2;G3;G4;G5;G6;G7;G8;G9;G10;G11;G12;H1;H2;H3;H4;H5;H6;H7;H8;H9;H10;H11;H12;
Stop Time 1 Changed: 12-Jun-24 8:47:35 AM, Old:120.0000, New: 3.0000
Current Method Changed: 05-Nov-24 12:49:38 PM, Old:C:\Users\admin\Desktop\txc.FBKN, New:C:\USERS\ADMIN\DESKTOP\TXC.FBKN
Excitation Wavelength Changed: 05-Nov-24 12:51:26 PM, Old: 494.00, New: 495.00
Emission Wavelength Changed: 05-Nov-24 12:51:26 PM, Old: 514.00, New: 515.00
Cycle Time 1 Changed: 05-Nov-24 12:51:26 PM, Old: 0.0000, New: 1.0000
Stop Time 1 Changed: 05-Nov-24 12:51:26 PM, Old: 3.0000, New: 1.0000
Wellplate Samples Changed: 05-Nov-24 12:51:26 PM, Old:A1;A2;A3;A4;A5;A6;A7;A8;A9;A10;A11;A12;B1;B2;B3;B4;B5;B6;B7;B8;B9;B10;B11;B12;C1;C2;C3;C4;C5;C6;C7;C8;C9;C10;C11;C12;D1;D2;D3;D4;D5;D6;D7;D8;D9;D10;D11;D12;E1;E2;E3;E4;E5;E6;E7;E8;E9;E10;E11;E12;F1;F2;F3;F4;F5;F6;F7;F8;F9;F10;F11;F12;G1;G2;G3;G4;G5;G6;G7;G8;G9;G10;G11;G12;H1;H2;H3;H4;H5;H6;H7;H8;H9;H10;H11;H12;, New:A1;A2;A3;A4;A5;A6;A7;B1;B2;B3;B4;B5;B6;B7;C1;C2;C3;C4;C5;C6;C7;
PMT Volts Changed: 05-Nov-24 12:51:38 PM, Old:550, New:600
Emission PMT (V): Changed: 05-Nov-24 12:51:38 PM, Old: 550, New: 600
PMT Volts Changed: 05-Nov-24 12:52:16 PM, Old:600, New:800
Emission PMT (V): Changed: 05-Nov-24 12:52:16 PM, Old: 600, New: 800
Stop Time 1 Changed: 05-Nov-24 12:54:44 PM, Old: 1.0000, New:60.0000
End Method Modifications

Sample A3,
Sample A3
Collection Time: 05-Nov-24 12:56:01 PM
Operator Name  :
Kinetics Software Version: 1.2(146)
Parameter List :
Report Time: Tue 05 Nov 12:56:01 PM 2024
Software version: 1.2(146)
Operator:
Instrument Parameters
Instrument                        Cary Eclipse
Instrument Serial Number          MY18160001
Data mode                         Fluorescence
Ex. wavelength (nm)               495.00
Em. wavelength (nm)               515.00
Ex. Slit (nm)                     5
Em. Slit (nm)                     5
Averaging Time (s)                0.1000
Cycle time(min)                   1.0000
Stop time(min)                    60.0000
Emission filter                   Open
Excitation Filter                 Auto
PMT voltage (V)                   High
Wellplate                         ON
Plate format                     96 Wells
Read position                    Well centre
Multi-zero                       OFF
Auto-zero                        OFF
Well                            A1
Comments:
Method Log     :
Method Name    : C:\USERS\ADMIN\DESKTOP\TXC.FBKN
Date/Time stamp: 12-Jun-24 9:10:34 AM
Method Modifications:
Wellplate Overlay Mode Changed: 11-Jun-24 5:29:48 PM, Old:Individual, New:Choice 1
Wellplate Overlay Mode Changed: 11-Jun-24 5:29:48 PM, Old:Overlay all, New:Choice 2
Wellplate Overlay Mode Changed: 11-Jun-24 5:29:48 PM, Old:Overlay rows, New:Choice 3
Wellplate Overlay Mode Changed: 11-Jun-24 5:29:48 PM, Old:Overlay columns, New:Choice 4
Wellplate Overlay Mode Changed: 11-Jun-24 5:29:48 PM, Old:User defined, New:Overlay columns
PMT Volts Changed: 11-Jun-24 5:34:02 PM, Old:600, New:550
Well plate reader Changed: 11-Jun-24 5:34:02 PM, Old:OFF, New:ON
Autoconvert Changed: 11-Jun-24 5:34:02 PM, Old:None, New:Ascii
Excitation Wavelength Changed: 11-Jun-24 5:34:02 PM, Old: 400.00, New: 494.00
Emission Wavelength Changed: 11-Jun-24 5:34:02 PM, Old: 600.00, New: 514.00
Stop Time 1 Changed: 11-Jun-24 5:34:02 PM, Old: 1.0000, New:120.0000
Emission PMT (V): Changed: 11-Jun-24 5:34:02 PM, Old: 600, New: 550
Wellplate Samples Changed: 11-Jun-24 5:34:02 PM, Old:, New:A1;A2;A3;A4;A5;A6;A7;A8;A9;A10;A11;A12;B1;B2;B3;B4;B5;B6;B7;B8;B9;B10;B11;B12;C1;C2;C3;C4;C5;C6;C7;C8;C9;C10;C11;C12;D1;D2;D3;D4;D5;D6;D7;D8;D9;D10;D11;D12;E1;E2;E3;E4;E5;E6;E7;E8;E9;E10;E11;E12;F1;F2;F3;F4;F5;F6;F7;F8;F9;F10;F11;F12;G1;G2;G3;G4;G5;G6;G7;G8;G9;G10;G11;G12;H1;H2;H3;H4;H5;H6;H7;H8;H9;H10;H11;H12;
Stop Time 1 Changed: 12-Jun-24 8:47:35 AM, Old:120.0000, New: 3.0000
Current Method Changed: 05-Nov-24 12:49:38 PM, Old:C:\Users\admin\Desktop\txc.FBKN, New:C:\USERS\ADMIN\DESKTOP\TXC.FBKN
Excitation Wavelength Changed: 05-Nov-24 12:51:26 PM, Old: 494.00, New: 495.00
Emission Wavelength Changed: 05-Nov-24 12:51:26 PM, Old: 514.00, New: 515.00
Cycle Time 1 Changed: 05-Nov-24 12:51:26 PM, Old: 0.0000, New: 1.0000
Stop Time 1 Changed: 05-Nov-24 12:51:26 PM, Old: 3.0000, New: 1.0000
Wellplate Samples Changed: 05-Nov-24 12:51:26 PM, Old:A1;A2;A3;A4;A5;A6;A7;A8;A9;A10;A11;A12;B1;B2;B3;B4;B5;B6;B7;B8;B9;B10;B11;B12;C1;C2;C3;C4;C5;C6;C7;C8;C9;C10;C11;C12;D1;D2;D3;D4;D5;D6;D7;D8;D9;D10;D11;D12;E1;E2;E3;E4;E5;E6;E7;E8;E9;E10;E11;E12;F1;F2;F3;F4;F5;F6;F7;F8;F9;F10;F11;F12;G1;G2;G3;G4;G5;G6;G7;G8;G9;G10;G11;G12;H1;H2;H3;H4;H5;H6;H7;H8;H9;H10;H11;H12;, New:A1;A2;A3;A4;A5;A6;A7;B1;B2;B3;B4;B5;B6;B7;C1;C2;C3;C4;C5;C6;C7;
PMT Volts Changed: 05-Nov-24 12:51:38 PM, Old:550, New:600
Emission PMT (V): Changed: 05-Nov-24 12:51:38 PM, Old: 550, New: 600
PMT Volts Changed: 05-Nov-24 12:52:16 PM, Old:600, New:800
Emission PMT (V): Changed: 05-Nov-24 12:52:16 PM, Old: 600, New: 800
Stop Time 1 Changed: 05-Nov-24 12:54:44 PM, Old: 1.0000, New:60.0000
End Method Modifications

Sample A4,
Sample A4
Collection Time: 05-Nov-24 12:56:01 PM
Operator Name  :
Kinetics Software Version: 1.2(146)
Parameter List :
Report Time: Tue 05 Nov 12:56:01 PM 2024
Software version: 1.2(146)
Operator:
Instrument Parameters
Instrument                        Cary Eclipse
Instrument Serial Number          MY18160001
Data mode                         Fluorescence
Ex. wavelength (nm)               495.00
Em. wavelength (nm)               515.00
Ex. Slit (nm)                     5
Em. Slit (nm)                     5
Averaging Time (s)                0.1000
Cycle time(min)                   1.0000
Stop time(min)                    60.0000
Emission filter                   Open
Excitation Filter                 Auto
PMT voltage (V)                   High
Wellplate                         ON
Plate format                     96 Wells
Read position                    Well centre
Multi-zero                       OFF
Auto-zero                        OFF
Well                            A1
Comments:
Method Log     :
Method Name    : C:\USERS\ADMIN\DESKTOP\TXC.FBKN
Date/Time stamp: 12-Jun-24 9:10:34 AM
Method Modifications:
Wellplate Overlay Mode Changed: 11-Jun-24 5:29:48 PM, Old:Individual, New:Choice 1
Wellplate Overlay Mode Changed: 11-Jun-24 5:29:48 PM, Old:Overlay all, New:Choice 2
Wellplate Overlay Mode Changed: 11-Jun-24 5:29:48 PM, Old:Overlay rows, New:Choice 3
Wellplate Overlay Mode Changed: 11-Jun-24 5:29:48 PM, Old:Overlay columns, New:Choice 4
Wellplate Overlay Mode Changed: 11-Jun-24 5:29:48 PM, Old:User defined, New:Overlay columns
PMT Volts Changed: 11-Jun-24 5:34:02 PM, Old:600, New:550
Well plate reader Changed: 11-Jun-24 5:34:02 PM, Old:OFF, New:ON
Autoconvert Changed: 11-Jun-24 5:34:02 PM, Old:None, New:Ascii
Excitation Wavelength Changed: 11-Jun-24 5:34:02 PM, Old: 400.00, New: 494.00
Emission Wavelength Changed: 11-Jun-24 5:34:02 PM, Old: 600.00, New: 514.00
Stop Time 1 Changed: 11-Jun-24 5:34:02 PM, Old: 1.0000, New:120.0000
Emission PMT (V): Changed: 11-Jun-24 5:34:02 PM, Old: 600, New: 550
Wellplate Samples Changed: 11-Jun-24 5:34:02 PM, Old:, New:A1;A2;A3;A4;A5;A6;A7;A8;A9;A10;A11;A12;B1;B2;B3;B4;B5;B6;B7;B8;B9;B10;B11;B12;C1;C2;C3;C4;C5;C6;C7;C8;C9;C10;C11;C12;D1;D2;D3;D4;D5;D6;D7;D8;D9;D10;D11;D12;E1;E2;E3;E4;E5;E6;E7;E8;E9;E10;E11;E12;F1;F2;F3;F4;F5;F6;F7;F8;F9;F10;F11;F12;G1;G2;G3;G4;G5;G6;G7;G8;G9;G10;G11;G12;H1;H2;H3;H4;H5;H6;H7;H8;H9;H10;H11;H12;
Stop Time 1 Changed: 12-Jun-24 8:47:35 AM, Old:120.0000, New: 3.0000
Current Method Changed: 05-Nov-24 12:49:38 PM, Old:C:\Users\admin\Desktop\txc.FBKN, New:C:\USERS\ADMIN\DESKTOP\TXC.FBKN
Excitation Wavelength Changed: 05-Nov-24 12:51:26 PM, Old: 494.00, New: 495.00
Emission Wavelength Changed: 05-Nov-24 12:51:26 PM, Old: 514.00, New: 515.00
Cycle Time 1 Changed: 05-Nov-24 12:51:26 PM, Old: 0.0000, New: 1.0000
Stop Time 1 Changed: 05-Nov-24 12:51:26 PM, Old: 3.0000, New: 1.0000
Wellplate Samples Changed: 05-Nov-24 12:51:26 PM, Old:A1;A2;A3;A4;A5;A6;A7;A8;A9;A10;A11;A12;B1;B2;B3;B4;B5;B6;B7;B8;B9;B10;B11;B12;C1;C2;C3;C4;C5;C6;C7;C8;C9;C10;C11;C12;D1;D2;D3;D4;D5;D6;D7;D8;D9;D10;D11;D12;E1;E2;E3;E4;E5;E6;E7;E8;E9;E10;E11;E12;F1;F2;F3;F4;F5;F6;F7;F8;F9;F10;F11;F12;G1;G2;G3;G4;G5;G6;G7;G8;G9;G10;G11;G12;H1;H2;H3;H4;H5;H6;H7;H8;H9;H10;H11;H12;, New:A1;A2;A3;A4;A5;A6;A7;B1;B2;B3;B4;B5;B6;B7;C1;C2;C3;C4;C5;C6;C7;
PMT Volts Changed: 05-Nov-24 12:51:38 PM, Old:550, New:600
Emission PMT (V): Changed: 05-Nov-24 12:51:38 PM, Old: 550, New: 600
PMT Volts Changed: 05-Nov-24 12:52:16 PM, Old:600, New:800
Emission PMT (V): Changed: 05-Nov-24 12:52:16 PM, Old: 600, New: 800
Stop Time 1 Changed: 05-Nov-24 12:54:44 PM, Old: 1.0000, New:60.0000
End Method Modifications

Sample A5,
Sample A5
Collection Time: 05-Nov-24 12:56:01 PM
Operator Name  :
Kinetics Software Version: 1.2(146)
Parameter List :
Report Time: Tue 05 Nov 12:56:01 PM 2024
Software version: 1.2(146)
Operator:
Instrument Parameters
Instrument                        Cary Eclipse
Instrument Serial Number          MY18160001
Data mode                         Fluorescence
Ex. wavelength (nm)               495.00
Em. wavelength (nm)               515.00
Ex. Slit (nm)                     5
Em. Slit (nm)                     5
Averaging Time (s)                0.1000
Cycle time(min)                   1.0000
Stop time(min)                    60.0000
Emission filter                   Open
Excitation Filter                 Auto
PMT voltage (V)                   High
Wellplate                         ON
Plate format                     96 Wells
Read position                    Well centre
Multi-zero                       OFF
Auto-zero                        OFF
Well                            A1
Comments:
Method Log     :
Method Name    : C:\USERS\ADMIN\DESKTOP\TXC.FBKN
Date/Time stamp: 12-Jun-24 9:10:34 AM
Method Modifications:
Wellplate Overlay Mode Changed: 11-Jun-24 5:29:48 PM, Old:Individual, New:Choice 1
Wellplate Overlay Mode Changed: 11-Jun-24 5:29:48 PM, Old:Overlay all, New:Choice 2
Wellplate Overlay Mode Changed: 11-Jun-24 5:29:48 PM, Old:Overlay rows, New:Choice 3
Wellplate Overlay Mode Changed: 11-Jun-24 5:29:48 PM, Old:Overlay columns, New:Choice 4
Wellplate Overlay Mode Changed: 11-Jun-24 5:29:48 PM, Old:User defined, New:Overlay columns
PMT Volts Changed: 11-Jun-24 5:34:02 PM, Old:600, New:550
Well plate reader Changed: 11-Jun-24 5:34:02 PM, Old:OFF, New:ON
Autoconvert Changed: 11-Jun-24 5:34:02 PM, Old:None, New:Ascii
Excitation Wavelength Changed: 11-Jun-24 5:34:02 PM, Old: 400.00, New: 494.00
Emission Wavelength Changed: 11-Jun-24 5:34:02 PM, Old: 600.00, New: 514.00
Stop Time 1 Changed: 11-Jun-24 5:34:02 PM, Old: 1.0000, New:120.0000
Emission PMT (V): Changed: 11-Jun-24 5:34:02 PM, Old: 600, New: 550
Wellplate Samples Changed: 11-Jun-24 5:34:02 PM, Old:, New:A1;A2;A3;A4;A5;A6;A7;A8;A9;A10;A11;A12;B1;B2;B3;B4;B5;B6;B7;B8;B9;B10;B11;B12;C1;C2;C3;C4;C5;C6;C7;C8;C9;C10;C11;C12;D1;D2;D3;D4;D5;D6;D7;D8;D9;D10;D11;D12;E1;E2;E3;E4;E5;E6;E7;E8;E9;E10;E11;E12;F1;F2;F3;F4;F5;F6;F7;F8;F9;F10;F11;F12;G1;G2;G3;G4;G5;G6;G7;G8;G9;G10;G11;G12;H1;H2;H3;H4;H5;H6;H7;H8;H9;H10;H11;H12;
Stop Time 1 Changed: 12-Jun-24 8:47:35 AM, Old:120.0000, New: 3.0000
Current Method Changed: 05-Nov-24 12:49:38 PM, Old:C:\Users\admin\Desktop\txc.FBKN, New:C:\USERS\ADMIN\DESKTOP\TXC.FBKN
Excitation Wavelength Changed: 05-Nov-24 12:51:26 PM, Old: 494.00, New: 495.00
Emission Wavelength Changed: 05-Nov-24 12:51:26 PM, Old: 514.00, New: 515.00
Cycle Time 1 Changed: 05-Nov-24 12:51:26 PM, Old: 0.0000, New: 1.0000
Stop Time 1 Changed: 05-Nov-24 12:51:26 PM, Old: 3.0000, New: 1.0000
Wellplate Samples Changed: 05-Nov-24 12:51:26 PM, Old:A1;A2;A3;A4;A5;A6;A7;A8;A9;A10;A11;A12;B1;B2;B3;B4;B5;B6;B7;B8;B9;B10;B11;B12;C1;C2;C3;C4;C5;C6;C7;C8;C9;C10;C11;C12;D1;D2;D3;D4;D5;D6;D7;D8;D9;D10;D11;D12;E1;E2;E3;E4;E5;E6;E7;E8;E9;E10;E11;E12;F1;F2;F3;F4;F5;F6;F7;F8;F9;F10;F11;F12;G1;G2;G3;G4;G5;G6;G7;G8;G9;G10;G11;G12;H1;H2;H3;H4;H5;H6;H7;H8;H9;H10;H11;H12;, New:A1;A2;A3;A4;A5;A6;A7;B1;B2;B3;B4;B5;B6;B7;C1;C2;C3;C4;C5;C6;C7;
PMT Volts Changed: 05-Nov-24 12:51:38 PM, Old:550, New:600
Emission PMT (V): Changed: 05-Nov-24 12:51:38 PM, Old: 550, New: 600
PMT Volts Changed: 05-Nov-24 12:52:16 PM, Old:600, New:800
Emission PMT (V): Changed: 05-Nov-24 12:52:16 PM, Old: 600, New: 800
Stop Time 1 Changed: 05-Nov-24 12:54:44 PM, Old: 1.0000, New:60.0000
End Method Modifications

Sample A6,
Sample A6
Collection Time: 05-Nov-24 12:56:01 PM
Operator Name  :
Kinetics Software Version: 1.2(146)
Parameter List :
Report Time: Tue 05 Nov 12:56:01 PM 2024
Software version: 1.2(146)
Operator:
Instrument Parameters
Instrument                        Cary Eclipse
Instrument Serial Number          MY18160001
Data mode                         Fluorescence
Ex. wavelength (nm)               495.00
Em. wavelength (nm)               515.00
Ex. Slit (nm)                     5
Em. Slit (nm)                     5
Averaging Time (s)                0.1000
Cycle time(min)                   1.0000
Stop time(min)                    60.0000
Emission filter                   Open
Excitation Filter                 Auto
PMT voltage (V)                   High
Wellplate                         ON
Plate format                     96 Wells
Read position                    Well centre
Multi-zero                       OFF
Auto-zero                        OFF
Well                            A1
Comments:
Method Log     :
Method Name    : C:\USERS\ADMIN\DESKTOP\TXC.FBKN
Date/Time stamp: 12-Jun-24 9:10:34 AM
Method Modifications:
Wellplate Overlay Mode Changed: 11-Jun-24 5:29:48 PM, Old:Individual, New:Choice 1
Wellplate Overlay Mode Changed: 11-Jun-24 5:29:48 PM, Old:Overlay all, New:Choice 2
Wellplate Overlay Mode Changed: 11-Jun-24 5:29:48 PM, Old:Overlay rows, New:Choice 3
Wellplate Overlay Mode Changed: 11-Jun-24 5:29:48 PM, Old:Overlay columns, New:Choice 4
Wellplate Overlay Mode Changed: 11-Jun-24 5:29:48 PM, Old:User defined, New:Overlay columns
PMT Volts Changed: 11-Jun-24 5:34:02 PM, Old:600, New:550
Well plate reader Changed: 11-Jun-24 5:34:02 PM, Old:OFF, New:ON
Autoconvert Changed: 11-Jun-24 5:34:02 PM, Old:None, New:Ascii
Excitation Wavelength Changed: 11-Jun-24 5:34:02 PM, Old: 400.00, New: 494.00
Emission Wavelength Changed: 11-Jun-24 5:34:02 PM, Old: 600.00, New: 514.00
Stop Time 1 Changed: 11-Jun-24 5:34:02 PM, Old: 1.0000, New:120.0000
Emission PMT (V): Changed: 11-Jun-24 5:34:02 PM, Old: 600, New: 550
Wellplate Samples Changed: 11-Jun-24 5:34:02 PM, Old:, New:A1;A2;A3;A4;A5;A6;A7;A8;A9;A10;A11;A12;B1;B2;B3;B4;B5;B6;B7;B8;B9;B10;B11;B12;C1;C2;C3;C4;C5;C6;C7;C8;C9;C10;C11;C12;D1;D2;D3;D4;D5;D6;D7;D8;D9;D10;D11;D12;E1;E2;E3;E4;E5;E6;E7;E8;E9;E10;E11;E12;F1;F2;F3;F4;F5;F6;F7;F8;F9;F10;F11;F12;G1;G2;G3;G4;G5;G6;G7;G8;G9;G10;G11;G12;H1;H2;H3;H4;H5;H6;H7;H8;H9;H10;H11;H12;
Stop Time 1 Changed: 12-Jun-24 8:47:35 AM, Old:120.0000, New: 3.0000
Current Method Changed: 05-Nov-24 12:49:38 PM, Old:C:\Users\admin\Desktop\txc.FBKN, New:C:\USERS\ADMIN\DESKTOP\TXC.FBKN
Excitation Wavelength Changed: 05-Nov-24 12:51:26 PM, Old: 494.00, New: 495.00
Emission Wavelength Changed: 05-Nov-24 12:51:26 PM, Old: 514.00, New: 515.00
Cycle Time 1 Changed: 05-Nov-24 12:51:26 PM, Old: 0.0000, New: 1.0000
Stop Time 1 Changed: 05-Nov-24 12:51:26 PM, Old: 3.0000, New: 1.0000
Wellplate Samples Changed: 05-Nov-24 12:51:26 PM, Old:A1;A2;A3;A4;A5;A6;A7;A8;A9;A10;A11;A12;B1;B2;B3;B4;B5;B6;B7;B8;B9;B10;B11;B12;C1;C2;C3;C4;C5;C6;C7;C8;C9;C10;C11;C12;D1;D2;D3;D4;D5;D6;D7;D8;D9;D10;D11;D12;E1;E2;E3;E4;E5;E6;E7;E8;E9;E10;E11;E12;F1;F2;F3;F4;F5;F6;F7;F8;F9;F10;F11;F12;G1;G2;G3;G4;G5;G6;G7;G8;G9;G10;G11;G12;H1;H2;H3;H4;H5;H6;H7;H8;H9;H10;H11;H12;, New:A1;A2;A3;A4;A5;A6;A7;B1;B2;B3;B4;B5;B6;B7;C1;C2;C3;C4;C5;C6;C7;
PMT Volts Changed: 05-Nov-24 12:51:38 PM, Old:550, New:600
Emission PMT (V): Changed: 05-Nov-24 12:51:38 PM, Old: 550, New: 600
PMT Volts Changed: 05-Nov-24 12:52:16 PM, Old:600, New:800
Emission PMT (V): Changed: 05-Nov-24 12:52:16 PM, Old: 600, New: 800
Stop Time 1 Changed: 05-Nov-24 12:54:44 PM, Old: 1.0000, New:60.0000
End Method Modifications

Sample A7,
Sample A7
Collection Time: 05-Nov-24 12:56:01 PM
Operator Name  :
Kinetics Software Version: 1.2(146)
Parameter List :
Report Time: Tue 05 Nov 12:56:01 PM 2024
Software version: 1.2(146)
Operator:
Instrument Parameters
Instrument                        Cary Eclipse
Instrument Serial Number          MY18160001
Data mode                         Fluorescence
Ex. wavelength (nm)               495.00
Em. wavelength (nm)               515.00
Ex. Slit (nm)                     5
Em. Slit (nm)                     5
Averaging Time (s)                0.1000
Cycle time(min)                   1.0000
Stop time(min)                    60.0000
Emission filter                   Open
Excitation Filter                 Auto
PMT voltage (V)                   High
Wellplate                         ON
Plate format                     96 Wells
Read position                    Well centre
Multi-zero                       OFF
Auto-zero                        OFF
Well                            A1
Comments:
Method Log     :
Method Name    : C:\USERS\ADMIN\DESKTOP\TXC.FBKN
Date/Time stamp: 12-Jun-24 9:10:34 AM
Method Modifications:
Wellplate Overlay Mode Changed: 11-Jun-24 5:29:48 PM, Old:Individual, New:Choice 1
Wellplate Overlay Mode Changed: 11-Jun-24 5:29:48 PM, Old:Overlay all, New:Choice 2
Wellplate Overlay Mode Changed: 11-Jun-24 5:29:48 PM, Old:Overlay rows, New:Choice 3
Wellplate Overlay Mode Changed: 11-Jun-24 5:29:48 PM, Old:Overlay columns, New:Choice 4
Wellplate Overlay Mode Changed: 11-Jun-24 5:29:48 PM, Old:User defined, New:Overlay columns
PMT Volts Changed: 11-Jun-24 5:34:02 PM, Old:600, New:550
Well plate reader Changed: 11-Jun-24 5:34:02 PM, Old:OFF, New:ON
Autoconvert Changed: 11-Jun-24 5:34:02 PM, Old:None, New:Ascii
Excitation Wavelength Changed: 11-Jun-24 5:34:02 PM, Old: 400.00, New: 494.00
Emission Wavelength Changed: 11-Jun-24 5:34:02 PM, Old: 600.00, New: 514.00
Stop Time 1 Changed: 11-Jun-24 5:34:02 PM, Old: 1.0000, New:120.0000
Emission PMT (V): Changed: 11-Jun-24 5:34:02 PM, Old: 600, New: 550
Wellplate Samples Changed: 11-Jun-24 5:34:02 PM, Old:, New:A1;A2;A3;A4;A5;A6;A7;A8;A9;A10;A11;A12;B1;B2;B3;B4;B5;B6;B7;B8;B9;B10;B11;B12;C1;C2;C3;C4;C5;C6;C7;C8;C9;C10;C11;C12;D1;D2;D3;D4;D5;D6;D7;D8;D9;D10;D11;D12;E1;E2;E3;E4;E5;E6;E7;E8;E9;E10;E11;E12;F1;F2;F3;F4;F5;F6;F7;F8;F9;F10;F11;F12;G1;G2;G3;G4;G5;G6;G7;G8;G9;G10;G11;G12;H1;H2;H3;H4;H5;H6;H7;H8;H9;H10;H11;H12;
Stop Time 1 Changed: 12-Jun-24 8:47:35 AM, Old:120.0000, New: 3.0000
Current Method Changed: 05-Nov-24 12:49:38 PM, Old:C:\Users\admin\Desktop\txc.FBKN, New:C:\USERS\ADMIN\DESKTOP\TXC.FBKN
Excitation Wavelength Changed: 05-Nov-24 12:51:26 PM, Old: 494.00, New: 495.00
Emission Wavelength Changed: 05-Nov-24 12:51:26 PM, Old: 514.00, New: 515.00
Cycle Time 1 Changed: 05-Nov-24 12:51:26 PM, Old: 0.0000, New: 1.0000
Stop Time 1 Changed: 05-Nov-24 12:51:26 PM, Old: 3.0000, New: 1.0000
Wellplate Samples Changed: 05-Nov-24 12:51:26 PM, Old:A1;A2;A3;A4;A5;A6;A7;A8;A9;A10;A11;A12;B1;B2;B3;B4;B5;B6;B7;B8;B9;B10;B11;B12;C1;C2;C3;C4;C5;C6;C7;C8;C9;C10;C11;C12;D1;D2;D3;D4;D5;D6;D7;D8;D9;D10;D11;D12;E1;E2;E3;E4;E5;E6;E7;E8;E9;E10;E11;E12;F1;F2;F3;F4;F5;F6;F7;F8;F9;F10;F11;F12;G1;G2;G3;G4;G5;G6;G7;G8;G9;G10;G11;G12;H1;H2;H3;H4;H5;H6;H7;H8;H9;H10;H11;H12;, New:A1;A2;A3;A4;A5;A6;A7;B1;B2;B3;B4;B5;B6;B7;C1;C2;C3;C4;C5;C6;C7;
PMT Volts Changed: 05-Nov-24 12:51:38 PM, Old:550, New:600
Emission PMT (V): Changed: 05-Nov-24 12:51:38 PM, Old: 550, New: 600
PMT Volts Changed: 05-Nov-24 12:52:16 PM, Old:600, New:800
Emission PMT (V): Changed: 05-Nov-24 12:52:16 PM, Old: 600, New: 800
Stop Time 1 Changed: 05-Nov-24 12:54:44 PM, Old: 1.0000, New:60.0000
End Method Modifications

Sample B1,
Sample B1
Collection Time: 05-Nov-24 12:56:01 PM
Operator Name  :
Kinetics Software Version: 1.2(146)
Parameter List :
Report Time: Tue 05 Nov 12:56:01 PM 2024
Software version: 1.2(146)
Operator:
Instrument Parameters
Instrument                        Cary Eclipse
Instrument Serial Number          MY18160001
Data mode                         Fluorescence
Ex. wavelength (nm)               495.00
Em. wavelength (nm)               515.00
Ex. Slit (nm)                     5
Em. Slit (nm)                     5
Averaging Time (s)                0.1000
Cycle time(min)                   1.0000
Stop time(min)                    60.0000
Emission filter                   Open
Excitation Filter                 Auto
PMT voltage (V)                   High
Wellplate                         ON
Plate format                     96 Wells
Read position                    Well centre
Multi-zero                       OFF
Auto-zero                        OFF
Well                            A1
Comments:
Method Log     :
Method Name    : C:\USERS\ADMIN\DESKTOP\TXC.FBKN
Date/Time stamp: 12-Jun-24 9:10:34 AM
Method Modifications:
Wellplate Overlay Mode Changed: 11-Jun-24 5:29:48 PM, Old:Individual, New:Choice 1
Wellplate Overlay Mode Changed: 11-Jun-24 5:29:48 PM, Old:Overlay all, New:Choice 2
Wellplate Overlay Mode Changed: 11-Jun-24 5:29:48 PM, Old:Overlay rows, New:Choice 3
Wellplate Overlay Mode Changed: 11-Jun-24 5:29:48 PM, Old:Overlay columns, New:Choice 4
Wellplate Overlay Mode Changed: 11-Jun-24 5:29:48 PM, Old:User defined, New:Overlay columns
PMT Volts Changed: 11-Jun-24 5:34:02 PM, Old:600, New:550
Well plate reader Changed: 11-Jun-24 5:34:02 PM, Old:OFF, New:ON
Autoconvert Changed: 11-Jun-24 5:34:02 PM, Old:None, New:Ascii
Excitation Wavelength Changed: 11-Jun-24 5:34:02 PM, Old: 400.00, New: 494.00
Emission Wavelength Changed: 11-Jun-24 5:34:02 PM, Old: 600.00, New: 514.00
Stop Time 1 Changed: 11-Jun-24 5:34:02 PM, Old: 1.0000, New:120.0000
Emission PMT (V): Changed: 11-Jun-24 5:34:02 PM, Old: 600, New: 550
Wellplate Samples Changed: 11-Jun-24 5:34:02 PM, Old:, New:A1;A2;A3;A4;A5;A6;A7;A8;A9;A10;A11;A12;B1;B2;B3;B4;B5;B6;B7;B8;B9;B10;B11;B12;C1;C2;C3;C4;C5;C6;C7;C8;C9;C10;C11;C12;D1;D2;D3;D4;D5;D6;D7;D8;D9;D10;D11;D12;E1;E2;E3;E4;E5;E6;E7;E8;E9;E10;E11;E12;F1;F2;F3;F4;F5;F6;F7;F8;F9;F10;F11;F12;G1;G2;G3;G4;G5;G6;G7;G8;G9;G10;G11;G12;H1;H2;H3;H4;H5;H6;H7;H8;H9;H10;H11;H12;
Stop Time 1 Changed: 12-Jun-24 8:47:35 AM, Old:120.0000, New: 3.0000
Current Method Changed: 05-Nov-24 12:49:38 PM, Old:C:\Users\admin\Desktop\txc.FBKN, New:C:\USERS\ADMIN\DESKTOP\TXC.FBKN
Excitation Wavelength Changed: 05-Nov-24 12:51:26 PM, Old: 494.00, New: 495.00
Emission Wavelength Changed: 05-Nov-24 12:51:26 PM, Old: 514.00, New: 515.00
Cycle Time 1 Changed: 05-Nov-24 12:51:26 PM, Old: 0.0000, New: 1.0000
Stop Time 1 Changed: 05-Nov-24 12:51:26 PM, Old: 3.0000, New: 1.0000
Wellplate Samples Changed: 05-Nov-24 12:51:26 PM, Old:A1;A2;A3;A4;A5;A6;A7;A8;A9;A10;A11;A12;B1;B2;B3;B4;B5;B6;B7;B8;B9;B10;B11;B12;C1;C2;C3;C4;C5;C6;C7;C8;C9;C10;C11;C12;D1;D2;D3;D4;D5;D6;D7;D8;D9;D10;D11;D12;E1;E2;E3;E4;E5;E6;E7;E8;E9;E10;E11;E12;F1;F2;F3;F4;F5;F6;F7;F8;F9;F10;F11;F12;G1;G2;G3;G4;G5;G6;G7;G8;G9;G10;G11;G12;H1;H2;H3;H4;H5;H6;H7;H8;H9;H10;H11;H12;, New:A1;A2;A3;A4;A5;A6;A7;B1;B2;B3;B4;B5;B6;B7;C1;C2;C3;C4;C5;C6;C7;
PMT Volts Changed: 05-Nov-24 12:51:38 PM, Old:550, New:600
Emission PMT (V): Changed: 05-Nov-24 12:51:38 PM, Old: 550, New: 600
PMT Volts Changed: 05-Nov-24 12:52:16 PM, Old:600, New:800
Emission PMT (V): Changed: 05-Nov-24 12:52:16 PM, Old: 600, New: 800
Stop Time 1 Changed: 05-Nov-24 12:54:44 PM, Old: 1.0000, New:60.0000
End Method Modifications

Sample B2,
Sample B2
Collection Time: 05-Nov-24 12:56:01 PM
Operator Name  :
Kinetics Software Version: 1.2(146)
Parameter List :
Report Time: Tue 05 Nov 12:56:01 PM 2024
Software version: 1.2(146)
Operator:
Instrument Parameters
Instrument                        Cary Eclipse
Instrument Serial Number          MY18160001
Data mode                         Fluorescence
Ex. wavelength (nm)               495.00
Em. wavelength (nm)               515.00
Ex. Slit (nm)                     5
Em. Slit (nm)                     5
Averaging Time (s)                0.1000
Cycle time(min)                   1.0000
Stop time(min)                    60.0000
Emission filter                   Open
Excitation Filter                 Auto
PMT voltage (V)                   High
Wellplate                         ON
Plate format                     96 Wells
Read position                    Well centre
Multi-zero                       OFF
Auto-zero                        OFF
Well                            A1
Comments:
Method Log     :
Method Name    : C:\USERS\ADMIN\DESKTOP\TXC.FBKN
Date/Time stamp: 12-Jun-24 9:10:34 AM
Method Modifications:
Wellplate Overlay Mode Changed: 11-Jun-24 5:29:48 PM, Old:Individual, New:Choice 1
Wellplate Overlay Mode Changed: 11-Jun-24 5:29:48 PM, Old:Overlay all, New:Choice 2
Wellplate Overlay Mode Changed: 11-Jun-24 5:29:48 PM, Old:Overlay rows, New:Choice 3
Wellplate Overlay Mode Changed: 11-Jun-24 5:29:48 PM, Old:Overlay columns, New:Choice 4
Wellplate Overlay Mode Changed: 11-Jun-24 5:29:48 PM, Old:User defined, New:Overlay columns
PMT Volts Changed: 11-Jun-24 5:34:02 PM, Old:600, New:550
Well plate reader Changed: 11-Jun-24 5:34:02 PM, Old:OFF, New:ON
Autoconvert Changed: 11-Jun-24 5:34:02 PM, Old:None, New:Ascii
Excitation Wavelength Changed: 11-Jun-24 5:34:02 PM, Old: 400.00, New: 494.00
Emission Wavelength Changed: 11-Jun-24 5:34:02 PM, Old: 600.00, New: 514.00
Stop Time 1 Changed: 11-Jun-24 5:34:02 PM, Old: 1.0000, New:120.0000
Emission PMT (V): Changed: 11-Jun-24 5:34:02 PM, Old: 600, New: 550
Wellplate Samples Changed: 11-Jun-24 5:34:02 PM, Old:, New:A1;A2;A3;A4;A5;A6;A7;A8;A9;A10;A11;A12;B1;B2;B3;B4;B5;B6;B7;B8;B9;B10;B11;B12;C1;C2;C3;C4;C5;C6;C7;C8;C9;C10;C11;C12;D1;D2;D3;D4;D5;D6;D7;D8;D9;D10;D11;D12;E1;E2;E3;E4;E5;E6;E7;E8;E9;E10;E11;E12;F1;F2;F3;F4;F5;F6;F7;F8;F9;F10;F11;F12;G1;G2;G3;G4;G5;G6;G7;G8;G9;G10;G11;G12;H1;H2;H3;H4;H5;H6;H7;H8;H9;H10;H11;H12;
Stop Time 1 Changed: 12-Jun-24 8:47:35 AM, Old:120.0000, New: 3.0000
Current Method Changed: 05-Nov-24 12:49:38 PM, Old:C:\Users\admin\Desktop\txc.FBKN, New:C:\USERS\ADMIN\DESKTOP\TXC.FBKN
Excitation Wavelength Changed: 05-Nov-24 12:51:26 PM, Old: 494.00, New: 495.00
Emission Wavelength Changed: 05-Nov-24 12:51:26 PM, Old: 514.00, New: 515.00
Cycle Time 1 Changed: 05-Nov-24 12:51:26 PM, Old: 0.0000, New: 1.0000
Stop Time 1 Changed: 05-Nov-24 12:51:26 PM, Old: 3.0000, New: 1.0000
Wellplate Samples Changed: 05-Nov-24 12:51:26 PM, Old:A1;A2;A3;A4;A5;A6;A7;A8;A9;A10;A11;A12;B1;B2;B3;B4;B5;B6;B7;B8;B9;B10;B11;B12;C1;C2;C3;C4;C5;C6;C7;C8;C9;C10;C11;C12;D1;D2;D3;D4;D5;D6;D7;D8;D9;D10;D11;D12;E1;E2;E3;E4;E5;E6;E7;E8;E9;E10;E11;E12;F1;F2;F3;F4;F5;F6;F7;F8;F9;F10;F11;F12;G1;G2;G3;G4;G5;G6;G7;G8;G9;G10;G11;G12;H1;H2;H3;H4;H5;H6;H7;H8;H9;H10;H11;H12;, New:A1;A2;A3;A4;A5;A6;A7;B1;B2;B3;B4;B5;B6;B7;C1;C2;C3;C4;C5;C6;C7;
PMT Volts Changed: 05-Nov-24 12:51:38 PM, Old:550, New:600
Emission PMT (V): Changed: 05-Nov-24 12:51:38 PM, Old: 550, New: 600
PMT Volts Changed: 05-Nov-24 12:52:16 PM, Old:600, New:800
Emission PMT (V): Changed: 05-Nov-24 12:52:16 PM, Old: 600, New: 800
Stop Time 1 Changed: 05-Nov-24 12:54:44 PM, Old: 1.0000, New:60.0000
End Method Modifications

Sample B3,
Sample B3
Collection Time: 05-Nov-24 12:56:01 PM
Operator Name  :
Kinetics Software Version: 1.2(146)
Parameter List :
Report Time: Tue 05 Nov 12:56:01 PM 2024
Software version: 1.2(146)
Operator:
Instrument Parameters
Instrument                        Cary Eclipse
Instrument Serial Number          MY18160001
Data mode                         Fluorescence
Ex. wavelength (nm)               495.00
Em. wavelength (nm)               515.00
Ex. Slit (nm)                     5
Em. Slit (nm)                     5
Averaging Time (s)                0.1000
Cycle time(min)                   1.0000
Stop time(min)                    60.0000
Emission filter                   Open
Excitation Filter                 Auto
PMT voltage (V)                   High
Wellplate                         ON
Plate format                     96 Wells
Read position                    Well centre
Multi-zero                       OFF
Auto-zero                        OFF
Well                            A1
Comments:
Method Log     :
Method Name    : C:\USERS\ADMIN\DESKTOP\TXC.FBKN
Date/Time stamp: 12-Jun-24 9:10:34 AM
Method Modifications:
Wellplate Overlay Mode Changed: 11-Jun-24 5:29:48 PM, Old:Individual, New:Choice 1
Wellplate Overlay Mode Changed: 11-Jun-24 5:29:48 PM, Old:Overlay all, New:Choice 2
Wellplate Overlay Mode Changed: 11-Jun-24 5:29:48 PM, Old:Overlay rows, New:Choice 3
Wellplate Overlay Mode Changed: 11-Jun-24 5:29:48 PM, Old:Overlay columns, New:Choice 4
Wellplate Overlay Mode Changed: 11-Jun-24 5:29:48 PM, Old:User defined, New:Overlay columns
PMT Volts Changed: 11-Jun-24 5:34:02 PM, Old:600, New:550
Well plate reader Changed: 11-Jun-24 5:34:02 PM, Old:OFF, New:ON
Autoconvert Changed: 11-Jun-24 5:34:02 PM, Old:None, New:Ascii
Excitation Wavelength Changed: 11-Jun-24 5:34:02 PM, Old: 400.00, New: 494.00
Emission Wavelength Changed: 11-Jun-24 5:34:02 PM, Old: 600.00, New: 514.00
Stop Time 1 Changed: 11-Jun-24 5:34:02 PM, Old: 1.0000, New:120.0000
Emission PMT (V): Changed: 11-Jun-24 5:34:02 PM, Old: 600, New: 550
Wellplate Samples Changed: 11-Jun-24 5:34:02 PM, Old:, New:A1;A2;A3;A4;A5;A6;A7;A8;A9;A10;A11;A12;B1;B2;B3;B4;B5;B6;B7;B8;B9;B10;B11;B12;C1;C2;C3;C4;C5;C6;C7;C8;C9;C10;C11;C12;D1;D2;D3;D4;D5;D6;D7;D8;D9;D10;D11;D12;E1;E2;E3;E4;E5;E6;E7;E8;E9;E10;E11;E12;F1;F2;F3;F4;F5;F6;F7;F8;F9;F10;F11;F12;G1;G2;G3;G4;G5;G6;G7;G8;G9;G10;G11;G12;H1;H2;H3;H4;H5;H6;H7;H8;H9;H10;H11;H12;
Stop Time 1 Changed: 12-Jun-24 8:47:35 AM, Old:120.0000, New: 3.0000
Current Method Changed: 05-Nov-24 12:49:38 PM, Old:C:\Users\admin\Desktop\txc.FBKN, New:C:\USERS\ADMIN\DESKTOP\TXC.FBKN
Excitation Wavelength Changed: 05-Nov-24 12:51:26 PM, Old: 494.00, New: 495.00
Emission Wavelength Changed: 05-Nov-24 12:51:26 PM, Old: 514.00, New: 515.00
Cycle Time 1 Changed: 05-Nov-24 12:51:26 PM, Old: 0.0000, New: 1.0000
Stop Time 1 Changed: 05-Nov-24 12:51:26 PM, Old: 3.0000, New: 1.0000
Wellplate Samples Changed: 05-Nov-24 12:51:26 PM, Old:A1;A2;A3;A4;A5;A6;A7;A8;A9;A10;A11;A12;B1;B2;B3;B4;B5;B6;B7;B8;B9;B10;B11;B12;C1;C2;C3;C4;C5;C6;C7;C8;C9;C10;C11;C12;D1;D2;D3;D4;D5;D6;D7;D8;D9;D10;D11;D12;E1;E2;E3;E4;E5;E6;E7;E8;E9;E10;E11;E12;F1;F2;F3;F4;F5;F6;F7;F8;F9;F10;F11;F12;G1;G2;G3;G4;G5;G6;G7;G8;G9;G10;G11;G12;H1;H2;H3;H4;H5;H6;H7;H8;H9;H10;H11;H12;, New:A1;A2;A3;A4;A5;A6;A7;B1;B2;B3;B4;B5;B6;B7;C1;C2;C3;C4;C5;C6;C7;
PMT Volts Changed: 05-Nov-24 12:51:38 PM, Old:550, New:600
Emission PMT (V): Changed: 05-Nov-24 12:51:38 PM, Old: 550, New: 600
PMT Volts Changed: 05-Nov-24 12:52:16 PM, Old:600, New:800
Emission PMT (V): Changed: 05-Nov-24 12:52:16 PM, Old: 600, New: 800
Stop Time 1 Changed: 05-Nov-24 12:54:44 PM, Old: 1.0000, New:60.0000
End Method Modifications

Sample B4,
Sample B4
Collection Time: 05-Nov-24 12:56:01 PM
Operator Name  :
Kinetics Software Version: 1.2(146)
Parameter List :
Report Time: Tue 05 Nov 12:56:01 PM 2024
Software version: 1.2(146)
Operator:
Instrument Parameters
Instrument                        Cary Eclipse
Instrument Serial Number          MY18160001
Data mode                         Fluorescence
Ex. wavelength (nm)               495.00
Em. wavelength (nm)               515.00
Ex. Slit (nm)                     5
Em. Slit (nm)                     5
Averaging Time (s)                0.1000
Cycle time(min)                   1.0000
Stop time(min)                    60.0000
Emission filter                   Open
Excitation Filter                 Auto
PMT voltage (V)                   High
Wellplate                         ON
Plate format                     96 Wells
Read position                    Well centre
Multi-zero                       OFF
Auto-zero                        OFF
Well                            A1
Comments:
Method Log     :
Method Name    : C:\USERS\ADMIN\DESKTOP\TXC.FBKN
Date/Time stamp: 12-Jun-24 9:10:34 AM
Method Modifications:
Wellplate Overlay Mode Changed: 11-Jun-24 5:29:48 PM, Old:Individual, New:Choice 1
Wellplate Overlay Mode Changed: 11-Jun-24 5:29:48 PM, Old:Overlay all, New:Choice 2
Wellplate Overlay Mode Changed: 11-Jun-24 5:29:48 PM, Old:Overlay rows, New:Choice 3
Wellplate Overlay Mode Changed: 11-Jun-24 5:29:48 PM, Old:Overlay columns, New:Choice 4
Wellplate Overlay Mode Changed: 11-Jun-24 5:29:48 PM, Old:User defined, New:Overlay columns
PMT Volts Changed: 11-Jun-24 5:34:02 PM, Old:600, New:550
Well plate reader Changed: 11-Jun-24 5:34:02 PM, Old:OFF, New:ON
Autoconvert Changed: 11-Jun-24 5:34:02 PM, Old:None, New:Ascii
Excitation Wavelength Changed: 11-Jun-24 5:34:02 PM, Old: 400.00, New: 494.00
Emission Wavelength Changed: 11-Jun-24 5:34:02 PM, Old: 600.00, New: 514.00
Stop Time 1 Changed: 11-Jun-24 5:34:02 PM, Old: 1.0000, New:120.0000
Emission PMT (V): Changed: 11-Jun-24 5:34:02 PM, Old: 600, New: 550
Wellplate Samples Changed: 11-Jun-24 5:34:02 PM, Old:, New:A1;A2;A3;A4;A5;A6;A7;A8;A9;A10;A11;A12;B1;B2;B3;B4;B5;B6;B7;B8;B9;B10;B11;B12;C1;C2;C3;C4;C5;C6;C7;C8;C9;C10;C11;C12;D1;D2;D3;D4;D5;D6;D7;D8;D9;D10;D11;D12;E1;E2;E3;E4;E5;E6;E7;E8;E9;E10;E11;E12;F1;F2;F3;F4;F5;F6;F7;F8;F9;F10;F11;F12;G1;G2;G3;G4;G5;G6;G7;G8;G9;G10;G11;G12;H1;H2;H3;H4;H5;H6;H7;H8;H9;H10;H11;H12;
Stop Time 1 Changed: 12-Jun-24 8:47:35 AM, Old:120.0000, New: 3.0000
Current Method Changed: 05-Nov-24 12:49:38 PM, Old:C:\Users\admin\Desktop\txc.FBKN, New:C:\USERS\ADMIN\DESKTOP\TXC.FBKN
Excitation Wavelength Changed: 05-Nov-24 12:51:26 PM, Old: 494.00, New: 495.00
Emission Wavelength Changed: 05-Nov-24 12:51:26 PM, Old: 514.00, New: 515.00
Cycle Time 1 Changed: 05-Nov-24 12:51:26 PM, Old: 0.0000, New: 1.0000
Stop Time 1 Changed: 05-Nov-24 12:51:26 PM, Old: 3.0000, New: 1.0000
Wellplate Samples Changed: 05-Nov-24 12:51:26 PM, Old:A1;A2;A3;A4;A5;A6;A7;A8;A9;A10;A11;A12;B1;B2;B3;B4;B5;B6;B7;B8;B9;B10;B11;B12;C1;C2;C3;C4;C5;C6;C7;C8;C9;C10;C11;C12;D1;D2;D3;D4;D5;D6;D7;D8;D9;D10;D11;D12;E1;E2;E3;E4;E5;E6;E7;E8;E9;E10;E11;E12;F1;F2;F3;F4;F5;F6;F7;F8;F9;F10;F11;F12;G1;G2;G3;G4;G5;G6;G7;G8;G9;G10;G11;G12;H1;H2;H3;H4;H5;H6;H7;H8;H9;H10;H11;H12;, New:A1;A2;A3;A4;A5;A6;A7;B1;B2;B3;B4;B5;B6;B7;C1;C2;C3;C4;C5;C6;C7;
PMT Volts Changed: 05-Nov-24 12:51:38 PM, Old:550, New:600
Emission PMT (V): Changed: 05-Nov-24 12:51:38 PM, Old: 550, New: 600
PMT Volts Changed: 05-Nov-24 12:52:16 PM, Old:600, New:800
Emission PMT (V): Changed: 05-Nov-24 12:52:16 PM, Old: 600, New: 800
Stop Time 1 Changed: 05-Nov-24 12:54:44 PM, Old: 1.0000, New:60.0000
End Method Modifications

Sample B5,
Sample B5
Collection Time: 05-Nov-24 12:56:01 PM
Operator Name  :
Kinetics Software Version: 1.2(146)
Parameter List :
Report Time: Tue 05 Nov 12:56:01 PM 2024
Software version: 1.2(146)
Operator:
Instrument Parameters
Instrument                        Cary Eclipse
Instrument Serial Number          MY18160001
Data mode                         Fluorescence
Ex. wavelength (nm)               495.00
Em. wavelength (nm)               515.00
Ex. Slit (nm)                     5
Em. Slit (nm)                     5
Averaging Time (s)                0.1000
Cycle time(min)                   1.0000
Stop time(min)                    60.0000
Emission filter                   Open
Excitation Filter                 Auto
PMT voltage (V)                   High
Wellplate                         ON
Plate format                     96 Wells
Read position                    Well centre
Multi-zero                       OFF
Auto-zero                        OFF
Well                            A1
Comments:
Method Log     :
Method Name    : C:\USERS\ADMIN\DESKTOP\TXC.FBKN
Date/Time stamp: 12-Jun-24 9:10:34 AM
Method Modifications:
Wellplate Overlay Mode Changed: 11-Jun-24 5:29:48 PM, Old:Individual, New:Choice 1
Wellplate Overlay Mode Changed: 11-Jun-24 5:29:48 PM, Old:Overlay all, New:Choice 2
Wellplate Overlay Mode Changed: 11-Jun-24 5:29:48 PM, Old:Overlay rows, New:Choice 3
Wellplate Overlay Mode Changed: 11-Jun-24 5:29:48 PM, Old:Overlay columns, New:Choice 4
Wellplate Overlay Mode Changed: 11-Jun-24 5:29:48 PM, Old:User defined, New:Overlay columns
PMT Volts Changed: 11-Jun-24 5:34:02 PM, Old:600, New:550
Well plate reader Changed: 11-Jun-24 5:34:02 PM, Old:OFF, New:ON
Autoconvert Changed: 11-Jun-24 5:34:02 PM, Old:None, New:Ascii
Excitation Wavelength Changed: 11-Jun-24 5:34:02 PM, Old: 400.00, New: 494.00
Emission Wavelength Changed: 11-Jun-24 5:34:02 PM, Old: 600.00, New: 514.00
Stop Time 1 Changed: 11-Jun-24 5:34:02 PM, Old: 1.0000, New:120.0000
Emission PMT (V): Changed: 11-Jun-24 5:34:02 PM, Old: 600, New: 550
Wellplate Samples Changed: 11-Jun-24 5:34:02 PM, Old:, New:A1;A2;A3;A4;A5;A6;A7;A8;A9;A10;A11;A12;B1;B2;B3;B4;B5;B6;B7;B8;B9;B10;B11;B12;C1;C2;C3;C4;C5;C6;C7;C8;C9;C10;C11;C12;D1;D2;D3;D4;D5;D6;D7;D8;D9;D10;D11;D12;E1;E2;E3;E4;E5;E6;E7;E8;E9;E10;E11;E12;F1;F2;F3;F4;F5;F6;F7;F8;F9;F10;F11;F12;G1;G2;G3;G4;G5;G6;G7;G8;G9;G10;G11;G12;H1;H2;H3;H4;H5;H6;H7;H8;H9;H10;H11;H12;
Stop Time 1 Changed: 12-Jun-24 8:47:35 AM, Old:120.0000, New: 3.0000
Current Method Changed: 05-Nov-24 12:49:38 PM, Old:C:\Users\admin\Desktop\txc.FBKN, New:C:\USERS\ADMIN\DESKTOP\TXC.FBKN
Excitation Wavelength Changed: 05-Nov-24 12:51:26 PM, Old: 494.00, New: 495.00
Emission Wavelength Changed: 05-Nov-24 12:51:26 PM, Old: 514.00, New: 515.00
Cycle Time 1 Changed: 05-Nov-24 12:51:26 PM, Old: 0.0000, New: 1.0000
Stop Time 1 Changed: 05-Nov-24 12:51:26 PM, Old: 3.0000, New: 1.0000
Wellplate Samples Changed: 05-Nov-24 12:51:26 PM, Old:A1;A2;A3;A4;A5;A6;A7;A8;A9;A10;A11;A12;B1;B2;B3;B4;B5;B6;B7;B8;B9;B10;B11;B12;C1;C2;C3;C4;C5;C6;C7;C8;C9;C10;C11;C12;D1;D2;D3;D4;D5;D6;D7;D8;D9;D10;D11;D12;E1;E2;E3;E4;E5;E6;E7;E8;E9;E10;E11;E12;F1;F2;F3;F4;F5;F6;F7;F8;F9;F10;F11;F12;G1;G2;G3;G4;G5;G6;G7;G8;G9;G10;G11;G12;H1;H2;H3;H4;H5;H6;H7;H8;H9;H10;H11;H12;, New:A1;A2;A3;A4;A5;A6;A7;B1;B2;B3;B4;B5;B6;B7;C1;C2;C3;C4;C5;C6;C7;
PMT Volts Changed: 05-Nov-24 12:51:38 PM, Old:550, New:600
Emission PMT (V): Changed: 05-Nov-24 12:51:38 PM, Old: 550, New: 600
PMT Volts Changed: 05-Nov-24 12:52:16 PM, Old:600, New:800
Emission PMT (V): Changed: 05-Nov-24 12:52:16 PM, Old: 600, New: 800
Stop Time 1 Changed: 05-Nov-24 12:54:44 PM, Old: 1.0000, New:60.0000
End Method Modifications

Sample B6,
Sample B6
Collection Time: 05-Nov-24 12:56:01 PM
Operator Name  :
Kinetics Software Version: 1.2(146)
Parameter List :
Report Time: Tue 05 Nov 12:56:01 PM 2024
Software version: 1.2(146)
Operator:
Instrument Parameters
Instrument                        Cary Eclipse
Instrument Serial Number          MY18160001
Data mode                         Fluorescence
Ex. wavelength (nm)               495.00
Em. wavelength (nm)               515.00
Ex. Slit (nm)                     5
Em. Slit (nm)                     5
Averaging Time (s)                0.1000
Cycle time(min)                   1.0000
Stop time(min)                    60.0000
Emission filter                   Open
Excitation Filter                 Auto
PMT voltage (V)                   High
Wellplate                         ON
Plate format                     96 Wells
Read position                    Well centre
Multi-zero                       OFF
Auto-zero                        OFF
Well                            A1
Comments:
Method Log     :
Method Name    : C:\USERS\ADMIN\DESKTOP\TXC.FBKN
Date/Time stamp: 12-Jun-24 9:10:34 AM
Method Modifications:
Wellplate Overlay Mode Changed: 11-Jun-24 5:29:48 PM, Old:Individual, New:Choice 1
Wellplate Overlay Mode Changed: 11-Jun-24 5:29:48 PM, Old:Overlay all, New:Choice 2
Wellplate Overlay Mode Changed: 11-Jun-24 5:29:48 PM, Old:Overlay rows, New:Choice 3
Wellplate Overlay Mode Changed: 11-Jun-24 5:29:48 PM, Old:Overlay columns, New:Choice 4
Wellplate Overlay Mode Changed: 11-Jun-24 5:29:48 PM, Old:User defined, New:Overlay columns
PMT Volts Changed: 11-Jun-24 5:34:02 PM, Old:600, New:550
Well plate reader Changed: 11-Jun-24 5:34:02 PM, Old:OFF, New:ON
Autoconvert Changed: 11-Jun-24 5:34:02 PM, Old:None, New:Ascii
Excitation Wavelength Changed: 11-Jun-24 5:34:02 PM, Old: 400.00, New: 494.00
Emission Wavelength Changed: 11-Jun-24 5:34:02 PM, Old: 600.00, New: 514.00
Stop Time 1 Changed: 11-Jun-24 5:34:02 PM, Old: 1.0000, New:120.0000
Emission PMT (V): Changed: 11-Jun-24 5:34:02 PM, Old: 600, New: 550
Wellplate Samples Changed: 11-Jun-24 5:34:02 PM, Old:, New:A1;A2;A3;A4;A5;A6;A7;A8;A9;A10;A11;A12;B1;B2;B3;B4;B5;B6;B7;B8;B9;B10;B11;B12;C1;C2;C3;C4;C5;C6;C7;C8;C9;C10;C11;C12;D1;D2;D3;D4;D5;D6;D7;D8;D9;D10;D11;D12;E1;E2;E3;E4;E5;E6;E7;E8;E9;E10;E11;E12;F1;F2;F3;F4;F5;F6;F7;F8;F9;F10;F11;F12;G1;G2;G3;G4;G5;G6;G7;G8;G9;G10;G11;G12;H1;H2;H3;H4;H5;H6;H7;H8;H9;H10;H11;H12;
Stop Time 1 Changed: 12-Jun-24 8:47:35 AM, Old:120.0000, New: 3.0000
Current Method Changed: 05-Nov-24 12:49:38 PM, Old:C:\Users\admin\Desktop\txc.FBKN, New:C:\USERS\ADMIN\DESKTOP\TXC.FBKN
Excitation Wavelength Changed: 05-Nov-24 12:51:26 PM, Old: 494.00, New: 495.00
Emission Wavelength Changed: 05-Nov-24 12:51:26 PM, Old: 514.00, New: 515.00
Cycle Time 1 Changed: 05-Nov-24 12:51:26 PM, Old: 0.0000, New: 1.0000
Stop Time 1 Changed: 05-Nov-24 12:51:26 PM, Old: 3.0000, New: 1.0000
Wellplate Samples Changed: 05-Nov-24 12:51:26 PM, Old:A1;A2;A3;A4;A5;A6;A7;A8;A9;A10;A11;A12;B1;B2;B3;B4;B5;B6;B7;B8;B9;B10;B11;B12;C1;C2;C3;C4;C5;C6;C7;C8;C9;C10;C11;C12;D1;D2;D3;D4;D5;D6;D7;D8;D9;D10;D11;D12;E1;E2;E3;E4;E5;E6;E7;E8;E9;E10;E11;E12;F1;F2;F3;F4;F5;F6;F7;F8;F9;F10;F11;F12;G1;G2;G3;G4;G5;G6;G7;G8;G9;G10;G11;G12;H1;H2;H3;H4;H5;H6;H7;H8;H9;H10;H11;H12;, New:A1;A2;A3;A4;A5;A6;A7;B1;B2;B3;B4;B5;B6;B7;C1;C2;C3;C4;C5;C6;C7;
PMT Volts Changed: 05-Nov-24 12:51:38 PM, Old:550, New:600
Emission PMT (V): Changed: 05-Nov-24 12:51:38 PM, Old: 550, New: 600
PMT Volts Changed: 05-Nov-24 12:52:16 PM, Old:600, New:800
Emission PMT (V): Changed: 05-Nov-24 12:52:16 PM, Old: 600, New: 800
Stop Time 1 Changed: 05-Nov-24 12:54:44 PM, Old: 1.0000, New:60.0000
End Method Modifications

Sample B7,
Sample B7
Collection Time: 05-Nov-24 12:56:01 PM
Operator Name  :
Kinetics Software Version: 1.2(146)
Parameter List :
Report Time: Tue 05 Nov 12:56:01 PM 2024
Software version: 1.2(146)
Operator:
Instrument Parameters
Instrument                        Cary Eclipse
Instrument Serial Number          MY18160001
Data mode                         Fluorescence
Ex. wavelength (nm)               495.00
Em. wavelength (nm)               515.00
Ex. Slit (nm)                     5
Em. Slit (nm)                     5
Averaging Time (s)                0.1000
Cycle time(min)                   1.0000
Stop time(min)                    60.0000
Emission filter                   Open
Excitation Filter                 Auto
PMT voltage (V)                   High
Wellplate                         ON
Plate format                     96 Wells
Read position                    Well centre
Multi-zero                       OFF
Auto-zero                        OFF
Well                            A1
Comments:
Method Log     :
Method Name    : C:\USERS\ADMIN\DESKTOP\TXC.FBKN
Date/Time stamp: 12-Jun-24 9:10:34 AM
Method Modifications:
Wellplate Overlay Mode Changed: 11-Jun-24 5:29:48 PM, Old:Individual, New:Choice 1
Wellplate Overlay Mode Changed: 11-Jun-24 5:29:48 PM, Old:Overlay all, New:Choice 2
Wellplate Overlay Mode Changed: 11-Jun-24 5:29:48 PM, Old:Overlay rows, New:Choice 3
Wellplate Overlay Mode Changed: 11-Jun-24 5:29:48 PM, Old:Overlay columns, New:Choice 4
Wellplate Overlay Mode Changed: 11-Jun-24 5:29:48 PM, Old:User defined, New:Overlay columns
PMT Volts Changed: 11-Jun-24 5:34:02 PM, Old:600, New:550
Well plate reader Changed: 11-Jun-24 5:34:02 PM, Old:OFF, New:ON
Autoconvert Changed: 11-Jun-24 5:34:02 PM, Old:None, New:Ascii
Excitation Wavelength Changed: 11-Jun-24 5:34:02 PM, Old: 400.00, New: 494.00
Emission Wavelength Changed: 11-Jun-24 5:34:02 PM, Old: 600.00, New: 514.00
Stop Time 1 Changed: 11-Jun-24 5:34:02 PM, Old: 1.0000, New:120.0000
Emission PMT (V): Changed: 11-Jun-24 5:34:02 PM, Old: 600, New: 550
Wellplate Samples Changed: 11-Jun-24 5:34:02 PM, Old:, New:A1;A2;A3;A4;A5;A6;A7;A8;A9;A10;A11;A12;B1;B2;B3;B4;B5;B6;B7;B8;B9;B10;B11;B12;C1;C2;C3;C4;C5;C6;C7;C8;C9;C10;C11;C12;D1;D2;D3;D4;D5;D6;D7;D8;D9;D10;D11;D12;E1;E2;E3;E4;E5;E6;E7;E8;E9;E10;E11;E12;F1;F2;F3;F4;F5;F6;F7;F8;F9;F10;F11;F12;G1;G2;G3;G4;G5;G6;G7;G8;G9;G10;G11;G12;H1;H2;H3;H4;H5;H6;H7;H8;H9;H10;H11;H12;
Stop Time 1 Changed: 12-Jun-24 8:47:35 AM, Old:120.0000, New: 3.0000
Current Method Changed: 05-Nov-24 12:49:38 PM, Old:C:\Users\admin\Desktop\txc.FBKN, New:C:\USERS\ADMIN\DESKTOP\TXC.FBKN
Excitation Wavelength Changed: 05-Nov-24 12:51:26 PM, Old: 494.00, New: 495.00
Emission Wavelength Changed: 05-Nov-24 12:51:26 PM, Old: 514.00, New: 515.00
Cycle Time 1 Changed: 05-Nov-24 12:51:26 PM, Old: 0.0000, New: 1.0000
Stop Time 1 Changed: 05-Nov-24 12:51:26 PM, Old: 3.0000, New: 1.0000
Wellplate Samples Changed: 05-Nov-24 12:51:26 PM, Old:A1;A2;A3;A4;A5;A6;A7;A8;A9;A10;A11;A12;B1;B2;B3;B4;B5;B6;B7;B8;B9;B10;B11;B12;C1;C2;C3;C4;C5;C6;C7;C8;C9;C10;C11;C12;D1;D2;D3;D4;D5;D6;D7;D8;D9;D10;D11;D12;E1;E2;E3;E4;E5;E6;E7;E8;E9;E10;E11;E12;F1;F2;F3;F4;F5;F6;F7;F8;F9;F10;F11;F12;G1;G2;G3;G4;G5;G6;G7;G8;G9;G10;G11;G12;H1;H2;H3;H4;H5;H6;H7;H8;H9;H10;H11;H12;, New:A1;A2;A3;A4;A5;A6;A7;B1;B2;B3;B4;B5;B6;B7;C1;C2;C3;C4;C5;C6;C7;
PMT Volts Changed: 05-Nov-24 12:51:38 PM, Old:550, New:600
Emission PMT (V): Changed: 05-Nov-24 12:51:38 PM, Old: 550, New: 600
PMT Volts Changed: 05-Nov-24 12:52:16 PM, Old:600, New:800
Emission PMT (V): Changed: 05-Nov-24 12:52:16 PM, Old: 600, New: 800
Stop Time 1 Changed: 05-Nov-24 12:54:44 PM, Old: 1.0000, New:60.0000
End Method Modifications

Sample C1,
Sample C1
Collection Time: 05-Nov-24 12:56:01 PM
Operator Name  :
Kinetics Software Version: 1.2(146)
Parameter List :
Report Time: Tue 05 Nov 12:56:01 PM 2024
Software version: 1.2(146)
Operator:
Instrument Parameters
Instrument                        Cary Eclipse
Instrument Serial Number          MY18160001
Data mode                         Fluorescence
Ex. wavelength (nm)               495.00
Em. wavelength (nm)               515.00
Ex. Slit (nm)                     5
Em. Slit (nm)                     5
Averaging Time (s)                0.1000
Cycle time(min)                   1.0000
Stop time(min)                    60.0000
Emission filter                   Open
Excitation Filter                 Auto
PMT voltage (V)                   High
Wellplate                         ON
Plate format                     96 Wells
Read position                    Well centre
Multi-zero                       OFF
Auto-zero                        OFF
Well                            A1
Comments:
Method Log     :
Method Name    : C:\USERS\ADMIN\DESKTOP\TXC.FBKN
Date/Time stamp: 12-Jun-24 9:10:34 AM
Method Modifications:
Wellplate Overlay Mode Changed: 11-Jun-24 5:29:48 PM, Old:Individual, New:Choice 1
Wellplate Overlay Mode Changed: 11-Jun-24 5:29:48 PM, Old:Overlay all, New:Choice 2
Wellplate Overlay Mode Changed: 11-Jun-24 5:29:48 PM, Old:Overlay rows, New:Choice 3
Wellplate Overlay Mode Changed: 11-Jun-24 5:29:48 PM, Old:Overlay columns, New:Choice 4
Wellplate Overlay Mode Changed: 11-Jun-24 5:29:48 PM, Old:User defined, New:Overlay columns
PMT Volts Changed: 11-Jun-24 5:34:02 PM, Old:600, New:550
Well plate reader Changed: 11-Jun-24 5:34:02 PM, Old:OFF, New:ON
Autoconvert Changed: 11-Jun-24 5:34:02 PM, Old:None, New:Ascii
Excitation Wavelength Changed: 11-Jun-24 5:34:02 PM, Old: 400.00, New: 494.00
Emission Wavelength Changed: 11-Jun-24 5:34:02 PM, Old: 600.00, New: 514.00
Stop Time 1 Changed: 11-Jun-24 5:34:02 PM, Old: 1.0000, New:120.0000
Emission PMT (V): Changed: 11-Jun-24 5:34:02 PM, Old: 600, New: 550
Wellplate Samples Changed: 11-Jun-24 5:34:02 PM, Old:, New:A1;A2;A3;A4;A5;A6;A7;A8;A9;A10;A11;A12;B1;B2;B3;B4;B5;B6;B7;B8;B9;B10;B11;B12;C1;C2;C3;C4;C5;C6;C7;C8;C9;C10;C11;C12;D1;D2;D3;D4;D5;D6;D7;D8;D9;D10;D11;D12;E1;E2;E3;E4;E5;E6;E7;E8;E9;E10;E11;E12;F1;F2;F3;F4;F5;F6;F7;F8;F9;F10;F11;F12;G1;G2;G3;G4;G5;G6;G7;G8;G9;G10;G11;G12;H1;H2;H3;H4;H5;H6;H7;H8;H9;H10;H11;H12;
Stop Time 1 Changed: 12-Jun-24 8:47:35 AM, Old:120.0000, New: 3.0000
Current Method Changed: 05-Nov-24 12:49:38 PM, Old:C:\Users\admin\Desktop\txc.FBKN, New:C:\USERS\ADMIN\DESKTOP\TXC.FBKN
Excitation Wavelength Changed: 05-Nov-24 12:51:26 PM, Old: 494.00, New: 495.00
Emission Wavelength Changed: 05-Nov-24 12:51:26 PM, Old: 514.00, New: 515.00
Cycle Time 1 Changed: 05-Nov-24 12:51:26 PM, Old: 0.0000, New: 1.0000
Stop Time 1 Changed: 05-Nov-24 12:51:26 PM, Old: 3.0000, New: 1.0000
Wellplate Samples Changed: 05-Nov-24 12:51:26 PM, Old:A1;A2;A3;A4;A5;A6;A7;A8;A9;A10;A11;A12;B1;B2;B3;B4;B5;B6;B7;B8;B9;B10;B11;B12;C1;C2;C3;C4;C5;C6;C7;C8;C9;C10;C11;C12;D1;D2;D3;D4;D5;D6;D7;D8;D9;D10;D11;D12;E1;E2;E3;E4;E5;E6;E7;E8;E9;E10;E11;E12;F1;F2;F3;F4;F5;F6;F7;F8;F9;F10;F11;F12;G1;G2;G3;G4;G5;G6;G7;G8;G9;G10;G11;G12;H1;H2;H3;H4;H5;H6;H7;H8;H9;H10;H11;H12;, New:A1;A2;A3;A4;A5;A6;A7;B1;B2;B3;B4;B5;B6;B7;C1;C2;C3;C4;C5;C6;C7;
PMT Volts Changed: 05-Nov-24 12:51:38 PM, Old:550, New:600
Emission PMT (V): Changed: 05-Nov-24 12:51:38 PM, Old: 550, New: 600
PMT Volts Changed: 05-Nov-24 12:52:16 PM, Old:600, New:800
Emission PMT (V): Changed: 05-Nov-24 12:52:16 PM, Old: 600, New: 800
Stop Time 1 Changed: 05-Nov-24 12:54:44 PM, Old: 1.0000, New:60.0000
End Method Modifications

Sample C2,
Sample C2
Collection Time: 05-Nov-24 12:56:01 PM
Operator Name  :
Kinetics Software Version: 1.2(146)
Parameter List :
Report Time: Tue 05 Nov 12:56:01 PM 2024
Software version: 1.2(146)
Operator:
Instrument Parameters
Instrument                        Cary Eclipse
Instrument Serial Number          MY18160001
Data mode                         Fluorescence
Ex. wavelength (nm)               495.00
Em. wavelength (nm)               515.00
Ex. Slit (nm)                     5
Em. Slit (nm)                     5
Averaging Time (s)                0.1000
Cycle time(min)                   1.0000
Stop time(min)                    60.0000
Emission filter                   Open
Excitation Filter                 Auto
PMT voltage (V)                   High
Wellplate                         ON
Plate format                     96 Wells
Read position                    Well centre
Multi-zero                       OFF
Auto-zero                        OFF
Well                            A1
Comments:
Method Log     :
Method Name    : C:\USERS\ADMIN\DESKTOP\TXC.FBKN
Date/Time stamp: 12-Jun-24 9:10:34 AM
Method Modifications:
Wellplate Overlay Mode Changed: 11-Jun-24 5:29:48 PM, Old:Individual, New:Choice 1
Wellplate Overlay Mode Changed: 11-Jun-24 5:29:48 PM, Old:Overlay all, New:Choice 2
Wellplate Overlay Mode Changed: 11-Jun-24 5:29:48 PM, Old:Overlay rows, New:Choice 3
Wellplate Overlay Mode Changed: 11-Jun-24 5:29:48 PM, Old:Overlay columns, New:Choice 4
Wellplate Overlay Mode Changed: 11-Jun-24 5:29:48 PM, Old:User defined, New:Overlay columns
PMT Volts Changed: 11-Jun-24 5:34:02 PM, Old:600, New:550
Well plate reader Changed: 11-Jun-24 5:34:02 PM, Old:OFF, New:ON
Autoconvert Changed: 11-Jun-24 5:34:02 PM, Old:None, New:Ascii
Excitation Wavelength Changed: 11-Jun-24 5:34:02 PM, Old: 400.00, New: 494.00
Emission Wavelength Changed: 11-Jun-24 5:34:02 PM, Old: 600.00, New: 514.00
Stop Time 1 Changed: 11-Jun-24 5:34:02 PM, Old: 1.0000, New:120.0000
Emission PMT (V): Changed: 11-Jun-24 5:34:02 PM, Old: 600, New: 550
Wellplate Samples Changed: 11-Jun-24 5:34:02 PM, Old:, New:A1;A2;A3;A4;A5;A6;A7;A8;A9;A10;A11;A12;B1;B2;B3;B4;B5;B6;B7;B8;B9;B10;B11;B12;C1;C2;C3;C4;C5;C6;C7;C8;C9;C10;C11;C12;D1;D2;D3;D4;D5;D6;D7;D8;D9;D10;D11;D12;E1;E2;E3;E4;E5;E6;E7;E8;E9;E10;E11;E12;F1;F2;F3;F4;F5;F6;F7;F8;F9;F10;F11;F12;G1;G2;G3;G4;G5;G6;G7;G8;G9;G10;G11;G12;H1;H2;H3;H4;H5;H6;H7;H8;H9;H10;H11;H12;
Stop Time 1 Changed: 12-Jun-24 8:47:35 AM, Old:120.0000, New: 3.0000
Current Method Changed: 05-Nov-24 12:49:38 PM, Old:C:\Users\admin\Desktop\txc.FBKN, New:C:\USERS\ADMIN\DESKTOP\TXC.FBKN
Excitation Wavelength Changed: 05-Nov-24 12:51:26 PM, Old: 494.00, New: 495.00
Emission Wavelength Changed: 05-Nov-24 12:51:26 PM, Old: 514.00, New: 515.00
Cycle Time 1 Changed: 05-Nov-24 12:51:26 PM, Old: 0.0000, New: 1.0000
Stop Time 1 Changed: 05-Nov-24 12:51:26 PM, Old: 3.0000, New: 1.0000
Wellplate Samples Changed: 05-Nov-24 12:51:26 PM, Old:A1;A2;A3;A4;A5;A6;A7;A8;A9;A10;A11;A12;B1;B2;B3;B4;B5;B6;B7;B8;B9;B10;B11;B12;C1;C2;C3;C4;C5;C6;C7;C8;C9;C10;C11;C12;D1;D2;D3;D4;D5;D6;D7;D8;D9;D10;D11;D12;E1;E2;E3;E4;E5;E6;E7;E8;E9;E10;E11;E12;F1;F2;F3;F4;F5;F6;F7;F8;F9;F10;F11;F12;G1;G2;G3;G4;G5;G6;G7;G8;G9;G10;G11;G12;H1;H2;H3;H4;H5;H6;H7;H8;H9;H10;H11;H12;, New:A1;A2;A3;A4;A5;A6;A7;B1;B2;B3;B4;B5;B6;B7;C1;C2;C3;C4;C5;C6;C7;
PMT Volts Changed: 05-Nov-24 12:51:38 PM, Old:550, New:600
Emission PMT (V): Changed: 05-Nov-24 12:51:38 PM, Old: 550, New: 600
PMT Volts Changed: 05-Nov-24 12:52:16 PM, Old:600, New:800
Emission PMT (V): Changed: 05-Nov-24 12:52:16 PM, Old: 600, New: 800
Stop Time 1 Changed: 05-Nov-24 12:54:44 PM, Old: 1.0000, New:60.0000
End Method Modifications

Sample C3,
Sample C3
Collection Time: 05-Nov-24 12:56:01 PM
Operator Name  :
Kinetics Software Version: 1.2(146)
Parameter List :
Report Time: Tue 05 Nov 12:56:01 PM 2024
Software version: 1.2(146)
Operator:
Instrument Parameters
Instrument                        Cary Eclipse
Instrument Serial Number          MY18160001
Data mode                         Fluorescence
Ex. wavelength (nm)               495.00
Em. wavelength (nm)               515.00
Ex. Slit (nm)                     5
Em. Slit (nm)                     5
Averaging Time (s)                0.1000
Cycle time(min)                   1.0000
Stop time(min)                    60.0000
Emission filter                   Open
Excitation Filter                 Auto
PMT voltage (V)                   High
Wellplate                         ON
Plate format                     96 Wells
Read position                    Well centre
Multi-zero                       OFF
Auto-zero                        OFF
Well                            A1
Comments:
Method Log     :
Method Name    : C:\USERS\ADMIN\DESKTOP\TXC.FBKN
Date/Time stamp: 12-Jun-24 9:10:34 AM
Method Modifications:
Wellplate Overlay Mode Changed: 11-Jun-24 5:29:48 PM, Old:Individual, New:Choice 1
Wellplate Overlay Mode Changed: 11-Jun-24 5:29:48 PM, Old:Overlay all, New:Choice 2
Wellplate Overlay Mode Changed: 11-Jun-24 5:29:48 PM, Old:Overlay rows, New:Choice 3
Wellplate Overlay Mode Changed: 11-Jun-24 5:29:48 PM, Old:Overlay columns, New:Choice 4
Wellplate Overlay Mode Changed: 11-Jun-24 5:29:48 PM, Old:User defined, New:Overlay columns
PMT Volts Changed: 11-Jun-24 5:34:02 PM, Old:600, New:550
Well plate reader Changed: 11-Jun-24 5:34:02 PM, Old:OFF, New:ON
Autoconvert Changed: 11-Jun-24 5:34:02 PM, Old:None, New:Ascii
Excitation Wavelength Changed: 11-Jun-24 5:34:02 PM, Old: 400.00, New: 494.00
Emission Wavelength Changed: 11-Jun-24 5:34:02 PM, Old: 600.00, New: 514.00
Stop Time 1 Changed: 11-Jun-24 5:34:02 PM, Old: 1.0000, New:120.0000
Emission PMT (V): Changed: 11-Jun-24 5:34:02 PM, Old: 600, New: 550
Wellplate Samples Changed: 11-Jun-24 5:34:02 PM, Old:, New:A1;A2;A3;A4;A5;A6;A7;A8;A9;A10;A11;A12;B1;B2;B3;B4;B5;B6;B7;B8;B9;B10;B11;B12;C1;C2;C3;C4;C5;C6;C7;C8;C9;C10;C11;C12;D1;D2;D3;D4;D5;D6;D7;D8;D9;D10;D11;D12;E1;E2;E3;E4;E5;E6;E7;E8;E9;E10;E11;E12;F1;F2;F3;F4;F5;F6;F7;F8;F9;F10;F11;F12;G1;G2;G3;G4;G5;G6;G7;G8;G9;G10;G11;G12;H1;H2;H3;H4;H5;H6;H7;H8;H9;H10;H11;H12;
Stop Time 1 Changed: 12-Jun-24 8:47:35 AM, Old:120.0000, New: 3.0000
Current Method Changed: 05-Nov-24 12:49:38 PM, Old:C:\Users\admin\Desktop\txc.FBKN, New:C:\USERS\ADMIN\DESKTOP\TXC.FBKN
Excitation Wavelength Changed: 05-Nov-24 12:51:26 PM, Old: 494.00, New: 495.00
Emission Wavelength Changed: 05-Nov-24 12:51:26 PM, Old: 514.00, New: 515.00
Cycle Time 1 Changed: 05-Nov-24 12:51:26 PM, Old: 0.0000, New: 1.0000
Stop Time 1 Changed: 05-Nov-24 12:51:26 PM, Old: 3.0000, New: 1.0000
Wellplate Samples Changed: 05-Nov-24 12:51:26 PM, Old:A1;A2;A3;A4;A5;A6;A7;A8;A9;A10;A11;A12;B1;B2;B3;B4;B5;B6;B7;B8;B9;B10;B11;B12;C1;C2;C3;C4;C5;C6;C7;C8;C9;C10;C11;C12;D1;D2;D3;D4;D5;D6;D7;D8;D9;D10;D11;D12;E1;E2;E3;E4;E5;E6;E7;E8;E9;E10;E11;E12;F1;F2;F3;F4;F5;F6;F7;F8;F9;F10;F11;F12;G1;G2;G3;G4;G5;G6;G7;G8;G9;G10;G11;G12;H1;H2;H3;H4;H5;H6;H7;H8;H9;H10;H11;H12;, New:A1;A2;A3;A4;A5;A6;A7;B1;B2;B3;B4;B5;B6;B7;C1;C2;C3;C4;C5;C6;C7;
PMT Volts Changed: 05-Nov-24 12:51:38 PM, Old:550, New:600
Emission PMT (V): Changed: 05-Nov-24 12:51:38 PM, Old: 550, New: 600
PMT Volts Changed: 05-Nov-24 12:52:16 PM, Old:600, New:800
Emission PMT (V): Changed: 05-Nov-24 12:52:16 PM, Old: 600, New: 800
Stop Time 1 Changed: 05-Nov-24 12:54:44 PM, Old: 1.0000, New:60.0000
End Method Modifications

Sample C4,
Sample C4
Collection Time: 05-Nov-24 12:56:01 PM
Operator Name  :
Kinetics Software Version: 1.2(146)
Parameter List :
Report Time: Tue 05 Nov 12:56:01 PM 2024
Software version: 1.2(146)
Operator:
Instrument Parameters
Instrument                        Cary Eclipse
Instrument Serial Number          MY18160001
Data mode                         Fluorescence
Ex. wavelength (nm)               495.00
Em. wavelength (nm)               515.00
Ex. Slit (nm)                     5
Em. Slit (nm)                     5
Averaging Time (s)                0.1000
Cycle time(min)                   1.0000
Stop time(min)                    60.0000
Emission filter                   Open
Excitation Filter                 Auto
PMT voltage (V)                   High
Wellplate                         ON
Plate format                     96 Wells
Read position                    Well centre
Multi-zero                       OFF
Auto-zero                        OFF
Well                            A1
Comments:
Method Log     :
Method Name    : C:\USERS\ADMIN\DESKTOP\TXC.FBKN
Date/Time stamp: 12-Jun-24 9:10:34 AM
Method Modifications:
Wellplate Overlay Mode Changed: 11-Jun-24 5:29:48 PM, Old:Individual, New:Choice 1
Wellplate Overlay Mode Changed: 11-Jun-24 5:29:48 PM, Old:Overlay all, New:Choice 2
Wellplate Overlay Mode Changed: 11-Jun-24 5:29:48 PM, Old:Overlay rows, New:Choice 3
Wellplate Overlay Mode Changed: 11-Jun-24 5:29:48 PM, Old:Overlay columns, New:Choice 4
Wellplate Overlay Mode Changed: 11-Jun-24 5:29:48 PM, Old:User defined, New:Overlay columns
PMT Volts Changed: 11-Jun-24 5:34:02 PM, Old:600, New:550
Well plate reader Changed: 11-Jun-24 5:34:02 PM, Old:OFF, New:ON
Autoconvert Changed: 11-Jun-24 5:34:02 PM, Old:None, New:Ascii
Excitation Wavelength Changed: 11-Jun-24 5:34:02 PM, Old: 400.00, New: 494.00
Emission Wavelength Changed: 11-Jun-24 5:34:02 PM, Old: 600.00, New: 514.00
Stop Time 1 Changed: 11-Jun-24 5:34:02 PM, Old: 1.0000, New:120.0000
Emission PMT (V): Changed: 11-Jun-24 5:34:02 PM, Old: 600, New: 550
Wellplate Samples Changed: 11-Jun-24 5:34:02 PM, Old:, New:A1;A2;A3;A4;A5;A6;A7;A8;A9;A10;A11;A12;B1;B2;B3;B4;B5;B6;B7;B8;B9;B10;B11;B12;C1;C2;C3;C4;C5;C6;C7;C8;C9;C10;C11;C12;D1;D2;D3;D4;D5;D6;D7;D8;D9;D10;D11;D12;E1;E2;E3;E4;E5;E6;E7;E8;E9;E10;E11;E12;F1;F2;F3;F4;F5;F6;F7;F8;F9;F10;F11;F12;G1;G2;G3;G4;G5;G6;G7;G8;G9;G10;G11;G12;H1;H2;H3;H4;H5;H6;H7;H8;H9;H10;H11;H12;
Stop Time 1 Changed: 12-Jun-24 8:47:35 AM, Old:120.0000, New: 3.0000
Current Method Changed: 05-Nov-24 12:49:38 PM, Old:C:\Users\admin\Desktop\txc.FBKN, New:C:\USERS\ADMIN\DESKTOP\TXC.FBKN
Excitation Wavelength Changed: 05-Nov-24 12:51:26 PM, Old: 494.00, New: 495.00
Emission Wavelength Changed: 05-Nov-24 12:51:26 PM, Old: 514.00, New: 515.00
Cycle Time 1 Changed: 05-Nov-24 12:51:26 PM, Old: 0.0000, New: 1.0000
Stop Time 1 Changed: 05-Nov-24 12:51:26 PM, Old: 3.0000, New: 1.0000
Wellplate Samples Changed: 05-Nov-24 12:51:26 PM, Old:A1;A2;A3;A4;A5;A6;A7;A8;A9;A10;A11;A12;B1;B2;B3;B4;B5;B6;B7;B8;B9;B10;B11;B12;C1;C2;C3;C4;C5;C6;C7;C8;C9;C10;C11;C12;D1;D2;D3;D4;D5;D6;D7;D8;D9;D10;D11;D12;E1;E2;E3;E4;E5;E6;E7;E8;E9;E10;E11;E12;F1;F2;F3;F4;F5;F6;F7;F8;F9;F10;F11;F12;G1;G2;G3;G4;G5;G6;G7;G8;G9;G10;G11;G12;H1;H2;H3;H4;H5;H6;H7;H8;H9;H10;H11;H12;, New:A1;A2;A3;A4;A5;A6;A7;B1;B2;B3;B4;B5;B6;B7;C1;C2;C3;C4;C5;C6;C7;
PMT Volts Changed: 05-Nov-24 12:51:38 PM, Old:550, New:600
Emission PMT (V): Changed: 05-Nov-24 12:51:38 PM, Old: 550, New: 600
PMT Volts Changed: 05-Nov-24 12:52:16 PM, Old:600, New:800
Emission PMT (V): Changed: 05-Nov-24 12:52:16 PM, Old: 600, New: 800
Stop Time 1 Changed: 05-Nov-24 12:54:44 PM, Old: 1.0000, New:60.0000
End Method Modifications

Sample C5,
Sample C5
Collection Time: 05-Nov-24 12:56:01 PM
Operator Name  :
Kinetics Software Version: 1.2(146)
Parameter List :
Report Time: Tue 05 Nov 12:56:01 PM 2024
Software version: 1.2(146)
Operator:
Instrument Parameters
Instrument                        Cary Eclipse
Instrument Serial Number          MY18160001
Data mode                         Fluorescence
Ex. wavelength (nm)               495.00
Em. wavelength (nm)               515.00
Ex. Slit (nm)                     5
Em. Slit (nm)                     5
Averaging Time (s)                0.1000
Cycle time(min)                   1.0000
Stop time(min)                    60.0000
Emission filter                   Open
Excitation Filter                 Auto
PMT voltage (V)                   High
Wellplate                         ON
Plate format                     96 Wells
Read position                    Well centre
Multi-zero                       OFF
Auto-zero                        OFF
Well                            A1
Comments:
Method Log     :
Method Name    : C:\USERS\ADMIN\DESKTOP\TXC.FBKN
Date/Time stamp: 12-Jun-24 9:10:34 AM
Method Modifications:
Wellplate Overlay Mode Changed: 11-Jun-24 5:29:48 PM, Old:Individual, New:Choice 1
Wellplate Overlay Mode Changed: 11-Jun-24 5:29:48 PM, Old:Overlay all, New:Choice 2
Wellplate Overlay Mode Changed: 11-Jun-24 5:29:48 PM, Old:Overlay rows, New:Choice 3
Wellplate Overlay Mode Changed: 11-Jun-24 5:29:48 PM, Old:Overlay columns, New:Choice 4
Wellplate Overlay Mode Changed: 11-Jun-24 5:29:48 PM, Old:User defined, New:Overlay columns
PMT Volts Changed: 11-Jun-24 5:34:02 PM, Old:600, New:550
Well plate reader Changed: 11-Jun-24 5:34:02 PM, Old:OFF, New:ON
Autoconvert Changed: 11-Jun-24 5:34:02 PM, Old:None, New:Ascii
Excitation Wavelength Changed: 11-Jun-24 5:34:02 PM, Old: 400.00, New: 494.00
Emission Wavelength Changed: 11-Jun-24 5:34:02 PM, Old: 600.00, New: 514.00
Stop Time 1 Changed: 11-Jun-24 5:34:02 PM, Old: 1.0000, New:120.0000
Emission PMT (V): Changed: 11-Jun-24 5:34:02 PM, Old: 600, New: 550
Wellplate Samples Changed: 11-Jun-24 5:34:02 PM, Old:, New:A1;A2;A3;A4;A5;A6;A7;A8;A9;A10;A11;A12;B1;B2;B3;B4;B5;B6;B7;B8;B9;B10;B11;B12;C1;C2;C3;C4;C5;C6;C7;C8;C9;C10;C11;C12;D1;D2;D3;D4;D5;D6;D7;D8;D9;D10;D11;D12;E1;E2;E3;E4;E5;E6;E7;E8;E9;E10;E11;E12;F1;F2;F3;F4;F5;F6;F7;F8;F9;F10;F11;F12;G1;G2;G3;G4;G5;G6;G7;G8;G9;G10;G11;G12;H1;H2;H3;H4;H5;H6;H7;H8;H9;H10;H11;H12;
Stop Time 1 Changed: 12-Jun-24 8:47:35 AM, Old:120.0000, New: 3.0000
Current Method Changed: 05-Nov-24 12:49:38 PM, Old:C:\Users\admin\Desktop\txc.FBKN, New:C:\USERS\ADMIN\DESKTOP\TXC.FBKN
Excitation Wavelength Changed: 05-Nov-24 12:51:26 PM, Old: 494.00, New: 495.00
Emission Wavelength Changed: 05-Nov-24 12:51:26 PM, Old: 514.00, New: 515.00
Cycle Time 1 Changed: 05-Nov-24 12:51:26 PM, Old: 0.0000, New: 1.0000
Stop Time 1 Changed: 05-Nov-24 12:51:26 PM, Old: 3.0000, New: 1.0000
Wellplate Samples Changed: 05-Nov-24 12:51:26 PM, Old:A1;A2;A3;A4;A5;A6;A7;A8;A9;A10;A11;A12;B1;B2;B3;B4;B5;B6;B7;B8;B9;B10;B11;B12;C1;C2;C3;C4;C5;C6;C7;C8;C9;C10;C11;C12;D1;D2;D3;D4;D5;D6;D7;D8;D9;D10;D11;D12;E1;E2;E3;E4;E5;E6;E7;E8;E9;E10;E11;E12;F1;F2;F3;F4;F5;F6;F7;F8;F9;F10;F11;F12;G1;G2;G3;G4;G5;G6;G7;G8;G9;G10;G11;G12;H1;H2;H3;H4;H5;H6;H7;H8;H9;H10;H11;H12;, New:A1;A2;A3;A4;A5;A6;A7;B1;B2;B3;B4;B5;B6;B7;C1;C2;C3;C4;C5;C6;C7;
PMT Volts Changed: 05-Nov-24 12:51:38 PM, Old:550, New:600
Emission PMT (V): Changed: 05-Nov-24 12:51:38 PM, Old: 550, New: 600
PMT Volts Changed: 05-Nov-24 12:52:16 PM, Old:600, New:800
Emission PMT (V): Changed: 05-Nov-24 12:52:16 PM, Old: 600, New: 800
Stop Time 1 Changed: 05-Nov-24 12:54:44 PM, Old: 1.0000, New:60.0000
End Method Modifications

Sample C6,
Sample C6
Collection Time: 05-Nov-24 12:56:01 PM
Operator Name  :
Kinetics Software Version: 1.2(146)
Parameter List :
Report Time: Tue 05 Nov 12:56:01 PM 2024
Software version: 1.2(146)
Operator:
Instrument Parameters
Instrument                        Cary Eclipse
Instrument Serial Number          MY18160001
Data mode                         Fluorescence
Ex. wavelength (nm)               495.00
Em. wavelength (nm)               515.00
Ex. Slit (nm)                     5
Em. Slit (nm)                     5
Averaging Time (s)                0.1000
Cycle time(min)                   1.0000
Stop time(min)                    60.0000
Emission filter                   Open
Excitation Filter                 Auto
PMT voltage (V)                   High
Wellplate                         ON
Plate format                     96 Wells
Read position                    Well centre
Multi-zero                       OFF
Auto-zero                        OFF
Well                            A1
Comments:
Method Log     :
Method Name    : C:\USERS\ADMIN\DESKTOP\TXC.FBKN
Date/Time stamp: 12-Jun-24 9:10:34 AM
Method Modifications:
Wellplate Overlay Mode Changed: 11-Jun-24 5:29:48 PM, Old:Individual, New:Choice 1
Wellplate Overlay Mode Changed: 11-Jun-24 5:29:48 PM, Old:Overlay all, New:Choice 2
Wellplate Overlay Mode Changed: 11-Jun-24 5:29:48 PM, Old:Overlay rows, New:Choice 3
Wellplate Overlay Mode Changed: 11-Jun-24 5:29:48 PM, Old:Overlay columns, New:Choice 4
Wellplate Overlay Mode Changed: 11-Jun-24 5:29:48 PM, Old:User defined, New:Overlay columns
PMT Volts Changed: 11-Jun-24 5:34:02 PM, Old:600, New:550
Well plate reader Changed: 11-Jun-24 5:34:02 PM, Old:OFF, New:ON
Autoconvert Changed: 11-Jun-24 5:34:02 PM, Old:None, New:Ascii
Excitation Wavelength Changed: 11-Jun-24 5:34:02 PM, Old: 400.00, New: 494.00
Emission Wavelength Changed: 11-Jun-24 5:34:02 PM, Old: 600.00, New: 514.00
Stop Time 1 Changed: 11-Jun-24 5:34:02 PM, Old: 1.0000, New:120.0000
Emission PMT (V): Changed: 11-Jun-24 5:34:02 PM, Old: 600, New: 550
Wellplate Samples Changed: 11-Jun-24 5:34:02 PM, Old:, New:A1;A2;A3;A4;A5;A6;A7;A8;A9;A10;A11;A12;B1;B2;B3;B4;B5;B6;B7;B8;B9;B10;B11;B12;C1;C2;C3;C4;C5;C6;C7;C8;C9;C10;C11;C12;D1;D2;D3;D4;D5;D6;D7;D8;D9;D10;D11;D12;E1;E2;E3;E4;E5;E6;E7;E8;E9;E10;E11;E12;F1;F2;F3;F4;F5;F6;F7;F8;F9;F10;F11;F12;G1;G2;G3;G4;G5;G6;G7;G8;G9;G10;G11;G12;H1;H2;H3;H4;H5;H6;H7;H8;H9;H10;H11;H12;
Stop Time 1 Changed: 12-Jun-24 8:47:35 AM, Old:120.0000, New: 3.0000
Current Method Changed: 05-Nov-24 12:49:38 PM, Old:C:\Users\admin\Desktop\txc.FBKN, New:C:\USERS\ADMIN\DESKTOP\TXC.FBKN
Excitation Wavelength Changed: 05-Nov-24 12:51:26 PM, Old: 494.00, New: 495.00
Emission Wavelength Changed: 05-Nov-24 12:51:26 PM, Old: 514.00, New: 515.00
Cycle Time 1 Changed: 05-Nov-24 12:51:26 PM, Old: 0.0000, New: 1.0000
Stop Time 1 Changed: 05-Nov-24 12:51:26 PM, Old: 3.0000, New: 1.0000
Wellplate Samples Changed: 05-Nov-24 12:51:26 PM, Old:A1;A2;A3;A4;A5;A6;A7;A8;A9;A10;A11;A12;B1;B2;B3;B4;B5;B6;B7;B8;B9;B10;B11;B12;C1;C2;C3;C4;C5;C6;C7;C8;C9;C10;C11;C12;D1;D2;D3;D4;D5;D6;D7;D8;D9;D10;D11;D12;E1;E2;E3;E4;E5;E6;E7;E8;E9;E10;E11;E12;F1;F2;F3;F4;F5;F6;F7;F8;F9;F10;F11;F12;G1;G2;G3;G4;G5;G6;G7;G8;G9;G10;G11;G12;H1;H2;H3;H4;H5;H6;H7;H8;H9;H10;H11;H12;, New:A1;A2;A3;A4;A5;A6;A7;B1;B2;B3;B4;B5;B6;B7;C1;C2;C3;C4;C5;C6;C7;
PMT Volts Changed: 05-Nov-24 12:51:38 PM, Old:550, New:600
Emission PMT (V): Changed: 05-Nov-24 12:51:38 PM, Old: 550, New: 600
PMT Volts Changed: 05-Nov-24 12:52:16 PM, Old:600, New:800
Emission PMT (V): Changed: 05-Nov-24 12:52:16 PM, Old: 600, New: 800
Stop Time 1 Changed: 05-Nov-24 12:54:44 PM, Old: 1.0000, New:60.0000
End Method Modifications

Sample C7,
Sample C7
Collection Time: 05-Nov-24 12:56:01 PM
Operator Name  :
Kinetics Software Version: 1.2(146)
Parameter List :
Report Time: Tue 05 Nov 12:56:01 PM 2024
Software version: 1.2(146)
Operator:
Instrument Parameters
Instrument                        Cary Eclipse
Instrument Serial Number          MY18160001
Data mode                         Fluorescence
Ex. wavelength (nm)               495.00
Em. wavelength (nm)               515.00
Ex. Slit (nm)                     5
Em. Slit (nm)                     5
Averaging Time (s)                0.1000
Cycle time(min)                   1.0000
Stop time(min)                    60.0000
Emission filter                   Open
Excitation Filter                 Auto
PMT voltage (V)                   High
Wellplate                         ON
Plate format                     96 Wells
Read position                    Well centre
Multi-zero                       OFF
Auto-zero                        OFF
Well                            A1
Comments:
Method Log     :
Method Name    : C:\USERS\ADMIN\DESKTOP\TXC.FBKN
Date/Time stamp: 12-Jun-24 9:10:34 AM
Method Modifications:
Wellplate Overlay Mode Changed: 11-Jun-24 5:29:48 PM, Old:Individual, New:Choice 1
Wellplate Overlay Mode Changed: 11-Jun-24 5:29:48 PM, Old:Overlay all, New:Choice 2
Wellplate Overlay Mode Changed: 11-Jun-24 5:29:48 PM, Old:Overlay rows, New:Choice 3
Wellplate Overlay Mode Changed: 11-Jun-24 5:29:48 PM, Old:Overlay columns, New:Choice 4
Wellplate Overlay Mode Changed: 11-Jun-24 5:29:48 PM, Old:User defined, New:Overlay columns
PMT Volts Changed: 11-Jun-24 5:34:02 PM, Old:600, New:550
Well plate reader Changed: 11-Jun-24 5:34:02 PM, Old:OFF, New:ON
Autoconvert Changed: 11-Jun-24 5:34:02 PM, Old:None, New:Ascii
Excitation Wavelength Changed: 11-Jun-24 5:34:02 PM, Old: 400.00, New: 494.00
Emission Wavelength Changed: 11-Jun-24 5:34:02 PM, Old: 600.00, New: 514.00
Stop Time 1 Changed: 11-Jun-24 5:34:02 PM, Old: 1.0000, New:120.0000
Emission PMT (V): Changed: 11-Jun-24 5:34:02 PM, Old: 600, New: 550
Wellplate Samples Changed: 11-Jun-24 5:34:02 PM, Old:, New:A1;A2;A3;A4;A5;A6;A7;A8;A9;A10;A11;A12;B1;B2;B3;B4;B5;B6;B7;B8;B9;B10;B11;B12;C1;C2;C3;C4;C5;C6;C7;C8;C9;C10;C11;C12;D1;D2;D3;D4;D5;D6;D7;D8;D9;D10;D11;D12;E1;E2;E3;E4;E5;E6;E7;E8;E9;E10;E11;E12;F1;F2;F3;F4;F5;F6;F7;F8;F9;F10;F11;F12;G1;G2;G3;G4;G5;G6;G7;G8;G9;G10;G11;G12;H1;H2;H3;H4;H5;H6;H7;H8;H9;H10;H11;H12;
Stop Time 1 Changed: 12-Jun-24 8:47:35 AM, Old:120.0000, New: 3.0000
Current Method Changed: 05-Nov-24 12:49:38 PM, Old:C:\Users\admin\Desktop\txc.FBKN, New:C:\USERS\ADMIN\DESKTOP\TXC.FBKN
Excitation Wavelength Changed: 05-Nov-24 12:51:26 PM, Old: 494.00, New: 495.00
Emission Wavelength Changed: 05-Nov-24 12:51:26 PM, Old: 514.00, New: 515.00
Cycle Time 1 Changed: 05-Nov-24 12:51:26 PM, Old: 0.0000, New: 1.0000
Stop Time 1 Changed: 05-Nov-24 12:51:26 PM, Old: 3.0000, New: 1.0000
Wellplate Samples Changed: 05-Nov-24 12:51:26 PM, Old:A1;A2;A3;A4;A5;A6;A7;A8;A9;A10;A11;A12;B1;B2;B3;B4;B5;B6;B7;B8;B9;B10;B11;B12;C1;C2;C3;C4;C5;C6;C7;C8;C9;C10;C11;C12;D1;D2;D3;D4;D5;D6;D7;D8;D9;D10;D11;D12;E1;E2;E3;E4;E5;E6;E7;E8;E9;E10;E11;E12;F1;F2;F3;F4;F5;F6;F7;F8;F9;F10;F11;F12;G1;G2;G3;G4;G5;G6;G7;G8;G9;G10;G11;G12;H1;H2;H3;H4;H5;H6;H7;H8;H9;H10;H11;H12;, New:A1;A2;A3;A4;A5;A6;A7;B1;B2;B3;B4;B5;B6;B7;C1;C2;C3;C4;C5;C6;C7;
PMT Volts Changed: 05-Nov-24 12:51:38 PM, Old:550, New:600
Emission PMT (V): Changed: 05-Nov-24 12:51:38 PM, Old: 550, New: 600
PMT Volts Changed: 05-Nov-24 12:52:16 PM, Old:600, New:800
Emission PMT (V): Changed: 05-Nov-24 12:52:16 PM, Old: 600, New: 800
Stop Time 1 Changed: 05-Nov-24 12:54:44 PM, Old: 1.0000, New:60.0000
End Method Modifications

