Sample A1,,Sample A2,,Sample A3,,Sample A4,,Sample A5,,Sample A6,,Sample A7,,Sample A8,,Sample A9,,Sample A10,,Sample A11,,Sample A12,,Sample A1,,Sample A2,,Sample A3,,Sample A4,,Sample A5,,Sample A6,,Sample A7,,Sample A8,,Sample A9,,Sample A10,,Sample A11,,Sample A12,,Sample B12,,Sample B11,,Sample B10,,Sample B9,,Sample B8,,Sample B7,,Sample B6,,Sample B5,,Sample B4,,Sample B3,,Sample B2,,Sample B1,,Sample C1,,Sample C2,,Sample C3,,Sample C4,,Sample C5,,Sample C6,,Sample C7,,Sample C8,,Sample C9,,Sample C10,,Sample C11,,Sample C12,,Sample A1,,Sample A2,,Sample A3,,Sample A4,,Sample A5,,Sample A6,,Sample A7,,Sample A8,,Sample A9,,Sample A10,,Sample A11,,Sample A12,,Sample B12,,Sample B11,,Sample B10,,Sample B9,,Sample B8,,Sample B7,,Sample B6,,Sample B5,,Sample B4,,Sample B3,,Sample B2,,Sample B1,,Sample C1,,Sample C2,,Sample C3,,Sample C4,,Sample C5,,Sample C6,,Sample C7,,Sample C8,,Sample C9,,Sample C10,,Sample C11,,Sample C12,,
Wavelength (nm),Intensity (a.u.),Wavelength (nm),Intensity (a.u.),Wavelength (nm),Intensity (a.u.),Wavelength (nm),Intensity (a.u.),Wavelength (nm),Intensity (a.u.),Wavelength (nm),Intensity (a.u.),Wavelength (nm),Intensity (a.u.),Wavelength (nm),Intensity (a.u.),Wavelength (nm),Intensity (a.u.),Wavelength (nm),Intensity (a.u.),Wavelength (nm),Intensity (a.u.),Wavelength (nm),Intensity (a.u.),Wavelength (nm),Intensity (a.u.),Wavelength (nm),Intensity (a.u.),Wavelength (nm),Intensity (a.u.),Wavelength (nm),Intensity (a.u.),Wavelength (nm),Intensity (a.u.),Wavelength (nm),Intensity (a.u.),Wavelength (nm),Intensity (a.u.),Wavelength (nm),Intensity (a.u.),Wavelength (nm),Intensity (a.u.),Wavelength (nm),Intensity (a.u.),Wavelength (nm),Intensity (a.u.),Wavelength (nm),Intensity (a.u.),Wavelength (nm),Intensity (a.u.),Wavelength (nm),Intensity (a.u.),Wavelength (nm),Intensity (a.u.),Wavelength (nm),Intensity (a.u.),Wavelength (nm),Intensity (a.u.),Wavelength (nm),Intensity (a.u.),Wavelength (nm),Intensity (a.u.),Wavelength (nm),Intensity (a.u.),Wavelength (nm),Intensity (a.u.),Wavelength (nm),Intensity (a.u.),Wavelength (nm),Intensity (a.u.),Wavelength (nm),Intensity (a.u.),Wavelength (nm),Intensity (a.u.),Wavelength (nm),Intensity (a.u.),Wavelength (nm),Intensity (a.u.),Wavelength (nm),Intensity (a.u.),Wavelength (nm),Intensity (a.u.),Wavelength (nm),Intensity (a.u.),Wavelength (nm),Intensity (a.u.),Wavelength (nm),Intensity (a.u.),Wavelength (nm),Intensity (a.u.),Wavelength (nm),Intensity (a.u.),Wavelength (nm),Intensity (a.u.),Wavelength (nm),Intensity (a.u.),Wavelength (nm),Intensity (a.u.),Wavelength (nm),Intensity (a.u.),Wavelength (nm),Intensity (a.u.),Wavelength (nm),Intensity (a.u.),Wavelength (nm),Intensity (a.u.),Wavelength (nm),Intensity (a.u.),Wavelength (nm),Intensity (a.u.),Wavelength (nm),Intensity (a.u.),Wavelength (nm),Intensity (a.u.),Wavelength (nm),Intensity (a.u.),Wavelength (nm),Intensity (a.u.),Wavelength (nm),Intensity (a.u.),Wavelength (nm),Intensity (a.u.),Wavelength (nm),Intensity (a.u.),Wavelength (nm),Intensity (a.u.),Wavelength (nm),Intensity (a.u.),Wavelength (nm),Intensity (a.u.),Wavelength (nm),Intensity (a.u.),Wavelength (nm),Intensity (a.u.),Wavelength (nm),Intensity (a.u.),Wavelength (nm),Intensity (a.u.),Wavelength (nm),Intensity (a.u.),Wavelength (nm),Intensity (a.u.),Wavelength (nm),Intensity (a.u.),Wavelength (nm),Intensity (a.u.),Wavelength (nm),Intensity (a.u.),Wavelength (nm),Intensity (a.u.),Wavelength (nm),Intensity (a.u.),Wavelength (nm),Intensity (a.u.),Wavelength (nm),Intensity (a.u.),Wavelength (nm),Intensity (a.u.),Wavelength (nm),Intensity (a.u.),Wavelength (nm),Intensity (a.u.),Wavelength (nm),Intensity (a.u.),Wavelength (nm),Intensity (a.u.),Wavelength (nm),Intensity (a.u.),
516.8599854,0.03041855991,516.8599854,4.400686741,516.8599854,4.109645367,516.8599854,4.24550724,516.8599854,4.217175007,516.8599854,4.033629417,516.8599854,4.131726742,516.8599854,3.335378885,516.8599854,3.805256844,516.8599854,3.85037446,516.8599854,4.228689194,516.8599854,4.451355934,510,2.849002838,510,51.72756195,510,46.07453537,510,51.7166748,510,50.3455658,510,47.36229706,510,47.94520569,510,41.54921722,510,45.2495079,510,49.03012466,510,49.36244965,510,51.35523605,510,64.66624451,510,54.0149231,510,49.93381882,510,51.30371475,510,53.36457825,510,56.98581314,510,54.05108261,510,52.24236298,510,53.71163177,510,56.38054657,510,55.80553436,510,2.907861948,510,4.23191309,510,41.33758545,510,44.46655273,510,42.98517227,510,42.6950531,510,39.87744904,510,42.13998413,510,41.10836411,510,38.33745956,510,40.05160141,510,40.9878273,510,44.59757614,510,8.768535614,510,141.1922455,510,139.6170044,510,141.7220917,510,141.2751617,510,134.7289124,510,133.9348297,510,123.8459015,510,130.3721008,510,132.717453,510,141.0580902,510,149.5585785,510,184.9337769,510,151.6492157,510,137.2294769,510,143.1385498,510,145.991745,510,155.9117432,510,159.6920166,510,153.7057953,510,167.1234283,510,160.0782013,510,161.0955353,510,10.71587753,510,9.139557838,510,115.8609772,510,128.681839,510,116.4813919,510,121.110321,510,102.4232635,510,116.7953339,510,108.7271576,510,107.7420578,510,109.796196,510,118.2502136,510,130.4771271,
517.9099731,0.1922023445,517.9099731,4.335987091,517.9099731,3.987397909,517.9099731,4.20289278,517.9099731,3.867053747,517.9099731,4.301239967,517.9099731,4.108670235,517.9099731,3.732167006,517.9099731,4.173853397,517.9099731,4.06608057,517.9099731,4.238641262,517.9099731,4.545670509,511.0400085,2.84754324,511.0400085,53.08550644,511.0400085,53.09818649,511.0400085,56.6230278,511.0400085,51.92098618,511.0400085,51.99078369,511.0400085,54.69657516,511.0400085,43.64435196,511.0400085,48.88574219,511.0400085,50.9172554,511.0400085,53.37412262,511.0400085,58.93274689,511.0400085,67.35591888,511.0400085,59.57856369,511.0400085,53.4981308,511.0400085,53.1723671,511.0400085,53.4355545,511.0400085,59.00224304,511.0400085,60.22589111,511.0400085,58.99707794,511.0400085,58.11615753,511.0400085,58.84985352,511.0400085,56.84489822,511.0400085,2.995410442,511.0400085,3.242404461,511.0400085,44.67116547,511.0400085,42.29509354,511.0400085,43.58064651,511.0400085,44.74133682,511.0400085,45.31476974,511.0400085,45.2508049,511.0400085,40.93156052,511.0400085,42.12773514,511.0400085,45.55510712,511.0400085,45.48257828,511.0400085,44.86566544,511.0400085,11.0830431,511.0400085,151.7723236,511.0400085,138.7265015,511.0400085,150.178772,511.0400085,147.9384766,511.0400085,144.0199585,511.0400085,139.5871735,511.0400085,125.1234741,511.0400085,135.4997864,511.0400085,144.0339813,511.0400085,148.0183411,511.0400085,155.811676,511.0400085,189.5822754,511.0400085,165.6564331,511.0400085,152.9159698,511.0400085,145.1886749,511.0400085,141.8808746,511.0400085,163.3493805,511.0400085,158.4558868,511.0400085,159.2057343,511.0400085,163.4170685,511.0400085,152.7928009,511.0400085,158.8853302,511.0400085,10.15974903,511.0400085,6.537204742,511.0400085,119.2333527,511.0400085,124.3744278,511.0400085,124.2724686,511.0400085,115.8281555,511.0400085,119.36026,511.0400085,122.2528839,511.0400085,116.7670822,511.0400085,111.5708389,511.0400085,116.6984253,511.0400085,120.0908966,511.0400085,128.0832062,
,,,,,,,,,,,,,,,,,,,,,,,,511.9400024,3.460144043,511.9400024,55.16815186,511.9400024,52.86318588,511.9400024,51.52113724,511.9400024,54.23989868,511.9400024,54.10488129,511.9400024,52.2257576,511.9400024,52.1627655,511.9400024,49.18281555,511.9400024,53.93910217,511.9400024,56.21509552,511.9400024,59.57001114,511.9400024,68.47798157,511.9400024,57.70952988,511.9400024,55.74309921,511.9400024,52.81751633,511.9400024,60.62098694,511.9400024,59.75651169,511.9400024,61.42716599,511.9400024,62.52946854,511.9400024,61.49558258,511.9400024,58.76599121,511.9400024,62.24458694,511.9400024,4.749434471,511.9400024,3.44016099,511.9400024,47.39294052,511.9400024,45.28997421,511.9400024,45.76103973,511.9400024,44.53890991,511.9400024,47.29995728,511.9400024,45.96749878,511.9400024,42.37218094,511.9400024,42.89070129,511.9400024,44.60717773,511.9400024,43.0251236,511.9400024,49.65568161,511.9400024,7.456003666,511.9400024,157.555191,511.9400024,146.2601471,511.9400024,144.2218933,511.9400024,147.9914856,511.9400024,147.9573975,511.9400024,159.8347778,511.9400024,126.2756119,511.9400024,142.5862579,511.9400024,150.7576447,511.9400024,142.4552155,511.9400024,163.9311829,511.9400024,203.244812,511.9400024,164.3574524,511.9400024,158.8986511,511.9400024,150.4561005,511.9400024,153.2508545,511.9400024,159.0746002,511.9400024,168.292511,511.9400024,164.6101685,511.9400024,163.3011017,511.9400024,167.2239075,511.9400024,163.742218,511.9400024,6.730353355,511.9400024,9.976168633,511.9400024,121.0693893,511.9400024,130.4884033,511.9400024,123.5311279,511.9400024,124.5852737,511.9400024,122.0965042,511.9400024,124.4213257,511.9400024,117.8354111,511.9400024,130.4322662,511.9400024,127.7788467,511.9400024,123.409256,511.9400024,141.767395,
,,,,,,,,,,,,,,,,,,,,,,,,512.9799805,2.819495201,512.9799805,61.43397141,512.9799805,52.79340744,512.9799805,58.85270691,512.9799805,52.96942139,512.9799805,54.92934418,512.9799805,57.02183151,512.9799805,52.02312088,512.9799805,50.16270065,512.9799805,52.39702988,512.9799805,58.90901947,512.9799805,65.16763306,512.9799805,72.50218964,512.9799805,58.99900818,512.9799805,56.37386322,512.9799805,55.86064529,512.9799805,61.97356796,512.9799805,60.89336395,512.9799805,63.29792023,512.9799805,62.40272903,512.9799805,62.91771698,512.9799805,62.18531418,512.9799805,61.17510223,512.9799805,3.200735807,512.9799805,3.900155783,512.9799805,47.79179764,512.9799805,45.16903305,512.9799805,48.02103043,512.9799805,46.1919632,512.9799805,44.180336,512.9799805,46.9838829,512.9799805,44.32548904,512.9799805,45.36647415,512.9799805,43.39821243,512.9799805,46.09282303,512.9799805,47.50685501,512.9799805,7.026043892,512.9799805,167.6920319,512.9799805,153.2331085,512.9799805,155.7641144,512.9799805,155.9237976,512.9799805,150.139267,512.9799805,152.982254,512.9799805,138.9358673,512.9799805,145.7185364,512.9799805,146.4520874,512.9799805,163.2446747,512.9799805,172.7661591,512.9799805,208.9597168,512.9799805,178.5704193,512.9799805,149.6601257,512.9799805,159.0731506,512.9799805,166.7273407,512.9799805,165.4763947,512.9799805,170.8458862,512.9799805,177.7746735,512.9799805,168.1742401,512.9799805,173.4952087,512.9799805,173.8612213,512.9799805,9.246916771,512.9799805,8.203303337,512.9799805,127.7844772,512.9799805,138.355835,512.9799805,136.3118286,512.9799805,131.3956604,512.9799805,127.0623779,512.9799805,129.890976,512.9799805,117.2628326,512.9799805,117.222847,512.9799805,122.6091385,512.9799805,124.6718369,512.9799805,135.6832123,
,,,,,,,,,,,,,,,,,,,,,,,,514.0200195,2.733729362,514.0200195,58.06217957,514.0200195,55.39539719,514.0200195,59.70305634,514.0200195,54.51634598,514.0200195,54.89597321,514.0200195,52.33017731,514.0200195,51.19031143,514.0200195,52.91593552,514.0200195,55.10282898,514.0200195,60.47737503,514.0200195,58.79500961,514.0200195,72.94882202,514.0200195,58.9032135,514.0200195,60.73991394,514.0200195,58.03469086,514.0200195,57.47137833,514.0200195,61.00865936,514.0200195,66.57553864,514.0200195,62.72812271,514.0200195,62.64002609,514.0200195,60.38916779,514.0200195,61.87035751,514.0200195,2.171239853,514.0200195,2.835794449,514.0200195,45.03407288,514.0200195,49.22922516,514.0200195,50.80168915,514.0200195,50.41357803,514.0200195,48.45515442,514.0200195,47.19103241,514.0200195,45.05478668,514.0200195,43.39070892,514.0200195,44.65231323,514.0200195,45.91607666,514.0200195,52.2747879,514.0200195,5.560283184,514.0200195,162.2840576,514.0200195,153.8754425,514.0200195,156.7299652,514.0200195,153.845459,514.0200195,157.2740784,514.0200195,165.3623047,514.0200195,137.188858,514.0200195,147.8967896,514.0200195,148.4258423,514.0200195,164.9217682,514.0200195,169.0409851,514.0200195,199.7378845,514.0200195,167.193161,514.0200195,161.4271698,514.0200195,150.1258392,514.0200195,164.011673,514.0200195,160.0540466,514.0200195,167.6112518,514.0200195,180.6648865,514.0200195,174.4292145,514.0200195,164.3648682,514.0200195,173.5420227,514.0200195,5.82140398,514.0200195,7.882842064,514.0200195,136.4082489,514.0200195,139.2020874,514.0200195,128.975769,514.0200195,128.3107758,514.0200195,126.1794281,514.0200195,133.717453,514.0200195,133.6691284,514.0200195,127.6351929,514.0200195,128.0774841,514.0200195,129.4967499,514.0200195,141.5520935,
,,,,,,,,,,,,,,,,,,,,,,,,515.0700073,1.992926478,515.0700073,57.85698318,515.0700073,52.65824127,515.0700073,59.71014023,515.0700073,53.70346451,515.0700073,57.38958359,515.0700073,60.48993301,515.0700073,48.86809158,515.0700073,54.45320511,515.0700073,55.8891983,515.0700073,58.66283417,515.0700073,65.7477417,515.0700073,75.20891571,515.0700073,65.57583618,515.0700073,57.50878143,515.0700073,54.63747406,515.0700073,63.9133606,515.0700073,64.80380249,515.0700073,63.48608398,515.0700073,66.93625641,515.0700073,62.81038284,515.0700073,63.17468643,515.0700073,62.36681747,515.0700073,2.255376339,515.0700073,2.909564972,515.0700073,46.05855179,515.0700073,49.96790314,515.0700073,50.60273743,515.0700073,50.05886841,515.0700073,46.20027924,515.0700073,46.53674698,515.0700073,46.25321579,515.0700073,44.88866425,515.0700073,44.35319901,515.0700073,45.96234131,515.0700073,51.52726746,515.0700073,5.463112354,515.0700073,162.2485657,515.0700073,147.9877777,515.0700073,165.125351,515.0700073,162.353363,515.0700073,164.802536,515.0700073,162.5822449,515.0700073,135.7698975,515.0700073,146.5385742,515.0700073,160.848175,515.0700073,165.5672913,515.0700073,163.9176636,515.0700073,211.6780701,515.0700073,175.0671844,515.0700073,164.473999,515.0700073,171.4603729,515.0700073,161.1735535,515.0700073,184.1610107,515.0700073,176.5478668,515.0700073,176.2636719,515.0700073,172.629364,515.0700073,184.2943115,515.0700073,169.0922852,515.0700073,6.295057297,515.0700073,6.820337772,515.0700073,140.2568054,515.0700073,133.3043671,515.0700073,130.8458405,515.0700073,133.3843842,515.0700073,127.8505173,515.0700073,135.1432037,515.0700073,123.4617996,515.0700073,126.7762146,515.0700073,132.1980438,515.0700073,136.8371735,515.0700073,153.513443,
,,,,,,,,,,,,,,,,,,,,,,,,515.9699707,2.13843441,515.9699707,60.28235626,515.9699707,58.09444809,515.9699707,59.43822098,515.9699707,59.39715195,515.9699707,55.58533478,515.9699707,57.87279129,515.9699707,49.72496796,515.9699707,53.2781601,515.9699707,57.50194168,515.9699707,60.11709595,515.9699707,62.84329224,515.9699707,77.80756378,515.9699707,67.36310577,515.9699707,63.20032501,515.9699707,59.3405571,515.9699707,58.60777664,515.9699707,62.15642548,515.9699707,65.27967834,515.9699707,61.87498093,515.9699707,64.87397766,515.9699707,63.36804581,515.9699707,67.29402161,515.9699707,2.613732576,515.9699707,2.645869732,515.9699707,48.23667526,515.9699707,48.51200104,515.9699707,45.20916748,515.9699707,49.50150681,515.9699707,48.74355316,515.9699707,48.63394928,515.9699707,46.90145874,515.9699707,43.55602264,515.9699707,45.78125,515.9699707,47.20478058,515.9699707,48.67757416,515.9699707,7.365532875,515.9699707,162.2464447,515.9699707,158.403717,515.9699707,163.72966,515.9699707,154.5333405,515.9699707,169.3289642,515.9699707,152.3352203,515.9699707,144.3431854,515.9699707,142.5763245,515.9699707,159.1318817,515.9699707,156.7298126,515.9699707,172.7494965,515.9699707,217.9693604,515.9699707,178.8712311,515.9699707,165.0734863,515.9699707,171.6326141,515.9699707,163.6752472,515.9699707,177.0173035,515.9699707,174.2686615,515.9699707,180.9230194,515.9699707,177.5571747,515.9699707,173.7779388,515.9699707,189.7478027,515.9699707,5.671825886,515.9699707,6.027234554,515.9699707,133.5956421,515.9699707,124.3210678,515.9699707,143.5115814,515.9699707,140.9578247,515.9699707,126.1145325,515.9699707,132.7756042,515.9699707,126.6510315,515.9699707,119.3139954,515.9699707,131.9114227,515.9699707,134.0885162,515.9699707,142.9853668,
,,,,,,,,,,,,,,,,,,,,,,,,517.0100098,2.062304258,517.0100098,60.92026138,517.0100098,54.92956543,517.0100098,58.91586685,517.0100098,57.39152527,517.0100098,55.89300537,517.0100098,55.67024994,517.0100098,48.07828522,517.0100098,54.53757858,517.0100098,56.52973938,517.0100098,60.40815735,517.0100098,66.251297,517.0100098,76.4466095,517.0100098,66.56694031,517.0100098,60.24449539,517.0100098,55.92287827,517.0100098,61.53661346,517.0100098,67.8168869,517.0100098,65.26213074,517.0100098,63.31500244,517.0100098,66.25485229,517.0100098,63.92803955,517.0100098,68.05246735,517.0100098,2.42453742,517.0100098,2.230796576,517.0100098,50.35932159,517.0100098,47.97457886,517.0100098,50.22042084,517.0100098,47.07868195,517.0100098,50.62120056,517.0100098,46.66626358,517.0100098,47.01037979,517.0100098,47.51622009,517.0100098,48.93873596,517.0100098,49.55557632,517.0100098,52.77787781,517.0100098,5.146009922,517.0100098,164.6686554,517.0100098,156.1346436,517.0100098,162.3454895,517.0100098,174.4452515,517.0100098,152.8812103,517.0100098,160.5253296,517.0100098,141.9810181,517.0100098,144.6486969,517.0100098,162.4713745,517.0100098,157.620575,517.0100098,176.0398102,517.0100098,215.8996582,517.0100098,177.523941,517.0100098,177.2178345,517.0100098,162.9528503,517.0100098,161.3113098,517.0100098,182.3028564,517.0100098,183.1741333,517.0100098,175.7261047,517.0100098,172.7826996,517.0100098,185.9426117,517.0100098,182.569046,517.0100098,7.005336761,517.0100098,5.788500786,517.0100098,135.9481354,517.0100098,141.360733,517.0100098,137.6282501,517.0100098,137.1580048,517.0100098,125.0149918,517.0100098,130.5641937,517.0100098,127.6531067,517.0100098,129.8117218,517.0100098,129.6942902,517.0100098,134.2729645,517.0100098,139.4624329,
,,,,,,,,,,,,,,,,,,,,,,,,518.0499878,1.764335155,518.0499878,62.9605217,518.0499878,54.74328995,518.0499878,63.53491592,518.0499878,56.88117599,518.0499878,56.231884,518.0499878,57.86650467,518.0499878,45.92657471,518.0499878,54.10591507,518.0499878,60.01939774,518.0499878,60.67153168,518.0499878,66.05512238,518.0499878,78.3259201,518.0499878,64.98770905,518.0499878,59.24359894,518.0499878,59.79105377,518.0499878,63.08230591,518.0499878,65.92464447,518.0499878,68.59189606,518.0499878,63.13637543,518.0499878,62.25238037,518.0499878,63.39871979,518.0499878,66.36203003,518.0499878,2.091069221,518.0499878,2.87348032,518.0499878,45.96675491,518.0499878,50.62182617,518.0499878,50.20370102,518.0499878,49.30414963,518.0499878,47.47398758,518.0499878,46.8687973,518.0499878,47.99124908,518.0499878,48.19976044,518.0499878,46.68774796,518.0499878,49.00555038,518.0499878,49.74172974,518.0499878,4.845638752,518.0499878,157.6234436,518.0499878,147.5910645,518.0499878,163.1172028,518.0499878,163.5667114,518.0499878,147.0258789,518.0499878,161.70401,518.0499878,138.5944977,518.0499878,139.1168213,518.0499878,158.7373352,518.0499878,163.2064056,518.0499878,176.2268066,518.0499878,221.5232086,518.0499878,179.526886,518.0499878,174.2044678,518.0499878,165.9906616,518.0499878,161.6853943,518.0499878,170.2757874,518.0499878,184.2766266,518.0499878,179.4829865,518.0499878,179.765976,518.0499878,171.1927795,518.0499878,177.0970154,518.0499878,6.395546913,518.0499878,6.601294518,518.0499878,130.6569366,518.0499878,138.9407959,518.0499878,137.3521729,518.0499878,140.0531769,518.0499878,130.2553558,518.0499878,135.0055389,518.0499878,131.4772034,518.0499878,118.3875275,518.0499878,125.9222794,518.0499878,129.4214172,518.0499878,149.4498749,
,,,,,,,,,,,,,,,,,,,,,,,,518.9500122,2.246784449,518.9500122,62.49034882,518.9500122,56.74958038,518.9500122,61.59122849,518.9500122,56.65232849,518.9500122,55.61495209,518.9500122,55.40566254,518.9500122,52.05086899,518.9500122,54.30989838,518.9500122,58.31498337,518.9500122,59.57203674,518.9500122,63.13681793,518.9500122,74.73229218,518.9500122,68.23871613,518.9500122,59.97764587,518.9500122,57.09878159,518.9500122,59.15448761,518.9500122,65.39907837,518.9500122,66.28931427,518.9500122,64.09242249,518.9500122,64.38516998,518.9500122,60.43564224,518.9500122,67.01602173,518.9500122,2.428185225,518.9500122,2.634951591,518.9500122,46.60857773,518.9500122,51.77037811,518.9500122,49.1297226,518.9500122,47.76171875,518.9500122,49.58021164,518.9500122,45.57584,518.9500122,48.32647705,518.9500122,46.3443985,518.9500122,45.16639709,518.9500122,45.3490181,518.9500122,52.84523773,518.9500122,5.687298775,518.9500122,181.3403931,518.9500122,156.3695526,518.9500122,159.0558777,518.9500122,157.7781372,518.9500122,169.2818298,518.9500122,155.550415,518.9500122,138.0341949,518.9500122,155.4662018,518.9500122,158.5340576,518.9500122,162.029892,518.9500122,176.438324,518.9500122,206.8827667,518.9500122,173.8347015,518.9500122,165.6891174,518.9500122,169.8709106,518.9500122,163.0201263,518.9500122,175.2059631,518.9500122,184.7322235,518.9500122,185.3749237,518.9500122,185.4958649,518.9500122,180.6111908,518.9500122,180.5250397,518.9500122,6.23876524,518.9500122,5.603933811,518.9500122,130.2776947,518.9500122,132.3812866,518.9500122,141.4605713,518.9500122,136.6893158,518.9500122,134.2767487,518.9500122,139.9619598,518.9500122,128.3452454,518.9500122,115.8183365,518.9500122,138.6114655,518.9500122,139.9828491,518.9500122,138.5520172,
,,,,,,,,,,,,,,,,,,,,,,,,520,1.956389546,520,59.02264786,520,53.01355362,520,58.66028595,520,57.6283989,520,55.87916183,520,59.32936859,520,51.33583069,520,54.20181656,520,56.44439316,520,58.88077927,520,67.89102173,520,78.3106308,520,64.81417847,520,58.5316658,520,55.89097214,520,59.89650345,520,67.51959991,520,67.45098877,520,60.31359863,520,64.14167023,520,61.96484375,520,62.1816864,520,1.653575778,520,2.32455802,520,47.87248993,520,48.85599518,520,48.07624054,520,50.81285477,520,49.15385056,520,47.35569,520,45.7567482,520,46.2723999,520,47.84430695,520,47.74753189,520,50.80121613,520,6.338366985,520,167.6179199,520,152.7371674,520,169.0602264,520,160.3974609,520,159.8092194,520,155.5208282,520,138.7986908,520,148.9532928,520,157.2944641,520,160.8720551,520,177.4030457,520,209.5065155,520,172.5207825,520,173.3123932,520,160.1026306,520,161.3397064,520,182.9793243,520,177.4613647,520,176.7478638,520,176.573822,520,168.5547638,520,180.1853333,520,6.988671303,520,5.131620884,520,138.723526,520,138.4142303,520,142.4119873,520,131.5008087,520,124.2546005,520,130.2831879,520,124.1120758,520,133.2793732,520,135.5525665,520,129.2291107,520,140.5739899,
,,,,,,,,,,,,,,,,,,,,,,,,521.0599976,1.945133805,521.0599976,62.81392288,521.0599976,57.08609009,521.0599976,58.20816803,521.0599976,55.14770508,521.0599976,52.24756622,521.0599976,57.14548874,521.0599976,48.38921738,521.0599976,52.4015274,521.0599976,59.00410843,521.0599976,58.35836792,521.0599976,60.32666779,521.0599976,77.04694366,521.0599976,63.4596138,521.0599976,58.86692047,521.0599976,56.35913086,521.0599976,62.78628922,521.0599976,63.42626953,521.0599976,66.01173401,521.0599976,64.29416656,521.0599976,65.21547699,521.0599976,59.66514969,521.0599976,63.06018066,521.0599976,2.031862497,521.0599976,2.644543886,521.0599976,44.29733276,521.0599976,46.62976456,521.0599976,48.4670105,521.0599976,49.787117,521.0599976,46.61855316,521.0599976,47.7622757,521.0599976,46.93910217,521.0599976,41.79465103,521.0599976,45.82023621,521.0599976,51.99305344,521.0599976,49.60874176,521.0599976,4.874963284,521.0599976,170.8008423,521.0599976,150.7749634,521.0599976,162.3406677,521.0599976,155.6812744,521.0599976,171.6452789,521.0599976,151.4766083,521.0599976,137.2266388,521.0599976,138.0422363,521.0599976,153.462326,521.0599976,155.5802002,521.0599976,182.7995911,521.0599976,204.7398682,521.0599976,174.780014,521.0599976,165.3422241,521.0599976,159.8156281,521.0599976,169.9377441,521.0599976,172.1523285,521.0599976,182.4346466,521.0599976,172.1243744,521.0599976,181.0688477,521.0599976,163.1289673,521.0599976,166.5431671,521.0599976,7.714878559,521.0599976,5.101843834,521.0599976,128.7123871,521.0599976,133.5275879,521.0599976,144.8278961,521.0599976,126.3380966,521.0599976,127.2405243,521.0599976,127.3370667,521.0599976,123.1918716,521.0599976,118.6326294,521.0599976,121.1430435,521.0599976,138.0259399,521.0599976,137.71138,
,,,,,,,,,,,,,,,,,,,,,,,,521.960022,1.772371411,521.960022,59.37783813,521.960022,55.63972473,521.960022,56.85282135,521.960022,58.28162766,521.960022,53.005867,521.960022,54.36040115,521.960022,49.31141663,521.960022,52.3225174,521.960022,58.96208954,521.960022,57.14709091,521.960022,61.05166626,521.960022,74.66671753,521.960022,62.02460861,521.960022,56.23077011,521.960022,54.86404037,521.960022,58.0448761,521.960022,67.84057617,521.960022,60.48233795,521.960022,57.46596527,521.960022,60.55264664,521.960022,61.15095139,521.960022,62.93589783,521.960022,1.766733885,521.960022,1.644817472,521.960022,45.04413605,521.960022,48.00106812,521.960022,47.81356812,521.960022,45.24316406,521.960022,44.27435303,521.960022,45.88217926,521.960022,45.83205032,521.960022,43.77746201,521.960022,44.65952682,521.960022,45.75217819,521.960022,48.63703156,521.960022,6.544697285,521.960022,162.5245667,521.960022,147.3258972,521.960022,163.5131531,521.960022,151.3983154,521.960022,146.9608917,521.960022,154.0493622,521.960022,127.7333527,521.960022,133.5631561,521.960022,150.464859,521.960022,152.2602692,521.960022,170.2649536,521.960022,196.0595093,521.960022,181.7043915,521.960022,157.2012329,521.960022,158.7813721,521.960022,167.8613434,521.960022,170.3417969,521.960022,174.4604187,521.960022,170.5075378,521.960022,176.4532623,521.960022,172.2966309,521.960022,173.2216644,521.960022,3.465456009,521.960022,6.903871536,521.960022,128.8167114,521.960022,129.55867,521.960022,136.1073456,521.960022,126.4828873,521.960022,123.2128067,521.960022,130.8232422,521.960022,118.7196198,521.960022,116.0564804,521.960022,128.9376373,521.960022,129.8500671,521.960022,143.0570221,
,,,,,,,,,,,,,,,,,,,,,,,,523.0300293,1.666586399,523.0300293,61.38541794,523.0300293,51.80798721,523.0300293,54.74098587,523.0300293,57.515625,523.0300293,54.10591125,523.0300293,53.9691124,523.0300293,48.14623642,523.0300293,49.72270966,523.0300293,55.11969376,523.0300293,59.0418396,523.0300293,62.18478394,523.0300293,72.69868469,523.0300293,61.22709656,523.0300293,57.77329636,523.0300293,53.76364899,523.0300293,59.55345917,523.0300293,58.67855835,523.0300293,62.86493683,523.0300293,60.20843506,523.0300293,61.30151749,523.0300293,60.46633911,523.0300293,62.05954742,523.0300293,1.866012573,523.0300293,1.760369658,523.0300293,45.63709259,523.0300293,47.08103561,523.0300293,49.409935,523.0300293,45.09988022,523.0300293,43.7056427,523.0300293,46.08699036,523.0300293,43.40452957,523.0300293,43.1190834,523.0300293,41.36273575,523.0300293,48.32279968,523.0300293,46.90886688,523.0300293,4.933862686,523.0300293,152.6399841,523.0300293,137.3237762,523.0300293,160.8831024,523.0300293,152.9706573,523.0300293,151.4473419,523.0300293,151.3247528,523.0300293,136.6338806,523.0300293,143.830307,523.0300293,145.3447723,523.0300293,148.7648621,523.0300293,176.7632141,523.0300293,190.868042,523.0300293,173.3948212,523.0300293,159.6487122,523.0300293,157.6325073,523.0300293,160.866806,523.0300293,170.9331055,523.0300293,161.9074554,523.0300293,178.4921722,523.0300293,171.6607361,523.0300293,168.8846436,523.0300293,163.3861847,523.0300293,4.64396286,523.0300293,5.485247135,523.0300293,129.6240082,523.0300293,125.8624039,523.0300293,124.4525528,523.0300293,126.2424011,523.0300293,117.9194031,523.0300293,123.8047256,523.0300293,130.0085602,523.0300293,119.385643,523.0300293,126.7053299,523.0300293,131.5908661,523.0300293,135.0310516,
,,,,,,,,,,,,,,,,,,,,,,,,523.9299927,1.621243834,523.9299927,56.17520905,523.9299927,53.39672852,523.9299927,55.60614777,523.9299927,54.99482727,523.9299927,54.00756073,523.9299927,55.92425919,523.9299927,44.76475525,523.9299927,52.73819351,523.9299927,53.67002869,523.9299927,57.2755127,523.9299927,59.4162178,523.9299927,70.22838593,523.9299927,60.4077034,523.9299927,53.90716934,523.9299927,54.4814949,523.9299927,55.19983673,523.9299927,59.6574173,523.9299927,58.14174271,523.9299927,59.10006332,523.9299927,59.88904572,523.9299927,58.76946259,523.9299927,60.41001511,523.9299927,2.059363842,523.9299927,1.651129723,523.9299927,43.79614258,523.9299927,46.6422348,523.9299927,47.61100006,523.9299927,44.08282852,523.9299927,43.6707077,523.9299927,49.659832,523.9299927,42.95134735,523.9299927,40.62709427,523.9299927,44.73220444,523.9299927,46.43851089,523.9299927,47.18403244,523.9299927,5.755839825,523.9299927,149.4134521,523.9299927,140.5333405,523.9299927,157.7295532,523.9299927,136.1192474,523.9299927,149.3611603,523.9299927,153.9740753,523.9299927,127.3639984,523.9299927,140.630127,523.9299927,152.0944214,523.9299927,154.1637268,523.9299927,169.2023163,523.9299927,201.5400848,523.9299927,171.432373,523.9299927,160.5093079,523.9299927,157.3067474,523.9299927,157.4421082,523.9299927,171.3990326,523.9299927,179.1966553,523.9299927,174.7213898,523.9299927,170.0013428,523.9299927,156.6100616,523.9299927,175.4227142,523.9299927,4.601425171,523.9299927,4.949360847,523.9299927,121.041954,523.9299927,129.8204651,523.9299927,127.9311066,523.9299927,130.7242126,523.9299927,116.9429321,523.9299927,120.4923172,523.9299927,117.6508865,523.9299927,109.8291855,523.9299927,114.9038925,523.9299927,130.2298889,523.9299927,127.5178528,
,,,,,,,,,,,,,,,,,,,,,,,,525,1.613553882,525,59.26210785,525,51.12753296,525,52.80955124,525,51.97013092,525,51.71186829,525,54.16454315,525,45.26461029,525,50.80773544,525,54.28218842,525,54.47107697,525,59.9059906,525,68.75963593,525,60.46150589,525,55.51098633,525,53.47333527,525,57.86972046,525,60.73400116,525,58.14604568,525,57.88167191,525,59.47208405,525,60.46683502,525,63.67679596,525,1.464278102,525,1.800005555,525,45.39491653,525,46.19749069,525,47.41870117,525,46.62485504,525,42.48334503,525,41.930439,525,40.25387955,525,40.27549362,525,45.44686508,525,42.8759346,525,47.81564713,525,4.001330376,525,152.5906677,525,144.3972626,525,148.9841003,525,148.6909943,525,151.9229279,525,150.6383209,525,124.9159622,525,134.8897247,525,139.398056,525,139.2449188,525,146.3027039,525,174.5809021,525,155.6885681,525,146.7073364,525,152.5856323,525,152.3538971,525,161.9427338,525,165.576416,525,162.8562622,525,172.7573395,525,144.4908142,525,162.7686768,525,4.124905586,525,4.380357742,525,121.3559418,525,133.3050842,525,121.1430283,525,117.3246307,525,121.3444748,525,121.9055481,525,112.5862579,525,114.5066757,525,110.628067,525,127.6587372,525,126.4799271,

Sample A1,
Sample A1
Collection Time: 19-Mar-24 1:16:23 PM
Operator Name  :
Scan Software Version: 1.2(147)
Parameter List :
Instrument                        Cary Eclipse
Instrument Serial Number          MY18160001
Data mode                         Fluorescence
Scan mode                         Emission
X Mode                            Wavelength (nm)
Start (nm)                        517.00
Stop (nm)                         517.00
Ex. Wavelength (nm)               493.00
Ex. Slit (nm)                     5
Em. Slit (nm)                     5
Scan rate (nm/min)                600.00
Data interval (nm)                1.0000
Averaging Time (s)                0.1000
Excitation filter                 Auto
Emission filter                   Open
PMT voltage (V)                   Medium
Corrected spectra                 OFF
Wellplate                         ON
Plate format                     96 Wells
Read position                    Well centre
Multi-zero                       OFF
Auto-zero                        OFF
Well                            A1
Method Log     :
Method Name    : Default
Date/Time stamp: 19-Mar-24 1:13:41 PM
Method Modifications:
Well plate reader Changed: 19-Mar-24 1:16:04 PM, Old:OFF, New:ON
User Delta Stop Changed: 19-Mar-24 1:16:04 PM, Old: 450.00, New: 493.00
User Delta Increment Changed: 19-Mar-24 1:16:04 PM, Old:  10.00, New:   0.15
Excitation Wavelength Changed: 19-Mar-24 1:16:04 PM, Old: 350.00, New: 493.00
Emission Wavelength Changed: 19-Mar-24 1:16:04 PM, Old: 400.00, New: 517.00
Stop Wavelength Changed: 19-Mar-24 1:16:04 PM, Old: 600.00, New: 517.00
Wellplate Samples Changed: 19-Mar-24 1:16:04 PM, Old:, New:A1;A2;A3;A4;A5;A6;A7;A8;A9;A10;A11;A12;B1;B2;B3;B4;B5;B6;B7;B8;B9;B10;B11;B12;C1;C2;C3;C4;C5;C6;C7;C8;C9;C10;C11;C12;
End Method Modifications

Sample A2,
Sample A2
Collection Time: 19-Mar-24 1:16:35 PM
Operator Name  :
Scan Software Version: 1.2(147)
Parameter List :
Instrument                        Cary Eclipse
Instrument Serial Number          MY18160001
Data mode                         Fluorescence
Scan mode                         Emission
X Mode                            Wavelength (nm)
Start (nm)                        517.00
Stop (nm)                         517.00
Ex. Wavelength (nm)               493.00
Ex. Slit (nm)                     5
Em. Slit (nm)                     5
Scan rate (nm/min)                600.00
Data interval (nm)                1.0000
Averaging Time (s)                0.1000
Excitation filter                 Auto
Emission filter                   Open
PMT voltage (V)                   Medium
Corrected spectra                 OFF
Wellplate                         ON
Plate format                     96 Wells
Read position                    Well centre
Multi-zero                       OFF
Auto-zero                        OFF
Well                            A1
Method Log     :
Method Name    : Default
Date/Time stamp: 19-Mar-24 1:13:41 PM
Method Modifications:
Well plate reader Changed: 19-Mar-24 1:16:04 PM, Old:OFF, New:ON
User Delta Stop Changed: 19-Mar-24 1:16:04 PM, Old: 450.00, New: 493.00
User Delta Increment Changed: 19-Mar-24 1:16:04 PM, Old:  10.00, New:   0.15
Excitation Wavelength Changed: 19-Mar-24 1:16:04 PM, Old: 350.00, New: 493.00
Emission Wavelength Changed: 19-Mar-24 1:16:04 PM, Old: 400.00, New: 517.00
Stop Wavelength Changed: 19-Mar-24 1:16:04 PM, Old: 600.00, New: 517.00
Wellplate Samples Changed: 19-Mar-24 1:16:04 PM, Old:, New:A1;A2;A3;A4;A5;A6;A7;A8;A9;A10;A11;A12;B1;B2;B3;B4;B5;B6;B7;B8;B9;B10;B11;B12;C1;C2;C3;C4;C5;C6;C7;C8;C9;C10;C11;C12;
End Method Modifications

Sample A3,
Sample A3
Collection Time: 19-Mar-24 1:16:36 PM
Operator Name  :
Scan Software Version: 1.2(147)
Parameter List :
Instrument                        Cary Eclipse
Instrument Serial Number          MY18160001
Data mode                         Fluorescence
Scan mode                         Emission
X Mode                            Wavelength (nm)
Start (nm)                        517.00
Stop (nm)                         517.00
Ex. Wavelength (nm)               493.00
Ex. Slit (nm)                     5
Em. Slit (nm)                     5
Scan rate (nm/min)                600.00
Data interval (nm)                1.0000
Averaging Time (s)                0.1000
Excitation filter                 Auto
Emission filter                   Open
PMT voltage (V)                   Medium
Corrected spectra                 OFF
Wellplate                         ON
Plate format                     96 Wells
Read position                    Well centre
Multi-zero                       OFF
Auto-zero                        OFF
Well                            A1
Method Log     :
Method Name    : Default
Date/Time stamp: 19-Mar-24 1:13:41 PM
Method Modifications:
Well plate reader Changed: 19-Mar-24 1:16:04 PM, Old:OFF, New:ON
User Delta Stop Changed: 19-Mar-24 1:16:04 PM, Old: 450.00, New: 493.00
User Delta Increment Changed: 19-Mar-24 1:16:04 PM, Old:  10.00, New:   0.15
Excitation Wavelength Changed: 19-Mar-24 1:16:04 PM, Old: 350.00, New: 493.00
Emission Wavelength Changed: 19-Mar-24 1:16:04 PM, Old: 400.00, New: 517.00
Stop Wavelength Changed: 19-Mar-24 1:16:04 PM, Old: 600.00, New: 517.00
Wellplate Samples Changed: 19-Mar-24 1:16:04 PM, Old:, New:A1;A2;A3;A4;A5;A6;A7;A8;A9;A10;A11;A12;B1;B2;B3;B4;B5;B6;B7;B8;B9;B10;B11;B12;C1;C2;C3;C4;C5;C6;C7;C8;C9;C10;C11;C12;
End Method Modifications

Sample A4,
Sample A4
Collection Time: 19-Mar-24 1:16:37 PM
Operator Name  :
Scan Software Version: 1.2(147)
Parameter List :
Instrument                        Cary Eclipse
Instrument Serial Number          MY18160001
Data mode                         Fluorescence
Scan mode                         Emission
X Mode                            Wavelength (nm)
Start (nm)                        517.00
Stop (nm)                         517.00
Ex. Wavelength (nm)               493.00
Ex. Slit (nm)                     5
Em. Slit (nm)                     5
Scan rate (nm/min)                600.00
Data interval (nm)                1.0000
Averaging Time (s)                0.1000
Excitation filter                 Auto
Emission filter                   Open
PMT voltage (V)                   Medium
Corrected spectra                 OFF
Wellplate                         ON
Plate format                     96 Wells
Read position                    Well centre
Multi-zero                       OFF
Auto-zero                        OFF
Well                            A1
Method Log     :
Method Name    : Default
Date/Time stamp: 19-Mar-24 1:13:41 PM
Method Modifications:
Well plate reader Changed: 19-Mar-24 1:16:04 PM, Old:OFF, New:ON
User Delta Stop Changed: 19-Mar-24 1:16:04 PM, Old: 450.00, New: 493.00
User Delta Increment Changed: 19-Mar-24 1:16:04 PM, Old:  10.00, New:   0.15
Excitation Wavelength Changed: 19-Mar-24 1:16:04 PM, Old: 350.00, New: 493.00
Emission Wavelength Changed: 19-Mar-24 1:16:04 PM, Old: 400.00, New: 517.00
Stop Wavelength Changed: 19-Mar-24 1:16:04 PM, Old: 600.00, New: 517.00
Wellplate Samples Changed: 19-Mar-24 1:16:04 PM, Old:, New:A1;A2;A3;A4;A5;A6;A7;A8;A9;A10;A11;A12;B1;B2;B3;B4;B5;B6;B7;B8;B9;B10;B11;B12;C1;C2;C3;C4;C5;C6;C7;C8;C9;C10;C11;C12;
End Method Modifications

Sample A5,
Sample A5
Collection Time: 19-Mar-24 1:16:38 PM
Operator Name  :
Scan Software Version: 1.2(147)
Parameter List :
Instrument                        Cary Eclipse
Instrument Serial Number          MY18160001
Data mode                         Fluorescence
Scan mode                         Emission
X Mode                            Wavelength (nm)
Start (nm)                        517.00
Stop (nm)                         517.00
Ex. Wavelength (nm)               493.00
Ex. Slit (nm)                     5
Em. Slit (nm)                     5
Scan rate (nm/min)                600.00
Data interval (nm)                1.0000
Averaging Time (s)                0.1000
Excitation filter                 Auto
Emission filter                   Open
PMT voltage (V)                   Medium
Corrected spectra                 OFF
Wellplate                         ON
Plate format                     96 Wells
Read position                    Well centre
Multi-zero                       OFF
Auto-zero                        OFF
Well                            A1
Method Log     :
Method Name    : Default
Date/Time stamp: 19-Mar-24 1:13:41 PM
Method Modifications:
Well plate reader Changed: 19-Mar-24 1:16:04 PM, Old:OFF, New:ON
User Delta Stop Changed: 19-Mar-24 1:16:04 PM, Old: 450.00, New: 493.00
User Delta Increment Changed: 19-Mar-24 1:16:04 PM, Old:  10.00, New:   0.15
Excitation Wavelength Changed: 19-Mar-24 1:16:04 PM, Old: 350.00, New: 493.00
Emission Wavelength Changed: 19-Mar-24 1:16:04 PM, Old: 400.00, New: 517.00
Stop Wavelength Changed: 19-Mar-24 1:16:04 PM, Old: 600.00, New: 517.00
Wellplate Samples Changed: 19-Mar-24 1:16:04 PM, Old:, New:A1;A2;A3;A4;A5;A6;A7;A8;A9;A10;A11;A12;B1;B2;B3;B4;B5;B6;B7;B8;B9;B10;B11;B12;C1;C2;C3;C4;C5;C6;C7;C8;C9;C10;C11;C12;
End Method Modifications

Sample A6,
Sample A6
Collection Time: 19-Mar-24 1:16:40 PM
Operator Name  :
Scan Software Version: 1.2(147)
Parameter List :
Instrument                        Cary Eclipse
Instrument Serial Number          MY18160001
Data mode                         Fluorescence
Scan mode                         Emission
X Mode                            Wavelength (nm)
Start (nm)                        517.00
Stop (nm)                         517.00
Ex. Wavelength (nm)               493.00
Ex. Slit (nm)                     5
Em. Slit (nm)                     5
Scan rate (nm/min)                600.00
Data interval (nm)                1.0000
Averaging Time (s)                0.1000
Excitation filter                 Auto
Emission filter                   Open
PMT voltage (V)                   Medium
Corrected spectra                 OFF
Wellplate                         ON
Plate format                     96 Wells
Read position                    Well centre
Multi-zero                       OFF
Auto-zero                        OFF
Well                            A1
Method Log     :
Method Name    : Default
Date/Time stamp: 19-Mar-24 1:13:41 PM
Method Modifications:
Well plate reader Changed: 19-Mar-24 1:16:04 PM, Old:OFF, New:ON
User Delta Stop Changed: 19-Mar-24 1:16:04 PM, Old: 450.00, New: 493.00
User Delta Increment Changed: 19-Mar-24 1:16:04 PM, Old:  10.00, New:   0.15
Excitation Wavelength Changed: 19-Mar-24 1:16:04 PM, Old: 350.00, New: 493.00
Emission Wavelength Changed: 19-Mar-24 1:16:04 PM, Old: 400.00, New: 517.00
Stop Wavelength Changed: 19-Mar-24 1:16:04 PM, Old: 600.00, New: 517.00
Wellplate Samples Changed: 19-Mar-24 1:16:04 PM, Old:, New:A1;A2;A3;A4;A5;A6;A7;A8;A9;A10;A11;A12;B1;B2;B3;B4;B5;B6;B7;B8;B9;B10;B11;B12;C1;C2;C3;C4;C5;C6;C7;C8;C9;C10;C11;C12;
End Method Modifications

Sample A7,
Sample A7
Collection Time: 19-Mar-24 1:16:41 PM
Operator Name  :
Scan Software Version: 1.2(147)
Parameter List :
Instrument                        Cary Eclipse
Instrument Serial Number          MY18160001
Data mode                         Fluorescence
Scan mode                         Emission
X Mode                            Wavelength (nm)
Start (nm)                        517.00
Stop (nm)                         517.00
Ex. Wavelength (nm)               493.00
Ex. Slit (nm)                     5
Em. Slit (nm)                     5
Scan rate (nm/min)                600.00
Data interval (nm)                1.0000
Averaging Time (s)                0.1000
Excitation filter                 Auto
Emission filter                   Open
PMT voltage (V)                   Medium
Corrected spectra                 OFF
Wellplate                         ON
Plate format                     96 Wells
Read position                    Well centre
Multi-zero                       OFF
Auto-zero                        OFF
Well                            A1
Method Log     :
Method Name    : Default
Date/Time stamp: 19-Mar-24 1:13:41 PM
Method Modifications:
Well plate reader Changed: 19-Mar-24 1:16:04 PM, Old:OFF, New:ON
User Delta Stop Changed: 19-Mar-24 1:16:04 PM, Old: 450.00, New: 493.00
User Delta Increment Changed: 19-Mar-24 1:16:04 PM, Old:  10.00, New:   0.15
Excitation Wavelength Changed: 19-Mar-24 1:16:04 PM, Old: 350.00, New: 493.00
Emission Wavelength Changed: 19-Mar-24 1:16:04 PM, Old: 400.00, New: 517.00
Stop Wavelength Changed: 19-Mar-24 1:16:04 PM, Old: 600.00, New: 517.00
Wellplate Samples Changed: 19-Mar-24 1:16:04 PM, Old:, New:A1;A2;A3;A4;A5;A6;A7;A8;A9;A10;A11;A12;B1;B2;B3;B4;B5;B6;B7;B8;B9;B10;B11;B12;C1;C2;C3;C4;C5;C6;C7;C8;C9;C10;C11;C12;
End Method Modifications

Sample A8,
Sample A8
Collection Time: 19-Mar-24 1:16:42 PM
Operator Name  :
Scan Software Version: 1.2(147)
Parameter List :
Instrument                        Cary Eclipse
Instrument Serial Number          MY18160001
Data mode                         Fluorescence
Scan mode                         Emission
X Mode                            Wavelength (nm)
Start (nm)                        517.00
Stop (nm)                         517.00
Ex. Wavelength (nm)               493.00
Ex. Slit (nm)                     5
Em. Slit (nm)                     5
Scan rate (nm/min)                600.00
Data interval (nm)                1.0000
Averaging Time (s)                0.1000
Excitation filter                 Auto
Emission filter                   Open
PMT voltage (V)                   Medium
Corrected spectra                 OFF
Wellplate                         ON
Plate format                     96 Wells
Read position                    Well centre
Multi-zero                       OFF
Auto-zero                        OFF
Well                            A1
Method Log     :
Method Name    : Default
Date/Time stamp: 19-Mar-24 1:13:41 PM
Method Modifications:
Well plate reader Changed: 19-Mar-24 1:16:04 PM, Old:OFF, New:ON
User Delta Stop Changed: 19-Mar-24 1:16:04 PM, Old: 450.00, New: 493.00
User Delta Increment Changed: 19-Mar-24 1:16:04 PM, Old:  10.00, New:   0.15
Excitation Wavelength Changed: 19-Mar-24 1:16:04 PM, Old: 350.00, New: 493.00
Emission Wavelength Changed: 19-Mar-24 1:16:04 PM, Old: 400.00, New: 517.00
Stop Wavelength Changed: 19-Mar-24 1:16:04 PM, Old: 600.00, New: 517.00
Wellplate Samples Changed: 19-Mar-24 1:16:04 PM, Old:, New:A1;A2;A3;A4;A5;A6;A7;A8;A9;A10;A11;A12;B1;B2;B3;B4;B5;B6;B7;B8;B9;B10;B11;B12;C1;C2;C3;C4;C5;C6;C7;C8;C9;C10;C11;C12;
End Method Modifications

Sample A9,
Sample A9
Collection Time: 19-Mar-24 1:16:44 PM
Operator Name  :
Scan Software Version: 1.2(147)
Parameter List :
Instrument                        Cary Eclipse
Instrument Serial Number          MY18160001
Data mode                         Fluorescence
Scan mode                         Emission
X Mode                            Wavelength (nm)
Start (nm)                        517.00
Stop (nm)                         517.00
Ex. Wavelength (nm)               493.00
Ex. Slit (nm)                     5
Em. Slit (nm)                     5
Scan rate (nm/min)                600.00
Data interval (nm)                1.0000
Averaging Time (s)                0.1000
Excitation filter                 Auto
Emission filter                   Open
PMT voltage (V)                   Medium
Corrected spectra                 OFF
Wellplate                         ON
Plate format                     96 Wells
Read position                    Well centre
Multi-zero                       OFF
Auto-zero                        OFF
Well                            A1
Method Log     :
Method Name    : Default
Date/Time stamp: 19-Mar-24 1:13:41 PM
Method Modifications:
Well plate reader Changed: 19-Mar-24 1:16:04 PM, Old:OFF, New:ON
User Delta Stop Changed: 19-Mar-24 1:16:04 PM, Old: 450.00, New: 493.00
User Delta Increment Changed: 19-Mar-24 1:16:04 PM, Old:  10.00, New:   0.15
Excitation Wavelength Changed: 19-Mar-24 1:16:04 PM, Old: 350.00, New: 493.00
Emission Wavelength Changed: 19-Mar-24 1:16:04 PM, Old: 400.00, New: 517.00
Stop Wavelength Changed: 19-Mar-24 1:16:04 PM, Old: 600.00, New: 517.00
Wellplate Samples Changed: 19-Mar-24 1:16:04 PM, Old:, New:A1;A2;A3;A4;A5;A6;A7;A8;A9;A10;A11;A12;B1;B2;B3;B4;B5;B6;B7;B8;B9;B10;B11;B12;C1;C2;C3;C4;C5;C6;C7;C8;C9;C10;C11;C12;
End Method Modifications

Sample A10,
Sample A10
Collection Time: 19-Mar-24 1:16:45 PM
Operator Name  :
Scan Software Version: 1.2(147)
Parameter List :
Instrument                        Cary Eclipse
Instrument Serial Number          MY18160001
Data mode                         Fluorescence
Scan mode                         Emission
X Mode                            Wavelength (nm)
Start (nm)                        517.00
Stop (nm)                         517.00
Ex. Wavelength (nm)               493.00
Ex. Slit (nm)                     5
Em. Slit (nm)                     5
Scan rate (nm/min)                600.00
Data interval (nm)                1.0000
Averaging Time (s)                0.1000
Excitation filter                 Auto
Emission filter                   Open
PMT voltage (V)                   Medium
Corrected spectra                 OFF
Wellplate                         ON
Plate format                     96 Wells
Read position                    Well centre
Multi-zero                       OFF
Auto-zero                        OFF
Well                            A1
Method Log     :
Method Name    : Default
Date/Time stamp: 19-Mar-24 1:13:41 PM
Method Modifications:
Well plate reader Changed: 19-Mar-24 1:16:04 PM, Old:OFF, New:ON
User Delta Stop Changed: 19-Mar-24 1:16:04 PM, Old: 450.00, New: 493.00
User Delta Increment Changed: 19-Mar-24 1:16:04 PM, Old:  10.00, New:   0.15
Excitation Wavelength Changed: 19-Mar-24 1:16:04 PM, Old: 350.00, New: 493.00
Emission Wavelength Changed: 19-Mar-24 1:16:04 PM, Old: 400.00, New: 517.00
Stop Wavelength Changed: 19-Mar-24 1:16:04 PM, Old: 600.00, New: 517.00
Wellplate Samples Changed: 19-Mar-24 1:16:04 PM, Old:, New:A1;A2;A3;A4;A5;A6;A7;A8;A9;A10;A11;A12;B1;B2;B3;B4;B5;B6;B7;B8;B9;B10;B11;B12;C1;C2;C3;C4;C5;C6;C7;C8;C9;C10;C11;C12;
End Method Modifications

Sample A11,
Sample A11
Collection Time: 19-Mar-24 1:16:46 PM
Operator Name  :
Scan Software Version: 1.2(147)
Parameter List :
Instrument                        Cary Eclipse
Instrument Serial Number          MY18160001
Data mode                         Fluorescence
Scan mode                         Emission
X Mode                            Wavelength (nm)
Start (nm)                        517.00
Stop (nm)                         517.00
Ex. Wavelength (nm)               493.00
Ex. Slit (nm)                     5
Em. Slit (nm)                     5
Scan rate (nm/min)                600.00
Data interval (nm)                1.0000
Averaging Time (s)                0.1000
Excitation filter                 Auto
Emission filter                   Open
PMT voltage (V)                   Medium
Corrected spectra                 OFF
Wellplate                         ON
Plate format                     96 Wells
Read position                    Well centre
Multi-zero                       OFF
Auto-zero                        OFF
Well                            A1
Method Log     :
Method Name    : Default
Date/Time stamp: 19-Mar-24 1:13:41 PM
Method Modifications:
Well plate reader Changed: 19-Mar-24 1:16:04 PM, Old:OFF, New:ON
User Delta Stop Changed: 19-Mar-24 1:16:04 PM, Old: 450.00, New: 493.00
User Delta Increment Changed: 19-Mar-24 1:16:04 PM, Old:  10.00, New:   0.15
Excitation Wavelength Changed: 19-Mar-24 1:16:04 PM, Old: 350.00, New: 493.00
Emission Wavelength Changed: 19-Mar-24 1:16:04 PM, Old: 400.00, New: 517.00
Stop Wavelength Changed: 19-Mar-24 1:16:04 PM, Old: 600.00, New: 517.00
Wellplate Samples Changed: 19-Mar-24 1:16:04 PM, Old:, New:A1;A2;A3;A4;A5;A6;A7;A8;A9;A10;A11;A12;B1;B2;B3;B4;B5;B6;B7;B8;B9;B10;B11;B12;C1;C2;C3;C4;C5;C6;C7;C8;C9;C10;C11;C12;
End Method Modifications

Sample A12,
Sample A12
Collection Time: 19-Mar-24 1:16:48 PM
Operator Name  :
Scan Software Version: 1.2(147)
Parameter List :
Instrument                        Cary Eclipse
Instrument Serial Number          MY18160001
Data mode                         Fluorescence
Scan mode                         Emission
X Mode                            Wavelength (nm)
Start (nm)                        517.00
Stop (nm)                         517.00
Ex. Wavelength (nm)               493.00
Ex. Slit (nm)                     5
Em. Slit (nm)                     5
Scan rate (nm/min)                600.00
Data interval (nm)                1.0000
Averaging Time (s)                0.1000
Excitation filter                 Auto
Emission filter                   Open
PMT voltage (V)                   Medium
Corrected spectra                 OFF
Wellplate                         ON
Plate format                     96 Wells
Read position                    Well centre
Multi-zero                       OFF
Auto-zero                        OFF
Well                            A1
Method Log     :
Method Name    : Default
Date/Time stamp: 19-Mar-24 1:13:41 PM
Method Modifications:
Well plate reader Changed: 19-Mar-24 1:16:04 PM, Old:OFF, New:ON
User Delta Stop Changed: 19-Mar-24 1:16:04 PM, Old: 450.00, New: 493.00
User Delta Increment Changed: 19-Mar-24 1:16:04 PM, Old:  10.00, New:   0.15
Excitation Wavelength Changed: 19-Mar-24 1:16:04 PM, Old: 350.00, New: 493.00
Emission Wavelength Changed: 19-Mar-24 1:16:04 PM, Old: 400.00, New: 517.00
Stop Wavelength Changed: 19-Mar-24 1:16:04 PM, Old: 600.00, New: 517.00
Wellplate Samples Changed: 19-Mar-24 1:16:04 PM, Old:, New:A1;A2;A3;A4;A5;A6;A7;A8;A9;A10;A11;A12;B1;B2;B3;B4;B5;B6;B7;B8;B9;B10;B11;B12;C1;C2;C3;C4;C5;C6;C7;C8;C9;C10;C11;C12;
End Method Modifications

Sample A1,
Sample A1
Collection Time: 19-Mar-24 1:17:49 PM
Operator Name  :
Scan Software Version: 1.2(147)
Parameter List :
Instrument                        Cary Eclipse
Instrument Serial Number          MY18160001
Data mode                         Fluorescence
Scan mode                         Emission
X Mode                            Wavelength (nm)
Start (nm)                        510.00
Stop (nm)                         525.00
Ex. Wavelength (nm)               493.00
Ex. Slit (nm)                     5
Em. Slit (nm)                     5
Scan rate (nm/min)                600.00
Data interval (nm)                1.0000
Averaging Time (s)                0.1000
Excitation filter                 Auto
Emission filter                   Open
PMT voltage (V)                   High
Corrected spectra                 OFF
Wellplate                         ON
Plate format                     96 Wells
Read position                    Well centre
Multi-zero                       OFF
Auto-zero                        OFF
Well                            A1
Method Log     :
Method Name    : Default
Date/Time stamp: 19-Mar-24 1:13:41 PM
Method Modifications:
Well plate reader Changed: 19-Mar-24 1:16:04 PM, Old:OFF, New:ON
User Delta Stop Changed: 19-Mar-24 1:16:04 PM, Old: 450.00, New: 493.00
User Delta Increment Changed: 19-Mar-24 1:16:04 PM, Old:  10.00, New:   0.15
Excitation Wavelength Changed: 19-Mar-24 1:16:04 PM, Old: 350.00, New: 493.00
Emission Wavelength Changed: 19-Mar-24 1:16:04 PM, Old: 400.00, New: 517.00
Stop Wavelength Changed: 19-Mar-24 1:16:04 PM, Old: 600.00, New: 517.00
Wellplate Samples Changed: 19-Mar-24 1:16:04 PM, Old:, New:A1;A2;A3;A4;A5;A6;A7;A8;A9;A10;A11;A12;B1;B2;B3;B4;B5;B6;B7;B8;B9;B10;B11;B12;C1;C2;C3;C4;C5;C6;C7;C8;C9;C10;C11;C12;
PMT Volts Changed: 19-Mar-24 1:17:47 PM, Old:600, New:800
Scan Control Changed: 19-Mar-24 1:17:47 PM, Old:Medium, New:Manual
Emission PMT (V): Changed: 19-Mar-24 1:17:47 PM, Old: 600, New: 800
Emission Wavelength Changed: 19-Mar-24 1:17:47 PM, Old: 517.00, New: 510.00
Stop Wavelength Changed: 19-Mar-24 1:17:47 PM, Old: 517.00, New: 525.00
End Method Modifications

Sample A2,
Sample A2
Collection Time: 19-Mar-24 1:18:02 PM
Operator Name  :
Scan Software Version: 1.2(147)
Parameter List :
Instrument                        Cary Eclipse
Instrument Serial Number          MY18160001
Data mode                         Fluorescence
Scan mode                         Emission
X Mode                            Wavelength (nm)
Start (nm)                        510.00
Stop (nm)                         525.00
Ex. Wavelength (nm)               493.00
Ex. Slit (nm)                     5
Em. Slit (nm)                     5
Scan rate (nm/min)                600.00
Data interval (nm)                1.0000
Averaging Time (s)                0.1000
Excitation filter                 Auto
Emission filter                   Open
PMT voltage (V)                   High
Corrected spectra                 OFF
Wellplate                         ON
Plate format                     96 Wells
Read position                    Well centre
Multi-zero                       OFF
Auto-zero                        OFF
Well                            A1
Method Log     :
Method Name    : Default
Date/Time stamp: 19-Mar-24 1:13:41 PM
Method Modifications:
Well plate reader Changed: 19-Mar-24 1:16:04 PM, Old:OFF, New:ON
User Delta Stop Changed: 19-Mar-24 1:16:04 PM, Old: 450.00, New: 493.00
User Delta Increment Changed: 19-Mar-24 1:16:04 PM, Old:  10.00, New:   0.15
Excitation Wavelength Changed: 19-Mar-24 1:16:04 PM, Old: 350.00, New: 493.00
Emission Wavelength Changed: 19-Mar-24 1:16:04 PM, Old: 400.00, New: 517.00
Stop Wavelength Changed: 19-Mar-24 1:16:04 PM, Old: 600.00, New: 517.00
Wellplate Samples Changed: 19-Mar-24 1:16:04 PM, Old:, New:A1;A2;A3;A4;A5;A6;A7;A8;A9;A10;A11;A12;B1;B2;B3;B4;B5;B6;B7;B8;B9;B10;B11;B12;C1;C2;C3;C4;C5;C6;C7;C8;C9;C10;C11;C12;
PMT Volts Changed: 19-Mar-24 1:17:47 PM, Old:600, New:800
Scan Control Changed: 19-Mar-24 1:17:47 PM, Old:Medium, New:Manual
Emission PMT (V): Changed: 19-Mar-24 1:17:47 PM, Old: 600, New: 800
Emission Wavelength Changed: 19-Mar-24 1:17:47 PM, Old: 517.00, New: 510.00
Stop Wavelength Changed: 19-Mar-24 1:17:47 PM, Old: 517.00, New: 525.00
End Method Modifications

Sample A3,
Sample A3
Collection Time: 19-Mar-24 1:18:04 PM
Operator Name  :
Scan Software Version: 1.2(147)
Parameter List :
Instrument                        Cary Eclipse
Instrument Serial Number          MY18160001
Data mode                         Fluorescence
Scan mode                         Emission
X Mode                            Wavelength (nm)
Start (nm)                        510.00
Stop (nm)                         525.00
Ex. Wavelength (nm)               493.00
Ex. Slit (nm)                     5
Em. Slit (nm)                     5
Scan rate (nm/min)                600.00
Data interval (nm)                1.0000
Averaging Time (s)                0.1000
Excitation filter                 Auto
Emission filter                   Open
PMT voltage (V)                   High
Corrected spectra                 OFF
Wellplate                         ON
Plate format                     96 Wells
Read position                    Well centre
Multi-zero                       OFF
Auto-zero                        OFF
Well                            A1
Method Log     :
Method Name    : Default
Date/Time stamp: 19-Mar-24 1:13:41 PM
Method Modifications:
Well plate reader Changed: 19-Mar-24 1:16:04 PM, Old:OFF, New:ON
User Delta Stop Changed: 19-Mar-24 1:16:04 PM, Old: 450.00, New: 493.00
User Delta Increment Changed: 19-Mar-24 1:16:04 PM, Old:  10.00, New:   0.15
Excitation Wavelength Changed: 19-Mar-24 1:16:04 PM, Old: 350.00, New: 493.00
Emission Wavelength Changed: 19-Mar-24 1:16:04 PM, Old: 400.00, New: 517.00
Stop Wavelength Changed: 19-Mar-24 1:16:04 PM, Old: 600.00, New: 517.00
Wellplate Samples Changed: 19-Mar-24 1:16:04 PM, Old:, New:A1;A2;A3;A4;A5;A6;A7;A8;A9;A10;A11;A12;B1;B2;B3;B4;B5;B6;B7;B8;B9;B10;B11;B12;C1;C2;C3;C4;C5;C6;C7;C8;C9;C10;C11;C12;
PMT Volts Changed: 19-Mar-24 1:17:47 PM, Old:600, New:800
Scan Control Changed: 19-Mar-24 1:17:47 PM, Old:Medium, New:Manual
Emission PMT (V): Changed: 19-Mar-24 1:17:47 PM, Old: 600, New: 800
Emission Wavelength Changed: 19-Mar-24 1:17:47 PM, Old: 517.00, New: 510.00
Stop Wavelength Changed: 19-Mar-24 1:17:47 PM, Old: 517.00, New: 525.00
End Method Modifications

Sample A4,
Sample A4
Collection Time: 19-Mar-24 1:18:07 PM
Operator Name  :
Scan Software Version: 1.2(147)
Parameter List :
Instrument                        Cary Eclipse
Instrument Serial Number          MY18160001
Data mode                         Fluorescence
Scan mode                         Emission
X Mode                            Wavelength (nm)
Start (nm)                        510.00
Stop (nm)                         525.00
Ex. Wavelength (nm)               493.00
Ex. Slit (nm)                     5
Em. Slit (nm)                     5
Scan rate (nm/min)                600.00
Data interval (nm)                1.0000
Averaging Time (s)                0.1000
Excitation filter                 Auto
Emission filter                   Open
PMT voltage (V)                   High
Corrected spectra                 OFF
Wellplate                         ON
Plate format                     96 Wells
Read position                    Well centre
Multi-zero                       OFF
Auto-zero                        OFF
Well                            A1
Method Log     :
Method Name    : Default
Date/Time stamp: 19-Mar-24 1:13:41 PM
Method Modifications:
Well plate reader Changed: 19-Mar-24 1:16:04 PM, Old:OFF, New:ON
User Delta Stop Changed: 19-Mar-24 1:16:04 PM, Old: 450.00, New: 493.00
User Delta Increment Changed: 19-Mar-24 1:16:04 PM, Old:  10.00, New:   0.15
Excitation Wavelength Changed: 19-Mar-24 1:16:04 PM, Old: 350.00, New: 493.00
Emission Wavelength Changed: 19-Mar-24 1:16:04 PM, Old: 400.00, New: 517.00
Stop Wavelength Changed: 19-Mar-24 1:16:04 PM, Old: 600.00, New: 517.00
Wellplate Samples Changed: 19-Mar-24 1:16:04 PM, Old:, New:A1;A2;A3;A4;A5;A6;A7;A8;A9;A10;A11;A12;B1;B2;B3;B4;B5;B6;B7;B8;B9;B10;B11;B12;C1;C2;C3;C4;C5;C6;C7;C8;C9;C10;C11;C12;
PMT Volts Changed: 19-Mar-24 1:17:47 PM, Old:600, New:800
Scan Control Changed: 19-Mar-24 1:17:47 PM, Old:Medium, New:Manual
Emission PMT (V): Changed: 19-Mar-24 1:17:47 PM, Old: 600, New: 800
Emission Wavelength Changed: 19-Mar-24 1:17:47 PM, Old: 517.00, New: 510.00
Stop Wavelength Changed: 19-Mar-24 1:17:47 PM, Old: 517.00, New: 525.00
End Method Modifications

Sample A5,
Sample A5
Collection Time: 19-Mar-24 1:18:10 PM
Operator Name  :
Scan Software Version: 1.2(147)
Parameter List :
Instrument                        Cary Eclipse
Instrument Serial Number          MY18160001
Data mode                         Fluorescence
Scan mode                         Emission
X Mode                            Wavelength (nm)
Start (nm)                        510.00
Stop (nm)                         525.00
Ex. Wavelength (nm)               493.00
Ex. Slit (nm)                     5
Em. Slit (nm)                     5
Scan rate (nm/min)                600.00
Data interval (nm)                1.0000
Averaging Time (s)                0.1000
Excitation filter                 Auto
Emission filter                   Open
PMT voltage (V)                   High
Corrected spectra                 OFF
Wellplate                         ON
Plate format                     96 Wells
Read position                    Well centre
Multi-zero                       OFF
Auto-zero                        OFF
Well                            A1
Method Log     :
Method Name    : Default
Date/Time stamp: 19-Mar-24 1:13:41 PM
Method Modifications:
Well plate reader Changed: 19-Mar-24 1:16:04 PM, Old:OFF, New:ON
User Delta Stop Changed: 19-Mar-24 1:16:04 PM, Old: 450.00, New: 493.00
User Delta Increment Changed: 19-Mar-24 1:16:04 PM, Old:  10.00, New:   0.15
Excitation Wavelength Changed: 19-Mar-24 1:16:04 PM, Old: 350.00, New: 493.00
Emission Wavelength Changed: 19-Mar-24 1:16:04 PM, Old: 400.00, New: 517.00
Stop Wavelength Changed: 19-Mar-24 1:16:04 PM, Old: 600.00, New: 517.00
Wellplate Samples Changed: 19-Mar-24 1:16:04 PM, Old:, New:A1;A2;A3;A4;A5;A6;A7;A8;A9;A10;A11;A12;B1;B2;B3;B4;B5;B6;B7;B8;B9;B10;B11;B12;C1;C2;C3;C4;C5;C6;C7;C8;C9;C10;C11;C12;
PMT Volts Changed: 19-Mar-24 1:17:47 PM, Old:600, New:800
Scan Control Changed: 19-Mar-24 1:17:47 PM, Old:Medium, New:Manual
Emission PMT (V): Changed: 19-Mar-24 1:17:47 PM, Old: 600, New: 800
Emission Wavelength Changed: 19-Mar-24 1:17:47 PM, Old: 517.00, New: 510.00
Stop Wavelength Changed: 19-Mar-24 1:17:47 PM, Old: 517.00, New: 525.00
End Method Modifications

Sample A6,
Sample A6
Collection Time: 19-Mar-24 1:18:12 PM
Operator Name  :
Scan Software Version: 1.2(147)
Parameter List :
Instrument                        Cary Eclipse
Instrument Serial Number          MY18160001
Data mode                         Fluorescence
Scan mode                         Emission
X Mode                            Wavelength (nm)
Start (nm)                        510.00
Stop (nm)                         525.00
Ex. Wavelength (nm)               493.00
Ex. Slit (nm)                     5
Em. Slit (nm)                     5
Scan rate (nm/min)                600.00
Data interval (nm)                1.0000
Averaging Time (s)                0.1000
Excitation filter                 Auto
Emission filter                   Open
PMT voltage (V)                   High
Corrected spectra                 OFF
Wellplate                         ON
Plate format                     96 Wells
Read position                    Well centre
Multi-zero                       OFF
Auto-zero                        OFF
Well                            A1
Method Log     :
Method Name    : Default
Date/Time stamp: 19-Mar-24 1:13:41 PM
Method Modifications:
Well plate reader Changed: 19-Mar-24 1:16:04 PM, Old:OFF, New:ON
User Delta Stop Changed: 19-Mar-24 1:16:04 PM, Old: 450.00, New: 493.00
User Delta Increment Changed: 19-Mar-24 1:16:04 PM, Old:  10.00, New:   0.15
Excitation Wavelength Changed: 19-Mar-24 1:16:04 PM, Old: 350.00, New: 493.00
Emission Wavelength Changed: 19-Mar-24 1:16:04 PM, Old: 400.00, New: 517.00
Stop Wavelength Changed: 19-Mar-24 1:16:04 PM, Old: 600.00, New: 517.00
Wellplate Samples Changed: 19-Mar-24 1:16:04 PM, Old:, New:A1;A2;A3;A4;A5;A6;A7;A8;A9;A10;A11;A12;B1;B2;B3;B4;B5;B6;B7;B8;B9;B10;B11;B12;C1;C2;C3;C4;C5;C6;C7;C8;C9;C10;C11;C12;
PMT Volts Changed: 19-Mar-24 1:17:47 PM, Old:600, New:800
Scan Control Changed: 19-Mar-24 1:17:47 PM, Old:Medium, New:Manual
Emission PMT (V): Changed: 19-Mar-24 1:17:47 PM, Old: 600, New: 800
Emission Wavelength Changed: 19-Mar-24 1:17:47 PM, Old: 517.00, New: 510.00
Stop Wavelength Changed: 19-Mar-24 1:17:47 PM, Old: 517.00, New: 525.00
End Method Modifications

Sample A7,
Sample A7
Collection Time: 19-Mar-24 1:18:15 PM
Operator Name  :
Scan Software Version: 1.2(147)
Parameter List :
Instrument                        Cary Eclipse
Instrument Serial Number          MY18160001
Data mode                         Fluorescence
Scan mode                         Emission
X Mode                            Wavelength (nm)
Start (nm)                        510.00
Stop (nm)                         525.00
Ex. Wavelength (nm)               493.00
Ex. Slit (nm)                     5
Em. Slit (nm)                     5
Scan rate (nm/min)                600.00
Data interval (nm)                1.0000
Averaging Time (s)                0.1000
Excitation filter                 Auto
Emission filter                   Open
PMT voltage (V)                   High
Corrected spectra                 OFF
Wellplate                         ON
Plate format                     96 Wells
Read position                    Well centre
Multi-zero                       OFF
Auto-zero                        OFF
Well                            A1
Method Log     :
Method Name    : Default
Date/Time stamp: 19-Mar-24 1:13:41 PM
Method Modifications:
Well plate reader Changed: 19-Mar-24 1:16:04 PM, Old:OFF, New:ON
User Delta Stop Changed: 19-Mar-24 1:16:04 PM, Old: 450.00, New: 493.00
User Delta Increment Changed: 19-Mar-24 1:16:04 PM, Old:  10.00, New:   0.15
Excitation Wavelength Changed: 19-Mar-24 1:16:04 PM, Old: 350.00, New: 493.00
Emission Wavelength Changed: 19-Mar-24 1:16:04 PM, Old: 400.00, New: 517.00
Stop Wavelength Changed: 19-Mar-24 1:16:04 PM, Old: 600.00, New: 517.00
Wellplate Samples Changed: 19-Mar-24 1:16:04 PM, Old:, New:A1;A2;A3;A4;A5;A6;A7;A8;A9;A10;A11;A12;B1;B2;B3;B4;B5;B6;B7;B8;B9;B10;B11;B12;C1;C2;C3;C4;C5;C6;C7;C8;C9;C10;C11;C12;
PMT Volts Changed: 19-Mar-24 1:17:47 PM, Old:600, New:800
Scan Control Changed: 19-Mar-24 1:17:47 PM, Old:Medium, New:Manual
Emission PMT (V): Changed: 19-Mar-24 1:17:47 PM, Old: 600, New: 800
Emission Wavelength Changed: 19-Mar-24 1:17:47 PM, Old: 517.00, New: 510.00
Stop Wavelength Changed: 19-Mar-24 1:17:47 PM, Old: 517.00, New: 525.00
End Method Modifications

Sample A8,
Sample A8
Collection Time: 19-Mar-24 1:18:18 PM
Operator Name  :
Scan Software Version: 1.2(147)
Parameter List :
Instrument                        Cary Eclipse
Instrument Serial Number          MY18160001
Data mode                         Fluorescence
Scan mode                         Emission
X Mode                            Wavelength (nm)
Start (nm)                        510.00
Stop (nm)                         525.00
Ex. Wavelength (nm)               493.00
Ex. Slit (nm)                     5
Em. Slit (nm)                     5
Scan rate (nm/min)                600.00
Data interval (nm)                1.0000
Averaging Time (s)                0.1000
Excitation filter                 Auto
Emission filter                   Open
PMT voltage (V)                   High
Corrected spectra                 OFF
Wellplate                         ON
Plate format                     96 Wells
Read position                    Well centre
Multi-zero                       OFF
Auto-zero                        OFF
Well                            A1
Method Log     :
Method Name    : Default
Date/Time stamp: 19-Mar-24 1:13:41 PM
Method Modifications:
Well plate reader Changed: 19-Mar-24 1:16:04 PM, Old:OFF, New:ON
User Delta Stop Changed: 19-Mar-24 1:16:04 PM, Old: 450.00, New: 493.00
User Delta Increment Changed: 19-Mar-24 1:16:04 PM, Old:  10.00, New:   0.15
Excitation Wavelength Changed: 19-Mar-24 1:16:04 PM, Old: 350.00, New: 493.00
Emission Wavelength Changed: 19-Mar-24 1:16:04 PM, Old: 400.00, New: 517.00
Stop Wavelength Changed: 19-Mar-24 1:16:04 PM, Old: 600.00, New: 517.00
Wellplate Samples Changed: 19-Mar-24 1:16:04 PM, Old:, New:A1;A2;A3;A4;A5;A6;A7;A8;A9;A10;A11;A12;B1;B2;B3;B4;B5;B6;B7;B8;B9;B10;B11;B12;C1;C2;C3;C4;C5;C6;C7;C8;C9;C10;C11;C12;
PMT Volts Changed: 19-Mar-24 1:17:47 PM, Old:600, New:800
Scan Control Changed: 19-Mar-24 1:17:47 PM, Old:Medium, New:Manual
Emission PMT (V): Changed: 19-Mar-24 1:17:47 PM, Old: 600, New: 800
Emission Wavelength Changed: 19-Mar-24 1:17:47 PM, Old: 517.00, New: 510.00
Stop Wavelength Changed: 19-Mar-24 1:17:47 PM, Old: 517.00, New: 525.00
End Method Modifications

Sample A9,
Sample A9
Collection Time: 19-Mar-24 1:18:21 PM
Operator Name  :
Scan Software Version: 1.2(147)
Parameter List :
Instrument                        Cary Eclipse
Instrument Serial Number          MY18160001
Data mode                         Fluorescence
Scan mode                         Emission
X Mode                            Wavelength (nm)
Start (nm)                        510.00
Stop (nm)                         525.00
Ex. Wavelength (nm)               493.00
Ex. Slit (nm)                     5
Em. Slit (nm)                     5
Scan rate (nm/min)                600.00
Data interval (nm)                1.0000
Averaging Time (s)                0.1000
Excitation filter                 Auto
Emission filter                   Open
PMT voltage (V)                   High
Corrected spectra                 OFF
Wellplate                         ON
Plate format                     96 Wells
Read position                    Well centre
Multi-zero                       OFF
Auto-zero                        OFF
Well                            A1
Method Log     :
Method Name    : Default
Date/Time stamp: 19-Mar-24 1:13:41 PM
Method Modifications:
Well plate reader Changed: 19-Mar-24 1:16:04 PM, Old:OFF, New:ON
User Delta Stop Changed: 19-Mar-24 1:16:04 PM, Old: 450.00, New: 493.00
User Delta Increment Changed: 19-Mar-24 1:16:04 PM, Old:  10.00, New:   0.15
Excitation Wavelength Changed: 19-Mar-24 1:16:04 PM, Old: 350.00, New: 493.00
Emission Wavelength Changed: 19-Mar-24 1:16:04 PM, Old: 400.00, New: 517.00
Stop Wavelength Changed: 19-Mar-24 1:16:04 PM, Old: 600.00, New: 517.00
Wellplate Samples Changed: 19-Mar-24 1:16:04 PM, Old:, New:A1;A2;A3;A4;A5;A6;A7;A8;A9;A10;A11;A12;B1;B2;B3;B4;B5;B6;B7;B8;B9;B10;B11;B12;C1;C2;C3;C4;C5;C6;C7;C8;C9;C10;C11;C12;
PMT Volts Changed: 19-Mar-24 1:17:47 PM, Old:600, New:800
Scan Control Changed: 19-Mar-24 1:17:47 PM, Old:Medium, New:Manual
Emission PMT (V): Changed: 19-Mar-24 1:17:47 PM, Old: 600, New: 800
Emission Wavelength Changed: 19-Mar-24 1:17:47 PM, Old: 517.00, New: 510.00
Stop Wavelength Changed: 19-Mar-24 1:17:47 PM, Old: 517.00, New: 525.00
End Method Modifications

Sample A10,
Sample A10
Collection Time: 19-Mar-24 1:18:23 PM
Operator Name  :
Scan Software Version: 1.2(147)
Parameter List :
Instrument                        Cary Eclipse
Instrument Serial Number          MY18160001
Data mode                         Fluorescence
Scan mode                         Emission
X Mode                            Wavelength (nm)
Start (nm)                        510.00
Stop (nm)                         525.00
Ex. Wavelength (nm)               493.00
Ex. Slit (nm)                     5
Em. Slit (nm)                     5
Scan rate (nm/min)                600.00
Data interval (nm)                1.0000
Averaging Time (s)                0.1000
Excitation filter                 Auto
Emission filter                   Open
PMT voltage (V)                   High
Corrected spectra                 OFF
Wellplate                         ON
Plate format                     96 Wells
Read position                    Well centre
Multi-zero                       OFF
Auto-zero                        OFF
Well                            A1
Method Log     :
Method Name    : Default
Date/Time stamp: 19-Mar-24 1:13:41 PM
Method Modifications:
Well plate reader Changed: 19-Mar-24 1:16:04 PM, Old:OFF, New:ON
User Delta Stop Changed: 19-Mar-24 1:16:04 PM, Old: 450.00, New: 493.00
User Delta Increment Changed: 19-Mar-24 1:16:04 PM, Old:  10.00, New:   0.15
Excitation Wavelength Changed: 19-Mar-24 1:16:04 PM, Old: 350.00, New: 493.00
Emission Wavelength Changed: 19-Mar-24 1:16:04 PM, Old: 400.00, New: 517.00
Stop Wavelength Changed: 19-Mar-24 1:16:04 PM, Old: 600.00, New: 517.00
Wellplate Samples Changed: 19-Mar-24 1:16:04 PM, Old:, New:A1;A2;A3;A4;A5;A6;A7;A8;A9;A10;A11;A12;B1;B2;B3;B4;B5;B6;B7;B8;B9;B10;B11;B12;C1;C2;C3;C4;C5;C6;C7;C8;C9;C10;C11;C12;
PMT Volts Changed: 19-Mar-24 1:17:47 PM, Old:600, New:800
Scan Control Changed: 19-Mar-24 1:17:47 PM, Old:Medium, New:Manual
Emission PMT (V): Changed: 19-Mar-24 1:17:47 PM, Old: 600, New: 800
Emission Wavelength Changed: 19-Mar-24 1:17:47 PM, Old: 517.00, New: 510.00
Stop Wavelength Changed: 19-Mar-24 1:17:47 PM, Old: 517.00, New: 525.00
End Method Modifications

Sample A11,
Sample A11
Collection Time: 19-Mar-24 1:18:26 PM
Operator Name  :
Scan Software Version: 1.2(147)
Parameter List :
Instrument                        Cary Eclipse
Instrument Serial Number          MY18160001
Data mode                         Fluorescence
Scan mode                         Emission
X Mode                            Wavelength (nm)
Start (nm)                        510.00
Stop (nm)                         525.00
Ex. Wavelength (nm)               493.00
Ex. Slit (nm)                     5
Em. Slit (nm)                     5
Scan rate (nm/min)                600.00
Data interval (nm)                1.0000
Averaging Time (s)                0.1000
Excitation filter                 Auto
Emission filter                   Open
PMT voltage (V)                   High
Corrected spectra                 OFF
Wellplate                         ON
Plate format                     96 Wells
Read position                    Well centre
Multi-zero                       OFF
Auto-zero                        OFF
Well                            A1
Method Log     :
Method Name    : Default
Date/Time stamp: 19-Mar-24 1:13:41 PM
Method Modifications:
Well plate reader Changed: 19-Mar-24 1:16:04 PM, Old:OFF, New:ON
User Delta Stop Changed: 19-Mar-24 1:16:04 PM, Old: 450.00, New: 493.00
User Delta Increment Changed: 19-Mar-24 1:16:04 PM, Old:  10.00, New:   0.15
Excitation Wavelength Changed: 19-Mar-24 1:16:04 PM, Old: 350.00, New: 493.00
Emission Wavelength Changed: 19-Mar-24 1:16:04 PM, Old: 400.00, New: 517.00
Stop Wavelength Changed: 19-Mar-24 1:16:04 PM, Old: 600.00, New: 517.00
Wellplate Samples Changed: 19-Mar-24 1:16:04 PM, Old:, New:A1;A2;A3;A4;A5;A6;A7;A8;A9;A10;A11;A12;B1;B2;B3;B4;B5;B6;B7;B8;B9;B10;B11;B12;C1;C2;C3;C4;C5;C6;C7;C8;C9;C10;C11;C12;
PMT Volts Changed: 19-Mar-24 1:17:47 PM, Old:600, New:800
Scan Control Changed: 19-Mar-24 1:17:47 PM, Old:Medium, New:Manual
Emission PMT (V): Changed: 19-Mar-24 1:17:47 PM, Old: 600, New: 800
Emission Wavelength Changed: 19-Mar-24 1:17:47 PM, Old: 517.00, New: 510.00
Stop Wavelength Changed: 19-Mar-24 1:17:47 PM, Old: 517.00, New: 525.00
End Method Modifications

Sample A12,
Sample A12
Collection Time: 19-Mar-24 1:18:29 PM
Operator Name  :
Scan Software Version: 1.2(147)
Parameter List :
Instrument                        Cary Eclipse
Instrument Serial Number          MY18160001
Data mode                         Fluorescence
Scan mode                         Emission
X Mode                            Wavelength (nm)
Start (nm)                        510.00
Stop (nm)                         525.00
Ex. Wavelength (nm)               493.00
Ex. Slit (nm)                     5
Em. Slit (nm)                     5
Scan rate (nm/min)                600.00
Data interval (nm)                1.0000
Averaging Time (s)                0.1000
Excitation filter                 Auto
Emission filter                   Open
PMT voltage (V)                   High
Corrected spectra                 OFF
Wellplate                         ON
Plate format                     96 Wells
Read position                    Well centre
Multi-zero                       OFF
Auto-zero                        OFF
Well                            A1
Method Log     :
Method Name    : Default
Date/Time stamp: 19-Mar-24 1:13:41 PM
Method Modifications:
Well plate reader Changed: 19-Mar-24 1:16:04 PM, Old:OFF, New:ON
User Delta Stop Changed: 19-Mar-24 1:16:04 PM, Old: 450.00, New: 493.00
User Delta Increment Changed: 19-Mar-24 1:16:04 PM, Old:  10.00, New:   0.15
Excitation Wavelength Changed: 19-Mar-24 1:16:04 PM, Old: 350.00, New: 493.00
Emission Wavelength Changed: 19-Mar-24 1:16:04 PM, Old: 400.00, New: 517.00
Stop Wavelength Changed: 19-Mar-24 1:16:04 PM, Old: 600.00, New: 517.00
Wellplate Samples Changed: 19-Mar-24 1:16:04 PM, Old:, New:A1;A2;A3;A4;A5;A6;A7;A8;A9;A10;A11;A12;B1;B2;B3;B4;B5;B6;B7;B8;B9;B10;B11;B12;C1;C2;C3;C4;C5;C6;C7;C8;C9;C10;C11;C12;
PMT Volts Changed: 19-Mar-24 1:17:47 PM, Old:600, New:800
Scan Control Changed: 19-Mar-24 1:17:47 PM, Old:Medium, New:Manual
Emission PMT (V): Changed: 19-Mar-24 1:17:47 PM, Old: 600, New: 800
Emission Wavelength Changed: 19-Mar-24 1:17:47 PM, Old: 517.00, New: 510.00
Stop Wavelength Changed: 19-Mar-24 1:17:47 PM, Old: 517.00, New: 525.00
End Method Modifications

Sample B12,
Sample B12
Collection Time: 19-Mar-24 1:18:32 PM
Operator Name  :
Scan Software Version: 1.2(147)
Parameter List :
Instrument                        Cary Eclipse
Instrument Serial Number          MY18160001
Data mode                         Fluorescence
Scan mode                         Emission
X Mode                            Wavelength (nm)
Start (nm)                        510.00
Stop (nm)                         525.00
Ex. Wavelength (nm)               493.00
Ex. Slit (nm)                     5
Em. Slit (nm)                     5
Scan rate (nm/min)                600.00
Data interval (nm)                1.0000
Averaging Time (s)                0.1000
Excitation filter                 Auto
Emission filter                   Open
PMT voltage (V)                   High
Corrected spectra                 OFF
Wellplate                         ON
Plate format                     96 Wells
Read position                    Well centre
Multi-zero                       OFF
Auto-zero                        OFF
Well                            A1
Method Log     :
Method Name    : Default
Date/Time stamp: 19-Mar-24 1:13:41 PM
Method Modifications:
Well plate reader Changed: 19-Mar-24 1:16:04 PM, Old:OFF, New:ON
User Delta Stop Changed: 19-Mar-24 1:16:04 PM, Old: 450.00, New: 493.00
User Delta Increment Changed: 19-Mar-24 1:16:04 PM, Old:  10.00, New:   0.15
Excitation Wavelength Changed: 19-Mar-24 1:16:04 PM, Old: 350.00, New: 493.00
Emission Wavelength Changed: 19-Mar-24 1:16:04 PM, Old: 400.00, New: 517.00
Stop Wavelength Changed: 19-Mar-24 1:16:04 PM, Old: 600.00, New: 517.00
Wellplate Samples Changed: 19-Mar-24 1:16:04 PM, Old:, New:A1;A2;A3;A4;A5;A6;A7;A8;A9;A10;A11;A12;B1;B2;B3;B4;B5;B6;B7;B8;B9;B10;B11;B12;C1;C2;C3;C4;C5;C6;C7;C8;C9;C10;C11;C12;
PMT Volts Changed: 19-Mar-24 1:17:47 PM, Old:600, New:800
Scan Control Changed: 19-Mar-24 1:17:47 PM, Old:Medium, New:Manual
Emission PMT (V): Changed: 19-Mar-24 1:17:47 PM, Old: 600, New: 800
Emission Wavelength Changed: 19-Mar-24 1:17:47 PM, Old: 517.00, New: 510.00
Stop Wavelength Changed: 19-Mar-24 1:17:47 PM, Old: 517.00, New: 525.00
End Method Modifications

Sample B11,
Sample B11
Collection Time: 19-Mar-24 1:18:35 PM
Operator Name  :
Scan Software Version: 1.2(147)
Parameter List :
Instrument                        Cary Eclipse
Instrument Serial Number          MY18160001
Data mode                         Fluorescence
Scan mode                         Emission
X Mode                            Wavelength (nm)
Start (nm)                        510.00
Stop (nm)                         525.00
Ex. Wavelength (nm)               493.00
Ex. Slit (nm)                     5
Em. Slit (nm)                     5
Scan rate (nm/min)                600.00
Data interval (nm)                1.0000
Averaging Time (s)                0.1000
Excitation filter                 Auto
Emission filter                   Open
PMT voltage (V)                   High
Corrected spectra                 OFF
Wellplate                         ON
Plate format                     96 Wells
Read position                    Well centre
Multi-zero                       OFF
Auto-zero                        OFF
Well                            A1
Method Log     :
Method Name    : Default
Date/Time stamp: 19-Mar-24 1:13:41 PM
Method Modifications:
Well plate reader Changed: 19-Mar-24 1:16:04 PM, Old:OFF, New:ON
User Delta Stop Changed: 19-Mar-24 1:16:04 PM, Old: 450.00, New: 493.00
User Delta Increment Changed: 19-Mar-24 1:16:04 PM, Old:  10.00, New:   0.15
Excitation Wavelength Changed: 19-Mar-24 1:16:04 PM, Old: 350.00, New: 493.00
Emission Wavelength Changed: 19-Mar-24 1:16:04 PM, Old: 400.00, New: 517.00
Stop Wavelength Changed: 19-Mar-24 1:16:04 PM, Old: 600.00, New: 517.00
Wellplate Samples Changed: 19-Mar-24 1:16:04 PM, Old:, New:A1;A2;A3;A4;A5;A6;A7;A8;A9;A10;A11;A12;B1;B2;B3;B4;B5;B6;B7;B8;B9;B10;B11;B12;C1;C2;C3;C4;C5;C6;C7;C8;C9;C10;C11;C12;
PMT Volts Changed: 19-Mar-24 1:17:47 PM, Old:600, New:800
Scan Control Changed: 19-Mar-24 1:17:47 PM, Old:Medium, New:Manual
Emission PMT (V): Changed: 19-Mar-24 1:17:47 PM, Old: 600, New: 800
Emission Wavelength Changed: 19-Mar-24 1:17:47 PM, Old: 517.00, New: 510.00
Stop Wavelength Changed: 19-Mar-24 1:17:47 PM, Old: 517.00, New: 525.00
End Method Modifications

Sample B10,
Sample B10
Collection Time: 19-Mar-24 1:18:37 PM
Operator Name  :
Scan Software Version: 1.2(147)
Parameter List :
Instrument                        Cary Eclipse
Instrument Serial Number          MY18160001
Data mode                         Fluorescence
Scan mode                         Emission
X Mode                            Wavelength (nm)
Start (nm)                        510.00
Stop (nm)                         525.00
Ex. Wavelength (nm)               493.00
Ex. Slit (nm)                     5
Em. Slit (nm)                     5
Scan rate (nm/min)                600.00
Data interval (nm)                1.0000
Averaging Time (s)                0.1000
Excitation filter                 Auto
Emission filter                   Open
PMT voltage (V)                   High
Corrected spectra                 OFF
Wellplate                         ON
Plate format                     96 Wells
Read position                    Well centre
Multi-zero                       OFF
Auto-zero                        OFF
Well                            A1
Method Log     :
Method Name    : Default
Date/Time stamp: 19-Mar-24 1:13:41 PM
Method Modifications:
Well plate reader Changed: 19-Mar-24 1:16:04 PM, Old:OFF, New:ON
User Delta Stop Changed: 19-Mar-24 1:16:04 PM, Old: 450.00, New: 493.00
User Delta Increment Changed: 19-Mar-24 1:16:04 PM, Old:  10.00, New:   0.15
Excitation Wavelength Changed: 19-Mar-24 1:16:04 PM, Old: 350.00, New: 493.00
Emission Wavelength Changed: 19-Mar-24 1:16:04 PM, Old: 400.00, New: 517.00
Stop Wavelength Changed: 19-Mar-24 1:16:04 PM, Old: 600.00, New: 517.00
Wellplate Samples Changed: 19-Mar-24 1:16:04 PM, Old:, New:A1;A2;A3;A4;A5;A6;A7;A8;A9;A10;A11;A12;B1;B2;B3;B4;B5;B6;B7;B8;B9;B10;B11;B12;C1;C2;C3;C4;C5;C6;C7;C8;C9;C10;C11;C12;
PMT Volts Changed: 19-Mar-24 1:17:47 PM, Old:600, New:800
Scan Control Changed: 19-Mar-24 1:17:47 PM, Old:Medium, New:Manual
Emission PMT (V): Changed: 19-Mar-24 1:17:47 PM, Old: 600, New: 800
Emission Wavelength Changed: 19-Mar-24 1:17:47 PM, Old: 517.00, New: 510.00
Stop Wavelength Changed: 19-Mar-24 1:17:47 PM, Old: 517.00, New: 525.00
End Method Modifications

Sample B9,
Sample B9
Collection Time: 19-Mar-24 1:18:40 PM
Operator Name  :
Scan Software Version: 1.2(147)
Parameter List :
Instrument                        Cary Eclipse
Instrument Serial Number          MY18160001
Data mode                         Fluorescence
Scan mode                         Emission
X Mode                            Wavelength (nm)
Start (nm)                        510.00
Stop (nm)                         525.00
Ex. Wavelength (nm)               493.00
Ex. Slit (nm)                     5
Em. Slit (nm)                     5
Scan rate (nm/min)                600.00
Data interval (nm)                1.0000
Averaging Time (s)                0.1000
Excitation filter                 Auto
Emission filter                   Open
PMT voltage (V)                   High
Corrected spectra                 OFF
Wellplate                         ON
Plate format                     96 Wells
Read position                    Well centre
Multi-zero                       OFF
Auto-zero                        OFF
Well                            A1
Method Log     :
Method Name    : Default
Date/Time stamp: 19-Mar-24 1:13:41 PM
Method Modifications:
Well plate reader Changed: 19-Mar-24 1:16:04 PM, Old:OFF, New:ON
User Delta Stop Changed: 19-Mar-24 1:16:04 PM, Old: 450.00, New: 493.00
User Delta Increment Changed: 19-Mar-24 1:16:04 PM, Old:  10.00, New:   0.15
Excitation Wavelength Changed: 19-Mar-24 1:16:04 PM, Old: 350.00, New: 493.00
Emission Wavelength Changed: 19-Mar-24 1:16:04 PM, Old: 400.00, New: 517.00
Stop Wavelength Changed: 19-Mar-24 1:16:04 PM, Old: 600.00, New: 517.00
Wellplate Samples Changed: 19-Mar-24 1:16:04 PM, Old:, New:A1;A2;A3;A4;A5;A6;A7;A8;A9;A10;A11;A12;B1;B2;B3;B4;B5;B6;B7;B8;B9;B10;B11;B12;C1;C2;C3;C4;C5;C6;C7;C8;C9;C10;C11;C12;
PMT Volts Changed: 19-Mar-24 1:17:47 PM, Old:600, New:800
Scan Control Changed: 19-Mar-24 1:17:47 PM, Old:Medium, New:Manual
Emission PMT (V): Changed: 19-Mar-24 1:17:47 PM, Old: 600, New: 800
Emission Wavelength Changed: 19-Mar-24 1:17:47 PM, Old: 517.00, New: 510.00
Stop Wavelength Changed: 19-Mar-24 1:17:47 PM, Old: 517.00, New: 525.00
End Method Modifications

Sample B8,
Sample B8
Collection Time: 19-Mar-24 1:18:43 PM
Operator Name  :
Scan Software Version: 1.2(147)
Parameter List :
Instrument                        Cary Eclipse
Instrument Serial Number          MY18160001
Data mode                         Fluorescence
Scan mode                         Emission
X Mode                            Wavelength (nm)
Start (nm)                        510.00
Stop (nm)                         525.00
Ex. Wavelength (nm)               493.00
Ex. Slit (nm)                     5
Em. Slit (nm)                     5
Scan rate (nm/min)                600.00
Data interval (nm)                1.0000
Averaging Time (s)                0.1000
Excitation filter                 Auto
Emission filter                   Open
PMT voltage (V)                   High
Corrected spectra                 OFF
Wellplate                         ON
Plate format                     96 Wells
Read position                    Well centre
Multi-zero                       OFF
Auto-zero                        OFF
Well                            A1
Method Log     :
Method Name    : Default
Date/Time stamp: 19-Mar-24 1:13:41 PM
Method Modifications:
Well plate reader Changed: 19-Mar-24 1:16:04 PM, Old:OFF, New:ON
User Delta Stop Changed: 19-Mar-24 1:16:04 PM, Old: 450.00, New: 493.00
User Delta Increment Changed: 19-Mar-24 1:16:04 PM, Old:  10.00, New:   0.15
Excitation Wavelength Changed: 19-Mar-24 1:16:04 PM, Old: 350.00, New: 493.00
Emission Wavelength Changed: 19-Mar-24 1:16:04 PM, Old: 400.00, New: 517.00
Stop Wavelength Changed: 19-Mar-24 1:16:04 PM, Old: 600.00, New: 517.00
Wellplate Samples Changed: 19-Mar-24 1:16:04 PM, Old:, New:A1;A2;A3;A4;A5;A6;A7;A8;A9;A10;A11;A12;B1;B2;B3;B4;B5;B6;B7;B8;B9;B10;B11;B12;C1;C2;C3;C4;C5;C6;C7;C8;C9;C10;C11;C12;
PMT Volts Changed: 19-Mar-24 1:17:47 PM, Old:600, New:800
Scan Control Changed: 19-Mar-24 1:17:47 PM, Old:Medium, New:Manual
Emission PMT (V): Changed: 19-Mar-24 1:17:47 PM, Old: 600, New: 800
Emission Wavelength Changed: 19-Mar-24 1:17:47 PM, Old: 517.00, New: 510.00
Stop Wavelength Changed: 19-Mar-24 1:17:47 PM, Old: 517.00, New: 525.00
End Method Modifications

Sample B7,
Sample B7
Collection Time: 19-Mar-24 1:18:45 PM
Operator Name  :
Scan Software Version: 1.2(147)
Parameter List :
Instrument                        Cary Eclipse
Instrument Serial Number          MY18160001
Data mode                         Fluorescence
Scan mode                         Emission
X Mode                            Wavelength (nm)
Start (nm)                        510.00
Stop (nm)                         525.00
Ex. Wavelength (nm)               493.00
Ex. Slit (nm)                     5
Em. Slit (nm)                     5
Scan rate (nm/min)                600.00
Data interval (nm)                1.0000
Averaging Time (s)                0.1000
Excitation filter                 Auto
Emission filter                   Open
PMT voltage (V)                   High
Corrected spectra                 OFF
Wellplate                         ON
Plate format                     96 Wells
Read position                    Well centre
Multi-zero                       OFF
Auto-zero                        OFF
Well                            A1
Method Log     :
Method Name    : Default
Date/Time stamp: 19-Mar-24 1:13:41 PM
Method Modifications:
Well plate reader Changed: 19-Mar-24 1:16:04 PM, Old:OFF, New:ON
User Delta Stop Changed: 19-Mar-24 1:16:04 PM, Old: 450.00, New: 493.00
User Delta Increment Changed: 19-Mar-24 1:16:04 PM, Old:  10.00, New:   0.15
Excitation Wavelength Changed: 19-Mar-24 1:16:04 PM, Old: 350.00, New: 493.00
Emission Wavelength Changed: 19-Mar-24 1:16:04 PM, Old: 400.00, New: 517.00
Stop Wavelength Changed: 19-Mar-24 1:16:04 PM, Old: 600.00, New: 517.00
Wellplate Samples Changed: 19-Mar-24 1:16:04 PM, Old:, New:A1;A2;A3;A4;A5;A6;A7;A8;A9;A10;A11;A12;B1;B2;B3;B4;B5;B6;B7;B8;B9;B10;B11;B12;C1;C2;C3;C4;C5;C6;C7;C8;C9;C10;C11;C12;
PMT Volts Changed: 19-Mar-24 1:17:47 PM, Old:600, New:800
Scan Control Changed: 19-Mar-24 1:17:47 PM, Old:Medium, New:Manual
Emission PMT (V): Changed: 19-Mar-24 1:17:47 PM, Old: 600, New: 800
Emission Wavelength Changed: 19-Mar-24 1:17:47 PM, Old: 517.00, New: 510.00
Stop Wavelength Changed: 19-Mar-24 1:17:47 PM, Old: 517.00, New: 525.00
End Method Modifications

Sample B6,
Sample B6
Collection Time: 19-Mar-24 1:18:48 PM
Operator Name  :
Scan Software Version: 1.2(147)
Parameter List :
Instrument                        Cary Eclipse
Instrument Serial Number          MY18160001
Data mode                         Fluorescence
Scan mode                         Emission
X Mode                            Wavelength (nm)
Start (nm)                        510.00
Stop (nm)                         525.00
Ex. Wavelength (nm)               493.00
Ex. Slit (nm)                     5
Em. Slit (nm)                     5
Scan rate (nm/min)                600.00
Data interval (nm)                1.0000
Averaging Time (s)                0.1000
Excitation filter                 Auto
Emission filter                   Open
PMT voltage (V)                   High
Corrected spectra                 OFF
Wellplate                         ON
Plate format                     96 Wells
Read position                    Well centre
Multi-zero                       OFF
Auto-zero                        OFF
Well                            A1
Method Log     :
Method Name    : Default
Date/Time stamp: 19-Mar-24 1:13:41 PM
Method Modifications:
Well plate reader Changed: 19-Mar-24 1:16:04 PM, Old:OFF, New:ON
User Delta Stop Changed: 19-Mar-24 1:16:04 PM, Old: 450.00, New: 493.00
User Delta Increment Changed: 19-Mar-24 1:16:04 PM, Old:  10.00, New:   0.15
Excitation Wavelength Changed: 19-Mar-24 1:16:04 PM, Old: 350.00, New: 493.00
Emission Wavelength Changed: 19-Mar-24 1:16:04 PM, Old: 400.00, New: 517.00
Stop Wavelength Changed: 19-Mar-24 1:16:04 PM, Old: 600.00, New: 517.00
Wellplate Samples Changed: 19-Mar-24 1:16:04 PM, Old:, New:A1;A2;A3;A4;A5;A6;A7;A8;A9;A10;A11;A12;B1;B2;B3;B4;B5;B6;B7;B8;B9;B10;B11;B12;C1;C2;C3;C4;C5;C6;C7;C8;C9;C10;C11;C12;
PMT Volts Changed: 19-Mar-24 1:17:47 PM, Old:600, New:800
Scan Control Changed: 19-Mar-24 1:17:47 PM, Old:Medium, New:Manual
Emission PMT (V): Changed: 19-Mar-24 1:17:47 PM, Old: 600, New: 800
Emission Wavelength Changed: 19-Mar-24 1:17:47 PM, Old: 517.00, New: 510.00
Stop Wavelength Changed: 19-Mar-24 1:17:47 PM, Old: 517.00, New: 525.00
End Method Modifications

Sample B5,
Sample B5
Collection Time: 19-Mar-24 1:18:51 PM
Operator Name  :
Scan Software Version: 1.2(147)
Parameter List :
Instrument                        Cary Eclipse
Instrument Serial Number          MY18160001
Data mode                         Fluorescence
Scan mode                         Emission
X Mode                            Wavelength (nm)
Start (nm)                        510.00
Stop (nm)                         525.00
Ex. Wavelength (nm)               493.00
Ex. Slit (nm)                     5
Em. Slit (nm)                     5
Scan rate (nm/min)                600.00
Data interval (nm)                1.0000
Averaging Time (s)                0.1000
Excitation filter                 Auto
Emission filter                   Open
PMT voltage (V)                   High
Corrected spectra                 OFF
Wellplate                         ON
Plate format                     96 Wells
Read position                    Well centre
Multi-zero                       OFF
Auto-zero                        OFF
Well                            A1
Method Log     :
Method Name    : Default
Date/Time stamp: 19-Mar-24 1:13:41 PM
Method Modifications:
Well plate reader Changed: 19-Mar-24 1:16:04 PM, Old:OFF, New:ON
User Delta Stop Changed: 19-Mar-24 1:16:04 PM, Old: 450.00, New: 493.00
User Delta Increment Changed: 19-Mar-24 1:16:04 PM, Old:  10.00, New:   0.15
Excitation Wavelength Changed: 19-Mar-24 1:16:04 PM, Old: 350.00, New: 493.00
Emission Wavelength Changed: 19-Mar-24 1:16:04 PM, Old: 400.00, New: 517.00
Stop Wavelength Changed: 19-Mar-24 1:16:04 PM, Old: 600.00, New: 517.00
Wellplate Samples Changed: 19-Mar-24 1:16:04 PM, Old:, New:A1;A2;A3;A4;A5;A6;A7;A8;A9;A10;A11;A12;B1;B2;B3;B4;B5;B6;B7;B8;B9;B10;B11;B12;C1;C2;C3;C4;C5;C6;C7;C8;C9;C10;C11;C12;
PMT Volts Changed: 19-Mar-24 1:17:47 PM, Old:600, New:800
Scan Control Changed: 19-Mar-24 1:17:47 PM, Old:Medium, New:Manual
Emission PMT (V): Changed: 19-Mar-24 1:17:47 PM, Old: 600, New: 800
Emission Wavelength Changed: 19-Mar-24 1:17:47 PM, Old: 517.00, New: 510.00
Stop Wavelength Changed: 19-Mar-24 1:17:47 PM, Old: 517.00, New: 525.00
End Method Modifications

Sample B4,
Sample B4
Collection Time: 19-Mar-24 1:18:54 PM
Operator Name  :
Scan Software Version: 1.2(147)
Parameter List :
Instrument                        Cary Eclipse
Instrument Serial Number          MY18160001
Data mode                         Fluorescence
Scan mode                         Emission
X Mode                            Wavelength (nm)
Start (nm)                        510.00
Stop (nm)                         525.00
Ex. Wavelength (nm)               493.00
Ex. Slit (nm)                     5
Em. Slit (nm)                     5
Scan rate (nm/min)                600.00
Data interval (nm)                1.0000
Averaging Time (s)                0.1000
Excitation filter                 Auto
Emission filter                   Open
PMT voltage (V)                   High
Corrected spectra                 OFF
Wellplate                         ON
Plate format                     96 Wells
Read position                    Well centre
Multi-zero                       OFF
Auto-zero                        OFF
Well                            A1
Method Log     :
Method Name    : Default
Date/Time stamp: 19-Mar-24 1:13:41 PM
Method Modifications:
Well plate reader Changed: 19-Mar-24 1:16:04 PM, Old:OFF, New:ON
User Delta Stop Changed: 19-Mar-24 1:16:04 PM, Old: 450.00, New: 493.00
User Delta Increment Changed: 19-Mar-24 1:16:04 PM, Old:  10.00, New:   0.15
Excitation Wavelength Changed: 19-Mar-24 1:16:04 PM, Old: 350.00, New: 493.00
Emission Wavelength Changed: 19-Mar-24 1:16:04 PM, Old: 400.00, New: 517.00
Stop Wavelength Changed: 19-Mar-24 1:16:04 PM, Old: 600.00, New: 517.00
Wellplate Samples Changed: 19-Mar-24 1:16:04 PM, Old:, New:A1;A2;A3;A4;A5;A6;A7;A8;A9;A10;A11;A12;B1;B2;B3;B4;B5;B6;B7;B8;B9;B10;B11;B12;C1;C2;C3;C4;C5;C6;C7;C8;C9;C10;C11;C12;
PMT Volts Changed: 19-Mar-24 1:17:47 PM, Old:600, New:800
Scan Control Changed: 19-Mar-24 1:17:47 PM, Old:Medium, New:Manual
Emission PMT (V): Changed: 19-Mar-24 1:17:47 PM, Old: 600, New: 800
Emission Wavelength Changed: 19-Mar-24 1:17:47 PM, Old: 517.00, New: 510.00
Stop Wavelength Changed: 19-Mar-24 1:17:47 PM, Old: 517.00, New: 525.00
End Method Modifications

Sample B3,
Sample B3
Collection Time: 19-Mar-24 1:18:56 PM
Operator Name  :
Scan Software Version: 1.2(147)
Parameter List :
Instrument                        Cary Eclipse
Instrument Serial Number          MY18160001
Data mode                         Fluorescence
Scan mode                         Emission
X Mode                            Wavelength (nm)
Start (nm)                        510.00
Stop (nm)                         525.00
Ex. Wavelength (nm)               493.00
Ex. Slit (nm)                     5
Em. Slit (nm)                     5
Scan rate (nm/min)                600.00
Data interval (nm)                1.0000
Averaging Time (s)                0.1000
Excitation filter                 Auto
Emission filter                   Open
PMT voltage (V)                   High
Corrected spectra                 OFF
Wellplate                         ON
Plate format                     96 Wells
Read position                    Well centre
Multi-zero                       OFF
Auto-zero                        OFF
Well                            A1
Method Log     :
Method Name    : Default
Date/Time stamp: 19-Mar-24 1:13:41 PM
Method Modifications:
Well plate reader Changed: 19-Mar-24 1:16:04 PM, Old:OFF, New:ON
User Delta Stop Changed: 19-Mar-24 1:16:04 PM, Old: 450.00, New: 493.00
User Delta Increment Changed: 19-Mar-24 1:16:04 PM, Old:  10.00, New:   0.15
Excitation Wavelength Changed: 19-Mar-24 1:16:04 PM, Old: 350.00, New: 493.00
Emission Wavelength Changed: 19-Mar-24 1:16:04 PM, Old: 400.00, New: 517.00
Stop Wavelength Changed: 19-Mar-24 1:16:04 PM, Old: 600.00, New: 517.00
Wellplate Samples Changed: 19-Mar-24 1:16:04 PM, Old:, New:A1;A2;A3;A4;A5;A6;A7;A8;A9;A10;A11;A12;B1;B2;B3;B4;B5;B6;B7;B8;B9;B10;B11;B12;C1;C2;C3;C4;C5;C6;C7;C8;C9;C10;C11;C12;
PMT Volts Changed: 19-Mar-24 1:17:47 PM, Old:600, New:800
Scan Control Changed: 19-Mar-24 1:17:47 PM, Old:Medium, New:Manual
Emission PMT (V): Changed: 19-Mar-24 1:17:47 PM, Old: 600, New: 800
Emission Wavelength Changed: 19-Mar-24 1:17:47 PM, Old: 517.00, New: 510.00
Stop Wavelength Changed: 19-Mar-24 1:17:47 PM, Old: 517.00, New: 525.00
End Method Modifications

Sample B2,
Sample B2
Collection Time: 19-Mar-24 1:18:59 PM
Operator Name  :
Scan Software Version: 1.2(147)
Parameter List :
Instrument                        Cary Eclipse
Instrument Serial Number          MY18160001
Data mode                         Fluorescence
Scan mode                         Emission
X Mode                            Wavelength (nm)
Start (nm)                        510.00
Stop (nm)                         525.00
Ex. Wavelength (nm)               493.00
Ex. Slit (nm)                     5
Em. Slit (nm)                     5
Scan rate (nm/min)                600.00
Data interval (nm)                1.0000
Averaging Time (s)                0.1000
Excitation filter                 Auto
Emission filter                   Open
PMT voltage (V)                   High
Corrected spectra                 OFF
Wellplate                         ON
Plate format                     96 Wells
Read position                    Well centre
Multi-zero                       OFF
Auto-zero                        OFF
Well                            A1
Method Log     :
Method Name    : Default
Date/Time stamp: 19-Mar-24 1:13:41 PM
Method Modifications:
Well plate reader Changed: 19-Mar-24 1:16:04 PM, Old:OFF, New:ON
User Delta Stop Changed: 19-Mar-24 1:16:04 PM, Old: 450.00, New: 493.00
User Delta Increment Changed: 19-Mar-24 1:16:04 PM, Old:  10.00, New:   0.15
Excitation Wavelength Changed: 19-Mar-24 1:16:04 PM, Old: 350.00, New: 493.00
Emission Wavelength Changed: 19-Mar-24 1:16:04 PM, Old: 400.00, New: 517.00
Stop Wavelength Changed: 19-Mar-24 1:16:04 PM, Old: 600.00, New: 517.00
Wellplate Samples Changed: 19-Mar-24 1:16:04 PM, Old:, New:A1;A2;A3;A4;A5;A6;A7;A8;A9;A10;A11;A12;B1;B2;B3;B4;B5;B6;B7;B8;B9;B10;B11;B12;C1;C2;C3;C4;C5;C6;C7;C8;C9;C10;C11;C12;
PMT Volts Changed: 19-Mar-24 1:17:47 PM, Old:600, New:800
Scan Control Changed: 19-Mar-24 1:17:47 PM, Old:Medium, New:Manual
Emission PMT (V): Changed: 19-Mar-24 1:17:47 PM, Old: 600, New: 800
Emission Wavelength Changed: 19-Mar-24 1:17:47 PM, Old: 517.00, New: 510.00
Stop Wavelength Changed: 19-Mar-24 1:17:47 PM, Old: 517.00, New: 525.00
End Method Modifications

Sample B1,
Sample B1
Collection Time: 19-Mar-24 1:19:02 PM
Operator Name  :
Scan Software Version: 1.2(147)
Parameter List :
Instrument                        Cary Eclipse
Instrument Serial Number          MY18160001
Data mode                         Fluorescence
Scan mode                         Emission
X Mode                            Wavelength (nm)
Start (nm)                        510.00
Stop (nm)                         525.00
Ex. Wavelength (nm)               493.00
Ex. Slit (nm)                     5
Em. Slit (nm)                     5
Scan rate (nm/min)                600.00
Data interval (nm)                1.0000
Averaging Time (s)                0.1000
Excitation filter                 Auto
Emission filter                   Open
PMT voltage (V)                   High
Corrected spectra                 OFF
Wellplate                         ON
Plate format                     96 Wells
Read position                    Well centre
Multi-zero                       OFF
Auto-zero                        OFF
Well                            A1
Method Log     :
Method Name    : Default
Date/Time stamp: 19-Mar-24 1:13:41 PM
Method Modifications:
Well plate reader Changed: 19-Mar-24 1:16:04 PM, Old:OFF, New:ON
User Delta Stop Changed: 19-Mar-24 1:16:04 PM, Old: 450.00, New: 493.00
User Delta Increment Changed: 19-Mar-24 1:16:04 PM, Old:  10.00, New:   0.15
Excitation Wavelength Changed: 19-Mar-24 1:16:04 PM, Old: 350.00, New: 493.00
Emission Wavelength Changed: 19-Mar-24 1:16:04 PM, Old: 400.00, New: 517.00
Stop Wavelength Changed: 19-Mar-24 1:16:04 PM, Old: 600.00, New: 517.00
Wellplate Samples Changed: 19-Mar-24 1:16:04 PM, Old:, New:A1;A2;A3;A4;A5;A6;A7;A8;A9;A10;A11;A12;B1;B2;B3;B4;B5;B6;B7;B8;B9;B10;B11;B12;C1;C2;C3;C4;C5;C6;C7;C8;C9;C10;C11;C12;
PMT Volts Changed: 19-Mar-24 1:17:47 PM, Old:600, New:800
Scan Control Changed: 19-Mar-24 1:17:47 PM, Old:Medium, New:Manual
Emission PMT (V): Changed: 19-Mar-24 1:17:47 PM, Old: 600, New: 800
Emission Wavelength Changed: 19-Mar-24 1:17:47 PM, Old: 517.00, New: 510.00
Stop Wavelength Changed: 19-Mar-24 1:17:47 PM, Old: 517.00, New: 525.00
End Method Modifications

Sample C1,
Sample C1
Collection Time: 19-Mar-24 1:19:04 PM
Operator Name  :
Scan Software Version: 1.2(147)
Parameter List :
Instrument                        Cary Eclipse
Instrument Serial Number          MY18160001
Data mode                         Fluorescence
Scan mode                         Emission
X Mode                            Wavelength (nm)
Start (nm)                        510.00
Stop (nm)                         525.00
Ex. Wavelength (nm)               493.00
Ex. Slit (nm)                     5
Em. Slit (nm)                     5
Scan rate (nm/min)                600.00
Data interval (nm)                1.0000
Averaging Time (s)                0.1000
Excitation filter                 Auto
Emission filter                   Open
PMT voltage (V)                   High
Corrected spectra                 OFF
Wellplate                         ON
Plate format                     96 Wells
Read position                    Well centre
Multi-zero                       OFF
Auto-zero                        OFF
Well                            A1
Method Log     :
Method Name    : Default
Date/Time stamp: 19-Mar-24 1:13:41 PM
Method Modifications:
Well plate reader Changed: 19-Mar-24 1:16:04 PM, Old:OFF, New:ON
User Delta Stop Changed: 19-Mar-24 1:16:04 PM, Old: 450.00, New: 493.00
User Delta Increment Changed: 19-Mar-24 1:16:04 PM, Old:  10.00, New:   0.15
Excitation Wavelength Changed: 19-Mar-24 1:16:04 PM, Old: 350.00, New: 493.00
Emission Wavelength Changed: 19-Mar-24 1:16:04 PM, Old: 400.00, New: 517.00
Stop Wavelength Changed: 19-Mar-24 1:16:04 PM, Old: 600.00, New: 517.00
Wellplate Samples Changed: 19-Mar-24 1:16:04 PM, Old:, New:A1;A2;A3;A4;A5;A6;A7;A8;A9;A10;A11;A12;B1;B2;B3;B4;B5;B6;B7;B8;B9;B10;B11;B12;C1;C2;C3;C4;C5;C6;C7;C8;C9;C10;C11;C12;
PMT Volts Changed: 19-Mar-24 1:17:47 PM, Old:600, New:800
Scan Control Changed: 19-Mar-24 1:17:47 PM, Old:Medium, New:Manual
Emission PMT (V): Changed: 19-Mar-24 1:17:47 PM, Old: 600, New: 800
Emission Wavelength Changed: 19-Mar-24 1:17:47 PM, Old: 517.00, New: 510.00
Stop Wavelength Changed: 19-Mar-24 1:17:47 PM, Old: 517.00, New: 525.00
End Method Modifications

Sample C2,
Sample C2
Collection Time: 19-Mar-24 1:19:07 PM
Operator Name  :
Scan Software Version: 1.2(147)
Parameter List :
Instrument                        Cary Eclipse
Instrument Serial Number          MY18160001
Data mode                         Fluorescence
Scan mode                         Emission
X Mode                            Wavelength (nm)
Start (nm)                        510.00
Stop (nm)                         525.00
Ex. Wavelength (nm)               493.00
Ex. Slit (nm)                     5
Em. Slit (nm)                     5
Scan rate (nm/min)                600.00
Data interval (nm)                1.0000
Averaging Time (s)                0.1000
Excitation filter                 Auto
Emission filter                   Open
PMT voltage (V)                   High
Corrected spectra                 OFF
Wellplate                         ON
Plate format                     96 Wells
Read position                    Well centre
Multi-zero                       OFF
Auto-zero                        OFF
Well                            A1
Method Log     :
Method Name    : Default
Date/Time stamp: 19-Mar-24 1:13:41 PM
Method Modifications:
Well plate reader Changed: 19-Mar-24 1:16:04 PM, Old:OFF, New:ON
User Delta Stop Changed: 19-Mar-24 1:16:04 PM, Old: 450.00, New: 493.00
User Delta Increment Changed: 19-Mar-24 1:16:04 PM, Old:  10.00, New:   0.15
Excitation Wavelength Changed: 19-Mar-24 1:16:04 PM, Old: 350.00, New: 493.00
Emission Wavelength Changed: 19-Mar-24 1:16:04 PM, Old: 400.00, New: 517.00
Stop Wavelength Changed: 19-Mar-24 1:16:04 PM, Old: 600.00, New: 517.00
Wellplate Samples Changed: 19-Mar-24 1:16:04 PM, Old:, New:A1;A2;A3;A4;A5;A6;A7;A8;A9;A10;A11;A12;B1;B2;B3;B4;B5;B6;B7;B8;B9;B10;B11;B12;C1;C2;C3;C4;C5;C6;C7;C8;C9;C10;C11;C12;
PMT Volts Changed: 19-Mar-24 1:17:47 PM, Old:600, New:800
Scan Control Changed: 19-Mar-24 1:17:47 PM, Old:Medium, New:Manual
Emission PMT (V): Changed: 19-Mar-24 1:17:47 PM, Old: 600, New: 800
Emission Wavelength Changed: 19-Mar-24 1:17:47 PM, Old: 517.00, New: 510.00
Stop Wavelength Changed: 19-Mar-24 1:17:47 PM, Old: 517.00, New: 525.00
End Method Modifications

Sample C3,
Sample C3
Collection Time: 19-Mar-24 1:19:10 PM
Operator Name  :
Scan Software Version: 1.2(147)
Parameter List :
Instrument                        Cary Eclipse
Instrument Serial Number          MY18160001
Data mode                         Fluorescence
Scan mode                         Emission
X Mode                            Wavelength (nm)
Start (nm)                        510.00
Stop (nm)                         525.00
Ex. Wavelength (nm)               493.00
Ex. Slit (nm)                     5
Em. Slit (nm)                     5
Scan rate (nm/min)                600.00
Data interval (nm)                1.0000
Averaging Time (s)                0.1000
Excitation filter                 Auto
Emission filter                   Open
PMT voltage (V)                   High
Corrected spectra                 OFF
Wellplate                         ON
Plate format                     96 Wells
Read position                    Well centre
Multi-zero                       OFF
Auto-zero                        OFF
Well                            A1
Method Log     :
Method Name    : Default
Date/Time stamp: 19-Mar-24 1:13:41 PM
Method Modifications:
Well plate reader Changed: 19-Mar-24 1:16:04 PM, Old:OFF, New:ON
User Delta Stop Changed: 19-Mar-24 1:16:04 PM, Old: 450.00, New: 493.00
User Delta Increment Changed: 19-Mar-24 1:16:04 PM, Old:  10.00, New:   0.15
Excitation Wavelength Changed: 19-Mar-24 1:16:04 PM, Old: 350.00, New: 493.00
Emission Wavelength Changed: 19-Mar-24 1:16:04 PM, Old: 400.00, New: 517.00
Stop Wavelength Changed: 19-Mar-24 1:16:04 PM, Old: 600.00, New: 517.00
Wellplate Samples Changed: 19-Mar-24 1:16:04 PM, Old:, New:A1;A2;A3;A4;A5;A6;A7;A8;A9;A10;A11;A12;B1;B2;B3;B4;B5;B6;B7;B8;B9;B10;B11;B12;C1;C2;C3;C4;C5;C6;C7;C8;C9;C10;C11;C12;
PMT Volts Changed: 19-Mar-24 1:17:47 PM, Old:600, New:800
Scan Control Changed: 19-Mar-24 1:17:47 PM, Old:Medium, New:Manual
Emission PMT (V): Changed: 19-Mar-24 1:17:47 PM, Old: 600, New: 800
Emission Wavelength Changed: 19-Mar-24 1:17:47 PM, Old: 517.00, New: 510.00
Stop Wavelength Changed: 19-Mar-24 1:17:47 PM, Old: 517.00, New: 525.00
End Method Modifications

Sample C4,
Sample C4
Collection Time: 19-Mar-24 1:19:13 PM
Operator Name  :
Scan Software Version: 1.2(147)
Parameter List :
Instrument                        Cary Eclipse
Instrument Serial Number          MY18160001
Data mode                         Fluorescence
Scan mode                         Emission
X Mode                            Wavelength (nm)
Start (nm)                        510.00
Stop (nm)                         525.00
Ex. Wavelength (nm)               493.00
Ex. Slit (nm)                     5
Em. Slit (nm)                     5
Scan rate (nm/min)                600.00
Data interval (nm)                1.0000
Averaging Time (s)                0.1000
Excitation filter                 Auto
Emission filter                   Open
PMT voltage (V)                   High
Corrected spectra                 OFF
Wellplate                         ON
Plate format                     96 Wells
Read position                    Well centre
Multi-zero                       OFF
Auto-zero                        OFF
Well                            A1
Method Log     :
Method Name    : Default
Date/Time stamp: 19-Mar-24 1:13:41 PM
Method Modifications:
Well plate reader Changed: 19-Mar-24 1:16:04 PM, Old:OFF, New:ON
User Delta Stop Changed: 19-Mar-24 1:16:04 PM, Old: 450.00, New: 493.00
User Delta Increment Changed: 19-Mar-24 1:16:04 PM, Old:  10.00, New:   0.15
Excitation Wavelength Changed: 19-Mar-24 1:16:04 PM, Old: 350.00, New: 493.00
Emission Wavelength Changed: 19-Mar-24 1:16:04 PM, Old: 400.00, New: 517.00
Stop Wavelength Changed: 19-Mar-24 1:16:04 PM, Old: 600.00, New: 517.00
Wellplate Samples Changed: 19-Mar-24 1:16:04 PM, Old:, New:A1;A2;A3;A4;A5;A6;A7;A8;A9;A10;A11;A12;B1;B2;B3;B4;B5;B6;B7;B8;B9;B10;B11;B12;C1;C2;C3;C4;C5;C6;C7;C8;C9;C10;C11;C12;
PMT Volts Changed: 19-Mar-24 1:17:47 PM, Old:600, New:800
Scan Control Changed: 19-Mar-24 1:17:47 PM, Old:Medium, New:Manual
Emission PMT (V): Changed: 19-Mar-24 1:17:47 PM, Old: 600, New: 800
Emission Wavelength Changed: 19-Mar-24 1:17:47 PM, Old: 517.00, New: 510.00
Stop Wavelength Changed: 19-Mar-24 1:17:47 PM, Old: 517.00, New: 525.00
End Method Modifications

Sample C5,
Sample C5
Collection Time: 19-Mar-24 1:19:16 PM
Operator Name  :
Scan Software Version: 1.2(147)
Parameter List :
Instrument                        Cary Eclipse
Instrument Serial Number          MY18160001
Data mode                         Fluorescence
Scan mode                         Emission
X Mode                            Wavelength (nm)
Start (nm)                        510.00
Stop (nm)                         525.00
Ex. Wavelength (nm)               493.00
Ex. Slit (nm)                     5
Em. Slit (nm)                     5
Scan rate (nm/min)                600.00
Data interval (nm)                1.0000
Averaging Time (s)                0.1000
Excitation filter                 Auto
Emission filter                   Open
PMT voltage (V)                   High
Corrected spectra                 OFF
Wellplate                         ON
Plate format                     96 Wells
Read position                    Well centre
Multi-zero                       OFF
Auto-zero                        OFF
Well                            A1
Method Log     :
Method Name    : Default
Date/Time stamp: 19-Mar-24 1:13:41 PM
Method Modifications:
Well plate reader Changed: 19-Mar-24 1:16:04 PM, Old:OFF, New:ON
User Delta Stop Changed: 19-Mar-24 1:16:04 PM, Old: 450.00, New: 493.00
User Delta Increment Changed: 19-Mar-24 1:16:04 PM, Old:  10.00, New:   0.15
Excitation Wavelength Changed: 19-Mar-24 1:16:04 PM, Old: 350.00, New: 493.00
Emission Wavelength Changed: 19-Mar-24 1:16:04 PM, Old: 400.00, New: 517.00
Stop Wavelength Changed: 19-Mar-24 1:16:04 PM, Old: 600.00, New: 517.00
Wellplate Samples Changed: 19-Mar-24 1:16:04 PM, Old:, New:A1;A2;A3;A4;A5;A6;A7;A8;A9;A10;A11;A12;B1;B2;B3;B4;B5;B6;B7;B8;B9;B10;B11;B12;C1;C2;C3;C4;C5;C6;C7;C8;C9;C10;C11;C12;
PMT Volts Changed: 19-Mar-24 1:17:47 PM, Old:600, New:800
Scan Control Changed: 19-Mar-24 1:17:47 PM, Old:Medium, New:Manual
Emission PMT (V): Changed: 19-Mar-24 1:17:47 PM, Old: 600, New: 800
Emission Wavelength Changed: 19-Mar-24 1:17:47 PM, Old: 517.00, New: 510.00
Stop Wavelength Changed: 19-Mar-24 1:17:47 PM, Old: 517.00, New: 525.00
End Method Modifications

Sample C6,
Sample C6
Collection Time: 19-Mar-24 1:19:18 PM
Operator Name  :
Scan Software Version: 1.2(147)
Parameter List :
Instrument                        Cary Eclipse
Instrument Serial Number          MY18160001
Data mode                         Fluorescence
Scan mode                         Emission
X Mode                            Wavelength (nm)
Start (nm)                        510.00
Stop (nm)                         525.00
Ex. Wavelength (nm)               493.00
Ex. Slit (nm)                     5
Em. Slit (nm)                     5
Scan rate (nm/min)                600.00
Data interval (nm)                1.0000
Averaging Time (s)                0.1000
Excitation filter                 Auto
Emission filter                   Open
PMT voltage (V)                   High
Corrected spectra                 OFF
Wellplate                         ON
Plate format                     96 Wells
Read position                    Well centre
Multi-zero                       OFF
Auto-zero                        OFF
Well                            A1
Method Log     :
Method Name    : Default
Date/Time stamp: 19-Mar-24 1:13:41 PM
Method Modifications:
Well plate reader Changed: 19-Mar-24 1:16:04 PM, Old:OFF, New:ON
User Delta Stop Changed: 19-Mar-24 1:16:04 PM, Old: 450.00, New: 493.00
User Delta Increment Changed: 19-Mar-24 1:16:04 PM, Old:  10.00, New:   0.15
Excitation Wavelength Changed: 19-Mar-24 1:16:04 PM, Old: 350.00, New: 493.00
Emission Wavelength Changed: 19-Mar-24 1:16:04 PM, Old: 400.00, New: 517.00
Stop Wavelength Changed: 19-Mar-24 1:16:04 PM, Old: 600.00, New: 517.00
Wellplate Samples Changed: 19-Mar-24 1:16:04 PM, Old:, New:A1;A2;A3;A4;A5;A6;A7;A8;A9;A10;A11;A12;B1;B2;B3;B4;B5;B6;B7;B8;B9;B10;B11;B12;C1;C2;C3;C4;C5;C6;C7;C8;C9;C10;C11;C12;
PMT Volts Changed: 19-Mar-24 1:17:47 PM, Old:600, New:800
Scan Control Changed: 19-Mar-24 1:17:47 PM, Old:Medium, New:Manual
Emission PMT (V): Changed: 19-Mar-24 1:17:47 PM, Old: 600, New: 800
Emission Wavelength Changed: 19-Mar-24 1:17:47 PM, Old: 517.00, New: 510.00
Stop Wavelength Changed: 19-Mar-24 1:17:47 PM, Old: 517.00, New: 525.00
End Method Modifications

Sample C7,
Sample C7
Collection Time: 19-Mar-24 1:19:21 PM
Operator Name  :
Scan Software Version: 1.2(147)
Parameter List :
Instrument                        Cary Eclipse
Instrument Serial Number          MY18160001
Data mode                         Fluorescence
Scan mode                         Emission
X Mode                            Wavelength (nm)
Start (nm)                        510.00
Stop (nm)                         525.00
Ex. Wavelength (nm)               493.00
Ex. Slit (nm)                     5
Em. Slit (nm)                     5
Scan rate (nm/min)                600.00
Data interval (nm)                1.0000
Averaging Time (s)                0.1000
Excitation filter                 Auto
Emission filter                   Open
PMT voltage (V)                   High
Corrected spectra                 OFF
Wellplate                         ON
Plate format                     96 Wells
Read position                    Well centre
Multi-zero                       OFF
Auto-zero                        OFF
Well                            A1
Method Log     :
Method Name    : Default
Date/Time stamp: 19-Mar-24 1:13:41 PM
Method Modifications:
Well plate reader Changed: 19-Mar-24 1:16:04 PM, Old:OFF, New:ON
User Delta Stop Changed: 19-Mar-24 1:16:04 PM, Old: 450.00, New: 493.00
User Delta Increment Changed: 19-Mar-24 1:16:04 PM, Old:  10.00, New:   0.15
Excitation Wavelength Changed: 19-Mar-24 1:16:04 PM, Old: 350.00, New: 493.00
Emission Wavelength Changed: 19-Mar-24 1:16:04 PM, Old: 400.00, New: 517.00
Stop Wavelength Changed: 19-Mar-24 1:16:04 PM, Old: 600.00, New: 517.00
Wellplate Samples Changed: 19-Mar-24 1:16:04 PM, Old:, New:A1;A2;A3;A4;A5;A6;A7;A8;A9;A10;A11;A12;B1;B2;B3;B4;B5;B6;B7;B8;B9;B10;B11;B12;C1;C2;C3;C4;C5;C6;C7;C8;C9;C10;C11;C12;
PMT Volts Changed: 19-Mar-24 1:17:47 PM, Old:600, New:800
Scan Control Changed: 19-Mar-24 1:17:47 PM, Old:Medium, New:Manual
Emission PMT (V): Changed: 19-Mar-24 1:17:47 PM, Old: 600, New: 800
Emission Wavelength Changed: 19-Mar-24 1:17:47 PM, Old: 517.00, New: 510.00
Stop Wavelength Changed: 19-Mar-24 1:17:47 PM, Old: 517.00, New: 525.00
End Method Modifications

Sample C8,
Sample C8
Collection Time: 19-Mar-24 1:19:24 PM
Operator Name  :
Scan Software Version: 1.2(147)
Parameter List :
Instrument                        Cary Eclipse
Instrument Serial Number          MY18160001
Data mode                         Fluorescence
Scan mode                         Emission
X Mode                            Wavelength (nm)
Start (nm)                        510.00
Stop (nm)                         525.00
Ex. Wavelength (nm)               493.00
Ex. Slit (nm)                     5
Em. Slit (nm)                     5
Scan rate (nm/min)                600.00
Data interval (nm)                1.0000
Averaging Time (s)                0.1000
Excitation filter                 Auto
Emission filter                   Open
PMT voltage (V)                   High
Corrected spectra                 OFF
Wellplate                         ON
Plate format                     96 Wells
Read position                    Well centre
Multi-zero                       OFF
Auto-zero                        OFF
Well                            A1
Method Log     :
Method Name    : Default
Date/Time stamp: 19-Mar-24 1:13:41 PM
Method Modifications:
Well plate reader Changed: 19-Mar-24 1:16:04 PM, Old:OFF, New:ON
User Delta Stop Changed: 19-Mar-24 1:16:04 PM, Old: 450.00, New: 493.00
User Delta Increment Changed: 19-Mar-24 1:16:04 PM, Old:  10.00, New:   0.15
Excitation Wavelength Changed: 19-Mar-24 1:16:04 PM, Old: 350.00, New: 493.00
Emission Wavelength Changed: 19-Mar-24 1:16:04 PM, Old: 400.00, New: 517.00
Stop Wavelength Changed: 19-Mar-24 1:16:04 PM, Old: 600.00, New: 517.00
Wellplate Samples Changed: 19-Mar-24 1:16:04 PM, Old:, New:A1;A2;A3;A4;A5;A6;A7;A8;A9;A10;A11;A12;B1;B2;B3;B4;B5;B6;B7;B8;B9;B10;B11;B12;C1;C2;C3;C4;C5;C6;C7;C8;C9;C10;C11;C12;
PMT Volts Changed: 19-Mar-24 1:17:47 PM, Old:600, New:800
Scan Control Changed: 19-Mar-24 1:17:47 PM, Old:Medium, New:Manual
Emission PMT (V): Changed: 19-Mar-24 1:17:47 PM, Old: 600, New: 800
Emission Wavelength Changed: 19-Mar-24 1:17:47 PM, Old: 517.00, New: 510.00
Stop Wavelength Changed: 19-Mar-24 1:17:47 PM, Old: 517.00, New: 525.00
End Method Modifications

Sample C9,
Sample C9
Collection Time: 19-Mar-24 1:19:26 PM
Operator Name  :
Scan Software Version: 1.2(147)
Parameter List :
Instrument                        Cary Eclipse
Instrument Serial Number          MY18160001
Data mode                         Fluorescence
Scan mode                         Emission
X Mode                            Wavelength (nm)
Start (nm)                        510.00
Stop (nm)                         525.00
Ex. Wavelength (nm)               493.00
Ex. Slit (nm)                     5
Em. Slit (nm)                     5
Scan rate (nm/min)                600.00
Data interval (nm)                1.0000
Averaging Time (s)                0.1000
Excitation filter                 Auto
Emission filter                   Open
PMT voltage (V)                   High
Corrected spectra                 OFF
Wellplate                         ON
Plate format                     96 Wells
Read position                    Well centre
Multi-zero                       OFF
Auto-zero                        OFF
Well                            A1
Method Log     :
Method Name    : Default
Date/Time stamp: 19-Mar-24 1:13:41 PM
Method Modifications:
Well plate reader Changed: 19-Mar-24 1:16:04 PM, Old:OFF, New:ON
User Delta Stop Changed: 19-Mar-24 1:16:04 PM, Old: 450.00, New: 493.00
User Delta Increment Changed: 19-Mar-24 1:16:04 PM, Old:  10.00, New:   0.15
Excitation Wavelength Changed: 19-Mar-24 1:16:04 PM, Old: 350.00, New: 493.00
Emission Wavelength Changed: 19-Mar-24 1:16:04 PM, Old: 400.00, New: 517.00
Stop Wavelength Changed: 19-Mar-24 1:16:04 PM, Old: 600.00, New: 517.00
Wellplate Samples Changed: 19-Mar-24 1:16:04 PM, Old:, New:A1;A2;A3;A4;A5;A6;A7;A8;A9;A10;A11;A12;B1;B2;B3;B4;B5;B6;B7;B8;B9;B10;B11;B12;C1;C2;C3;C4;C5;C6;C7;C8;C9;C10;C11;C12;
PMT Volts Changed: 19-Mar-24 1:17:47 PM, Old:600, New:800
Scan Control Changed: 19-Mar-24 1:17:47 PM, Old:Medium, New:Manual
Emission PMT (V): Changed: 19-Mar-24 1:17:47 PM, Old: 600, New: 800
Emission Wavelength Changed: 19-Mar-24 1:17:47 PM, Old: 517.00, New: 510.00
Stop Wavelength Changed: 19-Mar-24 1:17:47 PM, Old: 517.00, New: 525.00
End Method Modifications

Sample C10,
Sample C10
Collection Time: 19-Mar-24 1:19:29 PM
Operator Name  :
Scan Software Version: 1.2(147)
Parameter List :
Instrument                        Cary Eclipse
Instrument Serial Number          MY18160001
Data mode                         Fluorescence
Scan mode                         Emission
X Mode                            Wavelength (nm)
Start (nm)                        510.00
Stop (nm)                         525.00
Ex. Wavelength (nm)               493.00
Ex. Slit (nm)                     5
Em. Slit (nm)                     5
Scan rate (nm/min)                600.00
Data interval (nm)                1.0000
Averaging Time (s)                0.1000
Excitation filter                 Auto
Emission filter                   Open
PMT voltage (V)                   High
Corrected spectra                 OFF
Wellplate                         ON
Plate format                     96 Wells
Read position                    Well centre
Multi-zero                       OFF
Auto-zero                        OFF
Well                            A1
Method Log     :
Method Name    : Default
Date/Time stamp: 19-Mar-24 1:13:41 PM
Method Modifications:
Well plate reader Changed: 19-Mar-24 1:16:04 PM, Old:OFF, New:ON
User Delta Stop Changed: 19-Mar-24 1:16:04 PM, Old: 450.00, New: 493.00
User Delta Increment Changed: 19-Mar-24 1:16:04 PM, Old:  10.00, New:   0.15
Excitation Wavelength Changed: 19-Mar-24 1:16:04 PM, Old: 350.00, New: 493.00
Emission Wavelength Changed: 19-Mar-24 1:16:04 PM, Old: 400.00, New: 517.00
Stop Wavelength Changed: 19-Mar-24 1:16:04 PM, Old: 600.00, New: 517.00
Wellplate Samples Changed: 19-Mar-24 1:16:04 PM, Old:, New:A1;A2;A3;A4;A5;A6;A7;A8;A9;A10;A11;A12;B1;B2;B3;B4;B5;B6;B7;B8;B9;B10;B11;B12;C1;C2;C3;C4;C5;C6;C7;C8;C9;C10;C11;C12;
PMT Volts Changed: 19-Mar-24 1:17:47 PM, Old:600, New:800
Scan Control Changed: 19-Mar-24 1:17:47 PM, Old:Medium, New:Manual
Emission PMT (V): Changed: 19-Mar-24 1:17:47 PM, Old: 600, New: 800
Emission Wavelength Changed: 19-Mar-24 1:17:47 PM, Old: 517.00, New: 510.00
Stop Wavelength Changed: 19-Mar-24 1:17:47 PM, Old: 517.00, New: 525.00
End Method Modifications

Sample C11,
Sample C11
Collection Time: 19-Mar-24 1:19:32 PM
Operator Name  :
Scan Software Version: 1.2(147)
Parameter List :
Instrument                        Cary Eclipse
Instrument Serial Number          MY18160001
Data mode                         Fluorescence
Scan mode                         Emission
X Mode                            Wavelength (nm)
Start (nm)                        510.00
Stop (nm)                         525.00
Ex. Wavelength (nm)               493.00
Ex. Slit (nm)                     5
Em. Slit (nm)                     5
Scan rate (nm/min)                600.00
Data interval (nm)                1.0000
Averaging Time (s)                0.1000
Excitation filter                 Auto
Emission filter                   Open
PMT voltage (V)                   High
Corrected spectra                 OFF
Wellplate                         ON
Plate format                     96 Wells
Read position                    Well centre
Multi-zero                       OFF
Auto-zero                        OFF
Well                            A1
Method Log     :
Method Name    : Default
Date/Time stamp: 19-Mar-24 1:13:41 PM
Method Modifications:
Well plate reader Changed: 19-Mar-24 1:16:04 PM, Old:OFF, New:ON
User Delta Stop Changed: 19-Mar-24 1:16:04 PM, Old: 450.00, New: 493.00
User Delta Increment Changed: 19-Mar-24 1:16:04 PM, Old:  10.00, New:   0.15
Excitation Wavelength Changed: 19-Mar-24 1:16:04 PM, Old: 350.00, New: 493.00
Emission Wavelength Changed: 19-Mar-24 1:16:04 PM, Old: 400.00, New: 517.00
Stop Wavelength Changed: 19-Mar-24 1:16:04 PM, Old: 600.00, New: 517.00
Wellplate Samples Changed: 19-Mar-24 1:16:04 PM, Old:, New:A1;A2;A3;A4;A5;A6;A7;A8;A9;A10;A11;A12;B1;B2;B3;B4;B5;B6;B7;B8;B9;B10;B11;B12;C1;C2;C3;C4;C5;C6;C7;C8;C9;C10;C11;C12;
PMT Volts Changed: 19-Mar-24 1:17:47 PM, Old:600, New:800
Scan Control Changed: 19-Mar-24 1:17:47 PM, Old:Medium, New:Manual
Emission PMT (V): Changed: 19-Mar-24 1:17:47 PM, Old: 600, New: 800
Emission Wavelength Changed: 19-Mar-24 1:17:47 PM, Old: 517.00, New: 510.00
Stop Wavelength Changed: 19-Mar-24 1:17:47 PM, Old: 517.00, New: 525.00
End Method Modifications

Sample C12,
Sample C12
Collection Time: 19-Mar-24 1:19:34 PM
Operator Name  :
Scan Software Version: 1.2(147)
Parameter List :
Instrument                        Cary Eclipse
Instrument Serial Number          MY18160001
Data mode                         Fluorescence
Scan mode                         Emission
X Mode                            Wavelength (nm)
Start (nm)                        510.00
Stop (nm)                         525.00
Ex. Wavelength (nm)               493.00
Ex. Slit (nm)                     5
Em. Slit (nm)                     5
Scan rate (nm/min)                600.00
Data interval (nm)                1.0000
Averaging Time (s)                0.1000
Excitation filter                 Auto
Emission filter                   Open
PMT voltage (V)                   High
Corrected spectra                 OFF
Wellplate                         ON
Plate format                     96 Wells
Read position                    Well centre
Multi-zero                       OFF
Auto-zero                        OFF
Well                            A1
Method Log     :
Method Name    : Default
Date/Time stamp: 19-Mar-24 1:13:41 PM
Method Modifications:
Well plate reader Changed: 19-Mar-24 1:16:04 PM, Old:OFF, New:ON
User Delta Stop Changed: 19-Mar-24 1:16:04 PM, Old: 450.00, New: 493.00
User Delta Increment Changed: 19-Mar-24 1:16:04 PM, Old:  10.00, New:   0.15
Excitation Wavelength Changed: 19-Mar-24 1:16:04 PM, Old: 350.00, New: 493.00
Emission Wavelength Changed: 19-Mar-24 1:16:04 PM, Old: 400.00, New: 517.00
Stop Wavelength Changed: 19-Mar-24 1:16:04 PM, Old: 600.00, New: 517.00
Wellplate Samples Changed: 19-Mar-24 1:16:04 PM, Old:, New:A1;A2;A3;A4;A5;A6;A7;A8;A9;A10;A11;A12;B1;B2;B3;B4;B5;B6;B7;B8;B9;B10;B11;B12;C1;C2;C3;C4;C5;C6;C7;C8;C9;C10;C11;C12;
PMT Volts Changed: 19-Mar-24 1:17:47 PM, Old:600, New:800
Scan Control Changed: 19-Mar-24 1:17:47 PM, Old:Medium, New:Manual
Emission PMT (V): Changed: 19-Mar-24 1:17:47 PM, Old: 600, New: 800
Emission Wavelength Changed: 19-Mar-24 1:17:47 PM, Old: 517.00, New: 510.00
Stop Wavelength Changed: 19-Mar-24 1:17:47 PM, Old: 517.00, New: 525.00
End Method Modifications

Sample A1,
Sample A1
Collection Time: 19-Mar-24 1:21:01 PM
Operator Name  :
Scan Software Version: 1.2(147)
Parameter List :
Instrument                        Cary Eclipse
Instrument Serial Number          MY18160001
Data mode                         Fluorescence
Scan mode                         Emission
X Mode                            Wavelength (nm)
Start (nm)                        510.00
Stop (nm)                         525.00
Ex. Wavelength (nm)               493.00
Ex. Slit (nm)                     5
Em. Slit (nm)                     5
Scan rate (nm/min)                600.00
Data interval (nm)                1.0000
Averaging Time (s)                0.1000
Excitation filter                 Auto
Emission filter                   Open
PMT voltage (V)                   900
Corrected spectra                 OFF
Wellplate                         ON
Plate format                     96 Wells
Read position                    Well centre
Multi-zero                       OFF
Auto-zero                        OFF
Well                            A1
Method Log     :
Method Name    : Default
Date/Time stamp: 19-Mar-24 1:13:41 PM
Method Modifications:
Well plate reader Changed: 19-Mar-24 1:16:04 PM, Old:OFF, New:ON
User Delta Stop Changed: 19-Mar-24 1:16:04 PM, Old: 450.00, New: 493.00
User Delta Increment Changed: 19-Mar-24 1:16:04 PM, Old:  10.00, New:   0.15
Excitation Wavelength Changed: 19-Mar-24 1:16:04 PM, Old: 350.00, New: 493.00
Emission Wavelength Changed: 19-Mar-24 1:16:04 PM, Old: 400.00, New: 517.00
Stop Wavelength Changed: 19-Mar-24 1:16:04 PM, Old: 600.00, New: 517.00
Wellplate Samples Changed: 19-Mar-24 1:16:04 PM, Old:, New:A1;A2;A3;A4;A5;A6;A7;A8;A9;A10;A11;A12;B1;B2;B3;B4;B5;B6;B7;B8;B9;B10;B11;B12;C1;C2;C3;C4;C5;C6;C7;C8;C9;C10;C11;C12;
PMT Volts Changed: 19-Mar-24 1:17:47 PM, Old:600, New:800
Scan Control Changed: 19-Mar-24 1:17:47 PM, Old:Medium, New:Manual
Emission PMT (V): Changed: 19-Mar-24 1:17:47 PM, Old: 600, New: 800
Emission Wavelength Changed: 19-Mar-24 1:17:47 PM, Old: 517.00, New: 510.00
Stop Wavelength Changed: 19-Mar-24 1:17:47 PM, Old: 517.00, New: 525.00
PMT Volts Changed: 19-Mar-24 1:20:27 PM, Old:800, New:900
Emission PMT (V): Changed: 19-Mar-24 1:20:27 PM, Old: 800, New: 900
End Method Modifications

Sample A2,
Sample A2
Collection Time: 19-Mar-24 1:21:14 PM
Operator Name  :
Scan Software Version: 1.2(147)
Parameter List :
Instrument                        Cary Eclipse
Instrument Serial Number          MY18160001
Data mode                         Fluorescence
Scan mode                         Emission
X Mode                            Wavelength (nm)
Start (nm)                        510.00
Stop (nm)                         525.00
Ex. Wavelength (nm)               493.00
Ex. Slit (nm)                     5
Em. Slit (nm)                     5
Scan rate (nm/min)                600.00
Data interval (nm)                1.0000
Averaging Time (s)                0.1000
Excitation filter                 Auto
Emission filter                   Open
PMT voltage (V)                   900
Corrected spectra                 OFF
Wellplate                         ON
Plate format                     96 Wells
Read position                    Well centre
Multi-zero                       OFF
Auto-zero                        OFF
Well                            A1
Method Log     :
Method Name    : Default
Date/Time stamp: 19-Mar-24 1:13:41 PM
Method Modifications:
Well plate reader Changed: 19-Mar-24 1:16:04 PM, Old:OFF, New:ON
User Delta Stop Changed: 19-Mar-24 1:16:04 PM, Old: 450.00, New: 493.00
User Delta Increment Changed: 19-Mar-24 1:16:04 PM, Old:  10.00, New:   0.15
Excitation Wavelength Changed: 19-Mar-24 1:16:04 PM, Old: 350.00, New: 493.00
Emission Wavelength Changed: 19-Mar-24 1:16:04 PM, Old: 400.00, New: 517.00
Stop Wavelength Changed: 19-Mar-24 1:16:04 PM, Old: 600.00, New: 517.00
Wellplate Samples Changed: 19-Mar-24 1:16:04 PM, Old:, New:A1;A2;A3;A4;A5;A6;A7;A8;A9;A10;A11;A12;B1;B2;B3;B4;B5;B6;B7;B8;B9;B10;B11;B12;C1;C2;C3;C4;C5;C6;C7;C8;C9;C10;C11;C12;
PMT Volts Changed: 19-Mar-24 1:17:47 PM, Old:600, New:800
Scan Control Changed: 19-Mar-24 1:17:47 PM, Old:Medium, New:Manual
Emission PMT (V): Changed: 19-Mar-24 1:17:47 PM, Old: 600, New: 800
Emission Wavelength Changed: 19-Mar-24 1:17:47 PM, Old: 517.00, New: 510.00
Stop Wavelength Changed: 19-Mar-24 1:17:47 PM, Old: 517.00, New: 525.00
PMT Volts Changed: 19-Mar-24 1:20:27 PM, Old:800, New:900
Emission PMT (V): Changed: 19-Mar-24 1:20:27 PM, Old: 800, New: 900
End Method Modifications

Sample A3,
Sample A3
Collection Time: 19-Mar-24 1:21:16 PM
Operator Name  :
Scan Software Version: 1.2(147)
Parameter List :
Instrument                        Cary Eclipse
Instrument Serial Number          MY18160001
Data mode                         Fluorescence
Scan mode                         Emission
X Mode                            Wavelength (nm)
Start (nm)                        510.00
Stop (nm)                         525.00
Ex. Wavelength (nm)               493.00
Ex. Slit (nm)                     5
Em. Slit (nm)                     5
Scan rate (nm/min)                600.00
Data interval (nm)                1.0000
Averaging Time (s)                0.1000
Excitation filter                 Auto
Emission filter                   Open
PMT voltage (V)                   900
Corrected spectra                 OFF
Wellplate                         ON
Plate format                     96 Wells
Read position                    Well centre
Multi-zero                       OFF
Auto-zero                        OFF
Well                            A1
Method Log     :
Method Name    : Default
Date/Time stamp: 19-Mar-24 1:13:41 PM
Method Modifications:
Well plate reader Changed: 19-Mar-24 1:16:04 PM, Old:OFF, New:ON
User Delta Stop Changed: 19-Mar-24 1:16:04 PM, Old: 450.00, New: 493.00
User Delta Increment Changed: 19-Mar-24 1:16:04 PM, Old:  10.00, New:   0.15
Excitation Wavelength Changed: 19-Mar-24 1:16:04 PM, Old: 350.00, New: 493.00
Emission Wavelength Changed: 19-Mar-24 1:16:04 PM, Old: 400.00, New: 517.00
Stop Wavelength Changed: 19-Mar-24 1:16:04 PM, Old: 600.00, New: 517.00
Wellplate Samples Changed: 19-Mar-24 1:16:04 PM, Old:, New:A1;A2;A3;A4;A5;A6;A7;A8;A9;A10;A11;A12;B1;B2;B3;B4;B5;B6;B7;B8;B9;B10;B11;B12;C1;C2;C3;C4;C5;C6;C7;C8;C9;C10;C11;C12;
PMT Volts Changed: 19-Mar-24 1:17:47 PM, Old:600, New:800
Scan Control Changed: 19-Mar-24 1:17:47 PM, Old:Medium, New:Manual
Emission PMT (V): Changed: 19-Mar-24 1:17:47 PM, Old: 600, New: 800
Emission Wavelength Changed: 19-Mar-24 1:17:47 PM, Old: 517.00, New: 510.00
Stop Wavelength Changed: 19-Mar-24 1:17:47 PM, Old: 517.00, New: 525.00
PMT Volts Changed: 19-Mar-24 1:20:27 PM, Old:800, New:900
Emission PMT (V): Changed: 19-Mar-24 1:20:27 PM, Old: 800, New: 900
End Method Modifications

Sample A4,
Sample A4
Collection Time: 19-Mar-24 1:21:19 PM
Operator Name  :
Scan Software Version: 1.2(147)
Parameter List :
Instrument                        Cary Eclipse
Instrument Serial Number          MY18160001
Data mode                         Fluorescence
Scan mode                         Emission
X Mode                            Wavelength (nm)
Start (nm)                        510.00
Stop (nm)                         525.00
Ex. Wavelength (nm)               493.00
Ex. Slit (nm)                     5
Em. Slit (nm)                     5
Scan rate (nm/min)                600.00
Data interval (nm)                1.0000
Averaging Time (s)                0.1000
Excitation filter                 Auto
Emission filter                   Open
PMT voltage (V)                   900
Corrected spectra                 OFF
Wellplate                         ON
Plate format                     96 Wells
Read position                    Well centre
Multi-zero                       OFF
Auto-zero                        OFF
Well                            A1
Method Log     :
Method Name    : Default
Date/Time stamp: 19-Mar-24 1:13:41 PM
Method Modifications:
Well plate reader Changed: 19-Mar-24 1:16:04 PM, Old:OFF, New:ON
User Delta Stop Changed: 19-Mar-24 1:16:04 PM, Old: 450.00, New: 493.00
User Delta Increment Changed: 19-Mar-24 1:16:04 PM, Old:  10.00, New:   0.15
Excitation Wavelength Changed: 19-Mar-24 1:16:04 PM, Old: 350.00, New: 493.00
Emission Wavelength Changed: 19-Mar-24 1:16:04 PM, Old: 400.00, New: 517.00
Stop Wavelength Changed: 19-Mar-24 1:16:04 PM, Old: 600.00, New: 517.00
Wellplate Samples Changed: 19-Mar-24 1:16:04 PM, Old:, New:A1;A2;A3;A4;A5;A6;A7;A8;A9;A10;A11;A12;B1;B2;B3;B4;B5;B6;B7;B8;B9;B10;B11;B12;C1;C2;C3;C4;C5;C6;C7;C8;C9;C10;C11;C12;
PMT Volts Changed: 19-Mar-24 1:17:47 PM, Old:600, New:800
Scan Control Changed: 19-Mar-24 1:17:47 PM, Old:Medium, New:Manual
Emission PMT (V): Changed: 19-Mar-24 1:17:47 PM, Old: 600, New: 800
Emission Wavelength Changed: 19-Mar-24 1:17:47 PM, Old: 517.00, New: 510.00
Stop Wavelength Changed: 19-Mar-24 1:17:47 PM, Old: 517.00, New: 525.00
PMT Volts Changed: 19-Mar-24 1:20:27 PM, Old:800, New:900
Emission PMT (V): Changed: 19-Mar-24 1:20:27 PM, Old: 800, New: 900
End Method Modifications

Sample A5,
Sample A5
Collection Time: 19-Mar-24 1:21:22 PM
Operator Name  :
Scan Software Version: 1.2(147)
Parameter List :
Instrument                        Cary Eclipse
Instrument Serial Number          MY18160001
Data mode                         Fluorescence
Scan mode                         Emission
X Mode                            Wavelength (nm)
Start (nm)                        510.00
Stop (nm)                         525.00
Ex. Wavelength (nm)               493.00
Ex. Slit (nm)                     5
Em. Slit (nm)                     5
Scan rate (nm/min)                600.00
Data interval (nm)                1.0000
Averaging Time (s)                0.1000
Excitation filter                 Auto
Emission filter                   Open
PMT voltage (V)                   900
Corrected spectra                 OFF
Wellplate                         ON
Plate format                     96 Wells
Read position                    Well centre
Multi-zero                       OFF
Auto-zero                        OFF
Well                            A1
Method Log     :
Method Name    : Default
Date/Time stamp: 19-Mar-24 1:13:41 PM
Method Modifications:
Well plate reader Changed: 19-Mar-24 1:16:04 PM, Old:OFF, New:ON
User Delta Stop Changed: 19-Mar-24 1:16:04 PM, Old: 450.00, New: 493.00
User Delta Increment Changed: 19-Mar-24 1:16:04 PM, Old:  10.00, New:   0.15
Excitation Wavelength Changed: 19-Mar-24 1:16:04 PM, Old: 350.00, New: 493.00
Emission Wavelength Changed: 19-Mar-24 1:16:04 PM, Old: 400.00, New: 517.00
Stop Wavelength Changed: 19-Mar-24 1:16:04 PM, Old: 600.00, New: 517.00
Wellplate Samples Changed: 19-Mar-24 1:16:04 PM, Old:, New:A1;A2;A3;A4;A5;A6;A7;A8;A9;A10;A11;A12;B1;B2;B3;B4;B5;B6;B7;B8;B9;B10;B11;B12;C1;C2;C3;C4;C5;C6;C7;C8;C9;C10;C11;C12;
PMT Volts Changed: 19-Mar-24 1:17:47 PM, Old:600, New:800
Scan Control Changed: 19-Mar-24 1:17:47 PM, Old:Medium, New:Manual
Emission PMT (V): Changed: 19-Mar-24 1:17:47 PM, Old: 600, New: 800
Emission Wavelength Changed: 19-Mar-24 1:17:47 PM, Old: 517.00, New: 510.00
Stop Wavelength Changed: 19-Mar-24 1:17:47 PM, Old: 517.00, New: 525.00
PMT Volts Changed: 19-Mar-24 1:20:27 PM, Old:800, New:900
Emission PMT (V): Changed: 19-Mar-24 1:20:27 PM, Old: 800, New: 900
End Method Modifications

Sample A6,
Sample A6
Collection Time: 19-Mar-24 1:21:24 PM
Operator Name  :
Scan Software Version: 1.2(147)
Parameter List :
Instrument                        Cary Eclipse
Instrument Serial Number          MY18160001
Data mode                         Fluorescence
Scan mode                         Emission
X Mode                            Wavelength (nm)
Start (nm)                        510.00
Stop (nm)                         525.00
Ex. Wavelength (nm)               493.00
Ex. Slit (nm)                     5
Em. Slit (nm)                     5
Scan rate (nm/min)                600.00
Data interval (nm)                1.0000
Averaging Time (s)                0.1000
Excitation filter                 Auto
Emission filter                   Open
PMT voltage (V)                   900
Corrected spectra                 OFF
Wellplate                         ON
Plate format                     96 Wells
Read position                    Well centre
Multi-zero                       OFF
Auto-zero                        OFF
Well                            A1
Method Log     :
Method Name    : Default
Date/Time stamp: 19-Mar-24 1:13:41 PM
Method Modifications:
Well plate reader Changed: 19-Mar-24 1:16:04 PM, Old:OFF, New:ON
User Delta Stop Changed: 19-Mar-24 1:16:04 PM, Old: 450.00, New: 493.00
User Delta Increment Changed: 19-Mar-24 1:16:04 PM, Old:  10.00, New:   0.15
Excitation Wavelength Changed: 19-Mar-24 1:16:04 PM, Old: 350.00, New: 493.00
Emission Wavelength Changed: 19-Mar-24 1:16:04 PM, Old: 400.00, New: 517.00
Stop Wavelength Changed: 19-Mar-24 1:16:04 PM, Old: 600.00, New: 517.00
Wellplate Samples Changed: 19-Mar-24 1:16:04 PM, Old:, New:A1;A2;A3;A4;A5;A6;A7;A8;A9;A10;A11;A12;B1;B2;B3;B4;B5;B6;B7;B8;B9;B10;B11;B12;C1;C2;C3;C4;C5;C6;C7;C8;C9;C10;C11;C12;
PMT Volts Changed: 19-Mar-24 1:17:47 PM, Old:600, New:800
Scan Control Changed: 19-Mar-24 1:17:47 PM, Old:Medium, New:Manual
Emission PMT (V): Changed: 19-Mar-24 1:17:47 PM, Old: 600, New: 800
Emission Wavelength Changed: 19-Mar-24 1:17:47 PM, Old: 517.00, New: 510.00
Stop Wavelength Changed: 19-Mar-24 1:17:47 PM, Old: 517.00, New: 525.00
PMT Volts Changed: 19-Mar-24 1:20:27 PM, Old:800, New:900
Emission PMT (V): Changed: 19-Mar-24 1:20:27 PM, Old: 800, New: 900
End Method Modifications

Sample A7,
Sample A7
Collection Time: 19-Mar-24 1:21:27 PM
Operator Name  :
Scan Software Version: 1.2(147)
Parameter List :
Instrument                        Cary Eclipse
Instrument Serial Number          MY18160001
Data mode                         Fluorescence
Scan mode                         Emission
X Mode                            Wavelength (nm)
Start (nm)                        510.00
Stop (nm)                         525.00
Ex. Wavelength (nm)               493.00
Ex. Slit (nm)                     5
Em. Slit (nm)                     5
Scan rate (nm/min)                600.00
Data interval (nm)                1.0000
Averaging Time (s)                0.1000
Excitation filter                 Auto
Emission filter                   Open
PMT voltage (V)                   900
Corrected spectra                 OFF
Wellplate                         ON
Plate format                     96 Wells
Read position                    Well centre
Multi-zero                       OFF
Auto-zero                        OFF
Well                            A1
Method Log     :
Method Name    : Default
Date/Time stamp: 19-Mar-24 1:13:41 PM
Method Modifications:
Well plate reader Changed: 19-Mar-24 1:16:04 PM, Old:OFF, New:ON
User Delta Stop Changed: 19-Mar-24 1:16:04 PM, Old: 450.00, New: 493.00
User Delta Increment Changed: 19-Mar-24 1:16:04 PM, Old:  10.00, New:   0.15
Excitation Wavelength Changed: 19-Mar-24 1:16:04 PM, Old: 350.00, New: 493.00
Emission Wavelength Changed: 19-Mar-24 1:16:04 PM, Old: 400.00, New: 517.00
Stop Wavelength Changed: 19-Mar-24 1:16:04 PM, Old: 600.00, New: 517.00
Wellplate Samples Changed: 19-Mar-24 1:16:04 PM, Old:, New:A1;A2;A3;A4;A5;A6;A7;A8;A9;A10;A11;A12;B1;B2;B3;B4;B5;B6;B7;B8;B9;B10;B11;B12;C1;C2;C3;C4;C5;C6;C7;C8;C9;C10;C11;C12;
PMT Volts Changed: 19-Mar-24 1:17:47 PM, Old:600, New:800
Scan Control Changed: 19-Mar-24 1:17:47 PM, Old:Medium, New:Manual
Emission PMT (V): Changed: 19-Mar-24 1:17:47 PM, Old: 600, New: 800
Emission Wavelength Changed: 19-Mar-24 1:17:47 PM, Old: 517.00, New: 510.00
Stop Wavelength Changed: 19-Mar-24 1:17:47 PM, Old: 517.00, New: 525.00
PMT Volts Changed: 19-Mar-24 1:20:27 PM, Old:800, New:900
Emission PMT (V): Changed: 19-Mar-24 1:20:27 PM, Old: 800, New: 900
End Method Modifications

Sample A8,
Sample A8
Collection Time: 19-Mar-24 1:21:30 PM
Operator Name  :
Scan Software Version: 1.2(147)
Parameter List :
Instrument                        Cary Eclipse
Instrument Serial Number          MY18160001
Data mode                         Fluorescence
Scan mode                         Emission
X Mode                            Wavelength (nm)
Start (nm)                        510.00
Stop (nm)                         525.00
Ex. Wavelength (nm)               493.00
Ex. Slit (nm)                     5
Em. Slit (nm)                     5
Scan rate (nm/min)                600.00
Data interval (nm)                1.0000
Averaging Time (s)                0.1000
Excitation filter                 Auto
Emission filter                   Open
PMT voltage (V)                   900
Corrected spectra                 OFF
Wellplate                         ON
Plate format                     96 Wells
Read position                    Well centre
Multi-zero                       OFF
Auto-zero                        OFF
Well                            A1
Method Log     :
Method Name    : Default
Date/Time stamp: 19-Mar-24 1:13:41 PM
Method Modifications:
Well plate reader Changed: 19-Mar-24 1:16:04 PM, Old:OFF, New:ON
User Delta Stop Changed: 19-Mar-24 1:16:04 PM, Old: 450.00, New: 493.00
User Delta Increment Changed: 19-Mar-24 1:16:04 PM, Old:  10.00, New:   0.15
Excitation Wavelength Changed: 19-Mar-24 1:16:04 PM, Old: 350.00, New: 493.00
Emission Wavelength Changed: 19-Mar-24 1:16:04 PM, Old: 400.00, New: 517.00
Stop Wavelength Changed: 19-Mar-24 1:16:04 PM, Old: 600.00, New: 517.00
Wellplate Samples Changed: 19-Mar-24 1:16:04 PM, Old:, New:A1;A2;A3;A4;A5;A6;A7;A8;A9;A10;A11;A12;B1;B2;B3;B4;B5;B6;B7;B8;B9;B10;B11;B12;C1;C2;C3;C4;C5;C6;C7;C8;C9;C10;C11;C12;
PMT Volts Changed: 19-Mar-24 1:17:47 PM, Old:600, New:800
Scan Control Changed: 19-Mar-24 1:17:47 PM, Old:Medium, New:Manual
Emission PMT (V): Changed: 19-Mar-24 1:17:47 PM, Old: 600, New: 800
Emission Wavelength Changed: 19-Mar-24 1:17:47 PM, Old: 517.00, New: 510.00
Stop Wavelength Changed: 19-Mar-24 1:17:47 PM, Old: 517.00, New: 525.00
PMT Volts Changed: 19-Mar-24 1:20:27 PM, Old:800, New:900
Emission PMT (V): Changed: 19-Mar-24 1:20:27 PM, Old: 800, New: 900
End Method Modifications

Sample A9,
Sample A9
Collection Time: 19-Mar-24 1:21:33 PM
Operator Name  :
Scan Software Version: 1.2(147)
Parameter List :
Instrument                        Cary Eclipse
Instrument Serial Number          MY18160001
Data mode                         Fluorescence
Scan mode                         Emission
X Mode                            Wavelength (nm)
Start (nm)                        510.00
Stop (nm)                         525.00
Ex. Wavelength (nm)               493.00
Ex. Slit (nm)                     5
Em. Slit (nm)                     5
Scan rate (nm/min)                600.00
Data interval (nm)                1.0000
Averaging Time (s)                0.1000
Excitation filter                 Auto
Emission filter                   Open
PMT voltage (V)                   900
Corrected spectra                 OFF
Wellplate                         ON
Plate format                     96 Wells
Read position                    Well centre
Multi-zero                       OFF
Auto-zero                        OFF
Well                            A1
Method Log     :
Method Name    : Default
Date/Time stamp: 19-Mar-24 1:13:41 PM
Method Modifications:
Well plate reader Changed: 19-Mar-24 1:16:04 PM, Old:OFF, New:ON
User Delta Stop Changed: 19-Mar-24 1:16:04 PM, Old: 450.00, New: 493.00
User Delta Increment Changed: 19-Mar-24 1:16:04 PM, Old:  10.00, New:   0.15
Excitation Wavelength Changed: 19-Mar-24 1:16:04 PM, Old: 350.00, New: 493.00
Emission Wavelength Changed: 19-Mar-24 1:16:04 PM, Old: 400.00, New: 517.00
Stop Wavelength Changed: 19-Mar-24 1:16:04 PM, Old: 600.00, New: 517.00
Wellplate Samples Changed: 19-Mar-24 1:16:04 PM, Old:, New:A1;A2;A3;A4;A5;A6;A7;A8;A9;A10;A11;A12;B1;B2;B3;B4;B5;B6;B7;B8;B9;B10;B11;B12;C1;C2;C3;C4;C5;C6;C7;C8;C9;C10;C11;C12;
PMT Volts Changed: 19-Mar-24 1:17:47 PM, Old:600, New:800
Scan Control Changed: 19-Mar-24 1:17:47 PM, Old:Medium, New:Manual
Emission PMT (V): Changed: 19-Mar-24 1:17:47 PM, Old: 600, New: 800
Emission Wavelength Changed: 19-Mar-24 1:17:47 PM, Old: 517.00, New: 510.00
Stop Wavelength Changed: 19-Mar-24 1:17:47 PM, Old: 517.00, New: 525.00
PMT Volts Changed: 19-Mar-24 1:20:27 PM, Old:800, New:900
Emission PMT (V): Changed: 19-Mar-24 1:20:27 PM, Old: 800, New: 900
End Method Modifications

Sample A10,
Sample A10
Collection Time: 19-Mar-24 1:21:35 PM
Operator Name  :
Scan Software Version: 1.2(147)
Parameter List :
Instrument                        Cary Eclipse
Instrument Serial Number          MY18160001
Data mode                         Fluorescence
Scan mode                         Emission
X Mode                            Wavelength (nm)
Start (nm)                        510.00
Stop (nm)                         525.00
Ex. Wavelength (nm)               493.00
Ex. Slit (nm)                     5
Em. Slit (nm)                     5
Scan rate (nm/min)                600.00
Data interval (nm)                1.0000
Averaging Time (s)                0.1000
Excitation filter                 Auto
Emission filter                   Open
PMT voltage (V)                   900
Corrected spectra                 OFF
Wellplate                         ON
Plate format                     96 Wells
Read position                    Well centre
Multi-zero                       OFF
Auto-zero                        OFF
Well                            A1
Method Log     :
Method Name    : Default
Date/Time stamp: 19-Mar-24 1:13:41 PM
Method Modifications:
Well plate reader Changed: 19-Mar-24 1:16:04 PM, Old:OFF, New:ON
User Delta Stop Changed: 19-Mar-24 1:16:04 PM, Old: 450.00, New: 493.00
User Delta Increment Changed: 19-Mar-24 1:16:04 PM, Old:  10.00, New:   0.15
Excitation Wavelength Changed: 19-Mar-24 1:16:04 PM, Old: 350.00, New: 493.00
Emission Wavelength Changed: 19-Mar-24 1:16:04 PM, Old: 400.00, New: 517.00
Stop Wavelength Changed: 19-Mar-24 1:16:04 PM, Old: 600.00, New: 517.00
Wellplate Samples Changed: 19-Mar-24 1:16:04 PM, Old:, New:A1;A2;A3;A4;A5;A6;A7;A8;A9;A10;A11;A12;B1;B2;B3;B4;B5;B6;B7;B8;B9;B10;B11;B12;C1;C2;C3;C4;C5;C6;C7;C8;C9;C10;C11;C12;
PMT Volts Changed: 19-Mar-24 1:17:47 PM, Old:600, New:800
Scan Control Changed: 19-Mar-24 1:17:47 PM, Old:Medium, New:Manual
Emission PMT (V): Changed: 19-Mar-24 1:17:47 PM, Old: 600, New: 800
Emission Wavelength Changed: 19-Mar-24 1:17:47 PM, Old: 517.00, New: 510.00
Stop Wavelength Changed: 19-Mar-24 1:17:47 PM, Old: 517.00, New: 525.00
PMT Volts Changed: 19-Mar-24 1:20:27 PM, Old:800, New:900
Emission PMT (V): Changed: 19-Mar-24 1:20:27 PM, Old: 800, New: 900
End Method Modifications

Sample A11,
Sample A11
Collection Time: 19-Mar-24 1:21:38 PM
Operator Name  :
Scan Software Version: 1.2(147)
Parameter List :
Instrument                        Cary Eclipse
Instrument Serial Number          MY18160001
Data mode                         Fluorescence
Scan mode                         Emission
X Mode                            Wavelength (nm)
Start (nm)                        510.00
Stop (nm)                         525.00
Ex. Wavelength (nm)               493.00
Ex. Slit (nm)                     5
Em. Slit (nm)                     5
Scan rate (nm/min)                600.00
Data interval (nm)                1.0000
Averaging Time (s)                0.1000
Excitation filter                 Auto
Emission filter                   Open
PMT voltage (V)                   900
Corrected spectra                 OFF
Wellplate                         ON
Plate format                     96 Wells
Read position                    Well centre
Multi-zero                       OFF
Auto-zero                        OFF
Well                            A1
Method Log     :
Method Name    : Default
Date/Time stamp: 19-Mar-24 1:13:41 PM
Method Modifications:
Well plate reader Changed: 19-Mar-24 1:16:04 PM, Old:OFF, New:ON
User Delta Stop Changed: 19-Mar-24 1:16:04 PM, Old: 450.00, New: 493.00
User Delta Increment Changed: 19-Mar-24 1:16:04 PM, Old:  10.00, New:   0.15
Excitation Wavelength Changed: 19-Mar-24 1:16:04 PM, Old: 350.00, New: 493.00
Emission Wavelength Changed: 19-Mar-24 1:16:04 PM, Old: 400.00, New: 517.00
Stop Wavelength Changed: 19-Mar-24 1:16:04 PM, Old: 600.00, New: 517.00
Wellplate Samples Changed: 19-Mar-24 1:16:04 PM, Old:, New:A1;A2;A3;A4;A5;A6;A7;A8;A9;A10;A11;A12;B1;B2;B3;B4;B5;B6;B7;B8;B9;B10;B11;B12;C1;C2;C3;C4;C5;C6;C7;C8;C9;C10;C11;C12;
PMT Volts Changed: 19-Mar-24 1:17:47 PM, Old:600, New:800
Scan Control Changed: 19-Mar-24 1:17:47 PM, Old:Medium, New:Manual
Emission PMT (V): Changed: 19-Mar-24 1:17:47 PM, Old: 600, New: 800
Emission Wavelength Changed: 19-Mar-24 1:17:47 PM, Old: 517.00, New: 510.00
Stop Wavelength Changed: 19-Mar-24 1:17:47 PM, Old: 517.00, New: 525.00
PMT Volts Changed: 19-Mar-24 1:20:27 PM, Old:800, New:900
Emission PMT (V): Changed: 19-Mar-24 1:20:27 PM, Old: 800, New: 900
End Method Modifications

Sample A12,
Sample A12
Collection Time: 19-Mar-24 1:21:41 PM
Operator Name  :
Scan Software Version: 1.2(147)
Parameter List :
Instrument                        Cary Eclipse
Instrument Serial Number          MY18160001
Data mode                         Fluorescence
Scan mode                         Emission
X Mode                            Wavelength (nm)
Start (nm)                        510.00
Stop (nm)                         525.00
Ex. Wavelength (nm)               493.00
Ex. Slit (nm)                     5
Em. Slit (nm)                     5
Scan rate (nm/min)                600.00
Data interval (nm)                1.0000
Averaging Time (s)                0.1000
Excitation filter                 Auto
Emission filter                   Open
PMT voltage (V)                   900
Corrected spectra                 OFF
Wellplate                         ON
Plate format                     96 Wells
Read position                    Well centre
Multi-zero                       OFF
Auto-zero                        OFF
Well                            A1
Method Log     :
Method Name    : Default
Date/Time stamp: 19-Mar-24 1:13:41 PM
Method Modifications:
Well plate reader Changed: 19-Mar-24 1:16:04 PM, Old:OFF, New:ON
User Delta Stop Changed: 19-Mar-24 1:16:04 PM, Old: 450.00, New: 493.00
User Delta Increment Changed: 19-Mar-24 1:16:04 PM, Old:  10.00, New:   0.15
Excitation Wavelength Changed: 19-Mar-24 1:16:04 PM, Old: 350.00, New: 493.00
Emission Wavelength Changed: 19-Mar-24 1:16:04 PM, Old: 400.00, New: 517.00
Stop Wavelength Changed: 19-Mar-24 1:16:04 PM, Old: 600.00, New: 517.00
Wellplate Samples Changed: 19-Mar-24 1:16:04 PM, Old:, New:A1;A2;A3;A4;A5;A6;A7;A8;A9;A10;A11;A12;B1;B2;B3;B4;B5;B6;B7;B8;B9;B10;B11;B12;C1;C2;C3;C4;C5;C6;C7;C8;C9;C10;C11;C12;
PMT Volts Changed: 19-Mar-24 1:17:47 PM, Old:600, New:800
Scan Control Changed: 19-Mar-24 1:17:47 PM, Old:Medium, New:Manual
Emission PMT (V): Changed: 19-Mar-24 1:17:47 PM, Old: 600, New: 800
Emission Wavelength Changed: 19-Mar-24 1:17:47 PM, Old: 517.00, New: 510.00
Stop Wavelength Changed: 19-Mar-24 1:17:47 PM, Old: 517.00, New: 525.00
PMT Volts Changed: 19-Mar-24 1:20:27 PM, Old:800, New:900
Emission PMT (V): Changed: 19-Mar-24 1:20:27 PM, Old: 800, New: 900
End Method Modifications

Sample B12,
Sample B12
Collection Time: 19-Mar-24 1:21:43 PM
Operator Name  :
Scan Software Version: 1.2(147)
Parameter List :
Instrument                        Cary Eclipse
Instrument Serial Number          MY18160001
Data mode                         Fluorescence
Scan mode                         Emission
X Mode                            Wavelength (nm)
Start (nm)                        510.00
Stop (nm)                         525.00
Ex. Wavelength (nm)               493.00
Ex. Slit (nm)                     5
Em. Slit (nm)                     5
Scan rate (nm/min)                600.00
Data interval (nm)                1.0000
Averaging Time (s)                0.1000
Excitation filter                 Auto
Emission filter                   Open
PMT voltage (V)                   900
Corrected spectra                 OFF
Wellplate                         ON
Plate format                     96 Wells
Read position                    Well centre
Multi-zero                       OFF
Auto-zero                        OFF
Well                            A1
Method Log     :
Method Name    : Default
Date/Time stamp: 19-Mar-24 1:13:41 PM
Method Modifications:
Well plate reader Changed: 19-Mar-24 1:16:04 PM, Old:OFF, New:ON
User Delta Stop Changed: 19-Mar-24 1:16:04 PM, Old: 450.00, New: 493.00
User Delta Increment Changed: 19-Mar-24 1:16:04 PM, Old:  10.00, New:   0.15
Excitation Wavelength Changed: 19-Mar-24 1:16:04 PM, Old: 350.00, New: 493.00
Emission Wavelength Changed: 19-Mar-24 1:16:04 PM, Old: 400.00, New: 517.00
Stop Wavelength Changed: 19-Mar-24 1:16:04 PM, Old: 600.00, New: 517.00
Wellplate Samples Changed: 19-Mar-24 1:16:04 PM, Old:, New:A1;A2;A3;A4;A5;A6;A7;A8;A9;A10;A11;A12;B1;B2;B3;B4;B5;B6;B7;B8;B9;B10;B11;B12;C1;C2;C3;C4;C5;C6;C7;C8;C9;C10;C11;C12;
PMT Volts Changed: 19-Mar-24 1:17:47 PM, Old:600, New:800
Scan Control Changed: 19-Mar-24 1:17:47 PM, Old:Medium, New:Manual
Emission PMT (V): Changed: 19-Mar-24 1:17:47 PM, Old: 600, New: 800
Emission Wavelength Changed: 19-Mar-24 1:17:47 PM, Old: 517.00, New: 510.00
Stop Wavelength Changed: 19-Mar-24 1:17:47 PM, Old: 517.00, New: 525.00
PMT Volts Changed: 19-Mar-24 1:20:27 PM, Old:800, New:900
Emission PMT (V): Changed: 19-Mar-24 1:20:27 PM, Old: 800, New: 900
End Method Modifications

Sample B11,
Sample B11
Collection Time: 19-Mar-24 1:21:46 PM
Operator Name  :
Scan Software Version: 1.2(147)
Parameter List :
Instrument                        Cary Eclipse
Instrument Serial Number          MY18160001
Data mode                         Fluorescence
Scan mode                         Emission
X Mode                            Wavelength (nm)
Start (nm)                        510.00
Stop (nm)                         525.00
Ex. Wavelength (nm)               493.00
Ex. Slit (nm)                     5
Em. Slit (nm)                     5
Scan rate (nm/min)                600.00
Data interval (nm)                1.0000
Averaging Time (s)                0.1000
Excitation filter                 Auto
Emission filter                   Open
PMT voltage (V)                   900
Corrected spectra                 OFF
Wellplate                         ON
Plate format                     96 Wells
Read position                    Well centre
Multi-zero                       OFF
Auto-zero                        OFF
Well                            A1
Method Log     :
Method Name    : Default
Date/Time stamp: 19-Mar-24 1:13:41 PM
Method Modifications:
Well plate reader Changed: 19-Mar-24 1:16:04 PM, Old:OFF, New:ON
User Delta Stop Changed: 19-Mar-24 1:16:04 PM, Old: 450.00, New: 493.00
User Delta Increment Changed: 19-Mar-24 1:16:04 PM, Old:  10.00, New:   0.15
Excitation Wavelength Changed: 19-Mar-24 1:16:04 PM, Old: 350.00, New: 493.00
Emission Wavelength Changed: 19-Mar-24 1:16:04 PM, Old: 400.00, New: 517.00
Stop Wavelength Changed: 19-Mar-24 1:16:04 PM, Old: 600.00, New: 517.00
Wellplate Samples Changed: 19-Mar-24 1:16:04 PM, Old:, New:A1;A2;A3;A4;A5;A6;A7;A8;A9;A10;A11;A12;B1;B2;B3;B4;B5;B6;B7;B8;B9;B10;B11;B12;C1;C2;C3;C4;C5;C6;C7;C8;C9;C10;C11;C12;
PMT Volts Changed: 19-Mar-24 1:17:47 PM, Old:600, New:800
Scan Control Changed: 19-Mar-24 1:17:47 PM, Old:Medium, New:Manual
Emission PMT (V): Changed: 19-Mar-24 1:17:47 PM, Old: 600, New: 800
Emission Wavelength Changed: 19-Mar-24 1:17:47 PM, Old: 517.00, New: 510.00
Stop Wavelength Changed: 19-Mar-24 1:17:47 PM, Old: 517.00, New: 525.00
PMT Volts Changed: 19-Mar-24 1:20:27 PM, Old:800, New:900
Emission PMT (V): Changed: 19-Mar-24 1:20:27 PM, Old: 800, New: 900
End Method Modifications

Sample B10,
Sample B10
Collection Time: 19-Mar-24 1:21:49 PM
Operator Name  :
Scan Software Version: 1.2(147)
Parameter List :
Instrument                        Cary Eclipse
Instrument Serial Number          MY18160001
Data mode                         Fluorescence
Scan mode                         Emission
X Mode                            Wavelength (nm)
Start (nm)                        510.00
Stop (nm)                         525.00
Ex. Wavelength (nm)               493.00
Ex. Slit (nm)                     5
Em. Slit (nm)                     5
Scan rate (nm/min)                600.00
Data interval (nm)                1.0000
Averaging Time (s)                0.1000
Excitation filter                 Auto
Emission filter                   Open
PMT voltage (V)                   900
Corrected spectra                 OFF
Wellplate                         ON
Plate format                     96 Wells
Read position                    Well centre
Multi-zero                       OFF
Auto-zero                        OFF
Well                            A1
Method Log     :
Method Name    : Default
Date/Time stamp: 19-Mar-24 1:13:41 PM
Method Modifications:
Well plate reader Changed: 19-Mar-24 1:16:04 PM, Old:OFF, New:ON
User Delta Stop Changed: 19-Mar-24 1:16:04 PM, Old: 450.00, New: 493.00
User Delta Increment Changed: 19-Mar-24 1:16:04 PM, Old:  10.00, New:   0.15
Excitation Wavelength Changed: 19-Mar-24 1:16:04 PM, Old: 350.00, New: 493.00
Emission Wavelength Changed: 19-Mar-24 1:16:04 PM, Old: 400.00, New: 517.00
Stop Wavelength Changed: 19-Mar-24 1:16:04 PM, Old: 600.00, New: 517.00
Wellplate Samples Changed: 19-Mar-24 1:16:04 PM, Old:, New:A1;A2;A3;A4;A5;A6;A7;A8;A9;A10;A11;A12;B1;B2;B3;B4;B5;B6;B7;B8;B9;B10;B11;B12;C1;C2;C3;C4;C5;C6;C7;C8;C9;C10;C11;C12;
PMT Volts Changed: 19-Mar-24 1:17:47 PM, Old:600, New:800
Scan Control Changed: 19-Mar-24 1:17:47 PM, Old:Medium, New:Manual
Emission PMT (V): Changed: 19-Mar-24 1:17:47 PM, Old: 600, New: 800
Emission Wavelength Changed: 19-Mar-24 1:17:47 PM, Old: 517.00, New: 510.00
Stop Wavelength Changed: 19-Mar-24 1:17:47 PM, Old: 517.00, New: 525.00
PMT Volts Changed: 19-Mar-24 1:20:27 PM, Old:800, New:900
Emission PMT (V): Changed: 19-Mar-24 1:20:27 PM, Old: 800, New: 900
End Method Modifications

Sample B9,
Sample B9
Collection Time: 19-Mar-24 1:21:52 PM
Operator Name  :
Scan Software Version: 1.2(147)
Parameter List :
Instrument                        Cary Eclipse
Instrument Serial Number          MY18160001
Data mode                         Fluorescence
Scan mode                         Emission
X Mode                            Wavelength (nm)
Start (nm)                        510.00
Stop (nm)                         525.00
Ex. Wavelength (nm)               493.00
Ex. Slit (nm)                     5
Em. Slit (nm)                     5
Scan rate (nm/min)                600.00
Data interval (nm)                1.0000
Averaging Time (s)                0.1000
Excitation filter                 Auto
Emission filter                   Open
PMT voltage (V)                   900
Corrected spectra                 OFF
Wellplate                         ON
Plate format                     96 Wells
Read position                    Well centre
Multi-zero                       OFF
Auto-zero                        OFF
Well                            A1
Method Log     :
Method Name    : Default
Date/Time stamp: 19-Mar-24 1:13:41 PM
Method Modifications:
Well plate reader Changed: 19-Mar-24 1:16:04 PM, Old:OFF, New:ON
User Delta Stop Changed: 19-Mar-24 1:16:04 PM, Old: 450.00, New: 493.00
User Delta Increment Changed: 19-Mar-24 1:16:04 PM, Old:  10.00, New:   0.15
Excitation Wavelength Changed: 19-Mar-24 1:16:04 PM, Old: 350.00, New: 493.00
Emission Wavelength Changed: 19-Mar-24 1:16:04 PM, Old: 400.00, New: 517.00
Stop Wavelength Changed: 19-Mar-24 1:16:04 PM, Old: 600.00, New: 517.00
Wellplate Samples Changed: 19-Mar-24 1:16:04 PM, Old:, New:A1;A2;A3;A4;A5;A6;A7;A8;A9;A10;A11;A12;B1;B2;B3;B4;B5;B6;B7;B8;B9;B10;B11;B12;C1;C2;C3;C4;C5;C6;C7;C8;C9;C10;C11;C12;
PMT Volts Changed: 19-Mar-24 1:17:47 PM, Old:600, New:800
Scan Control Changed: 19-Mar-24 1:17:47 PM, Old:Medium, New:Manual
Emission PMT (V): Changed: 19-Mar-24 1:17:47 PM, Old: 600, New: 800
Emission Wavelength Changed: 19-Mar-24 1:17:47 PM, Old: 517.00, New: 510.00
Stop Wavelength Changed: 19-Mar-24 1:17:47 PM, Old: 517.00, New: 525.00
PMT Volts Changed: 19-Mar-24 1:20:27 PM, Old:800, New:900
Emission PMT (V): Changed: 19-Mar-24 1:20:27 PM, Old: 800, New: 900
End Method Modifications

Sample B8,
Sample B8
Collection Time: 19-Mar-24 1:21:55 PM
Operator Name  :
Scan Software Version: 1.2(147)
Parameter List :
Instrument                        Cary Eclipse
Instrument Serial Number          MY18160001
Data mode                         Fluorescence
Scan mode                         Emission
X Mode                            Wavelength (nm)
Start (nm)                        510.00
Stop (nm)                         525.00
Ex. Wavelength (nm)               493.00
Ex. Slit (nm)                     5
Em. Slit (nm)                     5
Scan rate (nm/min)                600.00
Data interval (nm)                1.0000
Averaging Time (s)                0.1000
Excitation filter                 Auto
Emission filter                   Open
PMT voltage (V)                   900
Corrected spectra                 OFF
Wellplate                         ON
Plate format                     96 Wells
Read position                    Well centre
Multi-zero                       OFF
Auto-zero                        OFF
Well                            A1
Method Log     :
Method Name    : Default
Date/Time stamp: 19-Mar-24 1:13:41 PM
Method Modifications:
Well plate reader Changed: 19-Mar-24 1:16:04 PM, Old:OFF, New:ON
User Delta Stop Changed: 19-Mar-24 1:16:04 PM, Old: 450.00, New: 493.00
User Delta Increment Changed: 19-Mar-24 1:16:04 PM, Old:  10.00, New:   0.15
Excitation Wavelength Changed: 19-Mar-24 1:16:04 PM, Old: 350.00, New: 493.00
Emission Wavelength Changed: 19-Mar-24 1:16:04 PM, Old: 400.00, New: 517.00
Stop Wavelength Changed: 19-Mar-24 1:16:04 PM, Old: 600.00, New: 517.00
Wellplate Samples Changed: 19-Mar-24 1:16:04 PM, Old:, New:A1;A2;A3;A4;A5;A6;A7;A8;A9;A10;A11;A12;B1;B2;B3;B4;B5;B6;B7;B8;B9;B10;B11;B12;C1;C2;C3;C4;C5;C6;C7;C8;C9;C10;C11;C12;
PMT Volts Changed: 19-Mar-24 1:17:47 PM, Old:600, New:800
Scan Control Changed: 19-Mar-24 1:17:47 PM, Old:Medium, New:Manual
Emission PMT (V): Changed: 19-Mar-24 1:17:47 PM, Old: 600, New: 800
Emission Wavelength Changed: 19-Mar-24 1:17:47 PM, Old: 517.00, New: 510.00
Stop Wavelength Changed: 19-Mar-24 1:17:47 PM, Old: 517.00, New: 525.00
PMT Volts Changed: 19-Mar-24 1:20:27 PM, Old:800, New:900
Emission PMT (V): Changed: 19-Mar-24 1:20:27 PM, Old: 800, New: 900
End Method Modifications

Sample B7,
Sample B7
Collection Time: 19-Mar-24 1:21:57 PM
Operator Name  :
Scan Software Version: 1.2(147)
Parameter List :
Instrument                        Cary Eclipse
Instrument Serial Number          MY18160001
Data mode                         Fluorescence
Scan mode                         Emission
X Mode                            Wavelength (nm)
Start (nm)                        510.00
Stop (nm)                         525.00
Ex. Wavelength (nm)               493.00
Ex. Slit (nm)                     5
Em. Slit (nm)                     5
Scan rate (nm/min)                600.00
Data interval (nm)                1.0000
Averaging Time (s)                0.1000
Excitation filter                 Auto
Emission filter                   Open
PMT voltage (V)                   900
Corrected spectra                 OFF
Wellplate                         ON
Plate format                     96 Wells
Read position                    Well centre
Multi-zero                       OFF
Auto-zero                        OFF
Well                            A1
Method Log     :
Method Name    : Default
Date/Time stamp: 19-Mar-24 1:13:41 PM
Method Modifications:
Well plate reader Changed: 19-Mar-24 1:16:04 PM, Old:OFF, New:ON
User Delta Stop Changed: 19-Mar-24 1:16:04 PM, Old: 450.00, New: 493.00
User Delta Increment Changed: 19-Mar-24 1:16:04 PM, Old:  10.00, New:   0.15
Excitation Wavelength Changed: 19-Mar-24 1:16:04 PM, Old: 350.00, New: 493.00
Emission Wavelength Changed: 19-Mar-24 1:16:04 PM, Old: 400.00, New: 517.00
Stop Wavelength Changed: 19-Mar-24 1:16:04 PM, Old: 600.00, New: 517.00
Wellplate Samples Changed: 19-Mar-24 1:16:04 PM, Old:, New:A1;A2;A3;A4;A5;A6;A7;A8;A9;A10;A11;A12;B1;B2;B3;B4;B5;B6;B7;B8;B9;B10;B11;B12;C1;C2;C3;C4;C5;C6;C7;C8;C9;C10;C11;C12;
PMT Volts Changed: 19-Mar-24 1:17:47 PM, Old:600, New:800
Scan Control Changed: 19-Mar-24 1:17:47 PM, Old:Medium, New:Manual
Emission PMT (V): Changed: 19-Mar-24 1:17:47 PM, Old: 600, New: 800
Emission Wavelength Changed: 19-Mar-24 1:17:47 PM, Old: 517.00, New: 510.00
Stop Wavelength Changed: 19-Mar-24 1:17:47 PM, Old: 517.00, New: 525.00
PMT Volts Changed: 19-Mar-24 1:20:27 PM, Old:800, New:900
Emission PMT (V): Changed: 19-Mar-24 1:20:27 PM, Old: 800, New: 900
End Method Modifications

Sample B6,
Sample B6
Collection Time: 19-Mar-24 1:22:00 PM
Operator Name  :
Scan Software Version: 1.2(147)
Parameter List :
Instrument                        Cary Eclipse
Instrument Serial Number          MY18160001
Data mode                         Fluorescence
Scan mode                         Emission
X Mode                            Wavelength (nm)
Start (nm)                        510.00
Stop (nm)                         525.00
Ex. Wavelength (nm)               493.00
Ex. Slit (nm)                     5
Em. Slit (nm)                     5
Scan rate (nm/min)                600.00
Data interval (nm)                1.0000
Averaging Time (s)                0.1000
Excitation filter                 Auto
Emission filter                   Open
PMT voltage (V)                   900
Corrected spectra                 OFF
Wellplate                         ON
Plate format                     96 Wells
Read position                    Well centre
Multi-zero                       OFF
Auto-zero                        OFF
Well                            A1
Method Log     :
Method Name    : Default
Date/Time stamp: 19-Mar-24 1:13:41 PM
Method Modifications:
Well plate reader Changed: 19-Mar-24 1:16:04 PM, Old:OFF, New:ON
User Delta Stop Changed: 19-Mar-24 1:16:04 PM, Old: 450.00, New: 493.00
User Delta Increment Changed: 19-Mar-24 1:16:04 PM, Old:  10.00, New:   0.15
Excitation Wavelength Changed: 19-Mar-24 1:16:04 PM, Old: 350.00, New: 493.00
Emission Wavelength Changed: 19-Mar-24 1:16:04 PM, Old: 400.00, New: 517.00
Stop Wavelength Changed: 19-Mar-24 1:16:04 PM, Old: 600.00, New: 517.00
Wellplate Samples Changed: 19-Mar-24 1:16:04 PM, Old:, New:A1;A2;A3;A4;A5;A6;A7;A8;A9;A10;A11;A12;B1;B2;B3;B4;B5;B6;B7;B8;B9;B10;B11;B12;C1;C2;C3;C4;C5;C6;C7;C8;C9;C10;C11;C12;
PMT Volts Changed: 19-Mar-24 1:17:47 PM, Old:600, New:800
Scan Control Changed: 19-Mar-24 1:17:47 PM, Old:Medium, New:Manual
Emission PMT (V): Changed: 19-Mar-24 1:17:47 PM, Old: 600, New: 800
Emission Wavelength Changed: 19-Mar-24 1:17:47 PM, Old: 517.00, New: 510.00
Stop Wavelength Changed: 19-Mar-24 1:17:47 PM, Old: 517.00, New: 525.00
PMT Volts Changed: 19-Mar-24 1:20:27 PM, Old:800, New:900
Emission PMT (V): Changed: 19-Mar-24 1:20:27 PM, Old: 800, New: 900
End Method Modifications

Sample B5,
Sample B5
Collection Time: 19-Mar-24 1:22:03 PM
Operator Name  :
Scan Software Version: 1.2(147)
Parameter List :
Instrument                        Cary Eclipse
Instrument Serial Number          MY18160001
Data mode                         Fluorescence
Scan mode                         Emission
X Mode                            Wavelength (nm)
Start (nm)                        510.00
Stop (nm)                         525.00
Ex. Wavelength (nm)               493.00
Ex. Slit (nm)                     5
Em. Slit (nm)                     5
Scan rate (nm/min)                600.00
Data interval (nm)                1.0000
Averaging Time (s)                0.1000
Excitation filter                 Auto
Emission filter                   Open
PMT voltage (V)                   900
Corrected spectra                 OFF
Wellplate                         ON
Plate format                     96 Wells
Read position                    Well centre
Multi-zero                       OFF
Auto-zero                        OFF
Well                            A1
Method Log     :
Method Name    : Default
Date/Time stamp: 19-Mar-24 1:13:41 PM
Method Modifications:
Well plate reader Changed: 19-Mar-24 1:16:04 PM, Old:OFF, New:ON
User Delta Stop Changed: 19-Mar-24 1:16:04 PM, Old: 450.00, New: 493.00
User Delta Increment Changed: 19-Mar-24 1:16:04 PM, Old:  10.00, New:   0.15
Excitation Wavelength Changed: 19-Mar-24 1:16:04 PM, Old: 350.00, New: 493.00
Emission Wavelength Changed: 19-Mar-24 1:16:04 PM, Old: 400.00, New: 517.00
Stop Wavelength Changed: 19-Mar-24 1:16:04 PM, Old: 600.00, New: 517.00
Wellplate Samples Changed: 19-Mar-24 1:16:04 PM, Old:, New:A1;A2;A3;A4;A5;A6;A7;A8;A9;A10;A11;A12;B1;B2;B3;B4;B5;B6;B7;B8;B9;B10;B11;B12;C1;C2;C3;C4;C5;C6;C7;C8;C9;C10;C11;C12;
PMT Volts Changed: 19-Mar-24 1:17:47 PM, Old:600, New:800
Scan Control Changed: 19-Mar-24 1:17:47 PM, Old:Medium, New:Manual
Emission PMT (V): Changed: 19-Mar-24 1:17:47 PM, Old: 600, New: 800
Emission Wavelength Changed: 19-Mar-24 1:17:47 PM, Old: 517.00, New: 510.00
Stop Wavelength Changed: 19-Mar-24 1:17:47 PM, Old: 517.00, New: 525.00
PMT Volts Changed: 19-Mar-24 1:20:27 PM, Old:800, New:900
Emission PMT (V): Changed: 19-Mar-24 1:20:27 PM, Old: 800, New: 900
End Method Modifications

Sample B4,
Sample B4
Collection Time: 19-Mar-24 1:22:05 PM
Operator Name  :
Scan Software Version: 1.2(147)
Parameter List :
Instrument                        Cary Eclipse
Instrument Serial Number          MY18160001
Data mode                         Fluorescence
Scan mode                         Emission
X Mode                            Wavelength (nm)
Start (nm)                        510.00
Stop (nm)                         525.00
Ex. Wavelength (nm)               493.00
Ex. Slit (nm)                     5
Em. Slit (nm)                     5
Scan rate (nm/min)                600.00
Data interval (nm)                1.0000
Averaging Time (s)                0.1000
Excitation filter                 Auto
Emission filter                   Open
PMT voltage (V)                   900
Corrected spectra                 OFF
Wellplate                         ON
Plate format                     96 Wells
Read position                    Well centre
Multi-zero                       OFF
Auto-zero                        OFF
Well                            A1
Method Log     :
Method Name    : Default
Date/Time stamp: 19-Mar-24 1:13:41 PM
Method Modifications:
Well plate reader Changed: 19-Mar-24 1:16:04 PM, Old:OFF, New:ON
User Delta Stop Changed: 19-Mar-24 1:16:04 PM, Old: 450.00, New: 493.00
User Delta Increment Changed: 19-Mar-24 1:16:04 PM, Old:  10.00, New:   0.15
Excitation Wavelength Changed: 19-Mar-24 1:16:04 PM, Old: 350.00, New: 493.00
Emission Wavelength Changed: 19-Mar-24 1:16:04 PM, Old: 400.00, New: 517.00
Stop Wavelength Changed: 19-Mar-24 1:16:04 PM, Old: 600.00, New: 517.00
Wellplate Samples Changed: 19-Mar-24 1:16:04 PM, Old:, New:A1;A2;A3;A4;A5;A6;A7;A8;A9;A10;A11;A12;B1;B2;B3;B4;B5;B6;B7;B8;B9;B10;B11;B12;C1;C2;C3;C4;C5;C6;C7;C8;C9;C10;C11;C12;
PMT Volts Changed: 19-Mar-24 1:17:47 PM, Old:600, New:800
Scan Control Changed: 19-Mar-24 1:17:47 PM, Old:Medium, New:Manual
Emission PMT (V): Changed: 19-Mar-24 1:17:47 PM, Old: 600, New: 800
Emission Wavelength Changed: 19-Mar-24 1:17:47 PM, Old: 517.00, New: 510.00
Stop Wavelength Changed: 19-Mar-24 1:17:47 PM, Old: 517.00, New: 525.00
PMT Volts Changed: 19-Mar-24 1:20:27 PM, Old:800, New:900
Emission PMT (V): Changed: 19-Mar-24 1:20:27 PM, Old: 800, New: 900
End Method Modifications

Sample B3,
Sample B3
Collection Time: 19-Mar-24 1:22:08 PM
Operator Name  :
Scan Software Version: 1.2(147)
Parameter List :
Instrument                        Cary Eclipse
Instrument Serial Number          MY18160001
Data mode                         Fluorescence
Scan mode                         Emission
X Mode                            Wavelength (nm)
Start (nm)                        510.00
Stop (nm)                         525.00
Ex. Wavelength (nm)               493.00
Ex. Slit (nm)                     5
Em. Slit (nm)                     5
Scan rate (nm/min)                600.00
Data interval (nm)                1.0000
Averaging Time (s)                0.1000
Excitation filter                 Auto
Emission filter                   Open
PMT voltage (V)                   900
Corrected spectra                 OFF
Wellplate                         ON
Plate format                     96 Wells
Read position                    Well centre
Multi-zero                       OFF
Auto-zero                        OFF
Well                            A1
Method Log     :
Method Name    : Default
Date/Time stamp: 19-Mar-24 1:13:41 PM
Method Modifications:
Well plate reader Changed: 19-Mar-24 1:16:04 PM, Old:OFF, New:ON
User Delta Stop Changed: 19-Mar-24 1:16:04 PM, Old: 450.00, New: 493.00
User Delta Increment Changed: 19-Mar-24 1:16:04 PM, Old:  10.00, New:   0.15
Excitation Wavelength Changed: 19-Mar-24 1:16:04 PM, Old: 350.00, New: 493.00
Emission Wavelength Changed: 19-Mar-24 1:16:04 PM, Old: 400.00, New: 517.00
Stop Wavelength Changed: 19-Mar-24 1:16:04 PM, Old: 600.00, New: 517.00
Wellplate Samples Changed: 19-Mar-24 1:16:04 PM, Old:, New:A1;A2;A3;A4;A5;A6;A7;A8;A9;A10;A11;A12;B1;B2;B3;B4;B5;B6;B7;B8;B9;B10;B11;B12;C1;C2;C3;C4;C5;C6;C7;C8;C9;C10;C11;C12;
PMT Volts Changed: 19-Mar-24 1:17:47 PM, Old:600, New:800
Scan Control Changed: 19-Mar-24 1:17:47 PM, Old:Medium, New:Manual
Emission PMT (V): Changed: 19-Mar-24 1:17:47 PM, Old: 600, New: 800
Emission Wavelength Changed: 19-Mar-24 1:17:47 PM, Old: 517.00, New: 510.00
Stop Wavelength Changed: 19-Mar-24 1:17:47 PM, Old: 517.00, New: 525.00
PMT Volts Changed: 19-Mar-24 1:20:27 PM, Old:800, New:900
Emission PMT (V): Changed: 19-Mar-24 1:20:27 PM, Old: 800, New: 900
End Method Modifications

Sample B2,
Sample B2
Collection Time: 19-Mar-24 1:22:11 PM
Operator Name  :
Scan Software Version: 1.2(147)
Parameter List :
Instrument                        Cary Eclipse
Instrument Serial Number          MY18160001
Data mode                         Fluorescence
Scan mode                         Emission
X Mode                            Wavelength (nm)
Start (nm)                        510.00
Stop (nm)                         525.00
Ex. Wavelength (nm)               493.00
Ex. Slit (nm)                     5
Em. Slit (nm)                     5
Scan rate (nm/min)                600.00
Data interval (nm)                1.0000
Averaging Time (s)                0.1000
Excitation filter                 Auto
Emission filter                   Open
PMT voltage (V)                   900
Corrected spectra                 OFF
Wellplate                         ON
Plate format                     96 Wells
Read position                    Well centre
Multi-zero                       OFF
Auto-zero                        OFF
Well                            A1
Method Log     :
Method Name    : Default
Date/Time stamp: 19-Mar-24 1:13:41 PM
Method Modifications:
Well plate reader Changed: 19-Mar-24 1:16:04 PM, Old:OFF, New:ON
User Delta Stop Changed: 19-Mar-24 1:16:04 PM, Old: 450.00, New: 493.00
User Delta Increment Changed: 19-Mar-24 1:16:04 PM, Old:  10.00, New:   0.15
Excitation Wavelength Changed: 19-Mar-24 1:16:04 PM, Old: 350.00, New: 493.00
Emission Wavelength Changed: 19-Mar-24 1:16:04 PM, Old: 400.00, New: 517.00
Stop Wavelength Changed: 19-Mar-24 1:16:04 PM, Old: 600.00, New: 517.00
Wellplate Samples Changed: 19-Mar-24 1:16:04 PM, Old:, New:A1;A2;A3;A4;A5;A6;A7;A8;A9;A10;A11;A12;B1;B2;B3;B4;B5;B6;B7;B8;B9;B10;B11;B12;C1;C2;C3;C4;C5;C6;C7;C8;C9;C10;C11;C12;
PMT Volts Changed: 19-Mar-24 1:17:47 PM, Old:600, New:800
Scan Control Changed: 19-Mar-24 1:17:47 PM, Old:Medium, New:Manual
Emission PMT (V): Changed: 19-Mar-24 1:17:47 PM, Old: 600, New: 800
Emission Wavelength Changed: 19-Mar-24 1:17:47 PM, Old: 517.00, New: 510.00
Stop Wavelength Changed: 19-Mar-24 1:17:47 PM, Old: 517.00, New: 525.00
PMT Volts Changed: 19-Mar-24 1:20:27 PM, Old:800, New:900
Emission PMT (V): Changed: 19-Mar-24 1:20:27 PM, Old: 800, New: 900
End Method Modifications

Sample B1,
Sample B1
Collection Time: 19-Mar-24 1:22:14 PM
Operator Name  :
Scan Software Version: 1.2(147)
Parameter List :
Instrument                        Cary Eclipse
Instrument Serial Number          MY18160001
Data mode                         Fluorescence
Scan mode                         Emission
X Mode                            Wavelength (nm)
Start (nm)                        510.00
Stop (nm)                         525.00
Ex. Wavelength (nm)               493.00
Ex. Slit (nm)                     5
Em. Slit (nm)                     5
Scan rate (nm/min)                600.00
Data interval (nm)                1.0000
Averaging Time (s)                0.1000
Excitation filter                 Auto
Emission filter                   Open
PMT voltage (V)                   900
Corrected spectra                 OFF
Wellplate                         ON
Plate format                     96 Wells
Read position                    Well centre
Multi-zero                       OFF
Auto-zero                        OFF
Well                            A1
Method Log     :
Method Name    : Default
Date/Time stamp: 19-Mar-24 1:13:41 PM
Method Modifications:
Well plate reader Changed: 19-Mar-24 1:16:04 PM, Old:OFF, New:ON
User Delta Stop Changed: 19-Mar-24 1:16:04 PM, Old: 450.00, New: 493.00
User Delta Increment Changed: 19-Mar-24 1:16:04 PM, Old:  10.00, New:   0.15
Excitation Wavelength Changed: 19-Mar-24 1:16:04 PM, Old: 350.00, New: 493.00
Emission Wavelength Changed: 19-Mar-24 1:16:04 PM, Old: 400.00, New: 517.00
Stop Wavelength Changed: 19-Mar-24 1:16:04 PM, Old: 600.00, New: 517.00
Wellplate Samples Changed: 19-Mar-24 1:16:04 PM, Old:, New:A1;A2;A3;A4;A5;A6;A7;A8;A9;A10;A11;A12;B1;B2;B3;B4;B5;B6;B7;B8;B9;B10;B11;B12;C1;C2;C3;C4;C5;C6;C7;C8;C9;C10;C11;C12;
PMT Volts Changed: 19-Mar-24 1:17:47 PM, Old:600, New:800
Scan Control Changed: 19-Mar-24 1:17:47 PM, Old:Medium, New:Manual
Emission PMT (V): Changed: 19-Mar-24 1:17:47 PM, Old: 600, New: 800
Emission Wavelength Changed: 19-Mar-24 1:17:47 PM, Old: 517.00, New: 510.00
Stop Wavelength Changed: 19-Mar-24 1:17:47 PM, Old: 517.00, New: 525.00
PMT Volts Changed: 19-Mar-24 1:20:27 PM, Old:800, New:900
Emission PMT (V): Changed: 19-Mar-24 1:20:27 PM, Old: 800, New: 900
End Method Modifications

Sample C1,
Sample C1
Collection Time: 19-Mar-24 1:22:16 PM
Operator Name  :
Scan Software Version: 1.2(147)
Parameter List :
Instrument                        Cary Eclipse
Instrument Serial Number          MY18160001
Data mode                         Fluorescence
Scan mode                         Emission
X Mode                            Wavelength (nm)
Start (nm)                        510.00
Stop (nm)                         525.00
Ex. Wavelength (nm)               493.00
Ex. Slit (nm)                     5
Em. Slit (nm)                     5
Scan rate (nm/min)                600.00
Data interval (nm)                1.0000
Averaging Time (s)                0.1000
Excitation filter                 Auto
Emission filter                   Open
PMT voltage (V)                   900
Corrected spectra                 OFF
Wellplate                         ON
Plate format                     96 Wells
Read position                    Well centre
Multi-zero                       OFF
Auto-zero                        OFF
Well                            A1
Method Log     :
Method Name    : Default
Date/Time stamp: 19-Mar-24 1:13:41 PM
Method Modifications:
Well plate reader Changed: 19-Mar-24 1:16:04 PM, Old:OFF, New:ON
User Delta Stop Changed: 19-Mar-24 1:16:04 PM, Old: 450.00, New: 493.00
User Delta Increment Changed: 19-Mar-24 1:16:04 PM, Old:  10.00, New:   0.15
Excitation Wavelength Changed: 19-Mar-24 1:16:04 PM, Old: 350.00, New: 493.00
Emission Wavelength Changed: 19-Mar-24 1:16:04 PM, Old: 400.00, New: 517.00
Stop Wavelength Changed: 19-Mar-24 1:16:04 PM, Old: 600.00, New: 517.00
Wellplate Samples Changed: 19-Mar-24 1:16:04 PM, Old:, New:A1;A2;A3;A4;A5;A6;A7;A8;A9;A10;A11;A12;B1;B2;B3;B4;B5;B6;B7;B8;B9;B10;B11;B12;C1;C2;C3;C4;C5;C6;C7;C8;C9;C10;C11;C12;
PMT Volts Changed: 19-Mar-24 1:17:47 PM, Old:600, New:800
Scan Control Changed: 19-Mar-24 1:17:47 PM, Old:Medium, New:Manual
Emission PMT (V): Changed: 19-Mar-24 1:17:47 PM, Old: 600, New: 800
Emission Wavelength Changed: 19-Mar-24 1:17:47 PM, Old: 517.00, New: 510.00
Stop Wavelength Changed: 19-Mar-24 1:17:47 PM, Old: 517.00, New: 525.00
PMT Volts Changed: 19-Mar-24 1:20:27 PM, Old:800, New:900
Emission PMT (V): Changed: 19-Mar-24 1:20:27 PM, Old: 800, New: 900
End Method Modifications

Sample C2,
Sample C2
Collection Time: 19-Mar-24 1:22:19 PM
Operator Name  :
Scan Software Version: 1.2(147)
Parameter List :
Instrument                        Cary Eclipse
Instrument Serial Number          MY18160001
Data mode                         Fluorescence
Scan mode                         Emission
X Mode                            Wavelength (nm)
Start (nm)                        510.00
Stop (nm)                         525.00
Ex. Wavelength (nm)               493.00
Ex. Slit (nm)                     5
Em. Slit (nm)                     5
Scan rate (nm/min)                600.00
Data interval (nm)                1.0000
Averaging Time (s)                0.1000
Excitation filter                 Auto
Emission filter                   Open
PMT voltage (V)                   900
Corrected spectra                 OFF
Wellplate                         ON
Plate format                     96 Wells
Read position                    Well centre
Multi-zero                       OFF
Auto-zero                        OFF
Well                            A1
Method Log     :
Method Name    : Default
Date/Time stamp: 19-Mar-24 1:13:41 PM
Method Modifications:
Well plate reader Changed: 19-Mar-24 1:16:04 PM, Old:OFF, New:ON
User Delta Stop Changed: 19-Mar-24 1:16:04 PM, Old: 450.00, New: 493.00
User Delta Increment Changed: 19-Mar-24 1:16:04 PM, Old:  10.00, New:   0.15
Excitation Wavelength Changed: 19-Mar-24 1:16:04 PM, Old: 350.00, New: 493.00
Emission Wavelength Changed: 19-Mar-24 1:16:04 PM, Old: 400.00, New: 517.00
Stop Wavelength Changed: 19-Mar-24 1:16:04 PM, Old: 600.00, New: 517.00
Wellplate Samples Changed: 19-Mar-24 1:16:04 PM, Old:, New:A1;A2;A3;A4;A5;A6;A7;A8;A9;A10;A11;A12;B1;B2;B3;B4;B5;B6;B7;B8;B9;B10;B11;B12;C1;C2;C3;C4;C5;C6;C7;C8;C9;C10;C11;C12;
PMT Volts Changed: 19-Mar-24 1:17:47 PM, Old:600, New:800
Scan Control Changed: 19-Mar-24 1:17:47 PM, Old:Medium, New:Manual
Emission PMT (V): Changed: 19-Mar-24 1:17:47 PM, Old: 600, New: 800
Emission Wavelength Changed: 19-Mar-24 1:17:47 PM, Old: 517.00, New: 510.00
Stop Wavelength Changed: 19-Mar-24 1:17:47 PM, Old: 517.00, New: 525.00
PMT Volts Changed: 19-Mar-24 1:20:27 PM, Old:800, New:900
Emission PMT (V): Changed: 19-Mar-24 1:20:27 PM, Old: 800, New: 900
End Method Modifications

Sample C3,
Sample C3
Collection Time: 19-Mar-24 1:22:22 PM
Operator Name  :
Scan Software Version: 1.2(147)
Parameter List :
Instrument                        Cary Eclipse
Instrument Serial Number          MY18160001
Data mode                         Fluorescence
Scan mode                         Emission
X Mode                            Wavelength (nm)
Start (nm)                        510.00
Stop (nm)                         525.00
Ex. Wavelength (nm)               493.00
Ex. Slit (nm)                     5
Em. Slit (nm)                     5
Scan rate (nm/min)                600.00
Data interval (nm)                1.0000
Averaging Time (s)                0.1000
Excitation filter                 Auto
Emission filter                   Open
PMT voltage (V)                   900
Corrected spectra                 OFF
Wellplate                         ON
Plate format                     96 Wells
Read position                    Well centre
Multi-zero                       OFF
Auto-zero                        OFF
Well                            A1
Method Log     :
Method Name    : Default
Date/Time stamp: 19-Mar-24 1:13:41 PM
Method Modifications:
Well plate reader Changed: 19-Mar-24 1:16:04 PM, Old:OFF, New:ON
User Delta Stop Changed: 19-Mar-24 1:16:04 PM, Old: 450.00, New: 493.00
User Delta Increment Changed: 19-Mar-24 1:16:04 PM, Old:  10.00, New:   0.15
Excitation Wavelength Changed: 19-Mar-24 1:16:04 PM, Old: 350.00, New: 493.00
Emission Wavelength Changed: 19-Mar-24 1:16:04 PM, Old: 400.00, New: 517.00
Stop Wavelength Changed: 19-Mar-24 1:16:04 PM, Old: 600.00, New: 517.00
Wellplate Samples Changed: 19-Mar-24 1:16:04 PM, Old:, New:A1;A2;A3;A4;A5;A6;A7;A8;A9;A10;A11;A12;B1;B2;B3;B4;B5;B6;B7;B8;B9;B10;B11;B12;C1;C2;C3;C4;C5;C6;C7;C8;C9;C10;C11;C12;
PMT Volts Changed: 19-Mar-24 1:17:47 PM, Old:600, New:800
Scan Control Changed: 19-Mar-24 1:17:47 PM, Old:Medium, New:Manual
Emission PMT (V): Changed: 19-Mar-24 1:17:47 PM, Old: 600, New: 800
Emission Wavelength Changed: 19-Mar-24 1:17:47 PM, Old: 517.00, New: 510.00
Stop Wavelength Changed: 19-Mar-24 1:17:47 PM, Old: 517.00, New: 525.00
PMT Volts Changed: 19-Mar-24 1:20:27 PM, Old:800, New:900
Emission PMT (V): Changed: 19-Mar-24 1:20:27 PM, Old: 800, New: 900
End Method Modifications

Sample C4,
Sample C4
Collection Time: 19-Mar-24 1:22:25 PM
Operator Name  :
Scan Software Version: 1.2(147)
Parameter List :
Instrument                        Cary Eclipse
Instrument Serial Number          MY18160001
Data mode                         Fluorescence
Scan mode                         Emission
X Mode                            Wavelength (nm)
Start (nm)                        510.00
Stop (nm)                         525.00
Ex. Wavelength (nm)               493.00
Ex. Slit (nm)                     5
Em. Slit (nm)                     5
Scan rate (nm/min)                600.00
Data interval (nm)                1.0000
Averaging Time (s)                0.1000
Excitation filter                 Auto
Emission filter                   Open
PMT voltage (V)                   900
Corrected spectra                 OFF
Wellplate                         ON
Plate format                     96 Wells
Read position                    Well centre
Multi-zero                       OFF
Auto-zero                        OFF
Well                            A1
Method Log     :
Method Name    : Default
Date/Time stamp: 19-Mar-24 1:13:41 PM
Method Modifications:
Well plate reader Changed: 19-Mar-24 1:16:04 PM, Old:OFF, New:ON
User Delta Stop Changed: 19-Mar-24 1:16:04 PM, Old: 450.00, New: 493.00
User Delta Increment Changed: 19-Mar-24 1:16:04 PM, Old:  10.00, New:   0.15
Excitation Wavelength Changed: 19-Mar-24 1:16:04 PM, Old: 350.00, New: 493.00
Emission Wavelength Changed: 19-Mar-24 1:16:04 PM, Old: 400.00, New: 517.00
Stop Wavelength Changed: 19-Mar-24 1:16:04 PM, Old: 600.00, New: 517.00
Wellplate Samples Changed: 19-Mar-24 1:16:04 PM, Old:, New:A1;A2;A3;A4;A5;A6;A7;A8;A9;A10;A11;A12;B1;B2;B3;B4;B5;B6;B7;B8;B9;B10;B11;B12;C1;C2;C3;C4;C5;C6;C7;C8;C9;C10;C11;C12;
PMT Volts Changed: 19-Mar-24 1:17:47 PM, Old:600, New:800
Scan Control Changed: 19-Mar-24 1:17:47 PM, Old:Medium, New:Manual
Emission PMT (V): Changed: 19-Mar-24 1:17:47 PM, Old: 600, New: 800
Emission Wavelength Changed: 19-Mar-24 1:17:47 PM, Old: 517.00, New: 510.00
Stop Wavelength Changed: 19-Mar-24 1:17:47 PM, Old: 517.00, New: 525.00
PMT Volts Changed: 19-Mar-24 1:20:27 PM, Old:800, New:900
Emission PMT (V): Changed: 19-Mar-24 1:20:27 PM, Old: 800, New: 900
End Method Modifications

Sample C5,
Sample C5
Collection Time: 19-Mar-24 1:22:27 PM
Operator Name  :
Scan Software Version: 1.2(147)
Parameter List :
Instrument                        Cary Eclipse
Instrument Serial Number          MY18160001
Data mode                         Fluorescence
Scan mode                         Emission
X Mode                            Wavelength (nm)
Start (nm)                        510.00
Stop (nm)                         525.00
Ex. Wavelength (nm)               493.00
Ex. Slit (nm)                     5
Em. Slit (nm)                     5
Scan rate (nm/min)                600.00
Data interval (nm)                1.0000
Averaging Time (s)                0.1000
Excitation filter                 Auto
Emission filter                   Open
PMT voltage (V)                   900
Corrected spectra                 OFF
Wellplate                         ON
Plate format                     96 Wells
Read position                    Well centre
Multi-zero                       OFF
Auto-zero                        OFF
Well                            A1
Method Log     :
Method Name    : Default
Date/Time stamp: 19-Mar-24 1:13:41 PM
Method Modifications:
Well plate reader Changed: 19-Mar-24 1:16:04 PM, Old:OFF, New:ON
User Delta Stop Changed: 19-Mar-24 1:16:04 PM, Old: 450.00, New: 493.00
User Delta Increment Changed: 19-Mar-24 1:16:04 PM, Old:  10.00, New:   0.15
Excitation Wavelength Changed: 19-Mar-24 1:16:04 PM, Old: 350.00, New: 493.00
Emission Wavelength Changed: 19-Mar-24 1:16:04 PM, Old: 400.00, New: 517.00
Stop Wavelength Changed: 19-Mar-24 1:16:04 PM, Old: 600.00, New: 517.00
Wellplate Samples Changed: 19-Mar-24 1:16:04 PM, Old:, New:A1;A2;A3;A4;A5;A6;A7;A8;A9;A10;A11;A12;B1;B2;B3;B4;B5;B6;B7;B8;B9;B10;B11;B12;C1;C2;C3;C4;C5;C6;C7;C8;C9;C10;C11;C12;
PMT Volts Changed: 19-Mar-24 1:17:47 PM, Old:600, New:800
Scan Control Changed: 19-Mar-24 1:17:47 PM, Old:Medium, New:Manual
Emission PMT (V): Changed: 19-Mar-24 1:17:47 PM, Old: 600, New: 800
Emission Wavelength Changed: 19-Mar-24 1:17:47 PM, Old: 517.00, New: 510.00
Stop Wavelength Changed: 19-Mar-24 1:17:47 PM, Old: 517.00, New: 525.00
PMT Volts Changed: 19-Mar-24 1:20:27 PM, Old:800, New:900
Emission PMT (V): Changed: 19-Mar-24 1:20:27 PM, Old: 800, New: 900
End Method Modifications

Sample C6,
Sample C6
Collection Time: 19-Mar-24 1:22:30 PM
Operator Name  :
Scan Software Version: 1.2(147)
Parameter List :
Instrument                        Cary Eclipse
Instrument Serial Number          MY18160001
Data mode                         Fluorescence
Scan mode                         Emission
X Mode                            Wavelength (nm)
Start (nm)                        510.00
Stop (nm)                         525.00
Ex. Wavelength (nm)               493.00
Ex. Slit (nm)                     5
Em. Slit (nm)                     5
Scan rate (nm/min)                600.00
Data interval (nm)                1.0000
Averaging Time (s)                0.1000
Excitation filter                 Auto
Emission filter                   Open
PMT voltage (V)                   900
Corrected spectra                 OFF
Wellplate                         ON
Plate format                     96 Wells
Read position                    Well centre
Multi-zero                       OFF
Auto-zero                        OFF
Well                            A1
Method Log     :
Method Name    : Default
Date/Time stamp: 19-Mar-24 1:13:41 PM
Method Modifications:
Well plate reader Changed: 19-Mar-24 1:16:04 PM, Old:OFF, New:ON
User Delta Stop Changed: 19-Mar-24 1:16:04 PM, Old: 450.00, New: 493.00
User Delta Increment Changed: 19-Mar-24 1:16:04 PM, Old:  10.00, New:   0.15
Excitation Wavelength Changed: 19-Mar-24 1:16:04 PM, Old: 350.00, New: 493.00
Emission Wavelength Changed: 19-Mar-24 1:16:04 PM, Old: 400.00, New: 517.00
Stop Wavelength Changed: 19-Mar-24 1:16:04 PM, Old: 600.00, New: 517.00
Wellplate Samples Changed: 19-Mar-24 1:16:04 PM, Old:, New:A1;A2;A3;A4;A5;A6;A7;A8;A9;A10;A11;A12;B1;B2;B3;B4;B5;B6;B7;B8;B9;B10;B11;B12;C1;C2;C3;C4;C5;C6;C7;C8;C9;C10;C11;C12;
PMT Volts Changed: 19-Mar-24 1:17:47 PM, Old:600, New:800
Scan Control Changed: 19-Mar-24 1:17:47 PM, Old:Medium, New:Manual
Emission PMT (V): Changed: 19-Mar-24 1:17:47 PM, Old: 600, New: 800
Emission Wavelength Changed: 19-Mar-24 1:17:47 PM, Old: 517.00, New: 510.00
Stop Wavelength Changed: 19-Mar-24 1:17:47 PM, Old: 517.00, New: 525.00
PMT Volts Changed: 19-Mar-24 1:20:27 PM, Old:800, New:900
Emission PMT (V): Changed: 19-Mar-24 1:20:27 PM, Old: 800, New: 900
End Method Modifications

Sample C7,
Sample C7
Collection Time: 19-Mar-24 1:22:33 PM
Operator Name  :
Scan Software Version: 1.2(147)
Parameter List :
Instrument                        Cary Eclipse
Instrument Serial Number          MY18160001
Data mode                         Fluorescence
Scan mode                         Emission
X Mode                            Wavelength (nm)
Start (nm)                        510.00
Stop (nm)                         525.00
Ex. Wavelength (nm)               493.00
Ex. Slit (nm)                     5
Em. Slit (nm)                     5
Scan rate (nm/min)                600.00
Data interval (nm)                1.0000
Averaging Time (s)                0.1000
Excitation filter                 Auto
Emission filter                   Open
PMT voltage (V)                   900
Corrected spectra                 OFF
Wellplate                         ON
Plate format                     96 Wells
Read position                    Well centre
Multi-zero                       OFF
Auto-zero                        OFF
Well                            A1
Method Log     :
Method Name    : Default
Date/Time stamp: 19-Mar-24 1:13:41 PM
Method Modifications:
Well plate reader Changed: 19-Mar-24 1:16:04 PM, Old:OFF, New:ON
User Delta Stop Changed: 19-Mar-24 1:16:04 PM, Old: 450.00, New: 493.00
User Delta Increment Changed: 19-Mar-24 1:16:04 PM, Old:  10.00, New:   0.15
Excitation Wavelength Changed: 19-Mar-24 1:16:04 PM, Old: 350.00, New: 493.00
Emission Wavelength Changed: 19-Mar-24 1:16:04 PM, Old: 400.00, New: 517.00
Stop Wavelength Changed: 19-Mar-24 1:16:04 PM, Old: 600.00, New: 517.00
Wellplate Samples Changed: 19-Mar-24 1:16:04 PM, Old:, New:A1;A2;A3;A4;A5;A6;A7;A8;A9;A10;A11;A12;B1;B2;B3;B4;B5;B6;B7;B8;B9;B10;B11;B12;C1;C2;C3;C4;C5;C6;C7;C8;C9;C10;C11;C12;
PMT Volts Changed: 19-Mar-24 1:17:47 PM, Old:600, New:800
Scan Control Changed: 19-Mar-24 1:17:47 PM, Old:Medium, New:Manual
Emission PMT (V): Changed: 19-Mar-24 1:17:47 PM, Old: 600, New: 800
Emission Wavelength Changed: 19-Mar-24 1:17:47 PM, Old: 517.00, New: 510.00
Stop Wavelength Changed: 19-Mar-24 1:17:47 PM, Old: 517.00, New: 525.00
PMT Volts Changed: 19-Mar-24 1:20:27 PM, Old:800, New:900
Emission PMT (V): Changed: 19-Mar-24 1:20:27 PM, Old: 800, New: 900
End Method Modifications

Sample C8,
Sample C8
Collection Time: 19-Mar-24 1:22:36 PM
Operator Name  :
Scan Software Version: 1.2(147)
Parameter List :
Instrument                        Cary Eclipse
Instrument Serial Number          MY18160001
Data mode                         Fluorescence
Scan mode                         Emission
X Mode                            Wavelength (nm)
Start (nm)                        510.00
Stop (nm)                         525.00
Ex. Wavelength (nm)               493.00
Ex. Slit (nm)                     5
Em. Slit (nm)                     5
Scan rate (nm/min)                600.00
Data interval (nm)                1.0000
Averaging Time (s)                0.1000
Excitation filter                 Auto
Emission filter                   Open
PMT voltage (V)                   900
Corrected spectra                 OFF
Wellplate                         ON
Plate format                     96 Wells
Read position                    Well centre
Multi-zero                       OFF
Auto-zero                        OFF
Well                            A1
Method Log     :
Method Name    : Default
Date/Time stamp: 19-Mar-24 1:13:41 PM
Method Modifications:
Well plate reader Changed: 19-Mar-24 1:16:04 PM, Old:OFF, New:ON
User Delta Stop Changed: 19-Mar-24 1:16:04 PM, Old: 450.00, New: 493.00
User Delta Increment Changed: 19-Mar-24 1:16:04 PM, Old:  10.00, New:   0.15
Excitation Wavelength Changed: 19-Mar-24 1:16:04 PM, Old: 350.00, New: 493.00
Emission Wavelength Changed: 19-Mar-24 1:16:04 PM, Old: 400.00, New: 517.00
Stop Wavelength Changed: 19-Mar-24 1:16:04 PM, Old: 600.00, New: 517.00
Wellplate Samples Changed: 19-Mar-24 1:16:04 PM, Old:, New:A1;A2;A3;A4;A5;A6;A7;A8;A9;A10;A11;A12;B1;B2;B3;B4;B5;B6;B7;B8;B9;B10;B11;B12;C1;C2;C3;C4;C5;C6;C7;C8;C9;C10;C11;C12;
PMT Volts Changed: 19-Mar-24 1:17:47 PM, Old:600, New:800
Scan Control Changed: 19-Mar-24 1:17:47 PM, Old:Medium, New:Manual
Emission PMT (V): Changed: 19-Mar-24 1:17:47 PM, Old: 600, New: 800
Emission Wavelength Changed: 19-Mar-24 1:17:47 PM, Old: 517.00, New: 510.00
Stop Wavelength Changed: 19-Mar-24 1:17:47 PM, Old: 517.00, New: 525.00
PMT Volts Changed: 19-Mar-24 1:20:27 PM, Old:800, New:900
Emission PMT (V): Changed: 19-Mar-24 1:20:27 PM, Old: 800, New: 900
End Method Modifications

Sample C9,
Sample C9
Collection Time: 19-Mar-24 1:22:38 PM
Operator Name  :
Scan Software Version: 1.2(147)
Parameter List :
Instrument                        Cary Eclipse
Instrument Serial Number          MY18160001
Data mode                         Fluorescence
Scan mode                         Emission
X Mode                            Wavelength (nm)
Start (nm)                        510.00
Stop (nm)                         525.00
Ex. Wavelength (nm)               493.00
Ex. Slit (nm)                     5
Em. Slit (nm)                     5
Scan rate (nm/min)                600.00
Data interval (nm)                1.0000
Averaging Time (s)                0.1000
Excitation filter                 Auto
Emission filter                   Open
PMT voltage (V)                   900
Corrected spectra                 OFF
Wellplate                         ON
Plate format                     96 Wells
Read position                    Well centre
Multi-zero                       OFF
Auto-zero                        OFF
Well                            A1
Method Log     :
Method Name    : Default
Date/Time stamp: 19-Mar-24 1:13:41 PM
Method Modifications:
Well plate reader Changed: 19-Mar-24 1:16:04 PM, Old:OFF, New:ON
User Delta Stop Changed: 19-Mar-24 1:16:04 PM, Old: 450.00, New: 493.00
User Delta Increment Changed: 19-Mar-24 1:16:04 PM, Old:  10.00, New:   0.15
Excitation Wavelength Changed: 19-Mar-24 1:16:04 PM, Old: 350.00, New: 493.00
Emission Wavelength Changed: 19-Mar-24 1:16:04 PM, Old: 400.00, New: 517.00
Stop Wavelength Changed: 19-Mar-24 1:16:04 PM, Old: 600.00, New: 517.00
Wellplate Samples Changed: 19-Mar-24 1:16:04 PM, Old:, New:A1;A2;A3;A4;A5;A6;A7;A8;A9;A10;A11;A12;B1;B2;B3;B4;B5;B6;B7;B8;B9;B10;B11;B12;C1;C2;C3;C4;C5;C6;C7;C8;C9;C10;C11;C12;
PMT Volts Changed: 19-Mar-24 1:17:47 PM, Old:600, New:800
Scan Control Changed: 19-Mar-24 1:17:47 PM, Old:Medium, New:Manual
Emission PMT (V): Changed: 19-Mar-24 1:17:47 PM, Old: 600, New: 800
Emission Wavelength Changed: 19-Mar-24 1:17:47 PM, Old: 517.00, New: 510.00
Stop Wavelength Changed: 19-Mar-24 1:17:47 PM, Old: 517.00, New: 525.00
PMT Volts Changed: 19-Mar-24 1:20:27 PM, Old:800, New:900
Emission PMT (V): Changed: 19-Mar-24 1:20:27 PM, Old: 800, New: 900
End Method Modifications

Sample C10,
Sample C10
Collection Time: 19-Mar-24 1:22:41 PM
Operator Name  :
Scan Software Version: 1.2(147)
Parameter List :
Instrument                        Cary Eclipse
Instrument Serial Number          MY18160001
Data mode                         Fluorescence
Scan mode                         Emission
X Mode                            Wavelength (nm)
Start (nm)                        510.00
Stop (nm)                         525.00
Ex. Wavelength (nm)               493.00
Ex. Slit (nm)                     5
Em. Slit (nm)                     5
Scan rate (nm/min)                600.00
Data interval (nm)                1.0000
Averaging Time (s)                0.1000
Excitation filter                 Auto
Emission filter                   Open
PMT voltage (V)                   900
Corrected spectra                 OFF
Wellplate                         ON
Plate format                     96 Wells
Read position                    Well centre
Multi-zero                       OFF
Auto-zero                        OFF
Well                            A1
Method Log     :
Method Name    : Default
Date/Time stamp: 19-Mar-24 1:13:41 PM
Method Modifications:
Well plate reader Changed: 19-Mar-24 1:16:04 PM, Old:OFF, New:ON
User Delta Stop Changed: 19-Mar-24 1:16:04 PM, Old: 450.00, New: 493.00
User Delta Increment Changed: 19-Mar-24 1:16:04 PM, Old:  10.00, New:   0.15
Excitation Wavelength Changed: 19-Mar-24 1:16:04 PM, Old: 350.00, New: 493.00
Emission Wavelength Changed: 19-Mar-24 1:16:04 PM, Old: 400.00, New: 517.00
Stop Wavelength Changed: 19-Mar-24 1:16:04 PM, Old: 600.00, New: 517.00
Wellplate Samples Changed: 19-Mar-24 1:16:04 PM, Old:, New:A1;A2;A3;A4;A5;A6;A7;A8;A9;A10;A11;A12;B1;B2;B3;B4;B5;B6;B7;B8;B9;B10;B11;B12;C1;C2;C3;C4;C5;C6;C7;C8;C9;C10;C11;C12;
PMT Volts Changed: 19-Mar-24 1:17:47 PM, Old:600, New:800
Scan Control Changed: 19-Mar-24 1:17:47 PM, Old:Medium, New:Manual
Emission PMT (V): Changed: 19-Mar-24 1:17:47 PM, Old: 600, New: 800
Emission Wavelength Changed: 19-Mar-24 1:17:47 PM, Old: 517.00, New: 510.00
Stop Wavelength Changed: 19-Mar-24 1:17:47 PM, Old: 517.00, New: 525.00
PMT Volts Changed: 19-Mar-24 1:20:27 PM, Old:800, New:900
Emission PMT (V): Changed: 19-Mar-24 1:20:27 PM, Old: 800, New: 900
End Method Modifications

Sample C11,
Sample C11
Collection Time: 19-Mar-24 1:22:44 PM
Operator Name  :
Scan Software Version: 1.2(147)
Parameter List :
Instrument                        Cary Eclipse
Instrument Serial Number          MY18160001
Data mode                         Fluorescence
Scan mode                         Emission
X Mode                            Wavelength (nm)
Start (nm)                        510.00
Stop (nm)                         525.00
Ex. Wavelength (nm)               493.00
Ex. Slit (nm)                     5
Em. Slit (nm)                     5
Scan rate (nm/min)                600.00
Data interval (nm)                1.0000
Averaging Time (s)                0.1000
Excitation filter                 Auto
Emission filter                   Open
PMT voltage (V)                   900
Corrected spectra                 OFF
Wellplate                         ON
Plate format                     96 Wells
Read position                    Well centre
Multi-zero                       OFF
Auto-zero                        OFF
Well                            A1
Method Log     :
Method Name    : Default
Date/Time stamp: 19-Mar-24 1:13:41 PM
Method Modifications:
Well plate reader Changed: 19-Mar-24 1:16:04 PM, Old:OFF, New:ON
User Delta Stop Changed: 19-Mar-24 1:16:04 PM, Old: 450.00, New: 493.00
User Delta Increment Changed: 19-Mar-24 1:16:04 PM, Old:  10.00, New:   0.15
Excitation Wavelength Changed: 19-Mar-24 1:16:04 PM, Old: 350.00, New: 493.00
Emission Wavelength Changed: 19-Mar-24 1:16:04 PM, Old: 400.00, New: 517.00
Stop Wavelength Changed: 19-Mar-24 1:16:04 PM, Old: 600.00, New: 517.00
Wellplate Samples Changed: 19-Mar-24 1:16:04 PM, Old:, New:A1;A2;A3;A4;A5;A6;A7;A8;A9;A10;A11;A12;B1;B2;B3;B4;B5;B6;B7;B8;B9;B10;B11;B12;C1;C2;C3;C4;C5;C6;C7;C8;C9;C10;C11;C12;
PMT Volts Changed: 19-Mar-24 1:17:47 PM, Old:600, New:800
Scan Control Changed: 19-Mar-24 1:17:47 PM, Old:Medium, New:Manual
Emission PMT (V): Changed: 19-Mar-24 1:17:47 PM, Old: 600, New: 800
Emission Wavelength Changed: 19-Mar-24 1:17:47 PM, Old: 517.00, New: 510.00
Stop Wavelength Changed: 19-Mar-24 1:17:47 PM, Old: 517.00, New: 525.00
PMT Volts Changed: 19-Mar-24 1:20:27 PM, Old:800, New:900
Emission PMT (V): Changed: 19-Mar-24 1:20:27 PM, Old: 800, New: 900
End Method Modifications

Sample C12,
Sample C12
Collection Time: 19-Mar-24 1:22:46 PM
Operator Name  :
Scan Software Version: 1.2(147)
Parameter List :
Instrument                        Cary Eclipse
Instrument Serial Number          MY18160001
Data mode                         Fluorescence
Scan mode                         Emission
X Mode                            Wavelength (nm)
Start (nm)                        510.00
Stop (nm)                         525.00
Ex. Wavelength (nm)               493.00
Ex. Slit (nm)                     5
Em. Slit (nm)                     5
Scan rate (nm/min)                600.00
Data interval (nm)                1.0000
Averaging Time (s)                0.1000
Excitation filter                 Auto
Emission filter                   Open
PMT voltage (V)                   900
Corrected spectra                 OFF
Wellplate                         ON
Plate format                     96 Wells
Read position                    Well centre
Multi-zero                       OFF
Auto-zero                        OFF
Well                            A1
Method Log     :
Method Name    : Default
Date/Time stamp: 19-Mar-24 1:13:41 PM
Method Modifications:
Well plate reader Changed: 19-Mar-24 1:16:04 PM, Old:OFF, New:ON
User Delta Stop Changed: 19-Mar-24 1:16:04 PM, Old: 450.00, New: 493.00
User Delta Increment Changed: 19-Mar-24 1:16:04 PM, Old:  10.00, New:   0.15
Excitation Wavelength Changed: 19-Mar-24 1:16:04 PM, Old: 350.00, New: 493.00
Emission Wavelength Changed: 19-Mar-24 1:16:04 PM, Old: 400.00, New: 517.00
Stop Wavelength Changed: 19-Mar-24 1:16:04 PM, Old: 600.00, New: 517.00
Wellplate Samples Changed: 19-Mar-24 1:16:04 PM, Old:, New:A1;A2;A3;A4;A5;A6;A7;A8;A9;A10;A11;A12;B1;B2;B3;B4;B5;B6;B7;B8;B9;B10;B11;B12;C1;C2;C3;C4;C5;C6;C7;C8;C9;C10;C11;C12;
PMT Volts Changed: 19-Mar-24 1:17:47 PM, Old:600, New:800
Scan Control Changed: 19-Mar-24 1:17:47 PM, Old:Medium, New:Manual
Emission PMT (V): Changed: 19-Mar-24 1:17:47 PM, Old: 600, New: 800
Emission Wavelength Changed: 19-Mar-24 1:17:47 PM, Old: 517.00, New: 510.00
Stop Wavelength Changed: 19-Mar-24 1:17:47 PM, Old: 517.00, New: 525.00
PMT Volts Changed: 19-Mar-24 1:20:27 PM, Old:800, New:900
Emission PMT (V): Changed: 19-Mar-24 1:20:27 PM, Old: 800, New: 900
End Method Modifications

