Sample E1,,Sample E2,,Sample E3,,Sample E4,,Sample F1,,Sample F2,,Sample F3,,Sample F4,,Sample G1,,Sample G2,,Sample G3,,Sample G4,,
Time (min),Intensity (a.u.),Time (min),Intensity (a.u.),Time (min),Intensity (a.u.),Time (min),Intensity (a.u.),Time (min),Intensity (a.u.),Time (min),Intensity (a.u.),Time (min),Intensity (a.u.),Time (min),Intensity (a.u.),Time (min),Intensity (a.u.),Time (min),Intensity (a.u.),Time (min),Intensity (a.u.),Time (min),Intensity (a.u.),
0.008333333768,139.0307007,0.0442083329,87.78247833,0.08008333296,58.12978363,0.1160000041,433.6183167,0.263166666,141.9229584,0.2277083397,95.39775848,0.1923333257,55.90432358,0.1558958441,476.9056396,0.3027500212,114.2866135,0.3381666839,70.47835541,0.3748750091,53.76582336,0.4101666808,402.6454163,
1.008333325,134.8864136,1.044208288,88.00456238,1.080708265,60.61572266,1.11604166,430.2121277,1.263062596,141.3227692,1.227645874,94.06446075,1.192208409,57.16848755,1.156708241,388.1160889,1.302541614,117.0157013,1.338791609,73.75688171,1.374729156,55.63744354,1.409875035,405.2625427,
2.008333445,132.8185272,2.043562412,89.70110321,2.079645872,61.80293655,2.114875078,428.2539368,2.262124777,143.6017609,2.226708174,94.92218018,2.19104147,57.50777817,2.155291796,445.1313171,2.302041531,117.7144547,2.337708235,76.88381958,2.373874903,57.01038742,2.409229279,403.2857971,
3.008333445,131.4701691,3.043374777,90.06356049,3.078750134,62.43100357,3.115041494,427.558136,3.264458179,144.1731262,3.229041576,96.08318329,3.19256258,57.45289612,3.157416821,445.3546143,3.306145668,117.9935455,3.34156251,78.5014267,3.377041578,56.87101746,3.412208319,404.8085327,
4.008333206,130.4125977,4.043291569,89.7244339,4.078729153,60.74229813,4.115208626,426.3390198,4.263208389,144.7527924,4.227729321,95.80220795,4.191792011,57.81245041,4.155874729,443.266449,4.304875374,120.0456085,4.340250015,79.46546173,4.376729488,57.19339371,4.412208557,404.1455994,
5.008333206,129.5757904,5.044041634,90.36667633,5.079375267,61.33827591,5.115395546,435.7600098,5.262416363,144.5218048,5.226541519,94.80078888,5.191208363,57.93813324,5.155062199,444.1207275,5.301708698,119.2489548,5.337646008,81.52050781,5.373562813,57.58514786,5.409416676,410.0631409,
6.008333206,128.5273132,6.045562744,90.59103394,6.081250191,60.95932007,6.116958141,434.4067383,6.265458107,143.823761,6.229083061,96.20545959,6.193583012,58.21259308,6.158395767,442.2264099,6.307645798,119.4750137,6.343729019,81.54206085,6.378583431,56.77320862,6.414958,409.9813232,
7.008333206,128.9776306,7.043916702,89.07016754,7.079375267,61.11044693,7.115791798,439.658783,7.263208389,144.0491028,7.227208614,96.14320374,7.191792011,58.99946594,7.155875206,444.2488403,7.303583145,117.2137756,7.338874817,81.8199234,7.375208378,58.17764664,7.411458492,412.0683594,
8.008333206,129.5962372,8.045042038,90.47413635,8.080979347,62.0463562,8.117062569,441.7739563,8.26491642,143.8338013,8.229562759,96.34612274,8.194396019,58.40191269,8.158207893,447.5328369,8.304562569,117.755043,8.341041565,83.83068848,8.376395226,58.14928436,8.411874771,415.9518127,
9.008333206,128.9613953,9.043811798,89.76882172,9.080249786,61.39966583,9.115563393,440.3942261,9.262457848,143.1005249,9.227041245,95.50972748,9.191562653,58.29076767,9.155395508,444.086731,9.301896095,116.6015549,9.338229179,83.88156128,9.374375343,57.41131592,9.410396576,415.245697,
10.00833321,131.6808472,10.04437447,89.32263947,10.07979107,62.41426086,10.11656284,445.8021545,10.26437473,142.8053284,10.22787476,96.83032227,10.19287491,58.17939377,10.1576252,446.2850952,10.3060627,116.5145416,10.34141636,84.58676147,10.37789631,56.83551407,10.41339588,413.3625793,
11.00833321,131.2556,11.04387474,89.7930069,11.08037472,61.64070892,11.11572838,445.4211121,11.26322937,141.7571259,11.22720814,95.69600677,11.1930418,58.87240219,11.15756226,449.0689087,11.30222893,116.4063492,11.33729172,85.11919403,11.37258339,57.77482986,11.40856266,413.7299805,
12.00833321,134.1348114,12.0443964,89.51203918,12.08047867,60.98587418,12.11572838,447.835968,12.26239586,141.4274597,12.22695827,96.53650665,12.19087505,58.47173309,12.1555624,445.8702698,12.30354214,115.524498,12.3387289,85.5851059,12.37504196,57.88936234,12.4104166,412.641571,
13.00833321,133.4762421,13.04537487,89.28278351,13.08129215,61.83715439,13.11739635,445.7010498,13.2666254,142.8864746,13.2302084,96.1633606,13.19470787,58.78546524,13.15870857,449.1654968,13.30620861,115.778389,13.34164619,84.43001556,13.37556267,57.31491089,13.41172886,415.2937622,
14.00833321,132.7858582,14.0432291,89.29840851,14.07854176,61.65180588,14.11504173,445.2960205,14.26289558,142.4053955,14.22645855,96.00750732,14.19039631,58.73825073,14.15458393,444.9729919,14.30147934,117.4531021,14.33791733,85.71343994,14.37325001,56.87001801,14.40937519,414.8243713,
15.00833321,134.2799988,15.04320908,89.79666138,15.07954216,61.42699051,15.11487484,450.3477173,15.26114559,142.1160126,15.22570801,95.63835907,15.1902914,58.56129456,15.15437508,443.9521484,15.30254173,117.1990891,15.33887577,85.90634155,15.37512493,57.66326904,15.41020775,416.0487061,
16.00833321,136.0086365,16.04295921,89.74019623,16.07879066,61.32555008,16.11487579,444.0565796,16.26162529,141.9103851,16.22570801,96.33602142,16.1905632,58.14816284,16.15406227,443.5704346,16.30298042,117.6583481,16.33831215,86.22205353,16.374897,57.76514053,16.41091728,416.4366455,
17.00833321,135.6686249,17.04354095,89.21295166,17.07889557,61.53623581,17.11456299,446.0947876,17.26256371,142.9399567,17.2264595,96.77323151,17.19106293,58.12760925,17.15579224,445.6640625,17.30381203,118.7994232,17.33906174,86.04788208,17.3752079,57.33815765,17.41031265,415.8478699,
18.00833321,135.1484375,18.04356194,89.9601059,18.07906342,61.06592941,18.11441612,447.1329346,18.26329231,142.4010162,18.22681236,95.84957123,18.19139671,59.22888565,18.15595818,446.9110718,18.30472755,118.6442566,18.3394165,86.92443848,18.37537384,57.79030228,18.41172981,419.7791138,
19.00833321,136.6981506,19.04397964,89.97660065,19.08070946,60.60186386,19.11623001,450.0204468,19.26456261,142.8731384,19.22854233,95.18099213,19.19329262,59.1272316,19.1577282,446.3671875,19.30564499,117.7828217,19.34220695,86.83628082,19.37772751,57.56577301,19.41441727,416.9989319,
20.00833321,138.1119995,20.04472923,88.12435913,20.08039474,61.76364517,20.11712456,444.4397583,20.26239586,143.2048798,20.22762489,96.1466217,20.19170761,58.77865601,20.156147,447.0818481,20.30373001,119.3680649,20.3394165,86.60510254,20.37508392,57.18325424,20.41156197,415.6233826,
21.00833321,139.5919952,21.0437088,89.16766357,21.07906342,61.3719101,21.11408234,444.390625,21.26172829,142.7004242,21.22622871,95.98421478,21.19004059,58.96358871,21.15441704,449.3693237,21.30106163,120.1866837,21.33681297,86.61862946,21.37312508,56.58093643,21.40854073,413.0609131,
22.00833321,138.1088715,22.04541588,89.10279083,22.08045769,61.7179718,22.11745834,447.2283936,22.2640419,143.1303711,22.2284584,95.99835968,22.19281197,59.17243576,22.15737534,447.6689453,22.30522919,120.7771072,22.34112549,86.72441864,22.37706375,57.87078094,22.41264725,417.1542664,
23.00833321,140.3208771,23.04495811,88.59558105,23.08120918,60.79143906,23.11687469,449.5625,23.26570892,143.4723206,23.22939682,96.09940338,23.19479179,59.07790375,23.15754128,445.3885193,23.30670738,119.9204636,23.34270859,87.2558136,23.37862587,57.2380867,23.41439629,413.7301331,
24.00833321,139.772644,24.04487419,89.35780334,24.08006096,60.70254517,24.11654282,448.6477661,24.26272964,143.7505798,24.22729111,96.95566559,24.19181252,59.16366959,24.15554237,448.1637878,24.30291748,119.4588928,24.33954239,86.23425293,24.37537384,56.97929001,24.41108322,417.5954285,
25.00833321,139.8417206,25.04445839,88.11521912,25.07872963,61.12547302,25.11395836,446.6016846,25.2605629,144.5694122,25.22506332,96.2127533,25.18924904,58.78835678,25.15362549,452.5346375,25.30023003,118.4887161,25.33587456,86.88894653,25.37120819,57.68130112,25.40787506,412.8395081,
26.00833321,139.8461914,26.04341698,88.80593872,26.0788765,61.88955307,26.11470795,449.7216492,26.2628746,144.3247223,26.22698021,95.90268707,26.19020844,58.3609314,26.15504074,452.8904419,26.30204201,120.11203,26.3374157,86.42427063,26.37454224,56.90086365,26.40995979,417.2884521,
27.00833321,139.5528412,27.043396,88.00214386,27.07937431,61.52497864,27.11454201,450.598114,27.26070786,145.1101837,27.22525024,95.40013123,27.18972969,59.81833649,27.15395927,448.8566589,27.30262375,121.7689362,27.33770752,87.3445816,27.37387466,56.96231079,27.4092083,415.7976074,
28.00833321,138.7159424,28.04347992,88.54292297,28.07872963,61.49695206,28.11437607,447.9897766,28.26289749,145.1100616,28.22672844,96.33965302,28.19056129,59.18731308,28.15489578,452.926178,28.30208397,120.4491196,28.33812523,86.53606415,28.37389565,57.04094696,28.40987587,415.3384705,
29.00833321,138.8392639,29.04389572,87.71696472,29.07937431,62.51403046,29.11489677,450.5026855,29.26389503,142.9377747,29.22854233,94.96372986,29.19174957,59.7522583,29.15622902,450.1526184,29.30554199,120.5846329,29.3408947,86.40500641,29.37631226,57.98535919,29.41239548,414.8668823,
30.00833321,139.0995789,30.04495811,88.8767395,30.08037567,62.23135757,30.11595917,452.465332,30.262146,144.8258209,30.22664642,94.69012451,30.19089508,59.82455444,30.15541649,454.1940613,30.30189705,120.9553146,30.33756256,87.56646729,30.37406158,56.83188248,30.40929222,414.0386047,
31.00833321,139.686264,31.04372978,88.06944275,31.07975006,62.28765869,31.11395836,451.0513306,31.26256371,144.4299622,31.22672844,94.85726929,31.19087601,59.25318146,31.15564537,449.3129272,31.30208397,119.9404526,31.33722878,86.40903473,31.37289619,56.95903397,31.40858269,417.9187622,
32.00833511,143.1486969,32.04387283,87.99254608,32.07972717,62.32134628,32.11556244,449.4394836,32.26539612,144.0534668,32.22858429,96.21695709,32.19239426,59.22888184,32.15673065,450.0934143,32.3063736,121.5977402,32.34272766,87.21128845,32.37862396,57.01029205,32.4140625,413.072876,
33.00833511,140.493454,33.04496002,87.81417084,33.08070755,62.09645462,33.11645889,444.972168,33.26387405,144.7111969,33.22754288,95.07378387,33.1916275,58.7166748,33.15547943,450.1264038,33.30339432,120.7823715,33.33856201,87.56044769,33.37437439,57.42624283,33.41087341,412.5008545,
34.00833511,141.6796417,34.04314423,87.91499329,34.07923126,61.48356247,34.11506271,442.6347656,34.262146,144.4747009,34.22689438,95.38425446,34.19237518,58.72751236,34.15671158,451.793457,34.30173111,120.666954,34.3380394,86.92773438,34.37387848,57.25238037,34.40956116,417.2704468,
35.00833511,139.9938812,35.04420853,87.23771667,35.07987595,62.5874176,35.11506271,443.8483582,35.26147842,146.786499,35.22637558,94.60083771,35.19039536,59.52381897,35.15454102,453.1496582,35.30206299,120.434494,35.33904266,86.39605713,35.37464523,57.06536102,35.41054153,412.3061218,
36.00833511,141.105484,36.04406357,87.28898621,36.07972717,62.21131516,36.11603928,445.0908813,36.26320648,144.1813354,36.22689438,94.6502533,36.19106293,58.9613266,36.15491486,450.5983276,36.30329132,119.8939056,36.33789444,87.17372894,36.37453842,56.82268524,36.41004181,410.473175,
37.00833511,141.5384674,37.04420853,88.09236908,37.08089447,61.71648788,37.11606598,442.2647705,37.2633934,145.1091003,37.22889328,95.10584259,37.19314957,59.23058319,37.15775299,452.1527405,37.30614471,121.4517593,37.34104156,87.18388367,37.37678909,57.23967743,37.413414,412.3856812,
38.00833511,140.3931885,38.04471207,87.51570129,38.0802269,62.05363846,38.11641693,439.6037598,38.26639557,144.370224,38.22887421,93.76805878,38.19279099,59.20261765,38.15723038,452.8923645,38.30620956,121.2256165,38.34156036,85.95681,38.37678909,57.56190872,38.4131279,408.9233093,
39.00833511,138.0294037,39.04420853,88.4041748,39.0797081,63.01524353,39.11587143,437.6452332,39.26358414,145.4507751,39.2277298,94.92347717,39.19120789,59.43916321,39.15591812,449.8769226,39.30314636,120.44841,39.33839417,86.17372131,39.37429047,56.8639679,39.41008377,407.0635681,
40.00833511,139.3274994,40.04354095,87.05393219,40.07987595,62.55348206,40.11554337,440.2949524,40.26437759,144.1646576,40.2287941,93.37828827,40.19306183,59.52083206,40.15654373,453.5495605,40.3056221,121.5254135,40.34104156,86.14157104,40.37720871,57.18704605,40.41337585,408.9790649,
41.00833511,139.3604431,41.04362488,86.23110199,41.0797081,61.56071091,41.11487579,445.5142517,41.26237488,146.8657379,41.22714615,94.18023682,41.19137192,59.48004532,41.15537643,449.3788757,41.30387497,120.6923752,41.33954239,85.76528931,41.37439728,57.18066025,41.41031265,408.067688,
42.00833511,140.6924591,42.04487228,87.76522064,42.08012772,62.71548462,42.1162262,444.6211243,42.26258087,144.9547119,42.22704315,93.66133118,42.19137192,59.397789,42.15491486,453.2848816,42.30187607,119.0173187,42.33824921,86.7371521,42.37429047,57.66035843,42.41006088,407.2848206,
43.00833511,141.4230194,43.04524994,86.54536438,43.0808754,62.36778641,43.11656189,441.8008423,43.2660408,144.1317139,43.23104095,94.81455994,43.19529343,59.47225571,43.15914536,451.0673828,43.30539703,120.6177139,43.34172821,86.6212616,43.37706375,57.7094574,43.41308212,408.2674255,
44.00833511,139.8778381,44.04514694,87.31545258,44.08124924,62.33026123,44.116539,442.5336914,44.26231384,144.2531128,44.22695541,93.68081665,44.19222641,59.6904068,44.15547943,455.4030151,44.30472946,120.3748016,44.34070587,86.80073547,44.37439728,57.30168533,44.41031265,408.0710449,
45.00833511,141.103653,45.04524994,88.16316986,45.08081055,62.49476242,45.11637497,442.2962952,45.26387405,143.9033966,45.22780991,94.44442749,45.19170761,59.67621994,45.15525055,452.4980774,45.30412674,119.0000153,45.33922958,86.92408752,45.37562561,56.72068787,45.41104507,406.414093,
46.00833511,141.9617615,46.04406357,85.97680664,46.08003998,62.1524353,46.11631393,442.0576172,46.26362228,145.5568848,46.22795868,94.46182251,46.19174957,58.82275391,46.15587616,468.0470886,46.30456161,120.9889755,46.34073257,86.7627182,46.37779236,56.87320709,46.41255951,407.4178772,
47.00833511,140.4835358,47.04354095,86.6398468,47.07875061,62.31603241,47.11479187,443.4972229,47.26153946,144.9062958,47.22491837,93.42816925,47.19047928,59.36675644,47.15446091,469.284668,47.30112457,120.4318237,47.33720779,86.73490906,47.37287521,57.40996552,47.40872955,406.509552,
48.00833511,141.1967773,48.04512405,86.02857971,48.08012772,63.1160202,48.11639404,444.7308044,48.26304245,145.4086304,48.22737503,93.87078857,48.19339752,60.26830292,48.15758514,466.2275085,48.30295944,121.7094574,48.33887482,86.81587982,48.37389755,57.39530563,48.409729,403.5497742,
49.00833511,140.4486847,49.04387665,86.90296936,49.07954025,62.17123032,49.11556244,441.9129028,49.26437759,144.833374,49.22806549,93.53713226,49.19237518,60.23553848,49.15729141,462.4386902,49.30454254,119.1444397,49.33921051,87.49337769,49.37514496,57.03200912,49.41114426,403.4356689,
50.00833511,139.5006104,50.04408264,87.19660187,50.08020782,62.16567993,50.11672592,438.7391968,50.26487732,144.3199768,50.22920609,93.37539673,50.19406509,59.55847931,50.15756607,455.7954407,50.30698013,120.6903839,50.34287643,85.64562225,50.37929153,57.67074585,50.41487503,403.7672729,
51.00833511,140.4991913,51.04572678,86.09393311,51.08156204,63.92464828,51.11698151,438.6181335,51.26408386,145.0039673,51.2287941,93.77884674,51.19287491,59.73198318,51.15704346,451.1967163,51.304039,121.5085297,51.34012604,85.98353577,51.37572861,57.63715744,51.41156387,404.385498,
52.00833511,141.5053253,52.04491806,85.80236053,52.08024979,62.9281044,52.11639404,439.2134094,52.26304245,144.2471313,52.22670746,93.00778198,52.19197845,60.21331787,52.15620804,449.5257568,52.30264664,120.9733124,52.33862305,86.2730484,52.37321091,57.80514145,52.40898132,402.6376038,
53.00833511,140.8041229,53.04337692,86.13611603,53.07997894,62.46577835,53.11597824,440.2213135,53.2625618,144.7825165,53.22706223,92.52616119,53.1908989,59.58242416,53.15504074,448.647583,53.30170822,119.1616592,53.3380394,86.6977005,53.37397766,57.46151352,53.40922928,402.1062622,
54.00833511,141.9602203,54.04456329,86.5246582,54.08003998,62.74901962,54.11579132,439.0344543,54.2622261,146.5985718,54.22687531,92.65451813,54.19153976,60.35590363,54.15554047,447.8417053,54.30387497,121.9497757,54.33956146,86.36750031,54.37498093,57.01255035,54.41072845,402.3121643,
55.00833511,141.7684326,55.04441833,86.49243927,55.07997894,63.71593475,55.11603928,437.9879456,55.26525116,146.9465942,55.22887421,93.71957397,55.19421005,60.45959473,55.15737152,439.6704407,55.30445862,119.8537216,55.3396225,85.89407349,55.37604141,57.07795715,55.41141891,401.7017822,
56.00833511,140.9153137,56.04320908,85.63587952,56.07896042,63.83794403,56.11537552,437.2623596,56.26187515,145.7852478,56.22556305,92.24494934,56.19020844,60.83010101,56.15420914,433.9868774,56.30139542,120.4603348,56.33637619,86.28727722,56.37204361,57.39027786,56.40870667,401.2114563,
57.00833511,141.3970184,57.0437088,84.8080368,57.07889557,62.71059036,57.11504364,435.128479,57.26337433,144.7319641,57.22754288,93.01103973,57.19220734,60.21693039,57.15572739,425.8204346,57.30420685,120.334259,57.33964539,87.06147003,57.37572861,57.57371521,57.41012192,397.8470764,
58.00833511,141.4387512,58.04372787,85.40077209,58.07896042,62.64016724,58.1150856,437.2971802,58.26306152,145.4789124,58.22754288,93.06381226,58.19270706,60.08313751,58.15671158,426.2005615,58.30262375,121.4857559,58.33904266,86.93798065,58.37504196,57.82059479,58.41025162,397.2581787,
59.00833511,141.7868195,59.04481125,85.27642822,59.07939529,63.47128677,59.1157074,438.1389771,59.26406097,144.729248,59.22789764,93.31564331,59.19241714,61.26631165,59.15706253,427.5971069,59.30341721,120.6792374,59.33956146,85.53095245,59.37504196,57.34936523,59.41108322,399.0498657,
60.00833511,140.4430847,60.04322815,86.21340179,60.07954025,62.87151718,60.1162529,433.3337097,60.26220703,144.6128693,60.22587585,92.11733246,60.19041824,60.88801575,60.15504074,426.4412842,60.30273056,120.2890625,60.33874893,86.29373932,60.37481308,58.22274017,60.41072845,397.6137085,
61.00833511,141.0733643,61.04372787,85.89504242,61.07922745,63.43897247,61.1150856,435.2060547,61.25997543,144.3002319,61.22454071,92.38787079,61.19104004,60.90700531,61.15504074,426.735321,61.30170822,120.9867783,61.33731461,86.18424225,61.37321091,58.07144547,61.41004181,393.2302856,
62.00833511,141.0578003,62.04481125,84.89639282,62.08137512,63.04247665,62.116539,429.114624,62.26523209,144.6098175,62.22956085,92.173172,62.19371033,60.37904358,62.15837479,426.4607544,62.30554199,120.6363068,62.34137344,86.31110382,62.37739563,57.74751663,62.41370773,397.980835,
63.00833511,141.2454987,63.04375076,86.29528809,63.0802269,63.87869263,63.11573029,435.788269,63.2628746,144.5141754,63.22820663,93.10487366,63.19153976,60.24960327,63.15489578,428.1172485,63.30389404,121.0885925,63.34056473,85.48581696,63.37608337,58.15519333,63.41237259,395.1401367,
64.0083313,141.6359863,64.04438019,86.25881195,64.08055878,63.05604553,64.11614227,430.8949585,64.26255798,144.5783539,64.2270813,93.04475403,64.19137573,59.81915665,64.15556335,423.8629456,64.30420685,119.0823669,64.33856201,85.40992737,64.37422943,58.24055481,64.40962219,391.885498,
65.0083313,140.5810699,65.04325104,86.88687134,65.07941437,62.67765045,65.11581421,430.9914551,65.26371002,144.6282806,65.22806549,92.71551514,65.19289398,61.33070374,65.15704346,425.7875366,65.30489349,120.9051514,65.34104156,85.73880768,65.37697601,57.93030548,65.41337585,393.3526306,
66.0083313,139.8502808,66.04462433,84.82057953,66.08024597,63.09840012,66.11670685,431.3196716,66.26589966,144.1707916,66.22946167,92.59221649,66.19422913,61.73487091,66.15839386,425.6669617,66.30539703,120.1607285,66.34141541,86.31318665,66.37722778,58.10940933,66.41246033,392.9703979,
67.0083313,140.4816589,67.04289246,84.92928314,67.07923126,64.12886047,67.11458588,427.9928589,67.26222992,145.014679,67.22622681,92.88217163,67.19006348,62.2170105,67.15437317,425.950592,67.30356598,120.8921432,67.33964539,86.63574219,67.37581635,58.35263062,67.41153717,389.9573669,
68.0083313,141.3958435,68.04441833,84.20413971,68.07941437,63.11167145,68.11521149,428.8424683,68.26374817,146.4284363,68.22837067,93.73871613,68.19272614,62.22847366,68.15656281,426.2688599,68.30356598,119.6805344,68.33964539,86.18022156,68.37489319,58.20314026,68.4107132,388.9065247,
69.0083313,141.2902679,69.04405975,84.42276764,69.07987213,63.80694199,69.11554718,426.6914673,69.26390076,145.4082031,69.22789764,92.68925476,69.19221497,60.94380951,69.15589142,424.9458923,69.30490112,121.5542603,69.34089661,86.46704865,69.37705994,58.59801865,69.41171265,388.7012024,
70.0083313,141.8587952,70.04331207,85.27585602,70.07956696,63.77223206,70.11556244,430.2062988,70.2592926,145.6595154,70.22473145,93.70951843,70.18989563,61.87302017,70.1548996,423.5859985,70.30095673,121.5606308,70.33647919,85.98112488,70.37239838,57.94736099,70.40804291,390.0497742,
71.0083313,141.6721954,71.04447937,85.31058502,71.08070374,63.25615311,71.11706543,427.2750854,71.26521301,145.6231995,71.22939301,92.48491669,71.19408417,61.34397125,71.15840149,424.7862549,71.304245,121.3056259,71.34020996,86.42625427,71.37608337,58.8004303,71.41181946,389.8190918,
72.0083313,140.617218,72.04495239,84.28755951,72.07979584,63.6548233,72.1158905,426.1200867,72.26320648,145.3196106,72.22745514,93.06674957,72.19107819,61.67750168,72.15558624,423.0005188,72.30337524,120.1561966,72.33879089,86.13187408,72.37421417,58.04307556,72.41020203,385.4786987,
73.0083313,141.7351379,73.04329681,85.29598236,73.07771301,64.03605652,73.11320496,424.3702087,73.26220703,146.3357239,73.22624969,93.75294495,73.19055939,62.13975525,73.15447235,425.407135,73.30224609,119.9878006,73.3385849,86.49249268,73.37537384,57.7737999,73.4122467,386.6645203,
74.0083313,142.6541443,74.04404449,85.60687256,74.08023071,63.31513214,74.11606598,427.5146484,74.26428986,145.1345215,74.22904205,92.92449951,74.19255829,61.55195999,74.15656281,420.9767761,74.30554199,121.1734924,74.34223175,85.96910095,74.37812805,58.29256439,74.41313934,384.4013062,
75.0083313,141.1655426,75.04456329,84.46848297,75.07956696,64.26428986,75.11514282,422.9432373,75.26480865,145.064621,75.2282486,91.771698,75.19255829,61.96660614,75.15689087,425.3004761,75.30622864,120.0620193,75.34130859,86.57157898,75.3768692,57.92567062,75.41172791,385.1586304,
76.0083313,141.3189545,76.04472351,84.53954315,76.08113098,63.94052505,76.11681366,422.2840576,76.26573181,146.0821075,76.23008728,92.52278137,76.19406128,61.95414734,76.15837097,424.3243408,76.30737305,120.0104523,76.34391022,85.7802887,76.38014221,57.93071365,76.41603851,384.2843323,
77.0083313,141.8838654,77.04472351,83.4599762,77.08023071,64.84899902,77.11647797,423.2358093,77.26329041,145.5513763,77.22737885,92.10978699,77.19098663,62.214077,77.15603638,422.2507324,77.30422974,120.1612015,77.340065,85.98703766,77.37645721,58.07064056,77.41204071,385.7750244,
78.0083313,141.6703186,78.04386902,84.0795517,78.07897949,63.40370941,78.11487579,416.809845,78.26229095,146.4493866,78.22672272,91.78623962,78.19070435,62.10470963,78.15523529,421.2270813,78.30406189,119.9400177,78.33895874,85.93914795,78.37506866,58.10162735,78.41104126,378.7284241,
79.0083313,141.5136414,79.04472351,85.18448639,79.08070374,63.10795975,79.11640167,420.1397095,79.26339722,147.514801,79.22853851,91.27072906,79.19254303,62.4865303,79.15646362,422.4849548,79.30439758,120.372963,79.3396225,86.7379837,79.37570953,57.67805099,79.41153717,383.7912903,
80.0083313,141.1561737,80.04415131,84.72076416,80.0801239,63.99901199,80.11604309,418.2743225,80.26621246,146.115509,80.23023224,91.82836151,80.19404602,62.49380112,80.15739441,421.063324,80.30754089,121.4008026,80.34337616,85.80741119,80.37828827,58.81478119,80.41420746,382.3774109,
81.0083313,140.9420929,81.04405975,83.62223816,81.08087921,63.72915268,81.11611938,417.7018433,81.26372528,146.331543,81.2273941,91.63071442,81.19187927,62.50642395,81.15608978,420.8841248,81.30323029,121.0992279,81.33856964,85.38771057,81.37389374,58.22906113,81.41020203,380.4676208,
82.0083313,140.3505859,82.04564667,84.82463074,82.08137512,64.31040955,82.11637115,418.5391541,82.26541138,144.880127,82.22953796,91.6561203,82.19389343,62.28045654,82.15703583,422.6869812,82.30541992,120.5106201,82.34114838,85.764328,82.37722778,58.03980637,82.41262054,381.2861328,
83.0083313,140.7372437,83.04470825,83.58664703,83.07987213,63.36127853,83.11621094,416.7685547,83.26573181,145.9663544,83.22953796,91.79602051,83.19371033,62.49872971,83.15781403,419.4833069,83.30703735,120.5120087,83.34353638,85.65359497,83.37889862,58.38497543,83.41537476,378.2844849,
84.0083313,143.0714722,84.04523468,83.86254883,84.08054352,64.4524231,84.11670685,414.4905701,84.26480865,145.6592407,84.2282486,91.17441559,84.19237518,62.85383606,84.15637207,421.6475525,84.30456543,121.3387909,84.34072876,85.75911713,84.37506866,58.50048447,84.4108963,378.0455933,
85.0083313,140.2978973,85.04553986,83.90811157,85.08091736,63.49258041,85.11681366,413.994873,85.26103973,145.3997345,85.22712708,91.59716797,85.19098663,62.32149506,85.15603638,419.0785828,85.30125427,121.3225632,85.33664703,84.76776886,85.37287903,58.48743057,85.40912628,377.7962952,
86.0083313,143.1703033,86.0448761,83.52590942,86.07987213,63.489048,86.11679077,411.677948,86.26454163,146.6459808,86.22871399,91.20805359,86.19271088,62.89640808,86.1580658,419.0975037,86.30506134,119.8264313,86.33987427,85.09520721,86.37620544,58.1998291,86.41175079,375.8674927,
87.0083313,142.6740875,87.04372406,83.82505035,87.0792923,62.93816757,87.11522675,409.2317505,87.26370239,145.5567627,87.22756195,92.77733612,87.19208527,62.39467239,87.15670776,419.3477478,87.30522919,120.21595,87.34141541,85.34098053,87.37604523,58.84570313,87.41256714,375.597229,
88.0083313,142.4265594,88.04424286,83.47105408,88.07990265,63.51523972,88.11573029,408.4092712,88.26454163,144.6332245,88.22820282,91.05762482,88.19273376,63.45992661,88.15714264,417.7327271,88.3056488,120.0054703,88.34181213,85.20246124,88.37724304,58.23926544,88.41306305,375.5998535,
89.0083313,142.5535126,89.04356384,84.00826263,89.07889557,62.83319855,89.11491394,408.7386475,89.26120758,145.7840118,89.2273941,90.91417694,89.19104004,62.28834152,89.15539551,419.4358826,89.30020905,121.3059769,89.33591461,85.94655609,89.37190247,58.72086334,89.40714264,374.5882874,
90.0083313,141.6526642,90.04273224,83.85519409,90.07872772,64.3082428,90.11521149,411.915802,90.26137543,145.139679,90.22554779,91.78217316,90.18987274,62.47793961,90.15514374,419.8163757,90.30224609,121.1370621,90.33771515,85.60475922,90.37406158,57.77650833,90.40973663,372.7747498,
91.0083313,144.0496063,91.04372406,83.88986206,91.08097839,63.7065773,91.11656189,409.0615234,91.26274872,145.9471893,91.2273941,90.57958984,91.19241333,62.15402985,91.15537262,415.2062683,91.30297852,120.5520706,91.33773041,85.43888855,91.37407684,58.56507111,91.41005707,370.1705627,
92.0083313,143.4438477,92.04489899,83.97839355,92.08154297,64.06459045,92.11754608,411.5810852,92.26462555,146.6472626,92.22841644,91.01584625,92.19287109,63.69436646,92.15673065,417.3970947,92.30606079,120.7228699,92.34172821,85.39550781,92.3772049,58.24879837,92.41223145,367.1766357,
93.0083313,139.9053192,93.0448761,83.04784393,93.08029175,62.92071915,93.11692047,409.8018799,93.2647934,145.9199982,93.22905731,90.77796173,93.19358826,61.8534584,93.15787506,417.0533142,93.30608368,120.393364,93.34264374,85.46595764,93.37870789,58.49300003,93.41356659,369.1949768,
94.0083313,142.0810089,94.04415131,82.53221893,94.08065033,63.61343765,94.11640167,407.4367065,94.26387787,145.1660919,94.22787476,90.66287994,94.19212341,63.70950317,94.15739441,417.7550049,94.30437469,120.9966125,94.3401413,85.75237274,94.37622833,58.51057434,94.41171265,360.9188232,
95.0083313,140.6042938,95.04447937,82.05004883,95.08039856,63.72418213,95.11624908,410.4162598,95.26329041,145.6959381,95.22722626,91.25093079,95.19148254,62.75153732,95.15608978,415.5357666,95.30337524,119.5417404,95.33870697,85.85345459,95.37489319,59.2242012,95.41029358,361.3181763,
96.0083313,142.7970734,96.04320526,83.57558441,96.07937622,63.27202225,96.11573029,407.6778564,96.26390076,145.2330933,96.22830963,89.76356506,96.19287109,61.84630585,96.15687561,416.0389099,96.30422974,120.0416489,96.34004211,85.8349762,96.37622833,58.04436111,96.4125824,362.9482422,
97.0083313,142.7175293,97.04439545,83.41427612,97.08087921,63.32282639,97.11637115,408.3888855,97.26256561,145.26297,97.22748566,90.18234253,97.19114685,63.22258759,97.15596008,418.3007813,97.30414581,119.0639496,97.33939362,86.10921478,97.37589264,58.34404373,97.41153717,360.7362061,
98.0083313,141.8213348,98.04524994,83.29933929,98.08113098,62.47884369,98.11637115,402.3309021,98.26406097,145.4691162,98.2280426,91.90257263,98.19206238,62.71403122,98.15622711,414.1856995,98.30514526,120.023613,98.33947754,85.37423706,98.3736496,58.25724411,98.40973663,361.9739685,
99.0083313,142.7998352,99.04386902,82.66840363,99.0801239,63.80160904,99.11573029,408.0603943,99.26554108,144.5134277,99.22872925,90.21308136,99.19320679,63.04864502,99.15724945,414.7203979,99.30654144,120.2245102,99.34273529,84.85271454,99.3776474,58.83692932,99.41387177,359.4866333,
100.0083313,141.8178711,100.0439606,83.24136353,100.0797272,62.88780212,100.1152115,404.438446,100.2620468,146.9924316,100.2269745,90.69583893,100.1908798,62.6101265,100.1552505,414.3497314,100.3018112,119.9529419,100.338707,86.05947876,100.3744812,58.87797928,100.4098969,357.6117249,
101.0083313,141.9868164,101.043541,82.94148254,101.0787888,63.41691971,101.115036,405.0225525,101.2605667,145.2929077,101.225708,89.77245331,101.1898117,62.12553787,101.1545639,414.2368164,101.3018951,120.9021683,101.3374786,85.39711761,101.3729782,58.35540009,101.4080429,356.7372437,
102.0083313,141.7075653,102.0432968,83.68475342,102.0799179,63.61278915,102.1152496,404.587616,102.2632065,144.6123505,102.2283783,89.54920959,102.1920853,62.13243103,102.1562119,410.8511047,102.3052063,119.4699402,102.3407288,84.83567047,102.3762512,58.94765854,102.4123154,357.3740845,
103.0083313,143.2990112,103.0445404,82.30685425,103.0800629,62.8996048,103.1170425,401.7046204,103.2657089,146.7529449,103.2295685,89.57337952,103.1933899,62.58490753,103.1573715,412.9464417,103.3050461,120.5614395,103.3401413,86.68429565,103.3743973,58.70946503,103.41008,357.9469299,
104.0083313,141.7960052,104.0433731,82.80027008,104.0788956,62.87371445,104.114212,401.1741333,104.2625427,144.4884949,104.2270432,89.4753952,104.1912918,63.31821442,104.1553116,412.6135559,104.3020859,120.8587494,104.3377151,85.49736023,104.3740387,58.76814651,104.410202,355.6592102,
105.0083313,141.9840088,105.044899,81.36493683,105.0799179,63.28529739,105.1160812,402.1429749,105.2654114,145.855896,105.2292099,89.75467682,105.1934814,62.80443954,105.1580429,413.2801819,105.3048782,120.0255127,105.3418808,84.48540497,105.3777084,58.05237961,105.41362,355.8283386,
106.0083313,142.3141785,106.0423737,82.28325653,106.0782089,64.09317017,106.1138763,403.4036865,106.2617264,146.075882,106.2262268,89.75489044,106.1900787,63.0863533,106.1547089,410.5317688,106.302536,121.245079,106.3381424,86.00982666,106.3731461,58.79982376,106.4095383,352.9724731,
107.0083313,141.6216431,107.0435867,81.9473877,107.0792465,62.83081436,107.1155624,400.9859924,107.2625427,145.6356354,107.2262955,89.46453857,107.1905441,61.94001007,107.1545639,409.6448364,107.3037262,121.1829147,107.3392258,85.34178925,107.3753967,58.43356705,107.4107132,353.243103,
108.0083313,141.3783417,108.0445633,82.71552277,108.0804596,63.04550171,108.116066,403.5035095,108.2635651,146.9290924,108.2278976,89.8319931,108.1920395,63.04010773,108.1562271,410.7835693,108.3043976,118.992157,108.3400803,85.19442749,108.3767242,58.10633469,108.4122467,353.6364746,
109.0083313,141.3172913,109.044899,81.82636261,109.0810394,62.9192009,109.1170654,399.4923401,109.2650833,145.552002,109.229248,89.46875763,109.1933746,62.90619659,109.1577072,409.5404053,109.3065567,119.8888321,109.3421249,85.49732971,109.37854,58.50469208,109.4145584,350.130127,
110.0083313,141.5661621,110.0445633,82.06949615,110.0797119,63.16732025,110.1158905,399.7228088,110.2623749,146.1752472,110.2270432,90.10379791,110.1903763,61.80160904,110.1553955,408.1720276,110.3023911,120.8288574,110.3385849,84.74369812,110.3741226,58.80859375,110.409874,349.453186,
111.0083313,141.8759155,111.0449142,81.83898926,111.0806503,63.73629761,111.1166458,399.4358215,111.2634201,145.1516724,111.227417,90.50199127,111.1918793,62.72831726,111.1558914,406.9565125,111.3037262,119.9538422,111.3393707,85.15837097,111.374588,58.71377182,111.411232,348.2814941,
112.0083313,142.170105,112.0438995,83.22776031,112.0799789,63.55074692,112.1162109,401.0421143,112.2632294,147.2187347,112.2270432,89.25172424,112.1913071,63.78670883,112.1552048,406.7803955,112.3022308,119.7022018,112.3386459,84.67992401,112.3731308,58.3369751,112.4097366,350.2242126,
113.0083313,140.9792175,113.0432281,82.39086151,113.0793762,62.88754272,113.1157074,395.1757202,113.264061,145.986084,113.2288055,89.26280975,113.1930389,63.51109695,113.1566467,407.0890198,113.3043747,120.5702057,113.340126,84.69386292,113.3752518,58.77345657,113.4110565,351.3551025,
114.0083313,141.9960938,114.0449524,82.78787994,114.0803146,62.66915131,114.1157913,397.2607117,114.2645416,147.0222015,114.2290421,89.23583984,114.1934128,62.63055038,114.1573715,407.3908997,114.3062286,119.1841583,114.342041,85.00326538,114.3784866,58.27375412,114.4140854,353.3801575,
115.0083313,142.2519073,115.0439148,81.66182709,115.0801239,63.16102219,115.1149597,397.8515015,115.2623978,146.5190277,115.2263107,89.03077698,115.1904755,63.08149719,115.1547089,407.7928772,115.3039551,119.5290298,115.3392105,85.46688843,115.3753738,58.06588745,115.4109802,348.071106,
116.0083313,141.728653,116.0446472,82.26642609,116.0802917,63.18749619,116.1153946,393.3404236,116.262207,147.2593384,116.2260437,89.07784271,116.1900635,63.18167496,116.1552353,406.0340576,116.3013992,119.8955765,116.3373795,84.84265137,116.3724747,59.35533524,116.4094543,344.5218506,
117.0083313,141.6673584,117.0439148,82.07983398,117.079567,63.52563095,117.1160431,397.7701416,117.2623749,144.5469666,117.2272034,90.03916168,117.1909866,62.58373642,117.1553726,404.7191467,117.3017883,119.2290039,117.3374557,84.95680237,117.3742142,58.42699432,117.4094543,345.7392883,
118.0083313,141.748291,118.0457306,81.74821472,118.0806198,63.16420364,118.115921,393.5216064,118.2655563,146.4560394,118.2292099,89.40979767,118.1933746,62.91500473,118.1577301,405.1296082,118.3052902,119.6678467,118.3408737,84.34963989,118.3760834,59.19112778,118.4120865,346.4872131,
119.0083313,141.9129944,119.0447235,82.02736664,119.0803986,62.57925034,119.1166458,396.5365601,119.2632065,145.6610565,119.2274857,89.09642792,119.1921463,62.50019455,119.1562881,403.8651123,119.3048782,120.668808,119.3410416,83.85765076,119.3770599,58.18800354,119.4133759,347.5309143,
120.0083313,141.3938751,120.043541,82.40519714,120.0791397,62.0005188,120.1153717,396.3164673,120.2635651,145.4188538,120.2278748,89.05806732,120.192215,63.30159378,120.1566467,405.5040894,120.3050461,119.2035141,120.3410416,84.78208923,120.3772278,58.15709305,120.4143753,346.8244629,
121.0083313,141.3835602,121.0442047,82.30187225,121.0792313,62.54780197,121.1156464,397.4475708,121.262291,145.1142731,121.2267075,88.75922394,121.1913986,62.73630142,121.1558914,404.1219177,121.3015594,119.8809738,121.3376465,85.33937836,121.3729553,58.88795471,121.409584,344.412323,
122.0083313,142.8832397,122.0435638,82.00608826,122.0788956,62.9084053,122.1145554,396.625824,122.2608719,146.4552002,122.2268982,88.55556488,122.1913757,63.49143219,122.1550446,402.6158447,122.3015594,120.3514481,122.3372345,84.54979706,122.3727264,58.6019249,122.4087296,345.4017944,
123.0083313,142.1416016,123.0438995,82.26473236,123.0798721,62.48708344,123.1162949,394.9472961,123.2648926,146.0502167,123.2287292,89.36479187,123.1928177,63.01776886,123.1570663,404.7148132,123.3061447,119.7756729,123.3420639,83.87813568,123.3780594,58.41973495,123.4135666,345.9570313,
124.0083313,143.1017761,124.0447083,81.74167633,124.080368,61.61318207,124.1167297,392.2091064,124.2649155,146.4758453,124.2282333,88.62044525,124.1922302,63.35729218,124.1572495,400.0860901,124.3050613,120.1564484,124.3410416,84.43894196,124.376709,57.61184311,124.4129791,346.1311035,
125.0083313,142.2224579,125.0442047,81.72737122,125.0793915,61.89077759,125.1148911,390.7653809,125.2634583,145.5080414,125.2282028,88.27141571,125.1926422,63.1236496,125.1572495,400.5298462,125.3032303,120.3332367,125.338707,84.49572754,125.3740768,58.20941925,125.4101486,345.8677063,
126.0083313,140.6343384,126.0437088,81.50146484,126.0797119,62.13909912,126.115036,391.4691467,126.2617264,146.6681213,126.2269592,88.15647888,126.1908798,63.49383163,126.1557083,400.4301147,126.3020554,119.166008,126.3378983,85.27325439,126.3735428,58.47373199,126.4094772,343.2954102,
127.0083313,140.2284851,127.0427094,81.86360168,127.0789795,61.84215164,127.1147461,390.8322449,127.2635422,146.5860138,127.2272034,88.86470032,127.1908798,63.73421097,127.1557083,400.8013916,127.3039169,120.1362991,127.340416,84.87509155,127.3769608,57.76227951,127.413063,341.8760376,
128.0083313,140.3820496,128.0442352,81.16608429,128.0796509,62.37561417,128.1157379,390.4292908,128.265213,146.2408142,128.2289581,88.75272369,128.1929169,62.70104599,128.1577301,402.243927,128.3059235,119.6850586,128.3414001,84.72158051,128.377243,58.51667023,128.4125671,340.409668,
129.0083313,141.6779938,129.0445709,81.80867767,129.0794525,61.46484756,129.1152496,390.2470703,129.2649841,145.2761688,129.2290649,88.23187256,129.1932526,63.03551102,129.1567535,402.8110962,129.305954,119.5944138,129.3414001,84.76926422,129.3773804,59.11655045,129.4125671,344.1841736,
130.0083313,140.6030579,130.0442047,82.18204498,130.078537,62.04732895,130.1147919,389.5957642,130.263382,145.5448608,130.2275391,88.89931488,130.192215,63.33416748,130.1568146,400.1463318,130.3047485,120.4856796,130.3400726,84.42482758,130.3763733,58.5222702,130.4125671,339.7729797,
131.0083313,142.1008301,131.0438995,81.39494324,131.0793762,62.39585876,131.1154022,389.8903809,131.2638092,145.8021088,131.2278748,88.28430176,131.1917114,63.56127548,131.1555786,398.8119202,131.3035583,119.5484085,131.339035,84.27703857,131.3748779,58.44670105,131.4112091,344.0382385,
132.0083313,140.9526215,132.0446472,81.17234802,132.0802307,62.3327446,132.1167297,389.7447205,132.2647247,146.3542175,132.228714,88.41156006,132.1932526,62.77722168,132.157135,401.3675232,132.303894,120.2776794,132.3397369,84.85176849,132.3759003,58.18246078,132.4117584,338.4722595,
133.0083313,142.1231995,133.044754,80.58921814,133.0803986,62.56429672,133.1166229,387.5769043,133.2648773,146.5601807,133.2288971,88.63240814,133.1929016,63.85154343,133.1567535,398.8560486,133.3047485,118.5276718,133.340744,84.94839478,133.3759003,57.64821625,133.4113922,342.1487122,
134.0083313,140.8161469,134.0435944,81.86969757,134.080307,61.48283768,134.1166382,388.2860107,134.2631378,145.9888,134.2277069,87.43053436,134.1920624,64.3282547,134.155899,400.0197754,134.3037262,119.3913574,134.3398743,84.50120544,134.3752136,58.87833405,134.4109039,342.0523071,
135.0083313,141.2713318,135.0448914,82.02127838,135.0810394,60.8628273,135.1168823,390.0039368,135.2629852,145.7847443,135.2275696,87.63318634,135.1918945,63.3894577,135.1563721,398.0439453,135.3029022,118.6472092,135.3394012,85.62747955,135.3752136,58.57839584,135.410965,342.7391968,
136.0083313,140.1878967,136.043396,82.25679779,136.0798798,61.31521606,136.1160583,387.0269165,136.2632446,144.7615509,136.2285461,87.93013,136.1923981,63.65317154,136.1569824,399.7089539,136.3043976,119.5007553,136.3405457,84.86136627,136.3764038,58.65584183,136.4122009,338.2006531,
137.0083313,140.5212555,137.0440369,81.08000183,137.0794525,61.60774231,137.1159821,387.8574829,137.2649689,145.4521179,137.228714,88.51023102,137.1932068,63.2468071,137.1573792,398.4385071,137.3062439,120.3279953,137.3422852,84.13578033,137.3783722,58.25793076,137.4143829,341.2323303,
138.0083313,141.0712738,138.0449829,81.20520782,138.0813751,61.29545975,138.1168823,387.53479,138.2635651,145.7172852,138.2271423,87.91566467,138.1915741,62.5720253,138.1555328,396.6867371,138.3032074,119.0794296,138.3388672,83.5713501,138.3742371,58.42650223,138.4100647,339.9890137,
139.0083313,141.5344238,139.0438843,81.19837952,139.0787201,62.0001564,139.1148987,386.7999878,139.2620544,145.2039795,139.2258759,87.04503632,139.190567,63.68419647,139.1543884,397.8074951,139.3013153,120.0160828,139.3367004,83.98297882,139.3725586,58.59584045,139.4083862,339.5451965,
140.0083313,141.345993,140.0438843,81.22421265,140.0797882,61.01187515,140.1152954,384.3815613,140.2642212,146.9694672,140.2285461,86.91418457,140.1933899,63.55897903,140.1575317,397.8547974,140.3043976,121.1820602,140.3400421,85.12287903,140.3761292,58.57062912,140.4123688,333.9949341,
141.0083313,141.5942993,141.0432129,80.28250122,141.0795898,60.77996826,141.1155548,384.9049683,141.263382,145.1758423,141.2278748,87.89756012,141.1927643,63.21499634,141.1565704,397.9786987,141.3037415,118.3173981,141.3395691,85.30773163,141.375061,58.6724205,141.4117279,337.904541,
142.0083313,141.4232635,142.0445709,80.50067902,142.0805359,60.98680115,142.1162415,385.4051208,142.264801,146.77211,142.2294769,87.44815826,142.1935425,63.19233704,142.1575317,393.8296814,142.3042297,119.8795242,142.3397369,84.45472717,142.3753967,58.91999817,142.4115448,338.3221436,
143.0083313,142.1425934,143.0429077,81.00379181,143.0790405,60.32825089,143.1155396,384.7947083,143.2635651,145.734726,143.2284088,87.38348389,143.1928711,62.55818939,143.156723,396.5866699,143.3037262,120.2748718,143.3393707,84.63689423,143.375473,58.08026886,143.4117279,335.9847107,
144.0083313,141.8769531,144.0442047,81.5317688,144.0800476,60.64424515,144.1155548,387.3284607,144.2623749,146.2283325,144.2272186,87.5991745,144.1915436,63.64607239,144.1555328,395.2312012,144.3022308,118.5809784,144.3382111,84.16212463,144.3738708,57.51073074,144.4101257,335.7697754,
145.0083313,140.5863647,145.042984,81.22277069,145.0795593,60.68383026,145.1147308,383.5637817,145.2617035,146.2837372,145.2253723,87.76828003,145.1895294,63.41343307,145.1542206,395.4974365,145.3025513,120.4105225,145.3386383,83.84381866,145.3736267,58.51596069,145.4099121,337.8719177,
146.0083313,141.7947388,146.0427856,80.54084778,146.0792389,60.35520554,146.1150513,384.4590759,146.2602234,145.1672211,146.2247009,87.22872162,146.190033,62.80218124,146.1544647,394.6249695,146.3014221,120.389183,146.3378754,85.04211426,146.3735657,57.77674103,146.410141,335.3936768,
147.0083313,141.4106903,147.0438995,81.04431152,147.080368,60.22436523,147.1158752,380.5509644,147.2632446,147.4145508,147.2277374,87.85083008,147.1906433,63.29553604,147.1550751,391.4847107,147.3023834,119.1423569,147.3382416,83.22476196,147.3740387,58.2071228,147.4104156,333.4682312,
148.0083313,140.9615173,148.0435486,80.3694458,148.0788116,60.25999069,148.1154175,382.7027283,148.2625427,146.149765,148.2272186,88.28772736,148.1929016,63.50494003,148.1563873,392.2026978,148.3013611,120.361496,148.3373718,83.97730255,148.3732147,58.56422424,148.4078827,335.1191711,
149.0083313,141.3894348,149.0450287,80.39094543,149.081543,59.84687805,149.1169128,382.743042,149.2655487,144.1238403,149.2300568,86.91320038,149.1945496,63.67596054,149.1586304,391.7247314,149.3048248,119.4655151,149.3413086,83.68856049,149.3770599,58.75453568,149.4122009,334.9609985,
150.0083313,142.3164978,150.0437469,80.8780899,150.0777283,60.02879333,150.1138611,383.8946838,150.2618866,145.2147522,150.2265472,87.76691437,150.1903839,63.73721313,150.1547852,390.2959595,150.3017273,119.4002533,150.3377228,84.75624847,150.3732452,58.7567749,150.4098206,332.9101868,
151.0083313,141.7795563,151.0447235,80.75336456,151.0808868,60.35525513,151.1172791,378.668396,151.2657623,146.455307,151.2302094,86.77573395,151.194809,64.77726746,151.1584625,392.3066406,151.3063049,119.7455139,151.3418732,83.68683624,151.3767242,58.37446976,151.4125671,334.8521423,
152.0083313,142.3894348,152.0453949,80.55774689,152.0803986,60.22785568,152.1168976,383.2479248,152.2646332,146.2505188,152.2284088,87.32787323,152.1934662,62.89988708,152.1582794,390.6943665,152.3058777,118.7233658,152.342392,83.86994171,152.3777924,57.78868484,152.412735,334.0168762,
153.0083313,141.9764709,153.0448761,81.71325684,153.0807495,60.26675415,153.1153107,382.0054016,153.2647095,144.4189453,153.2282562,86.54737854,153.1927032,63.93835831,153.1564026,392.4923706,153.3058777,119.5287247,153.3419037,84.40827179,153.3770599,58.51719666,153.4132233,329.8894043,
154.0083313,139.8604889,154.0440369,80.96159363,154.0796967,60.11994934,154.1152039,380.2585449,154.2642212,144.6441803,154.2285461,86.60547638,154.1923981,63.60060883,154.1565399,390.1957703,154.3037872,120.2315674,154.3402557,84.17012024,154.3757324,57.3832016,154.4115601,327.4096069,
155.0083313,142.0242157,155.042923,79.28407288,155.0785522,59.83947372,155.1147308,380.3052673,155.2615356,145.6627502,155.2258759,87.04084015,155.1902313,64.06536865,155.1541443,386.7736511,155.3022156,119.846077,155.3384705,84.21517181,155.3737946,58.4944458,155.4103699,332.5563965,
156.0083313,141.195343,156.0437012,79.90116119,156.079895,60.7441597,156.1157074,381.8589783,156.2659454,145.2119751,156.2287292,87.28477478,156.1925812,63.5681839,156.1572113,389.1460876,156.3078003,119.2981415,156.3437042,84.96141052,156.3790436,58.42671967,156.4138184,330.1140442,
157.0083313,141.2264557,157.0437012,79.51248169,157.0793915,59.99773026,157.1154785,381.0955811,157.2628784,144.6312103,157.2263641,86.8376236,157.1908722,63.5223465,157.1550446,389.862854,157.3025513,119.3616409,157.3386993,84.62661743,157.3744202,58.24910736,157.410553,329.6761475,
158.0083313,141.7983704,158.04422,81.23317719,158.0793762,60.98914719,158.1149139,376.8600769,158.2642212,145.7806549,158.2282104,87.16648102,158.192627,63.89196777,158.1565552,390.1468506,158.3037415,119.6263428,158.3398743,83.43292236,158.3759003,58.30056,158.4110718,329.1486816,
159.0083313,140.6906586,159.0447845,81.40284729,159.0801392,59.91960526,159.1152344,375.2174988,159.2625885,145.0608673,159.2272186,87.29441071,159.1917114,63.08063126,159.1559296,387.9744568,159.302063,120.3266525,159.3379669,83.4859848,159.374054,57.69852829,159.4092255,331.4458313,
160.0083313,140.9399872,160.0453796,79.75771332,160.0805817,60.19000244,160.1167145,379.3377991,160.2654572,145.4139709,160.2287292,86.66028595,160.1932068,63.28725815,160.1578827,389.832489,160.3063812,120.2684784,160.3425598,84.66176605,160.3768005,58.03491211,160.4122009,331.1769409,
161.0083313,141.1837463,161.0441284,80.23486328,161.0793762,60.80646515,161.1149139,376.0492249,161.2636414,144.7360382,161.2272186,86.61459351,161.1921997,63.73839951,161.1566467,386.5994263,161.3032074,120.59935,161.3386993,83.79290009,161.3747101,57.57754898,161.4096222,330.8825073,
162.0083313,140.832901,162.0450287,79.94712067,162.080719,59.64959717,162.116806,376.7102356,162.2657013,146.0329132,162.2300415,87.30387115,162.1933899,62.88765335,162.1577148,387.3240662,162.3058929,118.0940094,162.342041,84.23764038,162.3767853,57.89752197,162.4120789,329.9817505,
163.0083313,140.7275848,163.0438995,80.9901123,163.0787964,60.53922272,163.1146393,375.7635193,163.2615814,146.347168,163.2257233,86.58859253,163.1901245,63.91917038,163.1542969,388.5071106,163.3023987,117.5563202,163.3383942,83.23924255,163.373642,57.99483109,163.4079132,329.8832092,
164.0083313,140.1900635,164.0445862,80.51998901,164.0802917,59.76026917,164.1155548,378.0014038,164.2638702,144.7390747,164.2287445,86.67326355,164.1932068,62.76488876,164.1573944,383.4486389,164.3052063,119.7174225,164.3410797,84.45562744,164.3768005,58.24323273,164.4132385,327.3877563,
165.0083313,141.2590027,165.0433807,80.12223816,165.0792389,59.73138428,165.115387,377.7373047,165.2643127,144.4223938,165.2277374,86.85444641,165.1918793,63.78522491,165.154892,384.5706177,165.3043823,117.7422714,165.3402405,83.4504776,165.3742371,58.20298767,165.410141,329.6809082,
166.0083313,141.1847839,166.0447083,80.45049286,166.0802917,59.82966232,166.1158142,376.4154663,166.2633972,145.2911682,166.2273865,87.74086761,166.1920471,64.12478638,166.1560822,385.4864502,166.3043976,118.3914261,166.3409882,83.7261734,166.3773956,58.8678894,166.4126282,328.6335144,
167.0083313,142.3687744,167.044281,81.70806885,167.0799713,59.8716507,167.1147308,375.6498108,167.2614746,146.7128296,167.2257996,86.78541565,167.189209,63.6097641,167.1538086,385.8755493,167.3023987,119.2835541,167.3384705,83.56801605,167.3744202,57.97296524,167.4102173,328.0513306,
168.0083313,140.6854401,168.0450287,80.08015442,168.0813904,59.7427063,168.1174622,374.5934448,168.2649689,145.5709686,168.2292175,86.50299835,168.194397,63.20753098,168.158783,387.4789734,168.3057404,117.9221268,168.3420563,83.79193115,168.3773804,57.25447845,168.413559,326.9978333,
169.0083313,141.129715,169.0436554,80.4610672,169.0795441,60.84931564,169.1154785,376.9519348,169.2650604,146.3331757,169.2287292,85.65228271,169.1936951,63.36265182,169.1569061,382.7516174,169.3066406,119.3258438,169.3415375,84.67260742,169.3773804,57.65397263,169.4139862,327.0774536,
170.0083313,142.4443359,170.0440369,80.03134918,170.0805359,59.81962204,170.1163788,373.9322815,170.2648926,145.3054657,170.2288971,87.74417114,170.1930389,63.6527977,170.1577148,384.946228,170.3055725,118.6314392,170.3410492,84.14395142,170.3772125,57.7794342,170.4133911,326.8271179,
171.0083313,140.2533875,171.043808,80.85557556,171.0800781,60.15246201,171.1149597,374.8608093,171.2632141,144.7970734,171.2278137,86.7534256,171.1920624,62.71573257,171.1567078,382.7597046,171.3033142,118.3567581,171.3393707,83.69011688,171.3748627,57.95481873,171.4106445,328.0650024,
172.0083313,140.8314819,172.0437469,80.77626801,172.0799866,59.75204086,172.1159821,375.0023193,172.2639008,145.5342255,172.2282867,86.81703949,172.1927643,62.80970764,172.1562958,384.6684875,172.3035431,120.371254,172.3388977,83.79844666,172.3744659,57.67462158,172.4106445,325.3238525,
173.0083313,140.6300201,173.0438843,81.09339905,173.0802155,60.60900879,173.1162262,374.0549011,173.2650452,142.7427673,173.2291565,86.29463196,173.1935577,63.46551514,173.1573792,382.530365,173.3043823,119.6814346,173.3403931,83.58760834,173.3755341,57.8577919,173.4118958,327.2095032,
174.0083313,140.2909241,174.0446472,79.73631287,174.0802307,60.9623642,174.115387,371.6945801,174.261734,145.8814392,174.2267303,86.50276184,174.1907043,63.02104187,174.1546173,382.6270447,174.3020325,118.2787323,174.3372955,84.20006561,174.37323,57.80380249,174.4087219,326.7022705,
175.0083313,140.552475,175.0434265,80.60635376,175.0795593,60.23042297,175.1154175,375.0012817,175.2619171,146.5192566,175.2264709,86.83340454,175.1907043,62.41107941,175.1549683,381.6795654,175.3023071,119.726593,175.33815,83.87493134,175.3738708,57.84033966,175.4093781,324.5484619,
176.0083313,141.2959137,176.04422,79.8433075,176.0797424,60.07950211,176.1159515,376.1978455,176.263031,143.3666229,176.2272339,85.78629303,176.1921997,62.75860214,176.1560822,384.3027344,176.3027344,119.5969543,176.3386383,84.09553528,176.3743744,57.57844925,176.4102173,326.0219116,
177.0083313,140.4683075,177.0435486,79.84958649,177.0795898,60.64840317,177.1147919,373.367157,177.2610626,145.7994995,177.2248688,86.63243103,177.1892853,62.62955856,177.1539612,383.627533,177.3023071,118.1215897,177.3383179,83.48147583,177.3732452,57.39847946,177.4099731,323.0879211,
178.0083313,140.048645,178.043457,80.64015198,178.0787201,60.48560333,178.1148834,370.9987183,178.2645416,144.8287048,178.2284851,86.62519073,178.1925812,63.34900284,178.1562347,383.0803833,178.305069,118.8955994,178.3409119,84.12490845,178.3771362,57.45389557,178.412735,325.7695923,
179.0083313,141.0581207,179.0451202,80.24019623,179.0803986,60.15775299,179.116394,373.2946167,179.2653046,144.3477173,179.2285767,86.5921402,179.1927948,63.13224792,179.1572266,382.4819336,179.3057251,118.1559219,179.3418732,84.31137848,179.3777924,57.71144485,179.4139709,325.4916077,
180.0083313,141.2432098,180.0433807,80.32064819,180.0801239,61.22364044,180.1154022,370.8169861,180.2622528,144.5391998,180.2264709,86.30992889,180.1908722,63.66719437,180.155365,380.6011963,180.3029022,118.9187317,180.3392181,84.06993866,180.3747253,58.11458206,180.4093933,322.0821533,
181.0083313,140.1762848,181.0435486,79.97544861,181.0800781,61.21523285,181.1152496,373.9656677,181.262558,145.4147034,181.2276154,85.82556915,181.1916504,63.56597519,181.1555634,378.6901855,181.3031464,119.4240723,181.3393097,84.0034256,181.3728638,57.20333481,181.4104004,323.3904419,
182.0083313,140.6448212,182.0435486,80.62884521,182.0788879,60.58353806,182.1146393,373.2460327,182.263916,145.2303925,182.2280579,85.74836731,182.1925659,62.77416611,182.1558075,380.6697083,182.3038788,119.0911636,182.3378906,83.44790649,182.3738708,58.01777267,182.4099121,324.4690552,
183.0083313,138.8324738,183.0440369,79.86621857,183.0802155,60.31399536,183.1167908,367.0571594,183.2642212,145.317627,183.2275391,86.43274689,183.1919708,62.73450089,183.1558685,383.0267334,183.3046265,119.0824738,183.3404846,84.94425201,183.3764801,57.48494339,183.4115601,322.1086426,
184.0083313,139.4349365,184.0430603,80.59128571,184.0779724,60.67238998,184.113739,371.2155762,184.2628021,144.7346802,184.22789,86.54987335,184.1912079,62.81139755,184.1545563,383.2879028,184.3040924,118.5287628,184.3401947,83.66812897,184.3765564,57.88117981,184.4118958,320.6130676,
185.0083313,141.2427521,185.0438995,80.11750793,185.0796356,60.71585464,185.1152344,371.2218018,185.2647095,143.9021454,185.228363,86.20288849,185.1925507,63.15834045,185.1564636,379.6698303,185.3055725,118.0697327,185.341217,83.2230072,185.3768768,57.90187454,185.4122009,319.217804,
186.0083313,139.9598999,186.0440826,79.83919525,186.0802155,60.49687576,186.1157227,370.3664856,186.2652435,143.5313263,186.2280731,86.37096405,186.1923981,62.73231506,186.1570435,379.2227478,186.3040314,118.2904892,186.3403168,83.31826782,186.3750458,58.68964386,186.4098053,323.4377441,
187.0083313,138.9483032,187.0440369,79.52870178,187.0796967,60.61469269,187.115036,369.8650208,187.2637024,145.4644012,187.2272491,86.20532227,187.1914673,63.12715149,187.1558685,379.9833984,187.3035736,117.6644974,187.3392181,83.47718048,187.3748016,57.73422241,187.4108124,323.0506287,
188.0083313,142.7013397,188.0433807,80.35819244,188.0787201,60.61104202,188.1145325,369.9220276,188.263382,145.1975403,188.2275391,86.3085556,188.1920471,63.26939774,188.1567078,380.3117676,188.3041229,119.3474884,188.3403015,84.26992798,188.3760834,58.14809418,188.4110718,322.4772034,
189.0083313,140.4205933,189.0440521,80.65341949,189.079483,61.20456314,189.1148834,369.851593,189.2612457,144.5960846,189.226059,85.6576004,189.1908722,63.21907043,189.1548767,376.8661194,189.3007507,117.8444061,189.3367004,84.89424896,189.3727112,57.94992065,189.4069061,322.2183228,
190.0083313,140.2409668,190.0437927,79.85031891,190.0798798,60.94910049,190.115036,369.4606628,190.2638702,143.9006195,190.22789,85.58220673,190.1918945,63.22343826,190.1564636,380.5447083,190.3049011,118.3843307,190.3403778,84.1177063,190.3768768,58.66362,190.4124451,319.9215393,
191.0083313,140.772049,191.043457,80.46015167,191.0795441,61.00696945,191.1152039,370.9914246,191.2641296,145.4743347,191.2284088,85.97296143,191.1920624,63.16762543,191.1571503,378.4487305,191.3054199,117.5391464,191.3397064,84.02703857,191.3752136,57.93873978,191.4102173,322.6433105,
192.0083313,140.3787537,192.0433044,79.57492065,192.0792389,61.26381683,192.1148987,366.3703308,192.2648773,144.3253937,192.228363,85.02157593,192.1918793,63.79348755,192.1564636,378.394989,192.3055878,118.0265045,192.3408966,83.89109802,192.3773956,58.6683197,192.4130707,320.4958496,
193.0083313,140.20784,193.0445404,80.61611938,193.0803986,60.53516769,193.1155396,369.6794434,193.2630768,146.3036652,193.2273712,85.45954132,193.1933136,62.87133789,193.156723,377.3470154,193.3034058,116.9733047,193.3395386,83.4584198,193.3752136,58.33918762,193.4110413,321.1673889,
194.0083313,140.6977997,194.0445404,79.65712738,194.0808716,61.36478424,194.1163788,368.273407,194.2625427,144.7027435,194.2272186,84.9794693,194.1911316,63.59851456,194.1562042,380.6098328,194.3021393,118.6398773,194.3372955,84.49040222,194.3730621,58.39748383,194.4085388,318.2242126,
195.0083313,141.2399445,195.0449829,80.1672287,195.080719,60.95077896,195.1160583,369.6289368,195.2657166,143.602066,195.229538,85.32437134,195.193985,63.48357391,195.1579742,378.7915039,195.3064575,118.4129257,195.3413849,84.20681,195.3777313,57.98162842,195.4138184,319.3066406,
196.0083313,140.651474,196.0441437,79.50629425,196.0804901,60.61349869,196.1165619,364.6650085,196.263092,144.1424561,196.2274628,85.11898804,196.1922302,63.46348572,196.1567078,381.2424927,196.3042145,118.4649734,196.3395844,83.10773468,196.3755646,58.70812225,196.4116974,320.043457,
197.0083313,140.0878906,197.0437317,80.47782135,197.0788879,60.46432495,197.1147461,367.9619446,197.262146,145.0227356,197.2270813,85.35358429,197.1910553,63.37403488,197.1557159,377.8158569,197.3034058,118.215332,197.338974,82.87421417,197.3748016,58.91142654,197.4107208,320.2640381,
198.0083313,139.4481506,198.0437012,79.05607605,198.0796356,61.16006088,198.1147308,369.1338806,198.2645416,145.1379547,198.2280731,85.04029846,198.1927185,62.82699203,198.1567078,379.7025452,198.3040619,118.2211151,198.3398743,84.10654449,198.3758087,58.51287842,198.4122009,319.1061707,
199.0083313,140.355835,199.0432434,80.65837097,199.079071,61.50948715,199.1157074,367.32901,199.2645416,143.1340179,199.2285461,85.55252838,199.1928711,63.9926796,199.1568146,379.7066956,199.3060455,117.2020416,199.3404694,84.09654236,199.3770294,58.67842865,199.4115448,318.2070313,
200.0083313,140.882843,200.0438995,79.67626953,200.0795441,61.15494919,200.1157837,367.8475952,200.2639771,143.6815033,200.2289581,85.44885254,200.1928711,62.80165863,200.1573792,377.5420837,200.3037109,118.6079636,200.3388672,84.82813263,200.3747864,58.88389587,200.4104004,316.0681763,
201.0083313,139.4758606,201.0435486,79.71434784,201.0795441,61.3012886,201.1148834,370.2885437,201.2638245,144.1568451,201.2285461,85.59970093,201.1928101,63.08522797,201.1563873,378.7323608,201.3037109,116.1141586,201.338913,84.66407776,201.3752289,58.86322021,201.4107208,316.0565491,
202.0083313,140.6788788,202.0437012,79.97654724,202.0796967,60.77894211,202.1152039,366.1697388,202.2625885,143.3794403,202.2267151,84.74343872,202.1906281,63.69458008,202.1547089,375.4459229,202.3017578,118.0675659,202.3382111,84.08784485,202.3742523,58.79808044,202.4098969,315.4264526,
203.0083313,139.6568298,203.044281,80.40757751,203.0798187,60.67577362,203.115036,368.5570679,203.2628937,144.2129059,203.2269135,85.88850403,203.1908722,62.42027664,203.1547394,373.4356995,203.305069,117.9989014,203.3405457,84.02493286,203.3757324,58.66695023,203.4118195,318.0299988,
204.0083313,139.8881226,204.0444031,80.14188385,204.0807343,60.63256073,204.1159821,366.8477783,204.2647247,144.2637787,204.229248,85.31000519,204.1933136,62.79405212,204.1575317,375.0039063,204.305954,118.7194672,204.3427277,83.38027954,204.3785553,59.04904938,204.4138641,318.0548401,
205.0083313,139.6496887,205.0447083,79.52620697,205.0803986,61.34642029,205.1164246,364.1682129,205.262558,145.3253326,205.2266388,85.20419312,205.1905365,63.82744598,205.1552582,377.3545532,205.3029022,118.3008194,205.3388977,84.70915985,205.3742523,57.84309769,205.4097443,316.3413086,
206.0083313,140.3174591,206.042984,79.88938904,206.079071,61.09150696,206.1145325,365.8658447,206.2605438,142.3736725,206.2254486,85.61717224,206.1906433,63.03121185,206.154892,376.5014648,206.2998962,117.5666656,206.3365326,83.68067932,206.3722076,59.50536728,206.4076233,316.7739868,
207.0083313,139.2771912,207.0432129,80.98553467,207.0794525,60.86523438,207.115387,366.8900146,207.2615356,144.513031,207.2273712,85.0256958,207.1911469,64.07025909,207.155426,376.4194946,207.3018646,117.4497452,207.3368835,84.27687073,207.3723907,59.25258636,207.4084625,317.2976685,
208.0083313,140.5743103,208.0427551,81.03135681,208.0782166,61.47152328,208.1128082,365.1479797,208.2629547,143.5919342,208.2274628,85.47105408,208.1915741,64.07255554,208.1546173,374.3979492,208.3030701,117.3497162,208.3386993,84.15727234,208.3749084,58.75985336,208.4102478,315.0269775,
209.0083313,140.9337158,209.043457,80.00211334,209.0802155,61.1763916,209.1160431,363.9417114,209.2624054,144.6571655,209.2267303,84.86245728,209.1912231,63.33480835,209.1554108,377.1434021,209.302887,117.7014313,209.3383942,84.60691071,209.373642,58.52052689,209.4095764,314.059967,
210.0083313,139.6668854,210.0427094,79.86321259,210.0795441,60.89130402,210.1147308,363.0203857,210.2628937,142.7875061,210.2280426,85.22937012,210.1913757,63.56378555,210.1560364,374.9012146,210.30513,117.3383789,210.3409882,84.01865387,210.3764801,59.60081863,210.4120636,317.8048401,
211.0083313,140.2883301,211.0454559,79.49474335,211.0812378,60.5633812,211.1154175,363.1520386,211.2640533,144.0492859,211.2284241,86.11885834,211.1930695,63.32505417,211.1561584,376.2457581,211.3061981,117.0171204,211.3422852,83.93789673,211.3774109,59.3642807,211.4140472,316.2253418,
212.0083313,140.5274048,212.0437317,80.45905304,212.0792084,61.35305023,212.115036,362.7168884,212.2610626,144.2537231,212.2250519,85.53905487,212.1894531,63.62882233,212.1543732,372.9454346,212.3007355,117.9467773,212.3356476,85.03050995,212.3713989,59.09882355,212.4065552,316.3395081,
213.0083313,139.2758636,213.043457,80.422966,213.0797577,61.75201797,213.1158752,365.2659912,213.2632141,145.1190033,213.2275848,86.02494812,213.1907043,63.4690361,213.1556549,376.0354614,213.3047028,117.0509338,213.3403015,84.21326447,213.3762054,59.08646774,213.4128113,314.9804993,
214.0083313,141.2409668,214.0447388,80.84146118,214.0822449,61.05164337,214.1174011,363.1044006,214.266571,144.8811646,214.2300568,84.11637115,214.1943665,63.92069244,214.1592407,375.2837524,214.3067017,116.4142685,214.3425446,84.78580475,214.3788147,59.00920105,214.4147339,315.9258728,
215.0083313,140.0649719,215.0437317,79.90283966,215.0798798,62.19726181,215.1150818,360.1364746,215.2622223,143.8725586,215.2263641,85.34918976,215.1908722,64.39374542,215.1545868,374.4430237,215.3037262,116.276329,215.338974,84.06506348,215.3754272,59.10826492,215.4107208,316.944458,
216.0083313,138.632309,216.0436249,79.48223877,216.0795593,61.84648132,216.115387,359.099762,216.2626495,144.1090393,216.2272339,84.9411087,216.1905365,63.69512558,216.1547089,372.6946716,216.3034058,117.9127808,216.3401184,83.03199005,216.3742065,58.15986633,216.410202,317.1931152,
217.0083313,139.2385101,217.0443726,80.19229889,217.0800629,61.34661102,217.1161346,363.4290466,217.2619019,143.6331177,217.2253723,84.5885849,217.191391,64.14871216,217.1557159,374.1904297,217.301239,116.574295,217.3372192,83.52785492,217.3714905,59.23997116,217.4067841,315.9124451,
218.0083313,140.7187042,218.0447083,80.14997101,218.080719,61.60485458,218.116394,364.494751,218.2630768,144.484787,218.2267151,85.3614502,218.1911316,62.75194931,218.1555634,373.5724182,218.3017883,116.4573288,218.3378906,84.92832184,218.3735352,59.0016098,218.4092102,314.0753479,
219.0083313,140.4181061,219.0438843,80.21749115,219.0802155,62.47458649,219.1157227,364.1125793,219.2650452,142.3833771,219.2288666,85.98939514,219.1926422,63.48337173,219.157135,375.95047,219.3060455,117.2730103,219.3419037,84.111763,219.3772888,59.89328766,219.4126434,316.8760071,
220.0083313,140.2749939,220.0437317,80.15418243,220.0793762,61.634655,220.1152039,361.1843262,220.2653961,144.8270569,220.2294006,84.8616333,220.1935577,63.57558823,220.1564789,374.7251282,220.3061981,116.6927032,220.3422546,83.85247803,220.3778839,59.21051407,220.4133759,317.3689575,
221.0083313,139.1449432,221.0427246,80.71907043,221.0793152,61.5512085,221.114975,361.9465332,221.2645416,143.4638824,221.2287292,86.10144806,221.1929474,63.6023674,221.1565399,374.0888062,221.3037262,118.031662,221.3393707,84.56681824,221.3747559,59.47918701,221.4110718,314.5535583,
222.0083313,139.3113708,222.0432129,80.22716522,222.0777283,61.21828461,222.1132965,361.7956543,222.263031,145.2471313,222.2273865,85.49578094,222.1912994,64.47221375,222.154541,372.9905701,222.3029785,117.48172,222.3388977,83.9225769,222.3742065,59.615345,222.4100494,318.241272,
223.0083313,138.6359253,223.0432129,79.8262558,223.0792084,61.52313232,223.1144562,362.9942932,223.2618866,143.2303772,223.2257385,85.8997345,223.1898956,63.50400162,223.1539612,373.1704102,223.3005371,116.4418945,223.337204,84.4471817,223.3730469,59.25261307,223.4081421,314.4237976,
224.0083313,139.5182495,224.0438843,79.65098572,224.0798798,62.51341248,224.116394,363.6277771,224.2627106,143.3158417,224.227066,85.47128296,224.1925812,63.47593689,224.1567078,372.7270813,224.3013153,116.89151,224.3378906,83.52111816,224.3737183,59.29039764,224.4096985,315.3411255,
225.0083313,139.2842407,225.0439606,79.41971588,225.0793915,61.94454956,225.1160583,362.5532837,225.261734,144.7057648,225.2269135,86.10696411,225.1915436,64.12494659,225.1552124,375.7072144,225.3020782,116.2034225,225.3380737,84.25493622,225.3740387,59.73096466,225.4101257,314.5823975,
226.0083313,140.1074371,226.0447083,79.75622559,226.0805664,61.81048203,226.1157227,360.6538391,226.2653046,143.6507416,226.2297363,84.56023407,226.1925507,64.14810944,226.1572113,375.7324524,226.3042297,116.3467331,226.3405457,84.60783386,226.3765564,59.08794022,226.4118958,311.8059387,
227.0083313,138.281311,227.0430298,78.7802887,227.0794067,61.94363022,227.1152344,357.5064697,227.2630768,143.7305603,227.2267914,85.89668274,227.1902466,63.64215088,227.1549683,371.4194336,227.302887,117.2258911,227.3378143,83.72904968,227.3737335,58.91381073,227.4106293,312.3460388,
228.0083313,139.3645477,228.0437012,80.15624237,228.0787048,62.28940964,228.114212,361.3582153,228.2599182,142.9637146,228.2229004,86.4335022,228.1892853,63.56613922,228.1526947,373.6407776,228.3009796,116.9086227,228.3359222,84.76615906,228.3723755,59.28855133,228.4077301,313.8119507,
229.0083313,139.3444366,229.0439148,79.80966187,229.0800629,62.46170807,229.1152039,360.9272461,229.2619629,143.048996,229.2267151,85.72956848,229.1900482,63.32663345,229.1546326,371.9475403,229.3030396,116.9378433,229.3385925,84.67771912,229.3743744,59.09132385,229.4100647,313.644928,
230.0083313,140.0494385,230.0439606,79.33209229,230.0801392,62.02560806,230.1155548,360.7374878,230.2631226,144.5041351,230.2272186,84.74874878,230.190567,64.10284424,230.1555634,372.4687195,230.3022919,116.5542755,230.3375854,84.0384903,230.3735352,59.6458931,230.4102936,313.5787964,
231.0083313,138.9380493,231.0444031,79.73835754,231.0800629,62.07104874,231.1155396,361.835022,231.2628937,145.3696136,231.2265472,84.90029907,231.1905365,63.11306381,231.1555328,371.5092468,231.3042145,116.7756882,231.3398743,84.57289886,231.375061,59.33023834,231.4108887,315.0780945,
232.0083313,139.6426697,232.0437317,80.52632141,232.0798798,62.5954628,232.1149597,359.6570435,232.262146,142.458847,232.2260437,85.89907837,232.1905365,63.7679863,232.1542206,371.1835938,232.3037262,116.1956558,232.3387299,84.43603516,232.375061,60.29953384,232.4107208,312.9105835,
233.0083313,139.8308105,233.0444641,79.175354,233.0800476,62.76233673,233.1162415,360.6497192,233.2657166,142.776474,233.228363,85.84218597,233.1929779,63.68131256,233.1579742,372.0554199,233.3047485,115.9035187,233.3409882,84.63336945,233.3762054,59.70950317,233.4120636,312.5178223,
234.0083313,137.5648041,234.0433807,79.82556915,234.0793762,62.08364487,234.1152039,360.7138367,234.2640533,144.2901306,234.2292328,85.85250092,234.1930695,63.0115509,234.1577301,374.1758118,234.3037415,116.2923279,234.3400574,84.04633331,234.3757172,58.88385391,234.4122009,312.7960815,
235.0083313,138.0558014,235.0429077,79.34659576,235.0795593,62.92688751,235.1152039,359.0728149,235.2642975,142.5986481,235.2280426,85.25221252,235.1918793,63.55962753,235.1567841,371.1868286,235.3050842,116.4436417,235.3417511,84.21013641,235.378067,59.93091965,235.4118805,312.2779846,
236.0083313,138.8294525,236.0441284,79.8659668,236.0793762,62.51031876,236.1159058,359.2129822,236.2627869,145.2310333,236.2285461,84.60987091,236.1920471,63.47932053,236.1563873,372.0773926,236.3047028,116.6455994,236.3404846,84.39089966,236.3757172,59.98622131,236.4123993,309.267395,
237.0083313,137.8133698,237.0434723,79.75418854,237.0783691,62.63338089,237.115036,359.5357666,237.2622833,142.9605408,237.227066,85.21199036,237.1912231,63.13481903,237.1557159,372.8088074,237.3023071,116.8413773,237.3378754,85.47537231,237.3732147,58.89627838,237.4089203,313.6105347,
238.0083313,138.4961395,238.0445404,79.53916168,238.079895,62.59973526,238.115387,358.571167,238.2628937,143.2832031,238.227066,85.70484924,238.1918793,63.74416351,238.1572113,374.127533,238.303894,116.0509872,238.3388977,85.05674744,238.3748627,59.7853508,238.4107056,311.8790588,
239.0083313,138.2785034,239.0440369,79.71741486,239.0789642,62.22402954,239.115387,356.4118958,239.262558,142.8627625,239.2263641,85.35462189,239.1900482,64.08174896,239.1547089,368.3748779,239.3023834,116.8446121,239.3370667,85.03669739,239.3722534,60.03435516,239.4080353,312.9013062,
240.0083313,138.9542389,240.0435486,80.4263916,240.0787048,62.31654358,240.1152039,358.4519043,240.2636414,143.6899109,240.2287903,85.53423309,240.1921997,63.70715714,240.1565552,370.7943726,240.3052521,116.3231812,240.341217,84.24788666,240.376709,59.41109848,240.4130402,309.861908,
241.0083313,138.2395782,241.0440369,79.90998077,241.0797882,62.1570282,241.1162262,355.9641724,241.2658691,143.6677399,241.2305298,85.95436096,241.19487,64.06613159,241.1575623,372.355072,241.3053131,115.3786087,241.3420563,84.3780365,241.3774719,59.96709061,241.4133911,309.6709595,
242.0083313,138.4197388,242.0445709,79.75789642,242.0813751,62.93819046,242.1163788,360.8163147,242.2622833,141.5835876,242.2266388,85.75151062,242.1907043,63.61837006,242.1560364,370.9016113,242.3035431,116.1705093,242.3393707,84.03958893,242.3761444,58.86186981,242.4120636,310.8665466,
243.0083313,138.4789276,243.0433044,79.40426636,243.079483,63.39092636,243.115387,360.3491516,243.2639618,142.5945587,243.2280579,85.5541153,243.1925507,64.00506592,243.1559601,372.7610474,243.3052216,115.9339294,243.3408661,85.164711,243.3770599,59.79476547,243.4114075,312.2089844,
244.0083313,138.108551,244.0450287,80.19158936,244.0813751,62.49568939,244.116745,358.629303,244.2649536,143.0467529,244.2287445,86.72853088,244.1936951,63.78604507,244.1568146,371.0464478,244.305069,115.4991913,244.339798,85.65322113,244.3759003,59.17894363,244.4109497,310.7874451,
245.0083313,138.8745117,245.0452118,78.56461334,245.0806274,62.66843414,245.116806,360.8571167,245.26474,142.3474121,245.2291107,85.74748993,245.1935577,63.85350037,245.1582336,372.7163696,245.3054504,116.1370316,245.341568,83.80184174,245.3785706,60.08031082,245.414566,307.8019714,
246.0083313,138.2002258,246.0445862,80.0029068,246.0806427,63.24697113,246.1160431,354.2067871,246.2648926,141.5098877,246.2285614,85.33531952,246.1937408,64.27690887,246.1575317,372.6952515,246.3054504,115.3721771,246.3410645,84.50119019,246.377243,58.98962021,246.4132233,311.8504639,
247.0083313,137.216629,247.043457,79.17569733,247.0790405,62.61931992,247.1149139,356.0174866,247.2613831,142.5354919,247.2257996,85.42623901,247.1902008,63.93244171,247.1547394,373.6444702,247.3027039,114.7527084,247.3378906,84.01023102,247.3738098,58.55108643,247.4093781,314.351593,
248.0083313,139.4488678,248.0431519,79.90616608,248.0778046,62.73511887,248.1124573,357.8468018,248.2598724,143.2374115,248.2243958,85.30261993,248.1885376,64.82752228,248.1522064,368.7077942,248.2995453,114.9232712,248.3352051,85.35710907,248.3712921,59.28560257,248.4065399,309.9195251,
249.0083313,139.8399048,249.044632,78.92523193,249.0802612,63.11313248,249.1150513,355.7999573,249.2634735,143.1088867,249.2273712,86.63623047,249.1920624,64.45877838,249.1564789,372.4643555,249.3047333,115.6918793,249.3403778,85.01742554,249.3766479,60.0620079,249.4129791,310.6209106,
250.0083313,138.6975555,250.0438995,78.98763275,250.0796967,62.87826538,250.1155396,357.582428,250.263382,141.8252411,250.2275391,84.64958954,250.1912231,64.42238617,250.1552277,370.5446472,250.302536,115.8436813,250.3365326,84.2480545,250.3720398,59.68816376,250.4078979,309.5726013,
251.0083313,138.4854584,251.042923,79.66015625,251.0790405,63.08823013,251.1143646,357.974762,251.2615509,141.397583,251.2254486,86.38620758,251.1901245,63.84156036,251.1543121,368.7980957,251.3016205,115.1826096,251.337204,84.12058258,251.3728943,58.85499954,251.4085541,310.3827515,
252.0083313,138.6591949,252.042923,78.91309357,252.079071,63.31267929,252.1132965,359.6293335,252.2630768,142.285553,252.2275391,86.24363708,252.1913757,63.86657715,252.1552887,370.7390442,252.3027039,115.7229462,252.3383179,85.25245667,252.3745575,59.36761475,252.4100494,310.3127747,
253.0083313,138.8714752,253.0441284,80.59048462,253.0783691,63.28950882,253.1136169,354.3119507,253.2605591,142.0343933,253.2254181,85.73597717,253.1888733,63.51123047,253.1531372,368.9488831,253.3002319,115.4899368,253.3360291,84.84903717,253.3723907,59.30314255,253.407486,312.3927307,
254.0083313,137.6778107,254.0449524,78.4369812,254.0802155,64.36875916,254.1159058,353.5333862,254.264389,143.1046448,254.22789,86.22440338,254.1925812,63.65210724,254.1572113,371.8396912,254.3032074,115.8076248,254.3398895,84.33789825,254.375885,58.8639946,254.4122009,308.6734314,
255.0083313,137.7673798,255.0443726,79.96572876,255.0808105,63.16499329,255.1156311,357.5285034,255.2652283,141.5536041,255.2295837,85.23535156,255.1929169,63.92146683,255.1570435,368.2466431,255.3065643,115.0414276,255.3422852,84.56655121,255.3787994,59.68458176,255.4143829,306.4645691,
256.0083313,138.1532288,256.0445557,78.74388885,256.0802002,61.87722397,256.1161194,354.0020447,256.263916,142.5661469,256.2282104,84.67604065,256.1912842,63.60861588,256.156189,370.3972168,256.3035583,113.5595245,256.3388672,83.45187378,256.3747559,60.22709656,256.4111328,308.491333,
257.0083313,139.378006,257.0438843,78.97244263,257.0792236,63.48810196,257.1153259,358.0092468,257.2625732,141.5404816,257.2272949,85.46416473,257.1908875,64.2293396,257.1545715,367.6946716,257.304718,116.0139084,257.3405457,84.61940765,257.3762512,59.7177887,257.4121399,310.2929077,
258.0083313,138.3980713,258.0444031,79.06022644,258.0803833,62.92355728,258.1155701,354.8628235,258.2630615,141.8198547,258.2273865,86.71615601,258.19104,63.15021896,258.156189,371.6170044,258.3026123,115.2481995,258.3387146,84.71838379,258.3739624,58.98491669,258.4102173,310.1956177,
259.0083313,138.780304,259.0432129,78.61200714,259.0794678,62.84026718,259.1164856,356.4456787,259.2650452,141.1465607,259.2294617,85.53298187,259.193573,64.30077362,259.1577148,370.1270752,259.3069763,115.8762894,259.3426208,84.61249542,259.3788757,59.61789322,259.4142761,308.6046448,
260.0083313,139.2388763,260.0450439,78.87562561,260.0804138,62.71474838,260.1162109,354.782196,260.2652588,140.5840759,260.2295532,85.20388794,260.1945496,63.91596985,260.1588135,370.5452271,260.3052979,115.2165909,260.3414612,82.35462952,260.3770752,59.76481247,260.4127197,309.4332275,
261.0083313,138.597702,261.0440369,78.91192627,261.0787354,63.56782532,261.1156921,354.019928,261.2617493,141.4815979,261.2252502,86.27161407,261.1897278,63.91640091,261.1549683,370.8388062,261.3030396,115.7219543,261.3392334,84.64047241,261.3742371,60.20680618,261.410553,311.4551086,
262.0083313,138.8989258,262.0444031,78.53682709,262.0797119,62.81381226,262.1162415,357.7705383,262.265564,141.5006256,262.2297363,85.0609436,262.1935425,64.03321838,262.1566467,366.9723511,262.3051453,114.9857101,262.3406982,84.15536499,262.3762512,58.85302734,262.4122009,311.2922974,
263.0083313,138.4705505,263.0443726,79.46530151,263.0792236,63.8833847,263.1150513,355.1104126,263.2628784,141.6976166,263.2274475,85.90213013,263.1912231,63.83065796,263.1550598,370.4689026,263.3027344,115.0796051,263.3385315,85.82709503,263.374054,59.7065773,263.4100342,310.0222473,
264.0083313,137.5336304,264.044281,79.47972107,264.079895,63.17930603,264.1162109,355.3121948,264.2632446,141.8699493,264.2280579,85.93901062,264.191925,62.68922424,264.1557007,370.7275391,264.3032532,114.6463547,264.3390808,84.00437164,264.374054,59.80447388,264.4100342,308.7092896,
265.0083313,137.8040009,265.0430603,79.8052063,265.0795593,62.59744644,265.1157227,357.5463562,265.2637329,140.7919617,265.2277222,86.48267365,265.1913757,63.13338852,265.1557007,370.2340393,265.302887,114.8543396,265.3382874,83.99829865,265.3743896,59.11327744,265.410553,307.3993225,
266.0083313,137.1187286,266.0444031,79.40992737,266.0797424,63.62195969,266.1161194,356.4575195,266.2652588,140.8141937,266.2295532,85.98666382,266.1929016,62.9585762,266.1575317,369.9148254,266.3063049,115.1210251,266.3426208,83.87444305,266.3787231,59.60011292,266.4142151,307.1460571,
267.0083313,138.4689636,267.0450439,78.97714233,267.0811157,63.44468307,267.1165466,355.6356812,267.2640686,140.6795044,267.2285461,84.95200348,267.1934509,63.72675323,267.1580505,368.3971252,267.3039551,114.3496399,267.3392029,84.67437744,267.3753662,59.45111847,267.4112244,308.7888489,
268.0083313,137.3116913,268.0448608,79.81141663,268.0808105,63.03975677,268.1174011,358.039032,268.2647095,140.9398804,268.2286987,85.37978363,268.1933899,64.25115204,268.1583862,369.6420288,268.3049622,115.7282791,268.3396606,85.90106964,268.3757019,59.65986633,268.4112244,307.9844055,
269.0083313,137.8516846,269.0437012,78.70602417,269.0794067,62.99609756,269.1161499,352.7042847,269.2622986,141.909256,269.2267151,85.67642975,269.1905518,62.9739151,269.1545715,366.3148499,269.3030396,114.6126175,269.3382263,84.79453278,269.3743896,59.55021286,269.4114075,310.6064758,
270.0083313,138.76091,270.0434265,79.56996155,270.0795593,63.10096359,270.1152039,355.947052,270.264801,140.3880157,270.2286377,86.15119934,270.1927795,63.36869431,270.157135,367.4922485,270.3033752,114.3483734,270.3392029,84.91783142,270.3751221,59.76493835,270.4120483,307.8219299,
271.0083313,137.5543823,271.0434265,78.87458801,271.0802002,63.27930069,271.1163025,355.9013977,271.2650757,141.4664612,271.2295837,84.59965515,271.1933899,63.82006454,271.1580505,369.756012,271.3071289,115.7059097,271.3427429,85.05950928,271.37854,59.76468658,271.4138794,308.4268494,
272.0083313,136.9167023,272.044281,78.39730072,272.0804138,62.96633911,272.115387,353.4698792,272.2650452,141.36586,272.2284546,84.91708374,272.1930237,64.4546051,272.1564026,367.3695679,272.3039246,114.1415787,272.3404541,85.10945129,272.3763733,59.21307373,272.4118958,309.4901733,
273.0083313,136.8428802,273.0438843,79.12267303,273.0800476,63.14180756,273.1149597,354.2876282,273.2623901,139.7261505,273.2266541,86.2250824,273.1910706,63.74792099,273.1552124,368.3589478,273.302063,114.8955917,273.3380432,84.96166229,273.3738403,59.65620041,273.4102173,310.3314514,
274.0083313,136.8214264,274.0432434,79.0448761,274.0785522,63.98910904,274.1152039,354.7901917,274.2611389,141.1474915,274.2255554,85.69537354,274.190033,64.0541687,274.1552429,368.4771423,274.3025513,114.2265244,274.3386536,83.72036743,274.3745728,58.99119568,274.4101257,307.6495361,
275.0083313,137.6995697,275.0440674,79.54373169,275.0803833,63.47867966,275.1150818,355.5365601,275.2655334,142.090744,275.2297058,85.76395416,275.1936646,63.65665817,275.1570435,373.0716248,275.3058167,115.6651382,275.3413696,85.42233276,275.3768921,60.40675735,275.4126282,308.8639526,
276.0083313,137.8566589,276.0433655,79.96730804,276.0787048,63.86434937,276.1147156,354.5553589,276.2633667,140.5320435,276.2285461,84.65370941,276.191864,63.70224762,276.1568909,372.2002869,276.3035889,113.592308,276.3392029,84.37123871,276.3745422,60.20378876,276.410553,309.3656921,
277.0083313,136.74646,277.0429688,78.87386322,277.0789795,63.76816177,277.1147156,355.467804,277.2617493,139.812912,277.2264709,85.6021347,277.1903687,64.04987335,277.1543579,369.5579224,277.3015442,114.8374786,277.3348999,84.98204803,277.3717041,58.64700699,277.4072266,306.2839355,
278.0083313,136.8483734,278.043396,80.32956696,278.0793762,63.62872696,278.1150513,354.1558838,278.2632751,140.7747955,278.2276306,85.81465912,278.1913147,64.03229523,278.1548767,367.4232178,278.3027954,115.3856201,278.3382263,85.1412735,278.3749695,60.29248047,278.4100342,306.8735046,
279.0083313,136.267868,279.04422,79.59719849,279.0805359,63.51664734,279.1174927,351.8709106,279.266571,140.0192261,279.2304077,85.82835388,279.1938782,63.99422836,279.1578674,369.0673218,279.3075562,114.7183075,279.3427124,85.18649292,279.3782349,58.33738708,279.4145508,304.3258362,
280.0083313,137.3728485,280.0435486,78.76203918,280.079071,62.91770172,280.1155701,353.8407898,280.2650757,140.4470215,280.2286987,86.18934631,280.1930847,62.77678299,280.1575623,368.6440735,280.3052063,113.5967255,280.3405151,82.96881866,280.3766785,59.86200333,280.4119263,306.5169067,
281.0083313,137.6998138,281.0435486,78.97331238,281.0797119,63.66141891,281.1148987,355.930603,281.2630615,140.2544861,281.2276917,85.91592407,281.1908875,63.46170425,281.1543579,370.5645752,281.3052063,113.7854156,281.3410339,83.64671326,281.3767395,59.53655243,281.413208,308.9528503,
282.0083313,137.3402405,282.0437317,79.56132507,282.0795593,63.13825989,282.1151428,354.8160095,282.2637024,142.4014282,282.2282104,86.12348938,282.1923828,63.91562653,282.1567383,368.8624573,282.3031311,114.0544739,282.3395386,84.54533386,282.3754578,59.60028458,282.4107056,307.0356445,
283.0083313,137.411377,283.0442505,79.59673309,283.079895,64.06777191,283.1150818,350.9408875,283.2640381,139.8000183,283.2280273,86.32698822,283.1930237,63.42551041,283.1567383,369.3561401,283.3033752,115.3612595,283.3390808,84.75634766,283.3751221,58.73957062,283.410553,306.6687317,
284.0083313,137.3847351,284.0448914,79.01914978,284.08078,63.51640701,284.116394,350.973053,284.2618713,140.7355499,284.2273254,85.6643219,284.190918,63.73926926,284.1553955,367.1394653,284.3031006,114.7819901,284.339386,84.50793457,284.3747253,59.16509628,284.4107361,307.5462952,
285.0083313,138.5922394,285.0442505,78.60182953,285.0803833,64.16583252,285.115509,352.3247681,285.262207,141.5475769,285.2279968,86.04518127,285.1911316,63.94425201,285.1553955,366.9754028,285.3019714,113.8852463,285.3378906,84.50321198,285.3737488,58.68793869,285.40979,303.5188904,
286.0083313,137.1742401,286.0436096,78.6644516,286.0792236,63.16508484,286.1143799,351.2697754,286.2630615,139.2874908,286.225708,85.26382446,286.1898804,64.12651825,286.1534424,367.9512939,286.3036499,113.6610489,286.3398743,83.64874268,286.3749695,59.9847641,286.4111938,309.313324,
287.0083313,136.4454498,287.0440674,79.22794342,287.0795593,63.22391891,287.115387,352.7159119,287.2631226,141.3977966,287.2265625,85.8554306,287.1914063,63.44921875,287.1552124,367.4946289,287.3026428,114.3952866,287.3382263,84.93228912,287.3752136,58.76577377,287.4109802,306.0988464,
288.0083313,135.9552765,288.0440674,79.94026184,288.0800781,63.01846313,288.1164856,352.3867493,288.2628784,140.845932,288.2267456,85.79534912,288.1914673,64.38077545,288.1555481,366.8019714,288.3022156,113.3854828,288.3388977,84.82563019,288.3745728,58.81248856,288.4098816,302.9483643,
289.0083313,136.7348022,289.0438843,78.9292984,289.0802917,63.23733902,289.1157227,350.6918335,289.2617798,139.0448914,289.2262268,85.03900146,289.1903687,64.48725128,289.1548767,368.1764832,289.302887,114.2155838,289.3390198,84.84862518,289.3750305,59.21512222,289.4102478,304.3971252,
290.0083313,138.2487488,290.0436096,80.07093048,290.0783997,63.11546326,290.1143799,351.225708,290.262207,139.0982208,290.2262268,84.44988251,290.1907959,64.181427,290.1555786,369.9041748,290.3010864,113.5656052,290.3382263,83.97317505,290.374054,59.57946014,290.40979,308.3590393,
291.0083313,135.9218903,291.0433655,78.94511414,291.0795593,63.24567032,291.1152039,354.1256409,291.2637024,140.0072937,291.227417,85.54323578,291.1927185,63.90836716,291.1563721,368.7371216,291.3028564,113.5638046,291.339325,85.78229523,291.3755493,59.43104172,291.4118042,307.6809387,
292.0083313,136.5375824,292.0444031,79.74944305,292.0812378,63.53435516,292.1166992,348.1398621,292.2635803,140.3341217,292.227417,86.35856628,292.1920471,63.95947266,292.1563721,368.200592,292.3033752,113.5275345,292.3392639,84.2875824,292.3740845,58.99309921,292.4103699,305.4638062,
293.0083313,137.9652252,293.0452271,78.97396851,293.0809631,63.12935638,293.1163025,352.8435364,293.2658997,140.3678131,293.2301941,85.18184662,293.1938782,63.61491394,293.1583557,366.3281555,293.3069153,115.0167007,293.3437195,84.05284119,293.3798828,58.65149689,293.4148865,306.5326233,
294.0083313,137.8062134,294.0435486,77.97885895,294.0793762,63.09416199,294.1152039,353.6443787,294.2635803,140.5566711,294.2278748,85.77069092,294.1922302,63.85219955,294.1562805,364.6862488,294.304718,114.2027817,294.3402405,85.04480743,294.3757019,59.21796799,294.4122009,306.1421204,
295.0083313,137.1247864,295.0452271,79.14482117,295.0813904,62.57465363,295.1172485,350.1474304,295.2666321,139.8467712,295.2299194,85.73638153,295.1945496,64.58387756,295.1582031,369.2305298,295.306366,114.2352676,295.3420715,85.14751434,295.3778992,59.19610977,295.4129944,306.2566223,
296.0083313,136.6585999,296.0450439,78.88725281,296.0812073,63.27521133,296.1173706,353.7479248,296.2669373,141.0548096,296.2308655,85.38339996,296.1949463,63.60123444,296.1587219,367.544281,296.308075,113.4349899,296.3438721,85.11184692,296.3800659,59.60345459,296.415741,304.7019348,
297.0083313,135.3217316,297.0437317,78.88743591,297.0794983,63.8021965,297.1147461,352.0370483,297.2605591,140.0135345,297.2250671,86.19441223,297.1897278,63.13858795,297.1535339,367.141571,297.3001404,113.4182281,297.3345642,84.80555725,297.369751,59.31326294,297.4058533,307.7816162,
298.0083313,135.1900787,298.0433044,79.13526917,298.0797119,62.79807663,298.1153564,351.7809143,298.2637329,139.112854,298.2279053,85.71894836,298.190918,63.78996277,298.1549377,365.6618958,298.3037109,113.4380646,298.3397217,84.26831818,298.3757019,58.15370178,298.4113464,304.7054138,
299.0083313,136.2513123,299.0449219,78.88709259,299.0802917,63.55696106,299.1167908,349.7324829,299.2647095,140.1871185,299.2293701,84.67818451,299.1928711,63.68695068,299.1578979,368.7891235,299.305542,113.7763824,299.3419495,83.98394012,299.3765259,59.70065308,299.4122009,305.5063477,
300.0083313,136.354126,300.04422,78.8732605,300.0791321,63.2974205,300.1152344,351.8510742,300.2645569,142.3217926,300.2280884,86.22776031,300.192749,64.14058685,300.1568604,368.3526001,300.3035583,113.7600861,300.3387451,83.97608948,300.3748169,59.54167557,300.4110413,304.9309692,
301.0083313,136.2557831,301.0434875,78.43094635,301.0787964,63.89291,301.113739,350.5426941,301.2602234,139.7446747,301.2249756,85.58499146,301.1897888,64.03521729,301.1533813,367.0936584,301.3015442,115.1637039,301.3370667,84.75747681,301.3731995,59.74364471,301.4091187,305.831665,
302.0083313,136.4734802,302.043396,78.72779846,302.079071,64.25789642,302.1148987,352.7918701,302.2646484,139.7512054,302.2280579,85.69069672,302.1925659,64.22628784,302.1558533,369.2475891,302.3053894,112.9507675,302.3408813,85.44612885,302.3768311,59.6772995,302.4125671,308.0629578,
303.0083313,135.9229126,303.0439758,77.60659027,303.0799561,64.02193451,303.1164856,351.5733337,303.2650452,141.1230011,303.2294006,84.9083252,303.1938782,64.48946381,303.1577148,366.3884583,303.3047485,111.5005569,303.3405151,83.57939911,303.3760681,59.19423676,303.4113159,303.5601807,
304.0083313,136.6173553,304.0440674,78.36818695,304.0796204,64.44397736,304.1151428,352.2391357,304.2641907,139.8888397,304.2286987,85.27111816,304.1922607,63.0867691,304.1566467,365.5632324,304.3039856,114.1933517,304.339386,85.87621307,304.3754272,59.16902161,304.4120483,307.0335693,
305.0083313,136.7215271,305.0452576,78.0952301,305.0806885,63.82827377,305.1162109,348.5471802,305.2642517,139.8724365,305.2283936,85.83261108,305.1925354,63.46060944,305.1557007,369.0863647,305.3062134,113.3161621,305.3414612,83.98132324,305.3771057,58.45832825,305.413208,305.896637,
306.0083313,136.6016235,306.0440369,78.59732819,306.0793762,63.6541481,306.1159973,350.6965637,306.2635498,139.3573914,306.2275391,85.69709778,306.1913757,63.33282471,306.1560669,364.684845,306.3034363,113.1137314,306.3388977,84.33010864,306.3752136,58.59997559,306.4115601,306.6771545,
307.0083313,135.5460205,307.0440674,78.63790131,307.0798035,63.89746094,307.1148682,349.4708862,307.2635803,139.6935577,307.2278748,84.93799591,307.1922302,62.99824142,307.1567383,366.7108154,307.3043518,111.7590714,307.3391418,84.2756958,307.3749084,58.43132782,307.4103699,306.2454224,
308.0083313,137.3095398,308.0437622,78.49051666,308.0789185,63.30645752,308.1147156,347.702301,308.2632141,139.9901276,308.2284546,85.78351593,308.1924133,63.31127167,308.1558838,364.6636658,308.3048096,114.3164063,308.3399658,84.57881927,308.3757019,59.73929214,308.4122314,304.0548401,
309.0083313,135.4125366,309.043457,78.75848389,309.0785828,63.1890831,309.1152344,348.6283569,309.2645569,139.947113,309.2284546,86.15952301,309.1927185,63.96237183,309.1562195,369.6000977,309.303894,112.825119,309.3400574,83.78478241,309.3759155,57.56001282,309.4118958,303.3059387,
310.0083313,135.5054474,310.0454102,78.73138428,310.0807495,63.39119339,310.1168518,352.3880005,310.2658997,140.273468,310.2295532,86.95121002,310.1934509,63.54650879,310.1585388,365.9530029,310.3075562,113.3221817,310.3424683,85.01563263,310.3790283,59.52056885,310.4143982,305.2829285,
311.0083313,134.6140594,311.0454102,78.55121613,311.0805664,63.60144043,311.1165771,351.0769348,311.2651367,139.1748047,311.2295837,85.44003296,311.1940308,62.70074844,311.1583557,368.7946167,311.3050842,112.4315186,311.3412476,83.87896729,311.3768921,59.33890533,311.4129028,305.7753601,
312.0083313,136.4246979,312.0446472,78.79120636,312.0805359,64.15511322,312.1167908,351.7768555,312.2641907,140.7016296,312.2285461,85.7598877,312.193573,63.219944,312.1578674,368.262146,312.3043823,112.7115402,312.3402405,83.80368805,312.3745728,58.97431564,312.4107361,306.2671509,
313.0083313,136.8325043,313.0430298,77.98081207,313.0785522,63.40471649,313.115509,350.9827881,313.2639465,139.6347504,313.2279358,86.19194794,313.1923828,64.00280762,313.1571655,367.9872131,313.3050842,112.222084,313.3404541,85.47964478,313.3768921,59.22584915,313.4122009,303.3387146,
314.0083313,135.7586517,314.043396,79.38934326,314.0783997,63.52863312,314.1155396,350.5771179,314.2640381,139.2332306,314.2279358,85.45222473,314.1917419,63.9803772,314.1562195,369.0255127,314.3039856,112.1486664,314.3397217,83.83532715,314.375885,59.05250931,314.4117737,304.6473694,
315.0083313,134.9539032,315.0438843,78.83221436,315.0805359,64.17529297,315.1162415,351.6253967,315.2656555,137.6840973,315.2292175,85.73971558,315.1931458,63.95996475,315.1572266,365.815033,315.3048706,112.3183289,315.3408813,85.4132843,315.3764038,58.75872421,315.4124756,303.7852173,
316.0083313,135.2059937,316.0447998,77.57388306,316.0797119,64.08927917,316.1160583,350.981842,316.2630615,138.8482971,316.2267151,86.23647308,316.1907349,64.07090759,316.1547241,365.5912781,316.3040466,112.265625,316.34021,84.42085266,316.3756409,59.32520294,316.4118958,305.6256104,
317.0083313,136.5194702,317.0439148,78.11980438,317.0802917,64.03494263,317.1155701,352.7346802,317.2632141,140.309967,317.2275391,85.83922577,317.1918945,63.76587677,317.1568909,367.0678101,317.3045654,112.7799759,317.34021,85.16062164,317.3753967,58.9561348,317.4115601,307.8659668,
318.0083313,136.4139252,318.0445862,78.5786972,318.0793762,64.55651093,318.1147461,352.4483337,318.2610779,140.7327271,318.224884,85.02467346,318.1893311,63.04772949,318.1548157,366.7515564,318.3002014,112.6116867,318.3352356,84.60700226,318.3717041,59.15668106,318.4068909,302.8811035,
319.0083313,135.9589386,319.0447083,80.02367401,319.0800476,65.17199707,319.1155396,347.9913025,319.2647095,139.8301392,319.2284241,86.129776,319.1931458,62.62870789,319.157135,365.0831604,319.3033752,113.7270508,319.3392944,84.90045929,319.3743896,59.35489655,319.410614,302.3426208,
320.0083313,135.4334259,320.0450439,79.14154816,320.080719,63.40940857,320.116394,348.2121887,320.263092,136.4660797,320.2268982,85.68986511,320.1912537,64.09457397,320.1560669,364.8972473,320.3048706,112.8560638,320.3397217,83.72633362,320.3755493,59.33258057,320.4110413,301.9397278,
321.0083313,135.1773834,321.0434265,79.54266357,321.0802917,64.02609253,321.1160583,350.3086548,321.2644348,139.2305145,321.2286377,85.47612,321.1930542,63.2073288,321.157196,366.2064819,321.3052063,113.6165161,321.3414001,83.87733459,321.3766785,58.90202713,321.4125671,302.175354,
322.0083313,137.868576,322.0434265,78.81075287,322.0789185,63.78024673,322.114563,352.3872986,322.2633972,138.9828339,322.2280579,85.45978546,322.1923828,63.36018372,322.156311,367.6079407,322.3050842,112.0729218,322.3403931,84.95555115,322.3766785,58.88740158,322.412384,303.930603,
323.0083313,135.8925934,323.0435486,77.24118805,323.0799561,64.05092621,323.1152954,349.8198242,323.2626038,138.1704559,323.227478,86.48196411,323.1919861,63.36685181,323.1558533,364.6132202,323.302063,112.7392731,323.3382263,84.79103851,323.3748779,59.11402512,323.410553,305.476532,
324.0083313,136.7780914,324.0447388,78.69200897,324.0806274,64.06746674,324.1170654,351.376709,324.2641907,139.0868073,324.2277222,84.87485504,324.1915283,64.33348083,324.1564636,364.2840271,324.3035583,112.2720337,324.3388062,84.93365479,324.3748779,58.82624817,324.4109192,304.1867676,
325.0083313,136.155014,325.0453796,78.46821594,325.0806885,64.42536926,325.1166992,349.9863892,325.2633972,138.0463104,325.2275696,86.3399353,325.191864,63.32852554,325.1555786,368.0148621,325.3042603,113.4425888,325.3400574,84.29335022,325.3764038,59.57252502,325.4115601,306.2841492,
326.0083313,135.7721405,326.0444031,78.01667786,326.0792847,63.76387787,326.1158752,350.2232666,326.2623901,138.0968781,326.2263794,84.71001434,326.19104,64.20252991,326.1550903,366.2960205,326.3022156,114.5208664,326.3374023,84.76940155,326.3719177,59.1991272,326.4078979,305.1851501,
327.0083313,136.4306488,327.0437317,77.94060516,327.0789185,64.02518463,327.1149597,349.5297241,327.2617188,138.4544067,327.2260742,85.0941925,327.190033,64.90708923,327.1547241,365.3616638,327.3025818,114.2233353,327.3381653,85.62571716,327.3742371,57.82099915,327.4098511,302.2446289,
328.0083313,135.1584473,328.0437317,78.2633667,328.0792236,63.66933823,328.1156311,350.0890808,328.262085,138.5099182,328.2267761,86.1361084,328.1908875,63.07323837,328.1548767,366.3085327,328.3032532,113.9595413,328.3398743,84.4510498,328.3755493,58.54045486,328.4112854,303.1096802,
329.0083313,135.758606,329.0442505,78.47097015,329.0803833,62.6206398,329.1168518,350.6091614,329.2652893,138.6755066,329.2297974,85.09533691,329.1933594,62.94499969,329.1568909,367.5819397,329.3052979,113.6110306,329.3407288,84.87522888,329.3764038,58.65243912,329.4126282,303.9371948,
330.0083313,136.3627472,330.0437622,79.47563171,330.0792542,64.27509308,330.1150513,347.6865845,330.2648621,139.015274,330.2292175,86.57778168,330.1929016,63.48870087,330.1568909,365.1573486,330.3055725,114.6250916,330.3417358,84.43161774,330.3774109,58.96914291,330.413147,303.7286072,
331.0083313,136.3578644,331.0435486,78.02507782,331.0788879,62.50441742,331.1140442,348.3267212,331.2619934,138.2680359,331.2260742,85.41139984,331.1899719,63.54818344,331.1545715,366.0029602,331.3003845,114.2063522,331.3361206,84.6330719,331.3723755,59.35617065,331.4085693,303.6040955,
332.0083313,136.9899139,332.0445251,77.91216278,332.0813904,63.02878952,332.1164856,349.8592224,332.2647705,139.315567,332.2294312,85.89880371,332.1934204,63.29682541,332.1574097,363.4208374,332.3053894,113.8353577,332.3408813,84.54425049,332.3764648,59.24855423,332.4120789,302.0058289,
333.0083313,136.9159393,333.0434875,78.25046539,333.0789795,63.89588165,333.1152039,349.2691345,333.2637024,138.3903198,333.2272034,86.4433136,333.191925,63.5741806,333.1558533,365.1872253,333.303772,114.4785004,333.3402405,84.55223083,333.3755493,57.73106384,333.4120789,303.3763733,
334.0083313,135.325943,334.0448914,77.91552734,334.0801392,64.32845306,334.1165466,350.6209106,334.2639771,139.3941956,334.2275696,86.30128479,334.1917419,63.5065155,334.1570435,365.2671509,334.3057251,115.630867,334.3410339,85.17256165,334.3764343,59.34840775,334.4129028,298.7953796,
335.0083313,135.3168793,335.0440369,77.98030853,335.0787048,63.59220123,335.1141968,349.3585205,335.2602234,138.968277,335.2247314,85.96366882,335.1894226,63.44337845,335.1527405,365.7720032,335.2993774,115.7739334,335.3355408,84.97702026,335.3700562,58.58568573,335.4057007,302.8292236,
336.0083313,136.6255341,336.0439148,77.65213013,336.0800781,63.45479202,336.116394,347.3156738,336.2644958,137.9529266,336.2288818,86.0368576,336.1943665,64.12749481,336.1574402,366.947876,336.3042297,114.2510757,336.3405457,84.25648499,336.3765259,58.74022675,336.4115601,300.1513367,
337.0083313,136.7740021,337.0447083,78.35263062,337.0799561,64.110466,337.1158752,349.8968811,337.2644348,137.7600555,337.2290649,85.72463989,337.1929016,63.38070297,337.1568909,368.2149963,337.3040466,114.0704498,337.3397217,84.31031036,337.3766785,59.05876541,337.4125366,302.0065308,
338.0083313,134.6944122,338.0449524,78.61728668,338.0810547,63.83892822,338.1163635,351.0487061,338.2651367,138.3105621,338.2297058,86.59411621,338.1940308,63.97233963,338.1575623,365.6541443,338.3052063,116.1337891,338.3415222,84.86756897,338.3765259,58.32105637,338.4122925,303.0760498,
339.0083313,134.942749,339.0438232,78.6301651,339.0785828,64.82884979,339.1139526,350.5728455,339.2627563,139.3437653,339.2275391,85.78707886,339.1915283,63.62325668,339.1558533,366.0861816,339.3030701,114.6218796,339.3387451,84.0125885,339.3742981,58.78126907,339.409729,298.9788513,
340.0083313,136.1531525,340.0438843,78.1362381,340.0805969,63.79267502,340.1170044,347.036499,340.2643738,137.9514771,340.2283325,85.66750336,340.1925659,63.6881218,340.1560669,365.2480774,340.3038635,116.0935974,340.3405151,84.9506073,340.3762512,59.0205307,340.4124146,303.3900757,
341.0083313,136.3588409,341.0438843,78.48786926,341.0797729,64.49768829,341.1158142,351.9925842,341.2630005,138.2684479,341.2265625,85.35559845,341.1903992,63.61708069,341.1548767,365.0270081,341.3040771,115.6844864,341.3390503,84.53587341,341.3749084,59.37157059,341.4104309,302.764679,
342.0083313,135.3406067,342.0454102,79.75582886,342.0813293,63.92051315,342.1172791,348.7506714,342.2660522,137.5187073,342.230072,85.34420776,342.1933289,63.59574127,342.1573792,366.2893066,342.3062134,116.5274582,342.3420715,84.75041962,342.3782654,59.71992493,342.4143982,304.4752808,
343.0083313,136.4998322,343.0448914,77.99261475,343.0802917,64.29238129,343.1155396,347.952301,343.2623901,138.1408386,343.2269897,85.51065063,343.1908875,63.94627762,343.1555786,364.087616,343.3024597,115.9691849,343.3378906,85.03804779,343.3745728,57.98413849,343.410553,301.8087158,
344.0083313,136.5605774,344.0443726,78.56417084,344.0800781,63.66368484,344.1158752,348.8302307,344.2627258,138.1584167,344.2269897,84.7841568,344.1914063,62.34940338,344.1555786,363.8600159,344.3045654,114.9772873,344.3405457,84.63184357,344.3768921,58.99763107,344.4124756,302.8971863,
345.0083313,137.6520081,345.0438843,78.27126312,345.0802307,64.11557007,345.1165771,348.4671631,345.2637329,137.3636932,345.2273865,85.83833313,345.1917114,64.35313416,345.1556396,364.1480713,345.304718,115.6435394,345.3402405,84.04850769,345.375824,59.24754333,345.411499,300.4388428,
346.0083313,135.7794037,346.0435486,78.06541443,346.0787354,63.59184647,346.1129456,349.3112488,346.2617493,136.9988251,346.2272034,85.2289505,346.190979,64.19809723,346.1544495,364.3053284,346.3017273,117.2482452,346.3373108,85.16970062,346.3736267,59.28875351,346.4088745,303.7678528,
347.0083313,136.9171753,347.0437317,78.54763794,347.0800476,63.48300171,347.1155396,349.945282,347.2626953,136.498703,347.2287292,86.04963684,347.1928711,64.20291138,347.1567078,365.2669983,347.3038025,117.0409546,347.3400574,84.7634201,347.375824,58.37402725,347.4117126,301.9667969,
348.0083313,136.20047,348.0431213,78.7103653,348.0795593,63.97317505,348.1153564,347.6585999,348.2635498,136.96698,348.2271118,85.16777039,348.1913757,63.30693436,348.1557922,363.96698,348.3037415,116.5279846,348.3405151,84.66747284,348.3760681,58.50919342,348.4122925,302.6936646,
349.0083313,135.1137085,349.0433044,78.58592987,349.0792847,62.63111496,349.1146545,347.6607056,349.2632141,137.514801,349.2278137,86.03462982,349.1925354,63.13340378,349.1565857,367.3430786,349.3045654,116.3414459,349.3405457,84.14450073,349.375946,58.93815994,349.4120483,300.6560364,
350.0083313,135.9746094,350.0438843,78.31815338,350.0795593,63.69599533,350.1148682,349.6473083,350.2613831,138.9955597,350.2260742,84.86700439,350.1895447,63.60169601,350.1538696,368.1326294,350.3040771,116.9946976,350.3388672,85.13556671,350.3753967,58.81353378,350.410553,302.707489,
351.0083313,136.6872101,351.0437927,77.92971802,351.0789795,63.34576797,351.1142883,348.6036072,351.2608948,136.6702423,351.224884,85.09238434,351.1890564,63.60965347,351.1537476,367.1160278,351.3027344,116.4119415,351.3379211,84.78749084,351.3739014,58.68788528,351.4109802,302.3423462,
352.0083313,136.0561371,352.0444641,77.32713318,352.0803833,63.84918213,352.116272,349.6594849,352.2623901,138.1411743,352.2268982,85.34428406,352.1911011,63.68523788,352.1557007,362.3669739,352.3042603,116.7311096,352.3402405,84.26557159,352.375885,58.20071793,352.4116516,302.1943359,
353.0083313,136.2753143,353.0447388,78.26695251,353.0804138,63.50643921,353.1152344,344.9866638,353.2625732,137.5567017,353.2270508,84.99875641,353.1913757,64.26364899,353.1554565,362.3471985,353.3024597,116.7236481,353.3382568,85.30039978,353.3746338,59.17111969,353.4100647,301.7262878,
354.0083313,135.9467926,354.04422,78.04898071,354.0806885,63.61544037,354.1152954,347.5996399,354.2608643,137.9766846,354.2255554,85.49977112,354.1907349,63.15224457,354.1543579,364.9012146,354.3005676,116.6314774,354.335907,84.266922,354.3725891,58.70495605,354.4095764,302.8710938,
355.0083313,135.6925049,355.0443115,77.87644958,355.0792847,63.17699814,355.1153564,347.5983582,355.2650452,138.3054657,355.2290344,85.67949677,355.1938782,62.68232346,355.1574097,368.2397461,355.3049011,116.4508362,355.3408203,83.45250702,355.3772583,58.53740311,355.4133911,301.9981079,
356.0083313,136.5242767,356.0437317,78.30285645,356.0805359,64.37857819,356.116394,349.8930664,356.2625732,137.6134644,356.2266235,85.21591187,356.1915588,64.49156952,356.1561584,368.0743103,356.3025818,118.1197586,356.3384094,83.61553955,356.3742065,58.8790741,356.4102173,300.3075562,
357.0083313,137.0581207,357.0440674,78.37316895,357.0813904,63.62242126,357.117218,348.305481,357.2672119,137.1742554,357.2320557,85.121315,357.1957092,62.85194397,357.1592407,364.4350586,357.3084717,116.5795822,357.3450928,84.30158997,357.3810425,58.36655045,357.4161987,302.3369446,
358.0083313,135.3562012,358.0433044,78.49192047,358.0780945,63.55609131,358.1139221,346.206604,358.2612,137.0292206,358.2257996,85.64441681,358.1891785,63.43965912,358.1540222,364.4039307,358.3012085,116.7233734,358.3377075,84.76850891,358.3729553,58.804039,358.4092407,302.8405762,
359.0083313,136.802124,359.0438843,78.21193695,359.0795593,63.7661438,359.1151428,348.3946533,359.2617188,137.379715,359.2260437,85.07738495,359.1899109,62.71225357,359.1542969,366.2236938,359.3018799,117.0193176,359.3375244,85.38608551,359.3734131,58.77768707,359.4095764,301.2963257,
360.0083313,135.8646088,360.0447998,77.73947906,360.0809021,62.88153839,360.1170044,348.1573792,360.2670593,136.6804504,360.2307434,86.28823853,360.194458,63.58702469,360.1577148,360.9244995,360.3075562,116.2418976,360.3432312,84.99352264,360.37854,58.50291824,360.4139099,301.9850464,
361.0083313,137.0852509,361.0448914,78.03937531,361.0802917,63.09356689,361.116394,347.9787598,361.2640686,136.7671204,361.2292175,85.95213318,361.1935425,62.69410324,361.1574402,366.4341736,361.3033752,116.685257,361.3395386,84.8201828,361.3753967,58.66379547,361.4111938,301.2727051,
362.0083313,136.7518463,362.0439453,77.5906601,362.0795898,64.19309235,362.1162109,348.9053955,362.2653503,137.3911133,362.2294617,85.48628235,362.1939087,63.95466614,362.1575928,365.7124939,362.304718,116.4424973,362.3403625,84.11737823,362.3769836,58.30164719,362.4133911,303.9013672,
363.0083313,137.4057922,363.0430603,78.36408234,363.0792542,63.84545517,363.1155701,349.598175,363.2644958,137.7080231,363.2287292,85.99562836,363.1930542,63.95711899,363.1571045,367.1171265,363.3048706,117.4567947,363.3403015,84.49752045,363.3765259,57.89034271,363.4118958,303.743988,
364.0083313,134.3017578,364.0431824,77.76609802,364.0791931,63.91011047,364.1150513,346.5240784,364.2632141,136.3282471,364.2270508,86.6842041,364.1912537,63.06511307,364.1545715,366.2019653,364.302948,118.0704193,364.3390198,85.23641205,364.3746033,58.62657166,364.4111328,300.5317383,
365.0083313,136.5889282,365.0438843,77.72442627,365.0790405,63.78545761,365.1148987,349.9673767,365.2615662,136.0407867,365.2264404,86.10484314,365.1902161,63.61138916,365.1546326,363.5273438,365.3033142,115.7844772,365.3388977,83.67295074,365.3749084,57.70903397,365.4106445,300.7779541,
366.0083313,136.6840973,366.0441284,78.16829681,366.0789185,63.84442902,366.1157227,346.8388367,366.2625427,137.0593719,366.2261963,84.81521606,366.1904907,63.07617569,366.1545715,362.7799377,366.3017273,116.3240509,366.3371277,84.34049988,366.3729858,58.40439224,366.4087524,303.176239,
367.0083313,137.6879425,367.0437317,78.57740784,367.0787659,63.70334244,367.1152344,350.612915,367.2641602,138.3057404,367.2287903,85.5447998,367.192749,63.88728333,367.157074,366.9494629,367.3037109,116.6109238,367.3388062,84.7587204,367.3755493,58.62674332,367.4119568,301.0623169,
368.0083313,134.9666443,368.0443115,77.32870483,368.0804138,63.2720871,368.1153564,348.6839905,368.2623901,138.0747986,368.2275696,85.89955902,368.1920471,62.86536026,368.1565857,364.3609314,368.3045654,116.9779892,368.3398743,85.22431946,368.3764343,59.86062241,368.4124146,303.1886597,
369.0083313,136.2536621,369.0444031,77.68901825,369.079895,64.17498016,369.1155701,349.2559204,369.2647095,137.3427582,369.228241,85.31356812,369.1933594,63.41837311,369.1571655,365.3980103,369.3053589,117.3832321,369.3407288,84.7048111,369.3769836,58.05780411,369.412384,301.0782471,
370.0083313,135.7513275,370.0447083,78.04155731,370.0800476,64.07829285,370.1168518,347.1690369,370.2637024,138.4956055,370.2298889,85.51168823,370.1947327,63.2595787,370.1584778,365.1878357,370.3051147,117.7092514,370.3408813,84.11295319,370.3770447,57.77592468,370.4129028,303.003479,
371.0083313,135.5542755,371.04422,78.18503571,371.0804138,63.8684845,371.1170654,344.3189392,371.2632141,137.620285,371.2279053,85.81079865,371.1919861,62.85748672,371.1562195,364.2652893,371.3029175,116.3491211,371.3388672,85.35364532,371.3745422,58.34843063,371.4107361,299.8140564,
372.0083313,136.6700592,372.0437622,77.16268158,372.0787354,63.92797852,372.1143188,347.8268738,372.2602234,137.8644104,372.2255554,85.94108582,372.1889038,63.5957489,372.1534119,362.0461426,372.2998047,116.8721237,372.3360291,84.46123505,372.3716125,58.83347702,372.4068909,299.6547546,
373.0083313,135.7749176,373.0437622,78.71161652,373.0791931,62.99613571,373.1152344,346.9871826,373.262207,138.8316345,373.2261963,84.43516541,373.1908875,63.13324738,373.1550903,364.9317017,373.3035583,115.7221298,373.3386536,84.12854767,373.374054,59.06025696,373.4110718,299.6061707,
374.0083313,135.8236084,374.0430603,77.59210205,374.0789795,64.23457336,374.1139526,347.0354309,374.2607422,139.5111084,374.2242737,85.35431671,374.1895447,63.11729431,374.1531372,364.8333435,374.3006592,117.317337,374.3362427,84.75878906,374.3713989,58.4512291,374.4077148,299.8029785,
375.0083313,135.5699463,375.0444031,77.83777618,375.0804749,64.04137421,375.1162415,348.1054382,375.2641296,138.0099182,375.2290344,85.43843842,375.1929626,64.15190125,375.1575623,362.6600342,375.3041382,117.6812744,375.3392334,84.58662415,375.3757629,59.33507538,375.4117737,301.4033508,
376.0083313,136.8275604,376.0444641,77.91708374,376.0802307,62.704319,376.1157227,345.8996887,376.2628784,139.1174316,376.2268982,85.12732697,376.190918,63.92254639,376.1559753,361.1546936,376.3045654,116.0756454,376.3408813,84.55082703,376.3774719,58.53299713,376.4129028,301.4534912,
377.0083313,136.1496887,377.0444641,78.26738739,377.0806885,63.91390991,377.1166382,345.8067322,377.2635498,139.0840454,377.2267151,85.13301849,377.1908875,64.39393616,377.15625,362.3881226,377.3045044,116.7562714,377.3390503,85.18471527,377.3755493,58.92543411,377.4112549,298.6858215,
378.0083313,134.5415344,378.0438232,78.16706848,378.0792847,64.41569519,378.1156616,343.8544617,378.2612915,137.9228516,378.2254028,85.30966187,378.1907959,62.76787186,378.155365,364.5664978,378.3010864,116.6313095,378.3369141,84.37303925,378.3728333,58.99472809,378.4080505,297.3125,
379.0083313,135.5055389,379.0445251,77.83637238,379.079895,64.1013031,379.1162109,345.8298645,379.2630615,140.8023224,379.2264099,86.021492,379.1908875,63.78488159,379.1554565,365.4841919,379.3021545,116.5151596,379.3387146,84.73539734,379.3741455,58.52342606,379.4102173,301.5643921,
380.0083313,136.7662811,380.0435486,78.18180847,380.0775452,63.42585373,380.1133118,345.7156677,380.2598572,138.6511383,380.2243958,85.55928802,380.188446,62.80431747,380.1522217,363.7751465,380.2992249,117.5264587,380.3347778,84.73698425,380.3701477,57.97397995,380.4058838,298.2903137,
381.0083313,135.9548645,381.0433655,79.07053375,381.0802002,63.83108521,381.1157227,348.7160339,381.2642822,139.3926086,381.2283936,86.60968018,381.1923828,63.72026443,381.1568909,365.8061523,381.3050842,116.8827515,381.3417053,85.0448761,381.3780212,58.26865387,381.4144287,301.9693909,
382.0083313,135.3404083,382.0435486,77.60375214,382.0787048,63.44069672,382.1153564,348.8579712,382.2628784,139.1071472,382.2264099,85.56256866,382.1909485,63.97520828,382.1552124,365.1127319,382.3015442,115.4538651,382.3379822,84.24822998,382.37323,59.35723877,382.4078674,300.8120422,
383.0083313,136.0605621,383.04422,77.45980072,383.0800781,63.78195572,383.1157532,346.4108276,383.2647095,139.0766144,383.2295532,84.3544693,383.1935425,64.15644836,383.1572876,365.2448425,383.3042297,117.1723633,383.3398743,85.19308472,383.3759155,58.8794899,383.4117432,298.6902466,
384.0083313,136.5196686,384.042572,77.46939087,384.077301,63.962677,384.1130676,344.5135803,384.2618713,138.9486084,384.2262268,84.85771179,384.190033,63.35636139,384.1527405,362.4151001,384.3027039,116.5365601,384.3380432,85.31409454,384.3750305,59.30145645,384.4110718,299.3961792,
385.0083313,135.184906,385.0454712,78.00827026,385.0812683,63.61124039,385.1175842,346.6524048,385.2661438,139.7775879,385.2300415,85.42351532,385.194397,63.10586548,385.1587219,364.0844421,385.3070374,117.02314,385.3435974,85.29842377,385.3783875,59.2529335,385.4143982,300.9284973,
386.0083313,136.966568,386.0437927,77.82226563,386.0797119,64.27805328,386.1165771,347.5557861,386.2655029,140.1912079,386.2297974,84.60939026,386.1937256,63.43582153,386.1579895,365.264679,386.3055725,117.6942749,386.3406372,83.84864044,386.3760376,58.82149887,386.4120789,301.5193481,
387.0083313,136.2185822,387.0437317,78.32029724,387.0800476,63.54533768,387.1157227,345.8342896,387.2628784,141.6908875,387.2277222,85.02818298,387.1915588,63.09677505,387.1552429,363.7114563,387.304718,116.1791687,387.3408813,83.47493744,387.3762512,58.32572174,387.4103699,299.3665466,
388.0083313,137.1929474,388.0446472,77.09742737,388.0803833,64.56248474,388.116394,345.521637,388.2624817,138.1929779,388.2272034,85.35318756,388.1912231,63.00965118,388.1558533,361.5131531,388.302063,116.0750122,388.3388062,83.42176056,388.3744812,57.44556046,388.4099426,299.4113159,
389.0083313,136.4931335,389.0449524,77.90465546,389.0808716,63.37696457,389.1163635,346.0089722,389.2657166,140.0241241,389.2290344,85.08576202,389.1937866,63.31570435,389.1582336,362.5186462,389.3042297,116.1358261,389.3406372,84.45925903,389.3757019,58.03862381,389.4124756,299.3583679,
390.0083313,136.874054,390.0437317,78.06936646,390.0794678,63.68970108,390.1148682,347.585022,390.2630615,140.4092865,390.2267456,85.20891571,390.1900635,63.01537323,390.1540833,361.7906799,390.3038635,116.0871811,390.3400269,84.59324646,390.3761292,57.97584915,390.4117432,299.3561096,
391.0083313,136.1356049,391.0441284,77.7207489,391.080719,64.31732178,391.1156311,346.8406677,391.2637329,139.7832642,391.2289124,85.67282867,391.1930237,62.936203,391.1567993,364.8816223,391.3034363,115.2942047,391.3390198,84.21630096,391.3735657,57.69073105,391.4090881,299.4902954,
392.0083313,135.6300049,392.0437317,77.51322937,392.0795593,63.81511688,392.1153564,346.5531006,392.2605591,141.1731567,392.224884,85.02856445,392.1908875,62.99776459,392.1550903,362.9926147,392.2993774,116.0416107,392.3355408,84.21511841,392.3711243,58.94974136,392.4065552,299.0489807,
393.0083313,134.5976563,393.0440674,76.77399445,393.080719,63.62830734,393.1158752,344.8793945,393.2621155,140.7505646,393.2262268,85.96009064,393.191864,63.96707916,393.1558533,361.8396301,393.3032227,116.5048294,393.3388672,84.25888062,393.3743286,58.70267487,393.4111938,298.1945801,
394.0083313,135.6618195,394.0444031,77.70288086,394.0797424,63.16870499,394.1165466,347.9625549,394.2658997,141.6908875,394.2301025,85.0390625,394.1940613,63.45337677,394.1582336,364.9239807,394.3078918,116.8830185,394.3433533,84.52141571,394.3792419,58.33223724,394.4153748,299.7004089,
395.0083313,135.8758087,395.0442505,78.1241684,395.0792542,63.56929398,395.1150818,344.8397827,395.2641296,141.8011322,395.227478,84.66990662,395.1920471,63.2997818,395.157196,363.7390442,395.3030396,118.738884,395.3389587,84.86136627,395.3751831,58.87771988,395.4102478,298.5988464,
396.0083313,136.2695618,396.0417175,77.22386932,396.0772095,62.91657639,396.1134033,347.4346619,396.2628174,141.614502,396.2272034,85.12001801,396.1914063,63.17317581,396.1552429,361.2080078,396.3019104,115.2525711,396.337738,84.48892975,396.3729858,58.01397705,396.4094849,298.9204102,
397.0083313,135.9234161,397.0450439,78.0273056,397.0813904,63.16267776,397.1167603,343.9066467,397.2649841,140.0480957,397.229126,85.56838226,397.1935425,63.448452,397.1577148,360.5915527,397.304657,116.9310226,397.3400574,83.85165405,397.3753357,58.18034744,397.4111328,300.1807861,
398.0083313,135.3746948,398.0447083,76.87387085,398.0803833,63.60190201,398.1161194,345.8429565,398.2649841,140.2955627,398.2293701,84.63549805,398.1937256,62.88700485,398.1577148,361.212738,398.3067017,116.5225143,398.3418884,84.08443451,398.3777466,58.34181595,398.4134827,299.7641296,
399.0083313,135.1272583,399.0443726,77.7976532,399.0802002,63.78440475,399.1158142,345.7561951,399.2639771,140.0108948,399.2288818,85.82447815,399.1924744,63.68265152,399.1567383,359.9000854,399.3062134,116.2976532,399.3422241,84.31215668,399.3778992,57.67837524,399.413208,301.2103882,
400.0083313,134.695694,400.0437927,77.58130646,400.0797424,63.30104828,400.1150818,345.493988,400.2637024,140.2444,400.2282104,85.31768799,400.1933594,62.31914902,400.1571045,363.1539307,400.3052063,116.9903641,400.3409729,83.79797363,400.3765564,58.34417343,400.4124146,301.1348877,
401.0083313,135.9629517,401.0431824,77.13871002,401.0785522,64.1108017,401.1140442,349.7021484,401.2625732,140.5021973,401.2259521,85.49107361,401.1905518,63.26969147,401.1555481,364.2401123,401.3032227,117.4472198,401.3383789,84.27976227,401.3744812,58.41978073,401.4107056,298.4689941,
402.0083313,135.3852081,402.0438843,77.586586,402.0789795,63.79976273,402.1152039,344.1202087,402.2612305,142.0503082,402.2255859,85.71309662,402.190033,62.05310822,402.15448,360.8473206,402.3013611,115.6807709,402.3372498,83.97373199,402.3729248,58.38292694,402.4083862,298.3673096,
403.0083313,135.3079224,403.0431213,77.08587646,403.0787354,64.46674347,403.114563,346.1193237,403.2620544,141.4522247,403.2262268,86.40734863,403.1895447,62.47945786,403.1542358,361.9860229,403.3035583,116.6110916,403.339386,84.68983459,403.3755493,58.49291229,403.4108582,296.4433289,
404.0083313,136.2947388,404.0449219,77.40126038,404.0809937,63.61316299,404.1158752,347.8687439,404.2654114,141.2880859,404.229126,85.40782166,404.1929016,62.74996567,404.1562195,361.4421082,404.3048096,116.0898285,404.3405151,84.61418152,404.3765259,57.61814499,404.4126892,300.5501404,
405.0083313,135.4559479,405.0449219,79.15711212,405.0802307,64.07261658,405.1160583,344.1019287,405.2655945,140.7143555,405.2289124,85.17977905,405.1932373,63.63256836,405.1575623,358.6836548,405.303894,116.3357239,405.3396606,84.30105591,405.3759155,58.61404419,405.4118958,299.7103271,
406.0083313,134.2727356,406.0452271,77.79222107,406.0809937,63.78383255,406.1167297,345.8042908,406.2645569,142.6883545,406.228241,85.72226715,406.192749,63.20144272,406.1568604,361.9166565,406.3058472,117.0776138,406.3413086,84.99242401,406.3770447,58.35866165,406.413208,300.0059204,
407.0083313,134.693634,407.0452271,77.04380035,407.0805664,63.97262955,407.1170654,346.1436768,407.2640991,142.5690613,407.2290649,85.58667755,407.1924133,62.75108337,407.1555786,358.4152527,407.3042297,116.7881012,407.3401489,84.25776672,407.3748779,59.15047073,407.4117126,300.9184875,
408.0083313,134.4996185,408.0429688,77.17711639,408.0795593,64.22951508,408.1157532,343.98526,408.2632141,142.5818939,408.2268982,84.37101746,408.1911316,63.16196823,408.1557922,360.8277283,408.3045654,117.1355286,408.3403931,83.862854,408.3760681,58.57068253,408.4118958,299.019989,
409.0083313,135.2999878,409.0433655,77.07392883,409.0799866,64.37679291,409.1153564,347.6600952,409.2641907,141.1490936,409.2278137,86.74874115,409.1920471,62.93823624,409.1568909,363.8292847,409.3031616,116.4599838,409.3390198,84.21762085,409.3759766,58.42512131,409.4115601,300.8623962,
410.0083313,134.8696594,410.0429688,77.81838989,410.0794067,63.22669983,410.1152344,344.4722595,410.2612305,142.4016266,410.2272034,84.54013062,410.1915588,63.48045349,410.1557312,360.5212097,410.3007202,116.7657471,410.3365784,84.21590424,410.3725586,58.64927292,410.4078064,300.1993408,
411.0083313,135.0272369,411.0447388,77.38248444,411.0812073,63.74344254,411.1169128,348.482605,411.2660828,140.7676544,411.2301331,85.33737946,411.1941528,62.87167358,411.1573792,362.2223511,411.3074036,114.4353561,411.3437195,84.4043808,411.379425,58.19453812,411.4157104,298.0409851,
412.0083313,136.1566162,412.0445862,77.55078888,412.0797119,62.91862488,412.1162109,344.5532837,412.2632446,141.8566589,412.2283936,86.043396,412.1920776,63.79537964,412.1567383,364.6430969,412.3049622,115.4382858,412.3407288,84.22483063,412.3760376,58.54388809,412.4113159,299.9653015,
413.0083313,133.6731567,413.0445251,77.95967102,413.0800781,64.20529938,413.1155396,344.0426941,413.2632141,140.9110565,413.2272034,86.58625031,413.1912537,62.73217392,413.1563721,362.6239929,413.3048706,116.0359726,413.3413086,84.38467407,413.3778076,58.19049454,413.4136353,295.8428345,
414.0083313,134.8200073,414.0429077,77.1340332,414.0791931,63.10507584,414.1147156,345.132019,414.2615051,141.773941,414.2259216,85.01374817,414.1899109,62.39442825,414.1540833,360.6218262,414.3027039,113.691925,414.3384094,82.88503265,414.3740845,58.969944,414.4100342,297.7660522,
415.0083313,135.2822571,415.0440369,77.74455261,415.0797119,64.38084412,415.1152039,345.1367188,415.2637329,142.7996216,415.2275696,86.07749176,415.1918945,63.57032776,415.1560974,360.5074158,415.3027344,116.1472549,415.3392639,84.20149994,415.3759155,57.68626022,415.4116211,297.4889526,
416.0083313,134.722641,416.043396,77.73989105,416.0794067,63.32305908,416.1157227,347.0614319,416.2630615,140.683075,416.2278748,84.72401428,416.1912537,63.14227676,416.1559448,360.872406,416.3058472,115.9875717,416.3414001,83.20320129,416.377533,58.29709244,416.4133911,298.3053894,
417.0083313,135.5709229,417.0439148,77.1674881,417.0789795,64.08419037,417.1150818,345.1647339,417.2637329,140.9530334,417.2279053,85.25619507,417.1916199,62.90440369,417.1562195,363.3555908,417.305542,116.6625671,417.3412476,83.9335556,417.377533,58.08828354,417.4129028,298.0489807,
418.0083313,134.9391022,418.0454407,78.2073288,418.0816956,63.94423676,418.116394,345.7630615,418.2637329,142.0848236,418.2279053,85.74029541,418.1925964,62.45352173,418.1565552,363.0728455,418.3042908,115.7380066,418.3398132,85.18160248,418.3751831,58.6303978,418.411499,297.5016785,
419.0083313,133.7750244,419.0435486,77.28842926,419.0789185,64.20730591,419.114624,343.2982788,419.2607422,139.7872925,419.2251282,84.66930389,419.1896362,62.97214508,419.1535339,361.7427979,419.3008118,116.1914902,419.3372192,84.09335327,419.37323,58.47709656,419.4089966,297.2264099,
420.0083313,133.4120331,420.0444641,77.80830383,420.0808716,62.90475845,420.1168518,345.9536743,420.2661133,142.1931763,420.2298889,85.99666595,420.1948853,63.24280167,420.1588135,361.2821655,420.3074036,116.0346832,420.3415833,85.38101196,420.3770447,58.08212662,420.4122009,298.4620361,
421.0083313,134.5085144,421.0448914,77.92880249,421.0813904,63.17076874,421.1175842,345.2069092,421.2655334,142.2197113,421.2310486,85.09802246,421.1957397,62.65329742,421.1593628,360.6125183,421.3071594,116.6832275,421.342865,84.37121582,421.3782654,58.34088135,421.4145508,297.6336975,
422.0083313,134.6099854,422.0445862,76.86532593,422.0789795,63.80185318,422.1137085,345.6550598,422.2626038,142.086731,422.2262268,85.56561279,422.1913757,63.0722847,422.1546326,359.1965637,422.3042603,116.5881805,422.3403931,84.53105164,422.3761902,58.33022308,422.4122314,297.5164795,
423.0083313,133.4278412,423.043457,77.32112122,423.0792542,63.5005455,423.1151428,344.5809937,423.2640381,142.6579132,423.2280884,85.09224701,423.191864,63.67964172,423.1557617,361.208374,423.3033752,115.2320557,423.3399048,83.36550903,423.3748779,58.20354843,423.4102783,298.4921265,
424.0083313,134.6140594,424.0438843,77.19908142,424.0788879,62.69999695,424.1137085,344.7260742,424.2602844,141.6335602,424.2245483,84.79148102,424.1896362,62.74908829,424.1529236,361.6207886,424.302063,116.6523895,424.3372192,84.28837585,424.3731995,57.46804428,424.4090881,297.6676636,
425.0083313,134.2020569,425.0428162,76.79675293,425.0790405,63.87097549,425.1142578,344.7256165,425.2607422,141.6000214,425.2249146,85.64528656,425.1897278,63.52701187,425.1539001,361.7427673,425.3005676,115.9492569,425.335907,84.19490051,425.3717346,57.75942612,425.4066467,296.7392883,
426.0083313,134.5432281,426.0438843,76.78380585,426.0796204,63.28977585,426.1159973,345.2780151,426.2633972,142.4593658,426.2270508,85.57134247,426.1915588,63.60092163,426.1559448,361.9223938,426.3040771,115.826889,426.3402405,83.73581696,426.3755493,58.64142227,426.4104614,295.8565979,
427.0083313,132.7864685,427.0442505,77.16307831,427.079895,64.22192383,427.1157227,347.6193542,427.2614441,142.113678,427.2276917,86.30665588,427.1912231,62.97945404,427.1557007,364.1177063,427.3037415,116.7856369,427.3392944,83.71643066,427.3751831,57.89710999,427.4107056,298.4907227,
428.0083313,135.1847382,428.0437317,77.46084595,428.0797729,63.45558929,428.1157532,346.4121094,428.2633667,141.0106049,428.2293701,85.99938202,428.1933289,62.12813187,428.1564331,363.4664001,428.3052368,115.4534302,428.3407288,84.27664948,428.3766785,58.96630859,428.4119263,297.7810974,
429.0083313,135.1823273,429.0437927,77.46282959,429.0792542,62.99020386,429.1147156,344.3020325,429.2633972,141.1095581,429.2277222,86.02985382,429.1917419,62.92034531,429.1557312,360.9443665,429.3031006,117.0011902,429.338562,84.05939484,429.3742981,57.60390854,429.4099731,296.2076416,
430.0083313,133.8723145,430.0448914,77.21644592,430.0813293,63.95399475,430.1178589,343.8348694,430.2640381,141.9429474,430.228302,85.15182495,430.1932373,62.4248848,430.1573792,360.4390564,430.3034363,116.331337,430.3390808,83.52919006,430.3752136,57.59597015,430.4101257,298.3335266,
431.0083313,135.2946014,431.0438843,77.04916382,431.0800781,64.22509003,431.1150513,345.486084,431.2643738,142.4320526,431.2281189,85.3744812,431.1919861,62.54476166,431.1553955,360.1127014,431.3042603,116.360054,431.34021,84.639534,431.3759155,58.03306961,431.410553,297.6253357,
432.0083313,134.5001068,432.0441284,76.47989655,432.0802307,64.26318359,432.1158752,344.3571167,432.2655334,141.5332031,432.2286377,84.8089447,432.1930847,63.01395035,432.1574402,360.144928,432.306366,116.0694962,432.3427124,84.64732361,432.3778687,58.04317856,432.4144287,296.3542175,
433.0083313,135.5831604,433.0438843,76.72270203,433.0791931,63.43719482,433.114563,343.2847595,433.2605591,141.6660156,433.2249756,84.96656799,433.1899109,63.07783127,433.1548767,360.6509705,433.3018799,115.6144943,433.3382263,85.23946381,433.3735657,58.32009125,433.4095764,297.1688843,
434.0083313,134.7728577,434.045105,77.43499756,434.0805664,63.76063919,434.116272,343.9950867,434.2645569,140.7870178,434.2280273,85.5226593,434.1924744,63.7394104,434.1560669,359.7582703,434.3038635,115.1953735,434.339386,84.63303375,434.3757019,58.22356033,434.4107056,297.4660034,
435.0083313,134.4042053,435.0430298,77.86615753,435.0794067,63.61677551,435.1148682,341.6372986,435.2623901,140.7584381,435.2270508,85.0256958,435.1905518,63.09411621,435.155365,361.5993958,435.3020935,116.5489655,435.3370361,83.38747406,435.3733826,58.35923004,435.4088745,298.5975037,
436.0083313,134.4391327,436.0438843,77.52283478,436.0801086,63.4916954,436.1160889,344.6763,436.2639465,141.5062561,436.2283325,85.39904785,436.1922607,62.97371674,436.1573792,362.6235046,436.3053589,116.2041473,436.3414001,84.01277924,436.3772278,58.21240616,436.413208,296.5488281,
437.0083313,134.0833588,437.0445251,76.63639832,437.0802307,64.06681824,437.1152344,345.7207031,437.2627869,142.0991669,437.2273865,85.09358978,437.1915283,62.69060898,437.155304,361.4173889,437.302887,115.3909378,437.3384094,83.79940796,437.3742065,58.31285477,437.4107971,298.7332764,
438.0083313,134.1460114,438.0433655,77.02227783,438.0790405,64.04199219,438.1158752,343.5158691,438.2628784,142.6397552,438.2272034,84.64807892,438.19104,62.32382202,438.1550598,357.7527161,438.3018799,114.8258209,438.3379517,84.14932251,438.3742065,56.91250992,438.4090576,298.619812,
439.0083313,134.3126221,439.043457,77.84486389,439.079895,64.31604004,439.1157837,346.472168,439.2639771,142.1214294,439.2285461,85.04356384,439.1920471,62.79606247,439.1568909,362.7457886,439.3035583,115.1984482,439.3387146,85.13394165,439.3751831,57.76610565,439.4119263,294.9667053,
440.0083313,133.7885132,440.0443726,76.98911285,440.0812073,63.96805573,440.117218,348.3565674,440.2669983,142.2358398,440.2301941,85.30936432,440.1940308,62.07218552,440.1585693,359.9467163,440.3056946,114.6929779,440.3418579,83.61212158,440.3763733,58.06419754,440.4124756,299.4817505,
441.0083313,134.3473816,441.0429077,77.10102844,441.0780334,64.61872101,441.1140442,342.6398926,441.2617798,141.8423615,441.2259216,85.49349213,441.1887512,62.90166855,441.1529846,360.886322,441.3027039,115.0093002,441.3382263,84.157547,441.3735352,58.35885239,441.4095764,297.0774536,
442.0083313,133.4443359,442.0443726,77.11804199,442.0802307,63.23033524,442.115448,340.367157,442.2649841,141.3884735,442.2294617,85.12167358,442.193634,62.13427353,442.1567383,357.7339783,442.3037415,115.484169,442.3395386,84.5515976,442.3759155,57.81796646,442.4117126,297.9451599,
443.0083313,136.2227478,443.0435486,77.71649933,443.079071,64.16558838,443.1157227,343.6928406,443.2643738,141.1123962,443.2280273,85.3965683,443.1925659,62.54415131,443.1566467,356.7870789,443.3053894,115.6504593,443.3415833,82.99634552,443.3781433,58.10739517,443.4133911,294.8513489,
444.0083313,134.9186249,444.0438843,77.36856842,444.0795593,63.91274261,444.1163635,344.6069641,444.265564,143.4734344,444.2298889,85.75508881,444.1942139,62.88490295,444.1575623,360.8552551,444.3059998,115.2379074,444.34198,84.93516541,444.3774109,58.34396744,444.4133911,296.2230835,
445.0083313,136.4493256,445.0431824,78.02735901,445.079071,63.65771484,445.1152344,341.7809753,445.2637024,142.5747375,445.2288818,83.9455719,445.1928711,62.22955322,445.1562195,359.5025024,445.3052368,115.6922989,445.3409729,83.365448,445.3774109,57.86050797,445.4129028,294.8523865,
446.0083313,135.5910645,446.0438843,77.09718323,446.0802917,63.72201538,446.1158752,346.5541382,446.2642212,141.257843,446.2286072,85.01456451,446.1924133,63.00152206,446.1567993,358.8560486,446.3040466,114.2935104,446.339386,83.48345947,446.3751221,58.5247879,446.4107056,297.4582825,
447.0083313,136.1184082,447.0440369,77.30492401,447.0804138,63.58854294,447.1160583,344.5294189,447.2649231,142.1073151,447.2293701,86.03679657,447.1933594,62.638134,447.1572876,359.5037842,447.3058167,115.9665451,447.341156,83.90280151,447.3772278,58.13632584,447.4132385,297.0540161,
448.0083313,136.0011292,448.0443726,76.51802826,448.0800781,64.2882843,448.1166992,344.128479,448.2658997,142.3882599,448.2297058,85.09466553,448.1936646,62.99386978,448.1572266,358.5714111,448.3048706,115.1655655,448.3408203,84.40962982,448.3772278,57.37742233,448.4119873,297.4159546,
449.0083313,135.0446777,449.0452271,77.54237366,449.0805969,63.11935806,449.1165771,347.1346741,449.2633667,141.1933289,449.2278748,85.55516052,449.1921692,62.560215,449.1565857,361.1014709,449.3032837,115.8471222,449.3387146,84.07155609,449.374054,57.71701431,449.4107971,296.6470642,
450.0083313,135.5336761,450.0435486,77.18505859,450.0795898,63.39379501,450.1158752,343.0997925,450.2640686,141.4219666,450.2278748,84.6647644,450.1925659,62.97779846,450.1565552,357.0469666,450.3056946,115.3802567,450.3406372,84.56059265,450.3759155,58.74554443,450.4119873,298.0052185,
451.0083313,134.5568542,451.04422,77.86408997,451.0806885,63.75727844,451.1157227,342.9900513,451.263092,142.4773254,451.2266235,85.27443695,451.1912231,63.49721527,451.1553955,357.8458252,451.3043518,114.2048645,451.3404541,84.33405304,451.3763733,58.53572464,451.4120789,295.9015198,
452.0083313,134.1416626,452.0438843,77.07817078,452.0801392,64.06678772,452.1157837,346.1080017,452.2623901,142.2391205,452.2266235,84.98474121,452.1912231,63.34318924,452.1556396,358.5300293,452.3030396,115.9587479,452.3388062,84.01178741,452.3752136,57.71888351,452.4109802,294.3015442,
453.0083313,135.0236511,453.0434265,76.87001801,453.0783997,63.92367935,453.1147766,343.9906921,453.2617493,141.4539795,453.225708,84.21131897,453.1902161,62.45286942,453.1539001,360.6722412,453.3004456,115.6442871,453.3355408,84.21743774,453.3716125,57.91153717,453.4077148,295.1463013,
454.0083313,135.1749725,454.0439148,76.18174744,454.0799866,63.94498062,454.115509,343.5840759,454.2632141,141.2285767,454.2276306,85.64662933,454.1922302,61.90591431,454.1572266,361.5635071,454.3040466,115.3618698,454.3399048,85.00559998,454.3764038,57.64673996,454.4100647,297.1473694,
455.0083313,134.5401459,455.0439758,76.76364899,455.079895,62.616436,455.1160889,343.8685608,455.26474,141.9815063,455.2294006,85.23768616,455.1930542,63.26820755,455.1574402,358.2268982,455.306366,114.8539429,455.3424072,83.67834473,455.3780823,58.24512482,455.4144592,295.6828003,
456.0083313,135.3694305,456.0437317,77.25050354,456.0800781,63.64149475,456.115387,344.8252563,456.2629089,140.8584747,456.2272034,85.08984375,456.1917419,62.62403107,456.1545715,358.4651794,456.3042908,114.9567108,456.3408813,83.13799286,456.3768311,58.95495224,456.4125671,298.3273621,
457.0083313,135.3346252,457.0440369,77.89758301,457.0794067,64.43862915,457.1149597,342.5280151,457.2615967,141.7789459,457.2261353,84.74233246,457.1915283,62.3755722,457.1559448,359.9517822,457.3032227,116.2777481,457.339386,82.55993652,457.375061,58.30446625,457.4117432,296.778717,
458.0083313,134.5017853,458.0438843,77.08146667,458.0797119,63.54889297,458.1152039,342.4128418,458.2616577,140.1217804,458.2262268,84.66545868,458.1905518,62.63153839,458.1543884,359.3936157,458.3028564,114.4257431,458.3388062,83.13497925,458.3744812,57.49501419,458.4103699,297.1456604,
459.0083313,134.9705963,459.0450439,77.5112915,459.0812073,64.04999542,459.1165466,342.4208069,459.2662354,140.295105,459.2301941,84.17353821,459.194397,62.408535,459.1585693,358.7235107,459.3069763,114.842308,459.3427124,84.13162994,459.3778687,57.8983345,459.4135437,297.3562012,
460.0083313,133.7268372,460.0440674,76.56928253,460.0788879,63.62665558,460.1148987,342.5311279,460.2632141,141.2219238,460.2275696,85.32095337,460.1920471,62.90256882,460.1567383,358.4966125,460.3047791,116.4400177,460.3397827,84.30736542,460.3759155,58.14227676,460.4117432,295.021698,
461.0083313,133.7410583,461.04422,77.50468445,461.079071,63.18732452,461.1150513,344.8092041,461.2647705,141.1881256,461.2289124,84.84914398,461.1929626,63.00411224,461.1568909,360.4866638,461.3052368,115.9532166,461.3410339,83.12646484,461.3765564,57.20818329,461.4127502,295.3511047,
462.0083313,134.2372131,462.0448914,76.94905853,462.0809937,63.35589218,462.1167297,342.2391052,462.2650452,140.7353058,462.2283936,85.58045959,462.1929016,62.616745,462.1567383,361.0382385,462.3056946,115.2575684,462.3407288,83.90871429,462.3769226,58.44976044,462.413208,296.379364,
463.0083313,133.6303711,463.0442505,77.66644287,463.0795593,63.31510162,463.1141968,343.8128662,463.2623901,140.2941284,463.2262878,85.35746002,463.1902466,62.64468384,463.1538696,360.6760559,463.3037415,115.8082581,463.3400574,83.43757629,463.375885,58.20333099,463.4110413,293.4007874,
464.0083313,134.2812805,464.043457,76.80522919,464.0792542,64.97301483,464.1148682,342.6051636,464.2607117,140.3786316,464.2254028,85.37425995,464.1902466,62.7608223,464.1552124,357.2955627,464.3000183,115.1042786,464.3357239,84.44657898,464.3720703,57.62828445,464.4075623,296.3863525,
465.0083313,135.2936554,465.0437317,76.8600769,465.0800476,63.16839218,465.1157227,344.4536438,465.2625732,140.5622711,465.2266541,85.35387421,465.1909485,62.77762985,465.1558533,358.7426147,465.302063,116.2837219,465.3375549,83.26200867,465.3725586,58.10828781,465.4093933,296.646759,
466.0083313,134.3072662,466.0447693,76.32726288,466.0810547,63.77847672,466.1164856,346.1357117,466.2653503,140.6438751,466.2289734,84.92040253,466.1932373,62.82860947,466.1578674,362.0322266,466.304718,114.7155838,466.3403015,83.50949097,466.3743896,57.19868851,466.4108582,294.3291931,
467.0083313,133.9628296,467.0427551,76.85731506,467.0783997,62.75468445,467.1147156,341.6272888,467.2617798,141.4108734,467.2273865,84.50093079,467.1920776,61.95666885,467.1553955,357.995575,467.3022156,115.7805786,467.3378296,83.00644684,467.3737183,57.6684227,467.4077148,294.2659912,
468.0083313,133.1535034,468.0445251,77.42677307,468.0810547,63.84250641,468.1177063,342.4542847,468.2620544,140.5164948,468.2270508,84.26316071,468.1929016,62.18885803,468.1567383,358.3240356,468.3014526,115.6931,468.3375549,82.97574615,468.3730469,59.09440613,468.4085999,295.3402405,
469.0083313,133.8363647,469.0440369,77.40972137,469.0799561,63.84940338,469.1158752,346.7912903,469.2626953,140.5808868,469.2272034,84.7091217,469.1911316,62.60845947,469.1554565,357.5363464,469.3027039,115.0646057,469.3388672,84.22154236,469.3743896,57.92951584,469.4095459,297.0570679,
470.0083313,134.1144409,470.0442505,77.09098053,470.0794067,64.46208191,470.1157227,343.8928528,470.2640381,140.7826385,470.2282104,84.43417358,470.1925964,62.14572144,470.157074,359.2255859,470.3033752,115.3954239,470.3390808,83.90371704,470.3743286,57.8007431,470.4099731,293.382843,
471.0083313,134.8722382,471.045105,76.29964447,471.0812073,63.33480072,471.1170044,342.9978638,471.2651978,141.917099,471.2289734,84.82436371,471.1930237,63.08560944,471.1578674,360.2504883,471.304718,114.7696609,471.3410339,83.37635803,471.3774109,57.92085266,471.4137268,295.980896,
472.0083313,135.1776123,472.0435486,77.47415924,472.0795593,64.0187912,472.1142578,342.350708,472.2612,140.3829346,472.2258911,85.45105743,472.1898193,62.54224396,472.1541443,355.953064,472.3022156,115.514679,472.337738,84.5533371,472.3719177,58.06656647,472.4090576,296.2895813,
473.0083313,133.6678619,473.0448914,77.84451294,473.080719,63.15618896,473.1170044,342.2686768,473.2665405,139.5913391,473.2303772,84.5619278,473.1940308,62.39417648,473.1584778,358.8866272,473.3061218,114.6158752,473.3418884,83.34122467,473.3777466,57.50593185,473.4130859,294.5605774,
474.0083313,134.313446,474.04422,77.20835114,474.0794373,64.75527954,474.1145935,341.5170593,474.2630615,139.592804,474.2272034,84.95373535,474.1917419,62.6780777,474.15625,356.2077026,474.3027954,115.466423,474.3386536,83.83547974,474.3750305,57.66705704,474.4103699,296.9868164,
475.0083313,133.0262909,475.0430603,77.58987427,475.0797424,64.85940552,475.1153564,341.1130371,475.264801,139.5254364,475.2286987,84.83302307,475.1923828,62.77638626,475.1563721,356.187439,475.3060608,114.7085266,475.3413696,84.28683472,475.3771057,58.46636581,475.4135437,293.4107056,
476.0083313,132.7964172,476.0432434,76.75719452,476.0797119,63.88982391,476.1152954,342.1595459,476.2645569,139.8773651,476.2293701,85.32579803,476.1928101,62.24794006,476.1567078,357.0570679,476.3072205,115.5282364,476.3422241,83.98493195,476.3772278,58.53053284,476.4137268,296.3031311,
477.0083313,135.0680084,477.0435486,77.00577545,477.0790405,62.55082703,477.1152344,343.4227905,477.2640991,140.34198,477.227478,85.02462006,477.191864,63.38877869,477.157196,355.2275391,477.3052063,114.5757446,477.3405457,84.51534271,477.3766785,57.89757919,477.4125671,295.2867126,
478.0083313,134.393219,478.0442505,76.42445374,478.0805359,63.78319931,478.1165466,342.2442322,478.2655334,141.510498,478.2297058,84.68580627,478.1946716,63.35315704,478.1580811,358.3803406,478.3071594,116.2469559,478.3425903,83.20398712,478.3782349,57.54091263,478.4147034,298.9480591,
479.0083313,133.4287567,479.0448914,76.69232941,479.0804138,63.38027954,479.1153564,341.8265991,479.2632141,141.3215332,479.227417,84.2183609,479.1925354,62.37865829,479.1565857,360.2445374,479.3050537,116.0870132,479.3402405,83.54292297,479.3757019,58.13786316,479.411499,294.9099426,
480.0083313,132.9320831,480.0448914,77.03759003,480.0800476,63.14290237,480.1159058,346.7235107,480.2623596,138.859726,480.2268982,85.81690216,480.1913757,63.22774124,480.1555786,358.8294373,480.3040771,114.1164169,480.3390503,84.72528076,480.3746948,57.35653305,480.4096375,292.8800659,
481.0083313,133.1748352,481.043335,76.50740814,481.0795593,63.734272,481.1157227,341.5444336,481.2633972,140.2875977,481.2267761,85.79302216,481.1914063,62.68963242,481.1553955,356.9207153,481.3045654,113.2489853,481.3397217,83.36022949,481.3748779,57.63184738,481.4111938,295.3170776,
482.0083313,132.92836,482.0452271,76.85868073,482.0805359,64.19406128,482.1163635,342.3110657,482.2633667,138.9736633,482.227417,84.4010849,482.1918945,61.74648666,482.1554565,355.9661255,482.3037415,113.8336563,482.3398743,83.53057861,482.3749695,57.94624329,482.411499,296.5749817,
483.0083313,135.2291107,483.0442505,77.44146729,483.0802002,63.52338791,483.1162415,340.1795044,483.2650452,140.5891266,483.2295532,85.17744446,483.1942139,62.89768219,483.1584778,359.4642944,483.3063049,114.2603989,483.3425598,83.22972107,483.3777161,58.12162781,483.4136353,293.6444092,
484.0083313,133.2896423,484.04422,77.1969986,484.0795593,64.41595459,484.1158752,341.4727478,484.2637329,139.6459961,484.2286072,85.41142273,484.1925659,62.85031891,484.15625,357.7984619,484.3033752,114.1994095,484.339325,84.53287506,484.3755493,58.03858948,484.4110718,292.9874878,
485.0083313,133.3022919,485.0439758,76.73316956,485.0802917,62.91805267,485.1162415,345.4749451,485.2630615,140.2647552,485.2272034,84.36981201,485.1913757,62.56399155,485.1557007,354.6219788,485.3033142,115.9810257,485.3392029,84.27727509,485.3748779,57.88621902,485.4103699,297.1767578,
486.0083313,134.492218,486.0441284,77.34731293,486.0797119,64.01589203,486.1162415,344.0139771,486.2650452,141.9269867,486.2293091,84.77849579,486.1929016,62.62363434,486.1576538,358.9104004,486.3043518,114.8976364,486.3407288,84.10070801,486.3745728,57.87268066,486.4107971,297.2545776,
487.0083313,133.7769012,487.0443726,76.84008026,487.0799866,63.49025726,487.1158752,343.8157043,487.2628784,141.1374664,487.2272034,84.61732483,487.1907349,62.58662796,487.1555786,356.3273621,487.3019104,114.5736008,487.3370972,84.21193695,487.3730469,57.8197403,487.4087524,295.7792053,
488.0083313,133.343338,488.0437317,76.04670715,488.0788879,64.24610138,488.1150513,344.365387,488.2617188,140.5153198,488.2252197,84.69706726,488.1896362,63.73651886,488.1539001,356.1409302,488.3023987,114.5925446,488.3382874,82.9994812,488.3742371,58.04918289,488.4096985,294.3791504,
489.0083313,133.2441406,489.0450439,77.18753052,489.0809021,64.24343872,489.1162109,344.4980164,489.2633667,139.8695679,489.2273865,85.41941833,489.1920471,63.24818802,489.1555481,357.2582397,489.3033752,115.3170929,489.3392944,83.55784607,489.3745422,57.52123642,489.4097595,293.598999,
490.0083313,131.8846283,490.0436096,77.35132599,490.079071,63.89413071,490.1156006,341.8984985,490.2652283,140.5053101,490.2294006,85.07964325,490.1922302,63.20485306,490.1568909,357.5509949,490.3041992,114.6163712,490.3400574,83.05435944,490.3759155,57.5327301,490.4115906,291.6045532,
491.0083313,134.0435028,491.0436401,76.49577332,491.0792236,63.85446167,491.1141968,348.1481934,491.2617188,140.3548431,491.2258911,84.8012619,491.1896362,63.01446152,491.1539001,359.5075378,491.3022156,113.414032,491.3378906,83.11621094,491.3743896,58.35852051,491.4085693,295.3826904,
492.0083313,133.6226807,492.0437622,76.69322205,492.0789795,63.84287643,492.1152954,342.0952759,492.2617493,140.5011749,492.2254028,84.36258698,492.1902466,62.71142578,492.1544189,358.6657715,492.3021545,114.0882263,492.3365479,83.45368195,492.3731384,57.96260452,492.4088745,293.6242676,
493.0083313,132.8023682,493.0449219,76.21623993,493.0808411,63.72509003,493.1166992,341.0445557,493.2640381,141.2779846,493.2284851,84.5708313,493.1920471,62.26559067,493.156311,357.0948181,493.3055725,113.4826508,493.3408813,84.23413849,493.3764343,57.99036789,493.4129028,293.8473206,
494.0083313,134.0991669,494.0435791,77.39582062,494.0792847,63.21494293,494.115509,340.7712097,494.2637939,140.4776764,494.2285461,84.05249023,494.1928101,62.27788544,494.1560669,356.9792786,494.3027039,114.499527,494.3392639,84.49259949,494.3745422,57.47065735,494.40979,294.7933655,
495.0083313,133.566803,495.0440369,76.26598358,495.0802307,64.32434082,495.1165771,340.8632813,495.2652283,140.8854523,495.2296143,84.29161835,495.1938782,62.12145233,495.1582947,357.8210449,495.3071289,114.7433014,495.3408813,83.7910614,495.3764038,57.11338043,495.4129028,292.9797668,
496.0083313,131.8889313,496.0447083,76.33305359,496.0812073,64.09198761,496.1174622,342.4118652,496.2647095,140.0967102,496.2300415,85.44783783,496.1941528,62.20633698,496.1578674,354.0413818,496.305603,113.9120026,496.34198,84.82559204,496.3774109,57.3503952,496.4144897,296.2970276,
497.0083313,132.7315369,497.0444641,76.67948151,497.0795898,63.02510834,497.1153564,344.3912659,497.2634888,139.4529724,497.2272034,83.8690033,497.1908875,62.53699875,497.1553955,356.1366882,497.3022461,113.8007202,497.3387146,83.68447876,497.3742371,57.67307663,497.4099731,296.9020081,
498.0083313,132.1791534,498.0437622,76.28933716,498.0794067,63.80852127,498.114563,341.8265076,498.2632446,141.269577,498.2272644,84.43500519,498.1922302,62.93912125,498.1558838,355.6438599,498.3038635,113.7934341,498.3397522,84.02287292,498.375885,58.41874313,498.4118958,294.0202332,
499.0083313,132.8699493,499.0438843,77.42504883,499.079895,63.96525192,499.1159973,340.221405,499.2635498,140.8027039,499.2276917,84.9365921,499.1914673,62.96279144,499.1558533,354.8216553,499.3043518,114.383606,499.3408813,83.24095154,499.3769226,57.52335739,499.4125366,292.1390076,
500.0083313,133.2164307,500.0430908,76.83014679,500.0792542,64.26477814,500.1152039,342.4048767,500.2618713,140.1079559,500.2262878,83.97718048,500.1903687,63.03172684,500.1553955,355.8692627,500.3008118,112.8482666,500.336731,83.1472168,500.3713989,57.61882401,500.4078979,294.2581787,
501.0083313,133.1606293,501.0441284,77.30240631,501.0803833,63.73574448,501.1158752,340.1247864,501.2637329,140.9226685,501.2290344,85.88799286,501.1927185,62.14230347,501.1571655,355.690979,501.3032227,113.1689911,501.3385315,83.90268707,501.3736267,57.16497421,501.4095764,293.2457581,
502.0083313,133.5094604,502.0439148,77.15953827,502.0794983,62.94038773,502.1148071,341.3356628,502.2635803,139.8586273,502.2276917,85.39321899,502.1923828,62.61738205,502.1562195,357.0685425,502.3032227,113.692482,502.3392334,82.9411087,502.3749084,57.45248795,502.4111938,295.0847473,
503.0083313,134.1277771,503.0442505,77.36148834,503.079895,62.76936722,503.1160583,341.2184448,503.2617188,140.2527466,503.225708,85.88883972,503.1921692,62.4761467,503.1562805,356.7869568,503.3013916,112.8462677,503.3365479,82.56637573,503.3719177,58.09026718,503.4077148,295.0613708,
504.0083313,132.4033051,504.0444031,76.71469116,504.0809326,64.37115479,504.117157,339.9243164,504.262085,141.5630188,504.2263794,84.68249512,504.1903992,62.709198,504.1560974,357.3457031,504.3037109,114.7878418,504.339386,83.72510529,504.3746033,58.58171082,504.4111938,293.76828,
505.0083313,134.6225739,505.0437317,76.35703278,505.0797119,63.91454315,505.115509,340.1412354,505.2631531,141.0253906,505.227417,84.97052765,505.190979,62.05581284,505.1555786,356.2236633,505.3034363,114.7583313,505.3400574,82.95567322,505.3760376,57.88215637,505.4118958,295.020813,
506.0083313,132.7905731,506.0440369,76.59165192,506.079071,63.71879578,506.114563,340.4519653,506.2610474,140.0557709,506.225647,84.66271973,506.1894836,63.11177444,506.1543884,356.75354,506.2998657,114.0064468,506.3358154,82.84192657,506.3715515,58.04423904,506.407196,294.3225403,
507.0083313,134.6056366,507.0437317,76.60562897,507.0793762,63.99615097,507.1157532,343.0245972,507.2618713,140.1021881,507.2261353,84.62908173,507.1902161,62.50807571,507.1543579,358.4603577,507.3015442,113.7982101,507.3368835,83.38846588,507.3722839,58.19085312,507.4080505,294.5317688,
508.0083313,134.6242065,508.0435486,77.31169128,508.0787354,63.58163071,508.1150818,341.2027893,508.2617188,138.3940887,508.2254333,83.11413574,508.1895447,62.56087112,508.1535339,357.11203,508.3025513,114.6065216,508.3375854,82.31837463,508.3733826,57.25556183,508.4088745,292.7253113,
509.0083313,133.1541138,509.0438843,76.23124695,509.079895,63.62044144,509.1149597,342.182373,509.2628784,139.2275238,509.2269592,85.33569336,509.19104,62.46466446,509.1548157,356.3867798,509.3038635,114.3165588,509.3397217,83.90625763,509.3751831,57.68642426,509.4109802,294.2711487,
510.0083313,133.4074402,510.0435486,76.1085968,510.0789185,63.76674652,510.1155396,343.0023499,510.2652283,141.2243042,510.2293701,85.41698456,510.1929016,62.83296585,510.1565857,353.6123352,510.3050537,113.5154724,510.341217,83.01345062,510.3771362,57.40652084,510.4126892,293.8771362,
511.0083313,132.2598724,511.0447388,77.29631805,511.0802307,63.57478333,511.1162415,341.6298523,511.2650452,139.7029572,511.2293091,85.33043671,511.1933594,61.569561,511.1573181,355.2714539,511.3065796,114.3217545,511.3418884,82.96289825,511.3778992,57.2616272,511.413208,294.5830078,
512.0083618,133.8045349,512.0446777,76.88634491,512.0802612,64.14614105,512.1168823,343.6582336,512.2655029,139.4898682,512.2293701,84.38271332,512.1940918,62.82894897,512.1582031,355.9593201,512.3067017,113.7657318,512.3415527,83.51670074,512.3776855,57.54439163,512.4143066,295.0352478,
513.0083618,134.2348328,513.0454102,76.79937744,513.079895,63.63198853,513.1160889,340.8840942,513.2648926,140.0928192,513.2293701,85.22840881,513.1936035,62.02337646,513.1575928,357.2902527,513.3043823,113.0941162,513.3405151,83.26152802,513.3754272,58.92961121,513.4111328,295.6307373,
514.0083618,132.6803436,514.0444946,77.13716125,514.079895,63.18018723,514.1162109,342.2059937,514.2653809,141.4883118,514.2297363,85.22554779,514.1932373,62.85508728,514.1567993,358.8901367,514.3052368,113.2855072,514.3406982,83.69050598,514.3771973,57.46251678,514.4129028,292.6506348,
515.0083618,134.0570984,515.0435791,77.17784882,515.0792236,63.70304489,515.1154175,345.6115112,515.2650146,138.7468109,515.2283936,83.77726746,515.1924438,62.45016861,515.1561279,353.7089844,515.3050537,113.0679474,515.3409424,83.4260788,515.3761597,57.35163879,515.4118652,292.1455078,
516.0083618,134.1615448,516.0447388,76.71944427,516.079895,64.39872742,516.114563,342.8490601,516.2629395,139.8335419,516.227356,85.07701111,516.1917725,62.05186844,516.1557007,352.7192078,516.3039551,112.9967804,516.3391724,83.97769165,516.3755493,57.22323608,516.411377,293.7025146,
517.0083618,134.7565002,517.0441895,76.76069641,517.0793457,63.79868698,517.1151733,341.7992249,517.2619019,141.0737762,517.2258911,84.36022186,517.1901245,62.53062057,517.1543579,358.1819763,517.3015137,113.9792404,517.3370361,83.42128754,517.3739014,57.22334671,517.4100342,296.5866699,
518.0083618,131.5446625,518.0440674,76.35778809,518.079895,63.09979248,518.116272,339.3575439,518.2648926,139.0033722,518.2282104,85.45775604,518.1931763,62.70809555,518.1567383,355.2012939,518.3046265,112.5590439,518.3405762,84.96694183,518.3762207,57.65553284,518.4119263,294.3044128,
519.0083618,133.8219299,519.0444946,77.15392303,519.0797119,63.22579956,519.1162109,342.1170654,519.2635498,139.2826233,519.2277222,83.10951233,519.1921997,62.69352722,519.1567383,357.0657043,519.3032227,114.2688141,519.338562,84.36618042,519.375061,57.39620209,519.4110718,292.2833862,
520.0083618,134.0518494,520.043335,76.68898773,520.0797119,63.39842987,520.1153564,343.9361877,520.2637329,140.3261566,520.2285767,85.16460419,520.1918945,62.15979385,520.1569214,353.8880615,520.3062134,111.7641754,520.3418579,83.4852829,520.3777466,56.88211441,520.4144287,292.1211548,
521.0083618,132.8001099,521.0431519,75.62294006,521.0793457,63.87160873,521.1140747,341.6561279,521.2625732,138.5173035,521.2272339,84.76863861,521.1917725,61.56607437,521.1555786,356.4724731,521.3028564,113.1068344,521.338623,82.7312088,521.3743896,57.48442078,521.4107056,288.8744812,
522.0083618,131.8506012,522.0443726,76.54969788,522.0797119,63.31046677,522.1160278,339.9339294,522.2647095,140.4936523,522.2287598,84.55632019,522.1924438,62.48966599,522.1565552,355.2150879,522.303772,113.717186,522.34021,84.33631897,522.3756714,56.9519043,522.4115601,296.6959229,
523.0083618,134.2682648,523.0435181,76.51101685,523.0799561,64.0683136,523.1150513,343.3135681,523.2628174,139.1891022,523.2259521,84.65357971,523.1903687,61.81505585,523.1542358,357.5602722,523.3031006,114.3746033,523.3387451,84.25610352,523.3753662,57.5868454,523.4110107,290.8732605,
524.0083618,132.4154358,524.0435791,77.83825684,524.0802612,63.36388016,524.1160278,341.3223877,524.2639771,139.5460663,524.2279053,84.25431061,524.1916504,62.509655,524.1565552,357.1755676,524.3041992,114.1820221,524.3397827,83.52688599,524.3754883,57.42603683,524.411377,292.3314514,
525.0083618,132.2802429,525.0449829,76.26514435,525.0814209,64.35958099,525.1177368,340.6097107,525.2632446,139.2392578,525.2279053,84.04306793,525.1921997,62.46546936,525.1563721,354.9485779,525.3033447,114.350235,525.3376465,83.24105072,525.3738403,57.38737869,525.4088135,293.1424866,
526.0083618,133.52005,526.043335,75.54605865,526.0793457,64.06864166,526.1150513,341.2322998,526.2619019,139.6882935,526.2261353,83.70184326,526.1903687,62.77155304,526.1543579,357.6685486,526.3021851,114.0842743,526.3357544,84.31832123,526.3713989,56.82686996,526.4080811,295.7095947,
527.0083618,133.8306885,527.0436401,75.57702637,527.0794067,63.51787567,527.1157227,340.318573,527.2631226,139.2816925,527.2276001,84.44115448,527.1917725,62.49488831,527.1565552,355.1709595,527.3048706,112.4189758,527.3405762,82.80202484,527.3768921,56.85909653,527.4123535,294.3768005,
528.0083618,133.552536,528.0443726,77.26695251,528.079895,63.42805862,528.1155396,343.4251709,528.2637329,138.6763763,528.2277222,85.05778503,528.1921387,62.61289978,528.1567993,357.6839294,528.3034058,113.5869293,528.3383179,83.42886353,528.3735962,57.79274368,528.4100342,291.7575989,
529.0083618,132.9272461,529.0440063,76.74406433,529.0796509,62.42046738,529.1154785,341.0650024,529.2644043,140.7294617,529.2288818,84.62879181,529.1931763,62.72716904,529.1569824,352.3503418,529.3042603,114.0456696,529.3397217,83.30015564,529.3762207,57.14945221,529.4127808,293.1740112,
530.0083618,132.7416382,530.0437012,76.65096283,530.0795898,62.98328781,530.1152344,339.6704712,530.2628784,139.5191345,530.2265015,85.16394043,530.1905518,62.3202858,530.1549072,355.153656,530.3022461,113.4966049,530.3373413,84.05555725,530.3742065,57.49441528,530.4100342,291.3044739,
531.0083618,133.8141785,531.0441895,76.00518799,531.0802002,63.23132706,531.116272,340.8135071,531.2653809,139.1251831,531.2297363,84.16146088,531.1933594,62.19785309,531.1575317,353.5880432,531.3040161,113.6902008,531.3400879,84.35577393,531.3762207,57.95347214,531.4117432,293.5178833,
532.0083618,133.0910492,532.0443726,76.32322693,532.0812378,63.54348373,532.116394,340.4010925,532.265625,139.830246,532.2298584,84.6364975,532.1942139,62.09324265,532.1581421,355.492981,532.3054199,113.8410034,532.3404541,83.18848419,532.3765259,57.48436356,532.4118652,292.6656494,
533.0083618,131.6626282,533.043335,76.85295105,533.0789795,63.68063354,533.1150513,343.5144043,533.2608032,139.6329956,533.2250366,84.80285645,533.189209,61.65401077,533.1539917,357.1218262,533.3021851,113.830864,533.338562,82.74758148,533.3746948,57.03268433,533.4108887,293.1134949,
534.0083618,132.541153,534.0445557,76.07097626,534.0808716,63.38981628,534.1154175,340.0254517,534.2651978,139.2284241,534.2295532,84.39389801,534.1932983,62.71371078,534.1574097,353.5811768,534.3057251,112.911087,534.3412476,84.74068451,534.3766479,58.18756485,534.4125366,291.8629456,
535.0083618,133.4072418,535.0438843,76.86138916,535.0800781,63.3030014,535.1157227,340.8234558,535.2620239,139.243927,535.2258911,83.79168701,535.1908569,62.47840881,535.1552124,356.5371399,535.3016968,113.5452576,535.3382568,84.25481415,535.3736572,57.3638382,535.4100342,293.5052185,
536.0083618,132.0872498,536.0443726,76.13851166,536.0803223,63.98202515,536.116272,340.3445435,536.2628174,138.8938751,536.227356,84.53185272,536.1920166,61.42449188,536.1558228,355.6742554,536.3027344,113.1583405,536.3387451,83.38664246,536.3738403,58.29096222,536.4102173,292.637207,
537.0083618,133.3195343,537.0431519,76.08322906,537.0785522,63.10407257,537.114563,342.1777344,537.2597046,138.7590485,537.2238159,85.87100983,537.1896362,62.35348129,537.1540527,354.307373,537.2984009,113.5815353,537.3343506,83.79281616,537.3696899,57.94407654,537.4057007,291.3595581,
538.0083618,133.469162,538.0444946,77.12871552,538.0806274,64.15965271,538.1165161,340.0543823,538.2655029,139.7472229,538.2295532,84.30201721,538.1940308,61.7335968,538.1585693,355.2860107,538.305481,113.8289871,538.3408813,83.7596817,538.3768921,57.52334213,538.4122925,292.7814331,
539.0083618,132.7411652,539.0429688,75.07191467,539.0790405,63.55635834,539.1143799,338.4183655,539.2615356,139.5462341,539.2264404,84.71832275,539.1904907,61.95370102,539.1548462,354.265625,539.3010254,112.8641891,539.3366089,82.8203125,539.3707275,58.35873795,539.4070435,290.9867859,
540.0083618,133.3302612,540.043335,76.78022003,540.0793457,64.56671143,540.1165161,339.9920654,540.2660522,138.6601715,540.2300415,84.29853821,540.1937866,61.94853973,540.15802,354.4384155,540.3068237,113.0624847,540.3427124,83.0267334,540.3776245,57.24975204,540.4136353,292.3273621,
541.0083618,132.4306793,541.0443726,76.55908966,541.0807495,63.25168991,541.1160278,340.4943237,541.2649536,138.5732422,541.2282104,84.09527588,541.1920166,62.57171249,541.1560669,354.6403198,541.3050537,113.0965347,541.3412476,82.96743774,541.3762207,57.32063675,541.4126587,293.5339355,
542.0083618,132.4906311,542.0441284,76.31385803,542.0803833,64.49647522,542.1151733,339.4032288,542.2625732,139.1508026,542.2266846,84.37366486,542.1903687,62.48937225,542.1543579,351.8668823,542.3041382,112.6413803,542.3396606,83.43013,542.3751221,57.21723175,542.4112549,293.745697,
543.0083618,132.2836151,543.0445557,76.46008301,543.0802002,64.15695953,543.1160278,340.9667664,543.262146,140.6136932,543.2268677,83.54000854,543.1907349,62.30016327,543.1557007,353.6732178,543.3034668,112.6114731,543.3383789,83.92676544,543.3745728,57.40623856,543.4100952,292.7466431,
544.0083618,132.8278961,544.0445557,77.1835022,544.079895,62.8567276,544.1160278,342.338562,544.2625122,138.6214447,544.2269287,85.79602814,544.1908569,62.1697197,544.1556396,353.8643494,544.3019409,113.5734177,544.3379517,83.14824677,544.3735352,58.32336426,544.4095459,291.4162598,
545.0083618,132.4730377,545.0443115,76.77479553,545.0808105,63.44670868,545.1159058,337.2092896,545.2649536,138.9606628,545.2297363,84.56967163,545.1937256,62.13153076,545.1570435,353.6046448,545.3039551,112.8280487,545.3392334,83.18157196,545.3754883,57.31839371,545.4115601,293.2567444,
546.0083618,131.5614166,546.0440674,77.39447021,546.079895,62.97092819,546.1149292,341.0866089,546.2637329,138.2880249,546.2276001,84.37847137,546.192688,62.5370903,546.1566772,353.8212585,546.3037109,112.442276,546.3389282,83.7294693,546.3753662,57.60013199,546.4107056,291.6940918,
547.0083618,133.5683746,547.0440063,76.32511139,547.0799561,63.62146759,547.1153564,340.0405884,547.2647095,137.5702362,547.2288818,84.68822479,547.1931763,61.73791122,547.1571655,352.1972656,547.3057251,112.6235962,547.3414307,83.11858368,547.3771362,57.71351624,547.4127808,290.9538269,
548.0083618,131.3678894,548.0438843,75.85044861,548.079834,64.672966,548.1155396,338.3501892,548.2626953,138.1664124,548.2268677,85.02669525,548.1920776,61.26507568,548.156311,350.7459106,548.3043823,112.8469925,548.3397217,82.56352234,548.3751221,57.00418854,548.4119263,292.9348755,
549.0083618,132.5875854,549.0452271,76.0995636,549.079895,63.41010284,549.1155396,339.1574707,549.2651978,137.5120087,549.2284546,84.36976624,549.1940918,62.56406021,549.1570435,354.3935852,549.3042603,113.5704117,549.3404541,83.32888794,549.3759155,57.54703903,549.4123535,292.1715698,
550.0083618,134.1048737,550.0443726,76.26197815,550.079895,63.2415123,550.1157837,336.2981262,550.2636719,138.5094757,550.2277222,84.40734863,550.1919556,62.41645813,550.1558228,352.0828247,550.3049316,112.593277,550.3408813,83.0746994,550.37677,56.81266785,550.4130859,289.561554,
551.0083618,133.0677032,551.0439453,76.85584259,551.0800171,63.88665771,551.1159058,341.9508362,551.2651978,138.5367432,551.2297363,84.16902924,551.1935425,62.36460114,551.15802,354.4439087,551.3045654,112.7537308,551.3406982,83.79185486,551.376709,58.2042923,551.4127808,291.8079834,
552.0083618,132.6628876,552.0435791,76.26847839,552.0797729,62.99568558,552.1157837,340.7735291,552.2625732,138.3800812,552.2272339,85.07578278,552.1914673,61.57756042,552.1546631,353.8499756,552.303772,112.8818817,552.3395386,82.54263306,552.3745728,57.25792694,552.4109497,289.8782043,
553.0083618,133.7384033,553.0440063,76.39118195,553.0809937,63.89004135,553.1165771,341.5868835,553.2652588,138.3759308,553.2294312,83.84439087,553.1935425,62.15504456,553.1570435,354.2834473,553.3052368,113.8016052,553.3394775,82.88101196,553.3753662,57.88697815,553.4105225,289.0656433,
554.0083618,132.4059296,554.0437622,75.50074768,554.0789185,64.17641449,554.1156006,336.9525757,554.2648315,138.6600342,554.2286377,84.90235138,554.1929932,61.27880478,554.1565552,354.06427,554.3054199,112.6020813,554.3412476,82.51344299,554.3773804,57.21377182,554.4129028,291.368988,
555.0083618,133.1040344,555.0437622,76.2678833,555.0787964,63.13780594,555.1146851,341.7350769,555.2619019,139.2714691,555.2255859,83.59528351,555.1900635,62.21131134,555.1543579,350.8957825,555.3029175,112.489006,555.3390503,81.8170929,555.3747559,56.97351837,555.4110718,291.7199402,
556.0083618,132.8739166,556.0432129,76.06562042,556.0784912,63.1497879,556.1143188,338.5580139,556.2606201,138.9941559,556.2247925,85.09209442,556.18927,61.79104996,556.1536865,351.0948486,556.302063,112.9449615,556.3382568,83.12756348,556.3742065,57.61655426,556.4104004,290.2591858,
557.0083618,133.4779816,557.0438232,76.2673111,557.0792847,62.86299133,557.1149292,342.9365234,557.2623901,138.0184021,557.2271118,84.76499939,557.1911621,62.70258713,557.1549072,352.2571411,557.3040161,112.9005814,557.3394165,83.18618011,557.3762207,57.8911972,557.4125366,291.8182068,
558.0083618,133.4812012,558.0441895,76.89333344,558.0802002,62.98292542,558.1162109,340.2428589,558.2640381,138.2423401,558.2286987,84.90608978,558.192749,61.97374344,558.1566772,354.9164429,558.3035278,112.2636719,558.3394165,83.15060425,558.3745728,57.14963531,558.4100952,291.0861206,
559.0083618,132.4924622,559.0441895,76.55787659,559.0805054,63.42887115,559.1159668,342.5751038,559.2628784,137.8314362,559.2275391,85.43185425,559.1911011,62.5223732,559.1560669,351.1047058,559.3027344,112.77005,559.3389893,82.72801208,559.3742065,57.1728363,559.4107666,291.1555786,
560.0083618,133.5320435,560.0435181,77.16127014,560.0802002,63.39959717,560.1159058,336.3403625,560.2645264,139.7422791,560.2282104,84.66638947,560.1929321,61.95739746,560.1572266,352.5693054,560.3040161,112.3911514,560.3397217,83.61212921,560.3768921,57.72190475,560.4122314,292.0794678,
561.0083618,132.3258972,561.0429688,76.19824219,561.0785522,63.1404686,561.114563,340.2327271,561.263855,138.3888702,561.2277222,84.29968262,561.1921387,62.49753189,561.1558838,354.3111267,561.3049316,111.9282379,561.3411865,84.00739288,561.3777466,56.7502861,561.4129639,289.342041,
562.0083618,132.5813446,562.0440063,77.02043915,562.0795288,63.95919037,562.1153564,340.2528381,562.2640381,137.4422607,562.2277222,84.5853653,562.1915894,62.14346695,562.1559448,352.7316895,562.303894,112.8417664,562.3400269,82.66017914,562.37677,56.04914474,562.4124756,292.95755,
563.0083618,132.841507,563.0432739,76.52934265,563.0800781,64.22741699,563.116272,338.0525513,563.2648315,137.7966156,563.2286987,84.41920471,563.1923828,61.9133606,563.1574707,351.4863281,563.305481,112.3414764,563.342041,82.6294632,563.3768921,57.56084061,563.4129028,294.397583,
564.0083618,133.7626801,564.0445557,76.41134644,564.0802002,63.19178009,564.1162109,340.6865234,564.2627563,138.7522736,564.2278442,82.8666153,564.1917114,62.35003662,564.1566772,352.0462341,564.3034058,112.8669205,564.3397217,82.23713684,564.3739014,57.51660156,564.4091187,288.3909302,
565.0083618,134.2117615,565.0432739,76.49137115,565.079834,63.26045227,565.1142578,340.8354187,565.2623901,138.1275635,565.2269897,85.00695801,565.1908569,61.44806671,565.1549072,357.3004456,565.3023682,113.1737442,565.3378906,83.49658966,565.375061,57.15723419,565.4100952,290.3465576,
566.0083618,132.8535309,566.0445557,76.72283173,566.0807495,63.47840881,566.1159058,341.3596802,566.2636719,137.5709534,566.227356,83.62419128,566.1914063,61.20465469,566.1560669,352.1798401,566.3032837,113.507103,566.3387451,83.88981628,566.3747559,56.97203064,566.4111938,288.1942444,
567.0083618,133.8494873,567.0435791,76.46672058,567.0797119,63.65229797,567.1150513,339.5404053,567.2644043,137.6359711,567.2290649,84.4489212,567.1931763,61.57153702,567.1572266,352.4333801,567.3060303,113.3375549,567.342041,83.09205627,567.3780518,57.00952911,567.4137573,291.3347778,
568.0083618,133.9027863,568.0453491,76.13519287,568.0808716,63.13685226,568.1165161,339.5801392,568.2633667,139.3575134,568.2282104,84.41038513,568.1920166,60.8913269,568.1572266,352.8286133,568.3018799,113.1482239,568.3380127,83.62548828,568.3743896,57.03540802,568.4104004,290.0536499,
569.0083618,132.3925171,569.0427856,75.15973663,569.0773315,63.73003006,569.1137085,339.9199524,569.2595825,137.772995,569.2232056,84.16452789,569.1877441,60.90549088,569.1531372,353.2155457,569.3006592,113.0122528,569.3366699,82.77484894,569.3721924,57.33734512,569.4090576,292.0124817,
570.0083618,133.6555786,570.0440063,76.76834869,570.0806885,63.75101852,570.1159668,339.555542,570.2653809,139.1487122,570.2289429,83.99569702,570.1929321,61.58545303,570.1566772,358.1462708,570.3062744,111.6579056,570.3428955,82.35396576,570.3786011,57.21778107,570.4138794,291.5171204,
571.0083618,134.6036835,571.0447998,76.16924286,571.0796509,63.16686249,571.116333,337.9044495,571.2642212,137.1909637,571.2282715,84.11166382,571.1922607,62.0110054,571.156311,350.1072083,571.3048096,112.7343979,571.3403931,83.09406281,571.3762207,56.70613861,571.4122314,289.0534973,
572.0083618,132.7963104,572.0444946,76.64672089,572.0797729,63.08935547,572.1159058,337.5808105,572.2620239,138.1439667,572.2258301,84.76964569,572.1902466,61.81832886,572.1555176,350.5823059,572.3018799,112.3312607,572.3370361,82.68641663,572.3739014,57.34988785,572.4087524,290.1374817,
573.0083618,134.0582581,573.0454712,76.18252563,573.0807495,62.97138214,573.1167603,336.6571655,573.2637329,137.8038483,573.2280884,84.11238098,573.1923828,61.37300491,573.1566162,352.5300598,573.3052979,112.4960022,573.3415527,82.64607239,573.3776245,57.28401184,573.4129639,288.7021179,
574.0083618,134.1571808,574.0441895,75.84432983,574.0802002,63.33641052,574.1159058,337.3293762,574.2637329,138.9580383,574.2283325,84.5214386,574.1923218,60.95780182,574.1555176,352.4118958,574.3049316,113.6844711,574.3400879,82.6934433,574.3759155,57.77095413,574.4110718,292.2993774,
575.0083618,135.3215027,575.045166,75.84874725,575.0811768,64.34661102,575.1164551,343.136261,575.2664185,138.4053345,575.2305298,85.4498291,575.194519,62.41808319,575.1582031,355.2924805,575.3079224,113.4428558,575.3435669,82.29504395,575.3796997,57.03160858,575.4163818,291.6704407,
576.0083618,135.0811462,576.0450439,76.08989716,576.0805054,64.6570282,576.1160278,340.5196533,576.2644043,138.9010773,576.2285767,84.56463623,576.1932373,62.14276505,576.1565552,354.9628296,576.3057251,113.0510025,576.3423462,82.2097702,576.3775635,57.46102524,576.4133911,289.6583557,
577.0083618,133.8006439,577.043396,76.53157806,577.0796509,64.41222382,577.1157837,340.3855286,577.2623291,137.8200226,577.2265015,84.77263641,577.1902466,61.72642517,577.1549072,355.6181641,577.3027344,113.2759781,577.3388672,83.52269745,577.3748169,57.61489868,577.4105225,289.6782532,
578.0083618,135.1125031,578.0441895,77.47351837,578.0799561,63.30902863,578.1159668,340.5432129,578.2654419,138.7789612,578.2285767,83.78349304,578.1932373,61.98059845,578.1571045,352.1421204,578.3076172,113.4569778,578.3427124,84.26946259,578.3791504,57.21023941,578.4157715,288.3696289,
579.0083618,133.9209442,579.0435791,77.06907654,579.0795288,64.25341034,579.1148682,343.2705078,579.2632446,138.1887054,579.2262573,84.59198761,579.1912231,61.5776825,579.1548462,351.1629944,579.3021851,113.1781082,579.3377075,82.7513504,579.3733521,57.33626175,579.4089966,290.2809753,
580.0083618,135.3405609,580.0445557,76.06708527,580.0803833,63.49520493,580.1165161,336.855011,580.2652588,138.0559082,580.2295532,84.17874146,580.1939087,62.34004974,580.1581421,352.5323486,580.3066406,113.7894821,580.3417358,83.18940735,580.3778687,57.86612701,580.4127808,290.8739624,
581.0083618,133.1823273,581.0440063,76.72203064,581.0802002,65.20149231,581.1155396,341.0439453,581.2623291,136.6305695,581.2268677,85.16283417,581.1914673,61.74028397,581.1551514,350.5736389,581.3017578,112.6169968,581.3375854,83.15222931,581.3733521,57.13614273,581.409729,291.8207092,
582.0083618,134.4316559,582.0459595,77.48655701,582.081604,63.60486221,582.1177368,338.9904785,582.2652588,138.138855,582.2288208,85.17218018,582.1932983,61.2387085,582.1566772,352.3962402,582.3049927,112.0311584,582.3409424,83.44696808,582.3771362,56.38877487,582.4126587,289.5684814,
583.0083618,133.9070129,583.0439453,76.33129883,583.0800781,63.68442535,583.1159058,339.4450073,583.2662964,138.274826,583.2297363,83.93395233,583.1930542,60.81630325,583.1575928,351.5606384,583.307312,113.3329163,583.3423462,84.17721558,583.3780518,57.05168152,583.4143066,289.7276001,
584.0083618,133.5182648,584.0440063,76.37580109,584.0795288,63.96698761,584.116272,337.9046631,584.263855,138.0943451,584.2288818,84.94630432,584.1933594,62.29304123,584.1569214,352.259491,584.3046875,113.0952759,584.3410034,81.5181427,584.3770752,56.89664078,584.4128418,290.5430603,
585.0083618,132.8336792,585.0440063,76.48815155,585.0805054,63.32310104,585.1160889,340.5205688,585.2612915,136.7484894,585.225647,84.40267181,585.1906128,62.00002289,585.1551514,354.1717529,585.3030396,111.9320526,585.3380737,82.92263031,585.3743896,57.06604767,585.4102173,291.6332703,
586.0083618,133.5290985,586.0444946,77.14346313,586.0813599,63.25008011,586.1170654,341.3103638,586.2640381,137.6199188,586.2294312,85.30150604,586.1935425,62.081707,586.1566772,351.5882568,586.3062134,112.6387711,586.3415527,82.46440125,586.3773193,57.19284058,586.4137573,289.3835144,
587.0083618,134.5496063,587.043396,75.73066711,587.0792236,63.05041122,587.114624,343.8243713,587.2630615,138.2791901,587.2269287,84.62580109,587.1917114,61.08041,587.1555176,354.965332,587.3048706,112.3217621,587.34021,82.44869995,587.3756104,57.69397736,587.411499,290.8582153,
588.0083618,133.2301788,588.0443726,76.2876358,588.0806274,64.24992371,588.1159058,337.5574646,588.2630005,137.3452454,588.227478,84.12726593,588.1912842,61.27824783,588.1556396,350.7333069,588.3045654,112.8760986,588.3397217,82.3297348,588.375,56.78051376,588.411377,288.9703369,
589.0083618,133.0921936,589.043396,76.07246399,589.0793457,63.25635147,589.1148071,340.3328247,589.2615967,136.8944092,589.2264404,84.6634903,589.19104,61.81422424,589.1549072,351.5808105,589.3028564,112.9009476,589.3388672,83.09460449,589.3737793,56.58370209,589.4100342,291.1630249,
590.0083618,133.3119507,590.0445557,76.46920776,590.0808105,63.63267517,590.1160889,337.8797607,590.2637329,136.950531,590.2283936,83.27790833,590.1930542,61.76065826,590.1569214,354.5352478,590.303833,112.6993484,590.3403931,83.03932953,590.3753662,57.08723831,590.4120483,287.3717957,
591.0083618,133.0530396,591.0441895,75.67680359,591.0799561,62.72169113,591.116272,336.5559387,591.2654419,137.3934326,591.2297363,84.20900726,591.1942139,62.38353729,591.1569214,350.9999084,591.3059692,112.1692886,591.3427124,82.80955505,591.3794556,57.68813705,591.4141846,291.8625793,
592.0083618,132.8088989,592.0440674,76.91549683,592.0795288,63.77899551,592.1160889,338.0845337,592.2626953,135.8921509,592.2268677,83.2011261,592.19104,61.63227844,592.1548462,352.1701965,592.3027954,112.800499,592.3377075,82.38806915,592.3733521,57.85028458,592.409729,289.9691467,
593.0083618,134.7206421,593.0445557,76.21921539,593.0797119,63.74797821,593.1167603,338.0985107,593.2626343,135.1967773,593.2278442,84.06751251,593.1918335,61.8236084,593.1563721,349.9789429,593.3015747,113.5532379,593.3380127,83.45526123,593.3733521,55.73900223,593.4082031,289.0024414,
594.0083618,133.0665588,594.0432129,75.95536804,594.0802002,63.67198563,594.1152344,338.3302612,594.2622681,137.7053223,594.2267456,85.20326996,594.19104,61.38148117,594.1546631,349.3086853,594.303894,112.0303955,594.3397217,82.97734833,594.3742065,57.10247421,594.4093018,291.2954407,
595.0083618,133.0877686,595.0437012,76.4450531,595.0802002,63.68929291,595.1154785,339.3734131,595.2626343,137.9642944,595.2269287,84.31759644,595.1906738,62.72439575,595.1546631,352.7109985,595.3025513,112.3680191,595.3387451,82.96526337,595.3729248,57.62997818,595.4088745,288.8218994,
596.0083618,133.726059,596.0449829,75.51765442,596.0802612,63.88247681,596.1158447,338.4825134,596.2648315,136.9185486,596.2288818,84.4197464,596.1936646,62.06428146,596.1574097,352.1375122,596.3062134,112.3865509,596.3418579,82.28991699,596.3776245,56.91164398,596.4130249,288.0762939,
597.0083618,130.9117432,597.0443726,75.61930847,597.0800781,62.62786865,597.1156616,339.9150391,597.2647705,137.743927,597.2287598,84.30931091,597.1923828,62.20682526,597.1564941,348.1289368,597.3062134,112.9192352,597.3417358,83.46741486,597.3786011,57.4433136,597.4143066,291.6790771,
598.0083618,132.2986908,598.0450439,76.39022827,598.0804443,64.05051422,598.1164551,338.6358643,598.265564,136.4337463,598.229248,84.42205048,598.1933594,61.39687729,598.1572266,352.7774658,598.305481,113.0381317,598.3411865,83.54774475,598.3775635,57.04953384,598.4130859,289.4857178,
599.0083618,132.3835602,599.0445557,77.29154968,599.0807495,63.37070465,599.1159668,340.0719604,599.265564,135.5713959,599.229248,83.66339111,599.1930542,62.0438652,599.1574097,352.0361633,599.3062134,112.0750656,599.3424072,82.8534317,599.3777466,56.94633865,599.413147,290.9645691,
600.0083618,131.1764526,600.0445557,76.73432922,600.0807495,62.65880966,600.1161499,339.085083,600.2629395,137.1749878,600.227417,83.88011932,600.1912231,62.14458466,600.1556396,351.8857117,600.3034668,111.762413,600.3373413,83.01161957,600.3733521,57.46166611,600.409729,287.6491699,
601.0083618,132.8622589,601.0437622,76.60642242,601.0800171,62.78758621,601.116394,336.7335205,601.2630615,137.5917816,601.2269897,84.14978027,601.1914673,62.48150253,601.1563721,352.2336121,601.3025513,113.4809647,601.3381958,82.23110199,601.3739014,57.58791733,601.4080811,291.5658569,
602.0083618,132.2919464,602.0436401,76.39440918,602.0797729,63.16104507,602.1160278,337.3135071,602.2624512,136.6425629,602.2266235,83.47904205,602.1911621,62.57289505,602.1558228,351.1100769,602.3016357,111.9797821,602.3372803,83.26739502,602.3733521,56.80030441,602.4093628,288.619873,
603.0083618,132.2383118,603.045166,75.7053299,603.0807495,63.4317627,603.1173706,339.1158142,603.265686,137.8139801,603.230835,84.00111389,603.1950073,62.55765152,603.1580811,350.8291626,603.3067017,113.6129303,603.3428955,83.73641205,603.3787231,56.66684341,603.4140625,288.6318054,
604.0083618,133.5837708,604.0441895,76.19587708,604.0797119,63.53139114,604.1159058,338.8959656,604.2632446,137.6256104,604.2268677,85.23664856,604.19104,61.81208038,604.1554565,350.9751587,604.303833,112.7994843,604.3399048,82.19047546,604.3759155,56.84730911,604.4111938,288.6309204,
605.0083618,131.9053497,605.0435181,76.8062439,605.0783691,63.69897842,605.1138916,335.0576782,605.2624512,135.9166718,605.2259521,83.883461,605.1900635,61.2413559,605.1546021,353.4635925,605.3018188,111.8842773,605.3379517,81.96344757,605.3742065,56.21520233,605.409729,288.2513733,
606.0083618,132.5965576,606.0432739,75.23384094,606.0800781,62.51947403,606.1159058,339.8679504,606.2622681,135.2657013,606.2276001,84.97714233,606.1917114,61.61249542,606.1557007,350.7792664,606.3034058,111.3694916,606.3387451,82.27495575,606.3746338,57.10609055,606.4112549,288.2496643,
607.0083618,131.7849884,607.0442505,74.56659698,607.0791626,64.00931549,607.1146851,337.5404053,607.2632446,135.7423553,607.225647,85.34565735,607.1900635,61.93877411,607.1546631,347.7230225,607.3035889,111.3267136,607.3397217,83.01412201,607.3753662,57.40327072,607.4120483,290.0549622,
608.0083618,131.0867004,608.0430908,76.90886688,608.0794067,63.77970505,608.1152344,337.948822,608.2637329,136.7139435,608.2268677,83.49517822,608.1912231,61.64225769,608.1555786,352.2540588,608.303894,112.8784637,608.3395996,81.58065033,608.3748779,56.56186676,608.411438,290.7405396,
609.0083618,132.6907501,609.0446167,75.97131348,609.0805054,63.14813995,609.116394,336.6639709,609.2645874,136.2412262,609.2288818,85.59250641,609.1924438,61.75341034,609.1570435,352.40802,609.3053589,112.048378,609.3408203,82.77012634,609.3743896,57.90662384,609.4110107,288.9814148,
610.0083618,132.3609924,610.0447998,76.40981293,610.0805054,63.56681061,610.1166382,339.9902344,610.263855,136.5101776,610.2283325,84.44765472,610.1929321,62.21039963,610.1558838,350.9288025,610.3052368,112.7928238,610.340271,83.81685638,610.3765869,57.01042175,610.4129639,287.7003174,
611.0083618,133.1630859,611.0438232,76.23096466,611.0796509,63.3731575,611.1157837,337.2796326,611.2652588,138.4756012,611.2286987,84.32798767,611.1931152,61.3910675,611.1578979,352.110321,611.3048706,111.8181839,611.34021,82.9465332,611.3760376,56.50335312,611.4115601,292.1444397,
612.0083618,132.8349457,612.0429077,76.36911011,612.0795288,63.49100876,612.1146851,336.1349792,612.2632446,136.6914063,612.2277222,84.05953979,612.1915894,60.99571991,612.156189,350.4331665,612.3046875,112.1615295,612.34021,82.95970917,612.3765869,57.19504929,612.4122314,290.1976929,
613.0083618,132.9825134,613.0425415,76.34986877,613.0778809,63.32429504,613.114563,336.2470093,613.2634277,136.1500702,613.2269897,84.3901825,613.1914063,61.39764404,613.1557007,349.9064636,613.3021851,112.9612656,613.3379517,83.36672974,613.3739624,56.91627884,613.4094238,286.9006042,
614.0083618,131.2429504,614.0423584,76.55770111,614.078064,63.52368927,614.1141968,335.8994446,614.2597046,136.2118225,614.223877,84.16156006,614.1890869,61.95418167,614.1535034,352.4581909,614.3007813,112.7909164,614.3360596,82.35279846,614.3718872,56.66881561,614.4087524,288.8265381,
615.0083618,132.0969543,615.043396,76.66103363,615.0795288,63.06308365,615.1159668,337.4622192,615.2620239,136.9683228,615.2260132,84.74769592,615.1906738,61.50076294,615.1552734,349.5050354,615.3028564,112.1225891,615.3388672,82.95640564,615.3740234,57.38206482,615.4096069,288.7813416,
616.0083618,132.5797424,616.0435791,76.32826996,616.0789185,62.30102539,616.1148682,336.1566162,616.2631226,135.6994629,616.2278442,84.77207184,616.190979,61.92793655,616.1560669,352.6561584,616.3037109,111.4489517,616.3389893,82.81407166,616.3747559,56.87704849,616.4105225,289.0709229,
617.0083618,132.9690704,617.0437622,75.88124084,617.0793457,63.37968826,617.1157837,335.3834229,617.2628784,136.3427582,617.2262573,84.34509277,617.1908569,61.96250534,617.1550293,348.808075,617.3043823,111.943573,617.3405762,83.39839172,617.3760376,56.70022583,617.4125366,290.6824646,
618.0083618,131.2645416,618.0448608,75.63387299,618.0797119,62.07194901,618.1159058,335.1672974,618.2624512,136.8734741,618.2268677,83.8315506,618.1914063,61.68309784,618.1558228,351.2355957,618.3040161,111.8728104,618.3395996,82.8169632,618.3743896,57.27942276,618.4115601,290.8695374,
619.0083618,131.6820221,619.0450439,75.85123444,619.0810547,64.00476074,619.1160889,336.8786926,619.263855,135.3678589,619.2277832,83.35311127,619.1921997,61.82155609,619.1555786,347.8960571,619.3057861,111.3435516,619.3416748,82.08074951,619.3766479,57.13507462,619.4129639,286.0605774,
620.0083618,131.1693268,620.0432129,75.02973175,620.0792847,62.96776962,620.1143799,335.7815247,620.2645874,135.9110413,620.2285767,83.7335968,620.1923828,62.08154297,620.156311,349.5940552,620.3034058,111.6848679,620.3388672,81.98963165,620.3747559,56.50374222,620.4102783,286.2854004,
621.0083618,132.335022,621.0448608,77.16851807,621.0814819,63.22948456,621.1167603,334.426239,621.2668457,135.6830902,621.2300415,84.37863159,621.194397,61.12840652,621.1583252,349.4116211,621.3070679,111.7605667,621.343689,82.61153412,621.3794556,57.01655579,621.4151611,289.3589783,
622.0083618,130.8254547,622.0447388,75.72955322,622.0803833,63.76556396,622.116272,335.3934937,622.2640381,135.7605591,622.2278442,85.21117401,622.1917725,62.94854736,622.1569214,350.6394653,622.3048706,112.0800247,622.3400879,82.25769043,622.3763428,56.81585693,622.4121704,289.3266602,
623.0083618,132.5413361,623.0435791,76.5674057,623.0802002,63.7544632,623.1158447,336.8672791,623.2633057,136.371109,623.2277222,84.79381561,623.1929321,61.9172554,623.1578979,350.7218323,623.3048706,112.7751083,623.3404541,82.5093689,623.3762207,56.75511551,623.4120483,290.9654236,
624.0083618,131.4289551,624.043335,76.17151642,624.0797729,62.74363327,624.1156616,338.5523376,624.2637329,137.0692902,624.2283325,84.39530182,624.1924438,61.26060104,624.1575317,352.533844,624.3029785,112.5448914,624.338623,83.6721344,624.3742065,56.40097809,624.4095459,289.9243774,
625.0083618,132.6425171,625.043335,76.65027618,625.0791016,62.88446426,625.1149292,336.1836548,625.2608643,136.9480133,625.2264404,84.19580841,625.1911011,61.07527542,625.1549683,351.4178772,625.3007202,112.2541733,625.3366699,81.86123657,625.3730469,56.69866943,625.4078979,286.5639343,
626.0083618,132.9442596,626.0437622,75.72712708,626.0786743,63.25490189,626.1159668,338.3587341,626.2631226,137.5664825,626.2279053,83.99205017,626.1914063,61.91342545,626.1557007,350.5434265,626.3032837,110.7255325,626.3381958,82.47265625,626.3735962,55.99307251,626.409729,287.0861206,
627.0083618,133.0138855,627.0453491,76.89752197,627.0818481,63.64289856,627.1169434,338.2797852,627.2634277,136.1715851,627.2281494,84.97345734,627.1918335,63.04880142,627.156311,352.5122986,627.3050537,112.4754639,627.3414307,82.75219727,627.3777466,57.35745621,627.4133911,287.4979248,
628.0083618,132.5852661,628.0445557,75.95553589,628.0804443,63.99597931,628.1153564,337.871521,628.2628784,136.2759705,628.2266846,84.09482574,628.1907349,61.13401413,628.1550903,352.6697693,628.3018799,111.7402496,628.3380127,82.12202454,628.3742065,56.74008942,628.4095459,286.7514343,
629.0083618,131.1815948,629.043335,76.03318787,629.0785522,62.82770538,629.1151123,339.1721497,629.2628174,137.6771088,629.227356,83.89389038,629.1914673,61.66254807,629.1553955,352.233551,629.3048706,111.9567108,629.3401489,81.96924591,629.3760376,57.42068863,629.411377,287.1717529,
630.0083618,130.8422852,630.0447388,75.52642059,630.0809326,62.93334198,630.1169434,336.0639038,630.2626343,135.9015503,630.2263794,83.76535034,630.1908569,61.00503159,630.1555176,350.5716248,630.3025513,111.7108231,630.3384399,82.08052063,630.3741455,56.79814911,630.409729,288.3431702,
631.0083618,131.2935638,631.0453491,76.08226776,631.0803833,63.06149673,631.116333,335.7227478,631.2640991,136.0360107,631.2286987,84.80245209,631.1934814,61.0878334,631.1573486,350.0682373,631.3064575,111.6831589,631.3414307,83.25180054,631.3773804,56.75764465,631.4130249,287.7538757,
632.0083618,131.6216431,632.043335,75.98351288,632.0792236,63.62231064,632.1149902,339.9572754,632.2620239,137.5324402,632.2263794,83.75041199,632.1906738,60.86135101,632.1549072,347.960907,632.3009033,112.9412918,632.3373413,82.32622528,632.3734741,56.7226181,632.4091797,286.9472046,
633.0083618,131.8017273,633.0445557,76.03782654,633.079895,63.215271,633.1156616,334.7780457,633.2649536,135.5409851,633.2286987,83.11096954,633.1931763,61.66855621,633.1571045,348.7365112,633.3067017,111.5219269,633.3421631,82.04228973,633.3778687,56.69872284,633.4140625,285.9981079,
634.0083618,130.9164734,634.0430298,75.76541901,634.0789185,63.70009613,634.114624,338.1194153,634.2609863,135.0138702,634.2251587,85.5117569,634.1890869,61.8814621,634.1535645,352.3773804,634.3018799,111.2942276,634.3373413,82.76147461,634.3718872,56.87731934,634.4083252,287.1175842,
635.0083618,132.5797729,635.0443726,75.60642242,635.0800171,62.88250351,635.1165161,337.5321045,635.2640381,136.3678894,635.2272339,84.67227936,635.1922607,61.36691284,635.1560669,349.073822,635.3027344,111.1873779,635.3387451,82.70960999,635.3747559,56.88897324,635.4099121,288.1010437,
636.0083618,131.859436,636.0445557,76.88611603,636.0800171,63.33229828,636.1158447,336.1451416,636.2630615,135.5800171,636.2279053,84.1591568,636.1917114,62.06460571,636.156189,349.3227539,636.3028564,111.3176041,636.3392334,81.59907532,636.3752441,56.70117188,636.4112549,286.0380859,
637.0083618,130.0934906,637.0435181,75.30175781,637.0802002,63.53244019,637.116394,338.4751892,637.2625732,134.9839783,637.2271118,84.34072876,637.1919556,61.38709259,637.1555176,352.2136841,637.3024292,111.4258652,637.3383179,82.32302094,637.3737183,57.07530212,637.4100952,288.876709,
638.0083618,131.8725586,638.0435181,75.3361969,638.078064,63.66646957,638.1130981,336.471344,638.2608643,135.7049866,638.2255859,84.04563904,638.1891479,61.39091492,638.1539307,351.4420166,638.3016968,111.5213852,638.3374634,81.52432251,638.3747559,57.09693146,638.4102173,288.0787964,
639.0083618,132.327713,639.0435791,76.31152344,639.0792847,62.8005867,639.1152344,337.2560425,639.2637329,136.3775177,639.2281494,85.46793365,639.1925659,61.9709549,639.1569214,353.0766602,639.3028564,111.4356461,639.3387451,81.7624054,639.3741455,56.84906006,639.4104004,287.0115356,
640.0083618,131.8203888,640.0443726,75.88179016,640.0805054,63.43481827,640.116394,336.6694031,640.2631226,134.9245148,640.2275391,83.05821228,640.1921387,61.82263947,640.1559448,349.1877441,640.3042603,112.2578964,640.34021,83.26774597,640.3757324,56.69583511,640.4115601,288.2929077,
641.0083618,130.7747192,641.0441284,75.95612335,641.0800171,63.09156036,641.1159058,336.1652222,641.2634277,136.711731,641.227356,82.51611328,641.1917114,60.82553864,641.1559448,349.4546204,641.3027344,112.2628479,641.3384399,81.72214508,641.3742065,56.85852432,641.4108887,286.2635803,
642.0083618,131.8365784,642.0437012,75.31057739,642.0799561,63.39147568,642.1148682,337.9898682,642.2647095,135.3378601,642.2289429,83.55516052,642.192688,61.34624481,642.1568604,349.1528931,642.305542,111.2224503,642.3414307,83.19068146,642.3768311,57.21238327,642.4125366,288.9086609,
643.0083618,130.8891144,643.0441284,76.39051819,643.0790405,63.53919983,643.114563,335.0754395,643.2622681,134.9121704,643.2266235,84.48010254,643.1912842,61.57802963,643.1549072,347.5184631,643.303894,111.7175903,643.3390503,84.5991745,643.3753662,56.23406982,643.4111328,287.2409973,
644.0083618,130.9455872,644.0429688,75.70030975,644.079834,63.56661606,644.1152344,338.8370972,644.2619019,137.2955627,644.2255859,84.02511597,644.1906738,62.13526535,644.1549072,352.507782,644.3037109,111.666481,644.3390503,81.71392822,644.3742065,57.23458481,644.4100342,286.6995239,
645.0083618,131.5370789,645.0445557,75.95756531,645.0806885,63.48566055,645.1153564,337.270874,645.2605591,135.5317535,645.2254028,83.08485413,645.1903687,61.78557205,645.1551514,349.024292,645.2998657,110.7575073,645.3357544,81.60195923,645.3712769,56.82309723,645.4069214,287.9562988,
646.0083618,131.2742004,646.0435181,76.08985901,646.0789795,63.13633728,646.1152954,337.381897,646.2620239,136.6356354,646.2263794,84.07781219,646.1903687,61.07954407,646.15448,351.9483032,646.3035278,111.4977722,646.3390503,82.75478363,646.3751831,57.74514771,646.4108276,289.5553894,
647.0083618,130.7842102,647.043396,76.77412415,647.0802002,63.09484863,647.1155396,334.6753845,647.2622681,134.8535004,647.2268066,84.94779968,647.1906738,61.13830566,647.1557007,352.0954285,647.303894,112.3739319,647.3392334,81.61936951,647.3742676,56.50224304,647.4104004,286.1467896,
648.0083618,130.2088165,648.0436401,75.84871674,648.0800781,63.95070267,648.1149902,335.3440552,648.2605591,134.3212738,648.2250366,83.26081085,648.189209,61.58678436,648.1536865,347.9963989,648.3024292,111.7043915,648.3387451,81.93621826,648.3745728,56.47984695,648.4105225,287.4277344,
649.0083618,130.7759399,649.0436401,75.80166626,649.0792236,63.11607361,649.1146851,335.5524597,649.260437,136.1839752,649.2252808,84.40575409,649.1903687,61.5657692,649.1542969,350.2408447,649.300354,111.2422028,649.3356934,82.83130646,649.3720703,56.09451294,649.4080811,287.8669434,
650.0083618,131.9706116,650.0436401,75.81607819,650.0800781,64.02020264,650.1157837,339.0752563,650.2640991,135.0192108,650.2282104,84.74613953,650.192749,61.8408165,650.1572876,351.0675354,650.3059082,111.9306946,650.342041,82.6444397,650.3779297,56.58283997,650.413208,284.1768494,
651.0083618,129.3934021,651.0435791,76.71187592,651.0789185,62.09988022,651.1144409,335.7938232,651.2611694,135.1058197,651.225647,83.39346313,651.1894531,61.84887314,651.1536865,347.4509888,651.3012085,111.5615005,651.3370361,82.15634155,651.3727417,56.42876053,651.4083862,288.2164612,
652.0083618,131.3942566,652.0447388,76.67552185,652.0797119,63.54275513,652.1152344,337.0524292,652.2637939,135.0279236,652.2280884,84.5746994,652.1917725,61.00943375,652.1560059,348.7428284,652.3049316,111.6960831,652.3410034,81.8431015,652.37677,56.23284912,652.4125366,286.2980347,
653.0083618,131.358963,653.0439453,76.42658234,653.0775146,63.63571548,653.1143188,336.2132568,653.2595825,136.3533783,653.2240601,84.69301605,653.1882935,61.82318878,653.1532593,349.8466492,653.3012085,110.1876984,653.3370972,82.59494781,653.3724976,57.07816696,653.4090576,287.5680847,
654.0083618,129.9729919,654.043396,74.92795563,654.0785522,63.33688736,654.1148682,335.4954224,654.2628784,134.5568237,654.2272339,84.42235565,654.1903076,61.95092773,654.1553955,350.9816589,654.3034058,111.8975525,654.3387451,82.39009094,654.3748779,56.57015991,654.4107056,288.3186951,
655.0083618,130.8274536,655.0440063,75.94998932,655.0800171,63.0971489,655.1162109,332.7756042,655.2628174,135.3087616,655.227417,83.98262024,655.1912231,61.19913864,655.1552124,349.0965576,655.3024292,112.4343796,655.3374634,82.45755005,655.3735962,56.96624374,655.4088745,286.8052368,
656.0083618,132.2068329,656.0440674,75.33023834,656.0791626,64.10982513,656.1149292,334.4592896,656.2611694,135.1244202,656.2258301,85.14296722,656.1905518,61.54816818,656.1550903,351.3140869,656.3013916,111.6794968,656.3361816,82.73297119,656.3724365,56.23433685,656.4083862,288.5201111,
657.0083618,130.2445984,657.0440063,76.14712524,657.0802612,63.2305069,657.1161499,335.0245972,657.2634277,134.1609497,657.2278442,84.18470001,657.1925659,61.52110291,657.1555176,347.8504944,657.3047485,111.5020447,657.3407593,83.48323822,657.37677,56.43732071,657.4119263,288.3206787,
658.0083618,131.0678406,658.0448608,76.07258606,658.0802612,63.54998016,658.116394,334.2783203,658.2647095,135.7247009,658.2288818,84.14967346,658.192688,60.94834518,658.1570435,348.0397949,658.305542,110.1673126,658.3404541,81.05976105,658.3762207,56.74679947,658.4122925,286.0526428,
659.0083618,130.2372437,659.0438843,75.56499481,659.0797119,63.15821457,659.1151123,336.1834106,659.2640381,135.9577789,659.2284546,84.31233215,659.1925049,61.03417587,659.1566162,349.8563843,659.3042603,110.9009857,659.3395996,82.20397949,659.3760376,55.86116409,659.4108887,285.0542297,
660.0083618,130.2561493,660.0441895,75.70568848,660.0783691,62.58888626,660.1138916,334.6819763,660.2619019,135.3744049,660.2262573,83.45619202,660.1895752,61.55722046,660.1544189,346.8658142,660.3026123,111.7346725,660.3382568,83.17465973,660.3740845,57.04741669,660.4099121,286.075592,
661.0083618,129.4238892,661.0445557,75.47472382,661.0805054,62.87574005,661.1167603,336.701355,661.2631226,134.6127319,661.2269287,85.34767914,661.1919556,62.06689453,661.1558228,350.5295105,661.3048706,110.6371536,661.34021,81.69992828,661.3762817,57.40143204,661.4117432,285.5621338,
662.0083618,130.59021,662.0447388,75.70120239,662.0802612,63.64639282,662.1165161,332.3693848,662.2631226,135.0750427,662.2280884,82.98799133,662.192688,61.26049805,662.1572266,347.7550659,662.3041382,111.5852966,662.3397217,82.8182373,662.3756104,56.9249649,662.4102173,288.0024719,
663.0083618,129.3153534,663.0443726,75.90664673,663.0803833,62.62245941,663.116394,337.0065918,663.2633057,134.1453094,663.2277832,83.80370331,663.1923218,60.75576019,663.1555176,348.9814758,663.3041382,111.7659531,663.3396606,81.3183136,663.3754272,56.02320099,663.4121704,288.8650818,
664.0083618,131.1163788,664.0449219,75.48040009,664.0805054,62.93020248,664.1156006,335.6046448,664.2644653,135.1357574,664.2283936,83.12434387,664.1930542,60.8418541,664.1566772,347.6791382,664.3059692,110.8432159,664.3418579,81.65969086,664.3776855,56.24552536,664.4130859,286.6560974,
665.0083618,131.1109619,665.0435181,75.20223999,665.0799561,63.46162415,665.1157837,338.7151794,665.2648315,134.4169464,665.2282715,84.24200439,665.192688,61.91500092,665.1566162,349.43396,665.3058472,111.1695709,665.3415527,82.52761841,665.3769531,57.2954483,665.413147,284.2368164,
666.0083618,130.5844269,666.0435791,76.01093292,666.0800171,62.97450638,666.1159058,336.9639893,666.2644043,134.8498688,666.2287598,83.7296524,666.1925659,61.40550232,666.15625,346.74646,666.3052368,111.0751266,666.3404541,81.79346466,666.3770752,56.19207382,666.4122925,286.8870239,
667.0083618,130.8356934,667.0440674,75.98901367,667.0810547,63.09575653,667.1156616,336.2623596,667.2624512,135.5739441,667.2268066,83.48381805,667.1911011,60.82748032,667.1555176,346.5772705,667.3035278,111.1555786,667.3397217,81.05388641,667.375061,56.47751236,667.4107056,286.815979,
668.0083618,130.4346008,668.0432129,75.61717224,668.0785522,63.26874161,668.1140137,334.1443176,668.2601318,134.3643494,668.2250366,83.92358398,668.1894531,60.92790985,668.1535034,350.4144592,668.3005981,111.5528336,668.3363647,81.81455231,668.3716431,56.92338181,668.4087524,285.8570251,
669.0083618,130.9355774,669.0443115,75.0782547,669.0794067,63.40219116,669.1162109,335.8421936,669.2636108,135.9991455,669.2283936,84.58826447,669.1925659,61.42077637,669.1571045,349.717041,669.3054199,112.0786209,669.3414307,82.52391815,669.3770752,56.45388412,669.4117432,287.8238525,
670.0083618,129.5531311,670.0446167,76.0315094,670.0800171,62.7767601,670.1164551,335.8791199,670.2660522,135.0319824,670.2304077,84.09980774,670.194397,61.27425003,670.1578979,349.6931152,670.3077393,111.4123764,670.3429565,81.64250946,670.3787231,56.43112183,670.4147949,286.5552979,
671.0083618,128.5930481,671.0435791,76.32139587,671.0789185,63.00214767,671.1152344,336.5543823,671.2644043,135.6539917,671.2278442,84.61777496,671.192688,61.1528244,671.1564941,349.3373413,671.3033447,111.4088135,671.3386841,82.2725296,671.3743286,55.70022964,671.4101563,288.1386108,
672.0083618,129.7527771,672.0446777,75.51374817,672.0811157,62.89548492,672.1170654,334.1825562,672.2654419,134.5738678,672.2288818,84.10060883,672.1937256,60.89185333,672.1582031,346.0942993,672.3065186,111.7606506,672.3417358,82.58916473,672.3775635,57.10542679,672.413269,285.6517944,
673.0083618,130.5563354,673.0443115,75.00251007,673.0802002,62.94906998,673.1167603,335.4952393,673.2640381,135.7042694,673.2275391,83.30149078,673.1915894,61.01100922,673.1557007,348.0518494,673.3048706,110.4280624,673.34021,82.34988403,673.3759155,56.59119797,673.4111938,285.5606384,
674.0083618,129.3861389,674.0432739,76.13500977,674.0790405,62.84184647,674.1142578,335.4067383,674.2617188,135.332901,674.2261963,84.44263458,674.1900024,61.25227356,674.1536865,346.9331055,674.3026733,110.4222946,674.3394775,82.25720978,674.3745728,56.70549774,674.4102783,283.7639465,
675.0083618,129.9231415,675.0432129,74.56015778,675.0792847,63.24292755,675.1155396,334.2651978,675.2605591,134.3137665,675.225708,83.61631012,675.1898804,61.51306915,675.154541,349.2105103,675.3023682,110.5056458,675.3380127,81.61794281,675.3745728,56.1670723,675.4100952,285.644989,
676.0083618,128.6652527,676.0440063,74.92388153,676.0794067,63.55719376,676.1154785,335.619751,676.2614136,134.1091766,676.2264404,83.21503448,676.1907349,60.85018158,676.1549072,348.8590088,676.3016968,111.4937744,676.3370972,81.82239532,676.3726196,56.82045364,676.4085693,284.8983459,
677.0083618,130.272171,677.043335,75.18040466,677.079895,63.085495,677.1150513,336.1679993,677.2628784,135.1220551,677.2279053,83.86009216,677.1914063,61.15248871,677.1565552,348.4969177,677.3042603,110.9329605,677.3405762,81.56281281,677.3759155,55.9839325,677.4119263,284.6871948,
678.0083618,130.3136444,678.0439453,75.22859955,678.0794067,62.37356186,678.1150513,335.0837097,678.2642212,135.5506744,678.2279663,83.54290009,678.1921997,60.04853058,678.1570435,347.2711487,678.3056641,110.4708939,678.3418579,82.23457336,678.3771973,56.07468796,678.4137573,286.1408691,
679.0083618,129.4421234,679.0441895,75.43513489,679.0800781,62.26916885,679.1157837,335.713623,679.2619019,133.7949066,679.2262573,83.44757843,679.1905518,61.10987091,679.1549072,350.6473999,679.3027344,111.0751572,679.3391724,82.80083466,679.3747559,56.64568329,679.4103394,286.3167419,
680.0083618,129.8827515,680.0443726,76.62767792,680.0802002,63.21042633,680.1155396,334.5143127,680.2611084,134.6154022,680.225708,83.11376953,680.1914063,62.02294159,680.1550293,348.4371948,680.3025513,110.7388,680.3390503,82.18770599,680.3743286,56.37982941,680.4110718,285.8937378,
681.0083618,129.0592651,681.0440063,75.88552856,681.0796509,63.62915039,681.1153564,333.9685364,681.2637939,134.8620453,681.2295532,83.75630188,681.194458,61.06609726,681.1575317,347.9362488,681.3034058,111.2099762,681.338562,82.05891418,681.3745728,56.52366257,681.4102173,286.6403503,
682.0083618,129.5744324,682.0448608,76.15209961,682.0806274,63.05394363,682.1168823,334.0940552,682.2633057,133.7537842,682.227417,83.88352966,682.1915283,61.16783142,682.15625,347.1861877,682.3045654,111.1979065,682.3394165,81.39284515,682.3752441,57.27521133,682.4104614,285.8087769,
683.0083618,130.2509003,683.0457153,76.28149414,683.0811768,62.41457367,683.1168213,336.4368286,683.2644043,134.6112061,683.2287598,84.0117569,683.1919556,60.769104,683.1569214,349.6104431,683.305603,109.3463211,683.3411865,80.94775391,683.3771362,57.07353973,683.4133301,285.2290955,
684.0083618,129.0570374,684.0439453,75.1089325,684.0795288,62.56248093,684.114563,334.136322,684.2635498,133.8012085,684.2271729,83.04806519,684.1914063,61.61338425,684.1557007,348.7020264,684.3037109,110.0859222,684.3388062,81.11650085,684.3740845,56.56744003,684.4102783,286.9441223,
685.0083618,129.4365387,685.0452881,76.32855988,685.0802002,63.22241592,685.1159058,333.5872192,685.2654419,134.7299957,685.2298584,84.04508972,685.1935425,60.83893204,685.1577759,347.4746094,685.3062744,110.572319,685.3416748,82.46401215,685.3768921,56.65169525,685.4125366,284.9173584,
686.0083618,129.0446167,686.0447388,75.07863617,686.0808716,62.91802979,686.1165161,331.5571899,686.2640381,133.5384369,686.2286987,84.33841705,686.1932373,61.52593994,686.15802,348.3606873,686.303772,110.1400909,686.3391724,81.94309235,686.3739014,55.66259766,686.4102173,284.2430115,
687.0083618,129.3170624,687.0441895,75.3937912,687.0802612,62.44004059,687.1155396,332.8972778,687.265564,133.5610352,687.2290649,84.13063812,687.1930542,61.74834442,687.1575317,347.8442078,687.3040161,109.8659439,687.3405762,81.92332458,687.3756104,56.38791275,687.4118042,284.6199036,
688.0083618,129.1391449,688.0445557,75.38641357,688.0803833,63.61110687,688.1166382,333.073822,688.2653198,135.7505341,688.2295532,82.96054077,688.1934204,61.12454987,688.1578979,346.5477295,688.3057251,111.2510529,688.3419189,82.80262756,688.3775635,56.58167648,688.4138184,283.6731262,
689.0083618,130.4772491,689.0435791,75.56424713,689.0794067,62.67310715,689.1152344,336.2725525,689.2624512,135.1470184,689.2260132,84.23648834,689.1898804,61.08292389,689.1543579,348.7568054,689.303894,109.6331863,689.3405762,82.33394623,689.3763428,55.86136246,689.4127808,286.7075195,
690.0083618,129.6695862,690.0441895,75.7922287,690.0801392,62.57054901,690.1146851,336.8456116,690.2626343,134.2436829,690.2269897,83.96894073,690.190979,61.52563858,690.1550903,348.438385,690.303894,111.2492828,690.3400269,81.25003052,690.3756104,56.46328735,690.4108887,283.6847229,
691.0083618,130.618103,691.0430298,74.72556305,691.0783691,63.13226318,691.1143799,334.5016479,691.2616577,134.8179626,691.2254028,84.30573273,691.1895752,61.65654755,691.1531982,345.921051,691.2999268,109.7231369,691.3356934,81.90328217,691.3720703,56.07168579,691.4074707,283.9367676,
692.0083618,129.7322083,692.0441895,74.85847473,692.0800781,62.71995544,692.1155396,332.7144165,692.2647095,134.1649323,692.229248,83.07981873,692.1936035,60.95806122,692.1564941,346.9180298,692.3059692,109.9713593,692.3414307,81.04464722,692.3773804,56.30387115,692.4129028,285.4660645,
693.0083618,128.8082581,693.0443726,75.11243439,693.0807495,63.40420151,693.1157837,333.4265442,693.2636108,136.987381,693.2282104,83.162117,693.1919556,61.56187439,693.1565552,346.5121765,693.3030396,110.4068985,693.3391113,82.75102234,693.3751831,56.55292892,693.4111328,284.5796204,
694.0083618,128.04245,694.0441895,76.41368866,694.0797119,62.4919281,694.1155396,335.4250488,694.2645874,134.51297,694.2288818,83.78692627,694.1929321,61.33452225,694.1566772,349.0238342,694.3042603,110.3745728,694.3395996,81.54512024,694.3760376,55.85646057,694.4129028,283.5928955,
695.0083618,128.587616,695.0438232,76.37625122,695.0793457,62.67184067,695.1158447,333.1947632,695.2648926,135.7377472,695.229248,83.35305023,695.1934204,61.15250397,695.1566772,345.7496948,695.3063965,109.7121735,695.3414307,81.90465546,695.3778687,57.02773666,695.413269,283.9373169,
696.0083618,128.7892151,696.0435791,77.02416992,696.0787354,62.8915863,696.1142578,334.5848999,696.2584839,134.2849426,696.2226563,84.16870117,696.1885376,61.45935059,696.1539917,345.2117615,696.300415,109.2027206,696.3356934,81.66563416,696.3721924,55.63232422,696.4073486,284.500946,
697.0083618,129.3157959,697.043335,75.47290039,697.0801392,63.15512085,697.1149902,331.3098145,697.2628784,134.4015656,697.2272339,84.20760345,697.1916504,60.72461319,697.1564941,343.3609924,697.3048706,109.4872589,697.3408813,81.14263916,697.3757935,57.20953751,697.4125366,283.5378113,
698.0083618,129.5514679,698.0437622,74.38687134,698.0797119,63.38462067,698.1152344,336.8572083,698.2635498,135.0159149,698.2275391,83.287323,698.1929321,60.89982224,698.1569214,346.5341797,698.3039551,110.7936554,698.3400269,81.33721161,698.3757935,56.2728653,698.4119263,283.4796143,
699.0083618,130.5076599,699.0445557,75.12242126,699.079834,63.25265884,699.1156006,334.0899963,699.2650146,135.0764313,699.2294312,83.04109955,699.1935425,61.24137878,699.1572876,350.0127258,699.3045654,110.2311935,699.3406982,81.22948456,699.37677,56.7060318,699.4124146,283.0762634,
700.0083618,129.8816833,700.0447388,75.82534027,700.0807495,62.61289978,700.116394,334.7229614,700.2630005,135.6429443,700.2294312,82.30225372,700.1939087,61.07188797,700.157959,346.5899658,700.3039551,109.5080948,700.3394165,80.41056824,700.3757324,56.30072784,700.4108887,286.5334778,
701.0083618,128.9799805,701.0440063,75.8138504,701.0802612,62.595047,701.1159668,332.6996155,701.2644043,134.5273895,701.2283325,83.06639099,701.192688,61.19958496,701.1569214,348.3396301,701.3048706,110.4940414,701.3405762,81.20321655,701.3773804,55.83076477,701.4130249,284.2247009,
702.0083618,129.915741,702.0450439,75.25239563,702.0794678,62.86001205,702.1152344,332.617981,702.2620239,134.4919281,702.2268677,83.12618256,702.1917114,61.36670685,702.1560669,346.1471252,702.302124,109.885704,702.3375854,82.51570129,702.3737183,56.00234985,702.4091187,284.9341736,
703.0083618,129.4953156,703.0443726,74.84739685,703.0803833,63.94029999,703.1162109,334.4599304,703.2623901,134.0817719,703.2261353,83.64568329,703.1908569,61.18523026,703.1547241,350.3395081,703.3023682,109.3069687,703.3375854,81.43785858,703.3737183,55.53322601,703.4090576,287.3292847,
704.0083618,129.4619293,704.0437012,75.53275299,704.0789795,62.19103622,704.1150513,333.1916809,704.2617188,134.482132,704.2260132,84.1791153,704.1900024,61.42647552,704.1549072,346.6639709,704.3025513,110.318634,704.3381348,81.88837433,704.3748169,56.82796478,704.4105225,286.2722778,
705.0083618,129.913269,705.0438843,74.98781586,705.079895,62.58396912,705.1154175,331.6573486,705.2628784,134.0943909,705.2259521,83.96820831,705.1908569,61.14248276,705.1542969,349.1495056,705.3042603,110.0482864,705.3398438,81.56087494,705.374939,56.76613998,705.4108887,284.877594,
706.0083618,127.7646408,706.0437622,75.4525528,706.0800171,63.04045868,706.1152344,335.8635864,706.2644043,135.3596497,706.2293091,83.0742569,706.1932983,60.13132858,706.1572266,344.3848572,706.3042603,109.735817,706.3403931,82.08290863,706.3763428,55.27565384,706.4116821,284.7687683,
707.0083618,130.169693,707.0432739,75.59542084,707.0797729,63.25040054,707.1160889,330.0701294,707.2659302,133.7391815,707.2298584,83.59783173,707.1940918,60.59555817,707.1584473,345.4498291,707.3051147,110.5416031,707.3411865,80.67268372,707.3772583,56.22076035,707.4129028,284.4356384,
708.0083618,128.3555298,708.0436401,76.03031921,708.0789185,63.06710052,708.1156006,334.0046082,708.2640381,134.6471863,708.2290649,83.41809845,708.1929932,60.23332596,708.1570435,348.5909424,708.3051147,110.3807755,708.3405762,82.10410309,708.3762817,56.40075302,708.4123535,286.2407227,
709.0083618,128.6830902,709.0441284,75.38981628,709.0793457,61.97304535,709.1157837,332.7238464,709.2622681,134.3050232,709.2271118,84.30856323,709.190979,61.33168793,709.1544189,346.0733337,709.302063,110.9604263,709.3373413,81.67983246,709.3729248,56.28638458,709.4085693,283.2638855,
710.0083618,129.1766663,710.0440674,75.36954498,710.0792847,62.91285324,710.1160889,332.8296814,710.263916,133.881897,710.2276611,83.99981689,710.1922607,61.14050293,710.1554565,345.8151245,710.3036499,109.2337875,710.3388672,81.93541718,710.3745728,56.29544449,710.4094238,287.2264404,
711.0083618,128.9127655,711.0449219,75.67701721,711.0797119,62.98822784,711.1156006,333.312439,711.2644043,133.906601,711.2282104,82.84863281,711.1917114,60.89180756,711.1554565,346.0447998,711.3042603,109.4057312,711.338562,80.00357819,711.3740845,55.31115341,711.4090576,283.3171692,
712.0083618,128.8941956,712.0450439,75.05387115,712.0803833,63.68427658,712.1157837,334.5727539,712.2645264,134.4255829,712.2286987,83.49434662,712.1932373,60.68241501,712.1576538,346.0545349,712.3068848,109.7749863,712.3424072,81.24391937,712.3790283,56.18170166,712.4154053,282.4075928,
713.0083618,129.4911194,713.0441895,74.99075317,713.079834,62.46883011,713.1165161,333.346283,713.2618408,134.717926,713.2263184,83.87479401,713.1914063,60.24981689,713.1555176,344.3709106,713.3025513,110.6677551,713.3390503,82.38096619,713.375061,56.6174736,713.4107056,283.2910156,
714.0083618,129.5236053,714.0443115,75.18266296,714.0802612,63.06018066,714.1154175,332.0249329,714.2644043,134.6500854,714.2289429,83.23404694,714.1930542,60.3768158,714.1569824,347.2423706,714.3034668,109.5940323,714.3394165,81.43040466,714.3757324,56.50376511,714.411377,283.650177,
715.0083618,129.3448334,715.0442505,74.84804535,715.0796509,62.80923462,715.1154175,335.6953125,715.2662354,133.2041473,715.2303467,83.82184601,715.1942139,61.39489365,715.1584473,350.2236023,715.3076172,109.4849472,715.3431396,81.86496735,715.3783569,56.403759,715.4143677,286.9611206,
716.0083618,129.1745911,716.0441895,75.57436371,716.0795288,62.90811157,716.1152344,335.307251,716.2637329,133.3145294,716.2279663,83.0298996,716.1924438,61.61549377,716.1565552,347.8129578,716.3042603,109.973999,716.3395996,81.70614624,716.3753662,55.62979126,716.4105225,284.2134705,
717.0083618,129.091568,717.0443726,75.73284912,717.0809937,63.54292297,717.1159058,333.6302185,717.2601929,133.1876678,717.2260132,83.02121735,717.1904297,61.07257843,717.154541,347.5059814,717.3015747,108.4062576,717.3369751,81.53361511,717.3718872,55.85801315,717.4078979,284.938385,
718.0083618,129.6537323,718.0450439,74.86344147,718.0811157,62.85658646,718.1171875,332.8102417,718.2648315,135.5882416,718.2288818,83.05970764,718.1932373,60.53517914,718.1569214,346.5703125,718.3063965,109.1392212,718.3421631,81.11277008,718.3773193,56.02415085,718.4137573,282.7388611,
719.0083618,129.4434967,719.0441895,74.97770691,719.0792236,63.55072403,719.1149292,334.2487183,719.2617188,134.4866028,719.2254028,83.9031601,719.1898193,61.03938675,719.1544189,343.2994995,719.3025513,110.2792816,719.3380127,80.31395721,719.3740234,55.50312424,719.4102173,283.1518555,
720.0083618,128.8447876,720.0436401,75.12299347,720.0809326,62.58911514,720.1160889,333.3056641,720.263855,132.0644989,720.2280884,82.6778717,720.1923828,60.76562119,720.1557007,347.2463684,720.3044434,109.5733566,720.3400269,81.51746368,720.3755493,56.15956116,720.4108887,283.9211731,
721.0083618,129.249649,721.0430298,75.05327606,721.0787354,62.79166031,721.1146851,331.9532166,721.2610474,134.9961853,721.2262573,83.65343475,721.1900635,60.7793045,721.1544189,346.2216492,721.3015747,110.26548,721.3360596,80.46750641,721.3729248,55.77200317,721.4087524,283.8529663,
722.0083618,128.9312134,722.0447388,74.75269318,722.0799561,63.11712265,722.1161499,333.308075,722.2644043,134.4246826,722.2298584,83.17886353,722.1937866,60.95100403,722.1577759,347.4891052,722.3062134,109.9258575,722.3414917,81.66998291,722.3770752,56.01683426,722.4135132,284.3519897,
723.0083618,130.016449,723.045166,74.2399826,723.0810547,63.25887299,723.1167603,333.3948669,723.2628784,134.6015167,723.2267456,83.41066742,723.1921997,60.43091583,723.1561279,346.8041077,723.3049316,108.3753433,723.3417969,81.54161072,723.3773193,56.40691376,723.4134521,281.3053284,
724.0083618,129.681427,724.0437622,75.75674438,724.0790405,63.93922806,724.1149902,331.0855103,724.2600098,133.1160889,724.2244873,82.89514923,724.1885376,61.11263657,724.1535034,345.5927429,724.3017578,110.5252838,724.3374634,81.25319672,724.3729248,56.42565155,724.4078979,282.814209,
725.0083618,128.9915619,725.0437012,75.21852112,725.0802612,62.72425461,725.1159058,333.1677246,725.2644043,133.8798523,725.2285156,83.77547455,725.1929932,60.76929092,725.1570435,346.590271,725.3051147,109.7243118,725.3410645,81.87979126,725.37677,56.01935196,725.4129028,281.8723145,
726.0083618,129.5269012,726.0445557,75.46006775,726.0803223,62.72620773,726.1155396,330.9892578,726.2622681,134.2511902,726.227478,84.55211639,726.1905518,60.87943268,726.1552124,346.8201599,726.3013916,109.3437729,726.3366089,82.2046814,726.3720093,56.5632515,726.4081421,283.8149719,
727.0083618,128.7423248,727.0432129,75.88088226,727.0789185,62.32022858,727.1155396,332.555542,727.2631226,133.3750305,727.227417,84.07820129,727.1905518,60.59151077,727.1550903,345.7917786,727.3024292,110.4704285,727.3387451,81.22620392,727.3746338,56.56914139,727.4104614,285.1959229,
728.0083618,127.7549438,728.0443726,75.74765015,728.0803833,63.0193367,728.1156616,336.0491943,728.2632446,133.7552338,728.2269897,82.5164566,728.1916504,61.03809738,728.1557007,348.7575073,728.3025513,110.4290314,728.3382568,80.39111328,728.3745728,56.44475555,728.4102173,284.3590393,
729.0083618,126.7915497,729.0450439,75.07060242,729.0797119,63.03541946,729.1157837,334.3678894,729.2647095,134.4646606,729.229248,83.34404755,729.1931152,59.91546249,729.1566162,346.3739319,729.3042603,110.6310349,729.3399658,81.20287323,729.3763428,56.31269836,729.4118652,286.3458557,
730.0083618,128.8974915,730.0438232,75.79266357,730.0795288,62.90800858,730.1152344,336.2806091,730.2622681,134.1747284,730.2260132,84.04148102,730.1914063,61.61569214,730.1550293,345.490509,730.303894,109.2010651,730.3390503,82.02776337,730.3755493,56.26915741,730.4116821,282.2506104,
731.0083618,129.138504,731.0440674,75.51683807,731.0795288,63.02203369,731.1152344,336.4623413,731.2628784,134.5604401,731.2271729,84.61432648,731.1915894,60.23588181,731.1553955,345.4843445,731.3027344,108.4696884,731.338562,81.69210052,731.3740845,56.51192856,731.4093018,282.2938232,
732.0083618,128.4793243,732.0447388,75.15171051,732.0802002,63.36646652,732.1156616,330.8107605,732.2640381,134.147583,732.2283936,83.60971832,732.1925049,61.60149002,732.1561279,345.3832397,732.3034058,109.3151932,732.340271,80.59810638,732.3753662,56.81113434,732.411377,285.3162537,
733.0083618,127.1846313,733.0442505,75.24584961,733.0802002,62.11808395,733.1159058,335.9898987,733.2627563,136.0123749,733.227478,83.47918701,733.1917114,60.37466049,733.1565552,346.4685364,733.3023071,108.7814713,733.3380127,81.46015167,733.3735962,55.66322708,733.4103394,286.1137085,
734.0083618,128.0757751,734.0457153,74.32052612,734.0809326,62.57723236,734.1165161,333.3351135,734.2635498,133.9547424,734.2277222,84.04344177,734.1920776,60.43780136,734.1555786,346.2364502,734.3048096,109.8180847,734.3414307,81.51111603,734.3765869,56.32289886,734.4133911,280.9740295,
735.0083618,127.7761459,735.0452271,75.30812073,735.0806885,63.40581894,735.1165161,332.5845032,735.2658691,133.5453339,735.2295532,83.67552948,735.1935425,60.40842056,735.1582031,347.6846313,735.3074341,109.7151718,735.3430176,81.51139069,735.37854,55.93977356,735.4144897,283.8425293,
736.0083618,129.8886261,736.0438232,75.40274048,736.0793457,62.88169479,736.1151123,332.8952942,736.2620239,133.7329102,736.2268677,83.68041992,736.1905518,60.70732117,736.1543579,347.3663635,736.3009644,108.3999176,736.3369141,81.17743683,736.3734131,56.05690765,736.40802,282.1225281,
737.0083618,127.3306885,737.0438843,74.9662323,737.0792847,62.95100784,737.1152344,329.4818115,737.2642212,133.3695679,737.2282104,82.18647003,737.1925659,60.67419434,737.1566772,343.1038208,737.3035889,109.719902,737.3389282,80.99175262,737.374939,55.54593658,737.4111328,282.3981934,
738.0083618,128.9130554,738.0443726,76.23323822,738.0803833,62.48820496,738.1159058,332.1647339,738.2634277,134.0855103,738.2275391,83.45240784,738.1917114,61.38763046,738.1554565,344.097168,738.3044434,109.3595886,738.34021,81.43390656,738.3765869,56.16384125,738.411438,281.6194458,
739.0083618,128.4453735,739.0437012,74.93449402,739.0792236,62.09064102,739.1149902,333.3207703,739.2623901,134.5967407,739.2269897,83.19480133,739.1905518,60.80929947,739.1544189,345.1813965,739.3016968,107.9387665,739.3378906,80.44800568,739.3742065,56.294487,739.4098511,284.8885803,
740.0083618,127.5441818,740.0437012,74.73936462,740.0802612,62.53694153,740.1160889,333.4995422,740.2664185,134.0852203,740.2298584,83.94039154,740.1942139,60.56804276,740.1574097,348.181366,740.3068848,108.3218613,740.3421631,81.86802673,740.3786011,55.7743721,740.4138184,282.5594482,
741.0083618,127.1736908,741.0441895,76.25006866,741.0805054,62.85143661,741.1170654,333.5249939,741.2640381,133.9463654,741.2282715,83.33438873,741.1928101,61.67045593,741.1572266,345.4988098,741.3058472,109.0675735,741.3415527,81.90299225,741.3768311,55.73639297,741.413208,283.8652344,
742.0083618,126.7855301,742.0436401,75.092453,742.0799561,62.89654922,742.116333,331.9892578,742.2647095,134.4084167,742.2288818,83.58874512,742.1932983,60.69255447,742.1573486,342.8916016,742.3030396,109.1827164,742.3397217,81.09513092,742.3759155,55.98485184,742.4122314,281.8598633,
743.0083618,127.6484909,743.0438843,75.00007629,743.0800781,62.73462677,743.1152344,333.7134399,743.2637939,133.9109039,743.2290649,84.11711121,743.1925659,60.64492798,743.156189,342.956543,743.3054199,108.4350357,743.3410645,81.51224518,743.3775635,56.09189987,743.4137573,281.148407,
744.0083618,128.1432343,744.0442505,75.03156281,744.0791016,61.91892624,744.1143799,330.8760071,744.2627563,134.2220154,744.2277222,83.0220871,744.1915283,61.45202637,744.1551514,345.6680908,744.3040771,107.9062805,744.3400269,81.05628204,744.3753662,56.22389984,744.4112549,284.9569092,
745.0083618,127.5771713,745.0447388,75.4325943,745.0807495,62.23299026,745.1162109,334.3117676,745.2650146,134.7906189,745.2297974,82.38387299,745.1929321,60.46671677,745.1573486,346.2332764,745.3037109,108.5027466,745.3390503,81.42797089,745.3758545,55.68920135,745.4115601,284.2984924,
746.0083618,128.4600372,746.0445557,74.96662903,746.079895,63.35306931,746.1155396,335.1175842,746.2644043,134.7875214,746.2281494,84.0565567,746.1917725,60.7162056,746.1557007,343.5222473,746.3059692,108.7062302,746.3411865,81.80156708,746.37854,56.08747864,746.4133911,282.1893311,
747.0083618,129.0114594,747.0438843,75.52719116,747.0797119,62.71522522,747.1152954,334.2368774,747.2640381,134.7467957,747.2294312,83.40111542,747.1930542,60.05490112,747.1566162,343.8445435,747.3047485,108.6593781,747.3400879,80.72743225,747.3760376,56.08075333,747.4124146,284.3612671,
748.0083618,127.7428589,748.0438843,74.60395813,748.0796509,62.45780182,748.1153564,330.8320618,748.2628784,134.3380737,748.2277222,82.83460999,748.1920776,60.90571976,748.156311,345.2756958,748.3045654,108.4620819,748.3405762,80.68881989,748.3762207,56.24895096,748.4125366,281.9246521,
749.0083618,127.7904816,749.0445557,75.47814941,749.0811768,62.80780411,749.1172485,331.1260376,749.265625,133.6134338,749.2294312,83.49783325,749.1941528,61.21120453,749.1583862,343.1706848,749.305542,107.903595,749.3411865,81.08222198,749.37677,56.07292938,749.4130859,278.7817383,
750.0083618,127.7489624,750.0429688,74.92366028,750.0805054,62.43125153,750.1161499,334.6940308,750.2624512,133.262207,750.2265625,83.60079193,750.1917114,60.25232315,750.1553955,345.3547058,750.3024902,107.4075928,750.338562,81.10598755,750.3739014,56.10476303,750.4094238,284.9959106,
751.0083618,128.6769867,751.0448608,74.10287476,751.0800171,63.35146713,751.1159668,331.2943726,751.2640381,133.2184906,751.2288818,83.01589203,751.1937256,60.47684479,751.1568604,346.2371216,751.3045044,109.0333862,751.3390503,81.48002625,751.3745728,55.87868118,751.4105225,279.5876465,
752.0083618,128.2132721,752.0445557,74.6758194,752.0794067,62.32465744,752.1149292,333.0710449,752.2627563,132.870636,752.227356,82.3418808,752.1912231,60.46460724,752.1552124,342.0909729,752.3018799,108.7808151,752.3379517,81.12680817,752.3737183,55.98923492,752.4099731,282.7053833,
753.0083618,128.4312134,753.0447998,75.53365326,753.0802002,62.94652176,753.1173706,332.2097778,753.265564,133.4884186,753.2302246,83.38903809,753.194397,60.41339874,753.1582031,341.8543396,753.3053589,108.6572113,753.3411865,81.74008179,753.3768311,55.6355629,753.4125366,282.8844299,
754.0083618,127.3298569,754.0455933,74.63337708,754.0817261,62.14552307,754.1176147,332.3232727,754.2667236,134.0592804,754.2305298,83.22834015,754.194397,61.02019119,754.1581421,346.0335999,754.3065796,108.7337799,754.3418579,81.32926941,754.3771973,55.97980881,754.4135132,282.6650696,
755.0083618,127.5375671,755.0438232,75.26965332,755.0795288,61.99101257,755.1151123,331.1400452,755.2623901,134.1462555,755.2265625,83.52962494,755.1908569,61.19194412,755.1550293,343.1769714,755.3040161,108.6170654,755.3400269,81.51070404,755.3759766,56.61268616,755.4120483,280.6147461,
756.0083618,129.9120178,756.0453491,76.41753387,756.0812378,63.30427551,756.1170654,334.9835205,756.265625,133.4775391,756.2302246,82.76767731,756.1942749,61.07850266,756.1574097,344.4784546,756.3057251,107.8965836,756.3408203,81.53858185,756.3762207,56.2675209,756.4124146,282.4537048,
757.0083618,127.7011185,757.0447388,75.10455322,757.0796509,62.97508621,757.1150513,331.8546448,757.2635498,133.5592804,757.2288818,83.57354736,757.1925659,60.80185318,757.1567993,344.1833191,757.3043213,108.7556458,757.3400269,80.19538116,757.3753662,55.66059875,757.411499,280.465332,
758.0083618,129.112854,758.041748,74.93390656,758.0770264,62.7828331,758.1123657,331.1442566,758.2608643,133.7114563,758.2250366,83.9697113,758.1898804,61.41067123,758.1534424,343.634491,758.3012085,107.4246292,758.336731,82.0851593,758.3728638,55.63442993,758.4089966,285.2793274,
759.0083618,125.8633881,759.0430908,75.20006561,759.0792236,62.57315063,759.1151123,329.3137512,759.2601929,133.6875763,759.2248535,82.96208954,759.1896973,60.28170013,759.1544189,344.5572815,759.3027344,107.5121613,759.3388062,80.97799683,759.3740234,56.51160812,759.4105225,282.1086426,
760.0083618,125.9003296,760.0443726,75.35643005,760.0802002,63.03322983,760.1159058,330.6692505,760.265564,134.1770477,760.2295532,83.278862,760.1947021,60.58171844,760.1585083,343.7671509,760.3043823,108.2967911,760.34021,81.21376038,760.3768311,55.34427643,760.4123535,282.162323,
761.0083618,128.0852509,761.0438843,75.59105682,761.0790405,62.55984497,761.1138916,332.6389465,761.263855,133.2508087,761.2269897,82.77278137,761.1918335,61.5152092,761.1559448,343.446228,761.303894,108.2259445,761.3394775,82.45666504,761.3755493,56.39186478,761.4107056,279.5065002,
762.0083618,127.9250946,762.0432129,74.66459656,762.0785522,63.10215759,762.1148071,335.076355,762.2644043,132.9046783,762.2283325,83.06743622,762.192688,60.12860107,762.1566162,345.8146667,762.305542,108.5891724,762.3410645,80.89246368,762.3771973,55.98194122,762.4130249,281.0698853,
763.0083618,128.251709,763.0447388,75.57470703,763.0803833,62.52058411,763.1162109,332.2294922,763.2662354,132.216095,763.2300415,83.34565735,763.1936646,61.38572693,763.15802,344.2999878,763.3062744,108.343071,763.3414307,80.14318848,763.3760376,55.83984375,763.4117432,279.5484009,
764.0083618,127.7302933,764.0415649,74.97045135,764.0772095,62.91495895,764.1138916,333.033783,764.2610474,132.2762299,764.2252808,83.88566589,764.1901855,61.02188492,764.1544189,346.1383972,764.3018799,107.3362045,764.3384399,81.11697388,764.3740845,55.46161652,764.4100952,280.4527588,
765.0083618,127.6034241,765.0436401,75.08463287,765.079895,62.07391357,765.1167603,329.5727844,765.2663574,134.3347778,765.2304077,83.4800415,765.1950073,61.25384903,765.1592407,341.7605286,765.307251,107.5280304,765.3434448,81.19454956,765.3798218,55.08730316,765.4162598,280.4815674,
766.0083618,126.971962,766.0438232,75.87852478,766.0789185,62.23886108,766.114502,331.8251648,766.2637329,133.9026489,766.2275391,82.63124084,766.1917114,60.90428162,766.1559448,346.7314148,766.3051147,108.3031616,766.3411865,80.81790924,766.3771362,56.04811478,766.4130249,279.3380737,
767.0083618,127.8605576,767.0437012,74.28787231,767.0794067,62.32249832,767.116394,330.4317627,767.2645874,132.5683594,767.2298584,83.31865692,767.1934814,60.79403687,767.1577759,340.0965576,767.3043213,107.2327042,767.340271,80.62991333,767.3759155,54.79332733,767.4118652,283.6212463,
768.0083618,128.2488403,768.0458984,74.86780548,768.0810547,62.67196655,768.1168213,333.1734314,768.2648315,134.0059052,768.2294312,83.55547333,768.1935425,60.574543,768.1574707,343.1817322,768.3048706,107.325943,768.3417969,81.10604858,768.3771362,56.05861282,768.4124146,281.1072083,
769.0083618,129.0260162,769.043396,75.35127258,769.0789185,62.93520355,769.1141357,330.1422424,769.2627563,133.539444,769.227417,83.93841553,769.1915283,61.57240677,769.1557007,342.4208984,769.3025513,108.1931915,769.338501,80.41485596,769.3735962,55.72001648,769.4094238,279.4132996,
770.0083618,127.3676147,770.0457764,74.47690582,770.0808716,62.25590515,770.116394,332.6637268,770.2642822,134.6247711,770.2279663,82.80994415,770.1929932,59.67544556,770.1571655,341.5585938,770.3032837,106.1425323,770.3397217,81.58191681,770.3753662,55.77091217,770.4111938,278.6512451,
771.0083618,128.4979553,771.0447388,73.98757935,771.0809937,61.6166687,771.116272,331.8202209,771.2648926,132.0835419,771.2290649,83.40332794,771.1933594,60.47702789,771.1572266,343.3112793,771.3037109,107.6702194,771.3392334,80.47104645,771.3751831,56.0334549,771.4105225,280.8855286,
772.0083618,127.7569962,772.0447388,74.06851196,772.0806274,62.75663376,772.1159058,332.4273987,772.2617188,131.9135132,772.2268677,83.47807312,772.1914063,60.74682999,772.1560059,341.2416382,772.302063,107.2048264,772.3378906,81.16524506,772.3739014,56.13041687,772.4094849,281.0810547,
773.0083618,129.2960358,773.0444946,75.02323914,773.079895,62.71746063,773.1156616,329.2398071,773.2659302,131.9058075,773.2294312,83.59122467,773.1929321,60.46331787,773.1570435,345.2925415,773.3075562,108.3256302,773.3439941,80.88965607,773.380188,56.6060524,773.4158936,281.7557373,
774.0083618,127.1366196,774.0447388,74.85237885,774.0802002,62.60327911,774.1170654,332.6255798,774.2631226,133.421875,774.2276001,83.24445343,774.1917114,60.30470276,774.1566772,344.146759,774.3044434,107.2922134,774.34021,81.02346039,774.3760376,55.80068588,774.4119873,280.3040161,
775.0083618,126.6919098,775.0438232,74.84467316,775.0811768,63.14819336,775.1169434,333.0440979,775.2658691,134.0752258,775.2301025,83.14149475,775.1937256,60.35968018,775.1583252,343.9667969,775.3046875,108.1823807,775.3401489,81.67594147,775.3763428,56.2808609,775.4111938,279.5391541,
776.0083618,127.6219177,776.0447388,74.61039734,776.0810547,62.76932526,776.1171875,329.7434387,776.265564,132.9076843,776.2290649,83.07056427,776.1939087,60.11219025,776.1570435,345.7919922,776.3062134,107.7516479,776.3418579,80.60498047,776.3779297,56.28307724,776.4140625,281.5454407,
777.0083618,126.801384,777.043396,76.06213379,777.0790405,62.0618515,777.1153564,332.5960999,777.2664185,133.1288452,777.2303467,82.71895599,777.1937256,59.6463623,777.1570435,344.9518127,777.3062744,108.5417023,777.3424072,80.51851654,777.3781738,55.49145508,777.413208,280.538269,
778.0083618,127.5448914,778.0424194,74.26425934,778.0779419,62.61073685,778.1133423,331.6423035,778.2606812,133.9604645,778.2247314,83.15036011,778.1885376,60.60923004,778.1525269,342.8049011,778.3013306,106.8541641,778.3374634,81.2607193,778.3730469,55.12741852,778.4093018,282.0331116,
779.0083618,126.4639969,779.0437012,75.33444977,779.0793457,61.60227203,779.1150513,328.6359253,779.2627563,132.2975159,779.2271118,83.33609009,779.1905518,59.74037552,779.1548462,344.6127319,779.3024292,106.0325775,779.3378296,80.19032288,779.3733521,55.69247818,779.4100342,280.6219788,
780.0083618,127.7233963,780.0438843,75.01528168,780.0797119,62.12174988,780.1149902,331.6193848,780.262085,132.3977356,780.2263794,83.90076447,780.1905518,60.72686005,780.154541,344.5413513,780.3012085,107.5240479,780.336731,80.58071899,780.3730469,56.01778412,780.4085693,283.1615906,
781.0083618,125.8228683,781.0427246,73.70924377,781.0788574,61.86480331,781.1143799,334.3229675,781.2610474,133.2507324,781.2251587,83.58985901,781.1900635,60.59807968,781.1544189,342.8465576,781.3034058,106.7884064,781.3388672,81.7665863,781.3747559,56.0300827,781.4111328,281.889679,
782.0083618,125.4382858,782.0435791,75.20515442,782.0797119,61.82485962,782.1156006,333.0842896,782.2617188,131.5925293,782.225708,82.94099426,782.1901245,60.47518539,782.1542969,346.1207275,782.3012085,108.1515274,782.3374634,80.59676361,782.3734131,56.56959534,782.40802,281.6168518,
783.0083618,126.9184189,783.0445557,74.67166138,783.0803833,62.57083893,783.1171875,331.391571,783.265686,132.6793671,783.2297363,82.57256317,783.1942139,60.47361755,783.1587524,343.4429321,783.3049927,106.6759491,783.3408203,81.05377197,783.3762817,55.86219025,783.411377,279.7634583,
784.0083618,126.801239,784.0445557,75.33313751,784.0807495,62.53943634,784.116394,330.4387207,784.2653809,133.0915985,784.229248,83.20000458,784.1942139,60.26795197,784.1582031,343.4852295,784.3051147,106.9241028,784.34021,81.71944427,784.3762817,54.85264587,784.4130249,278.6490173,
785.0083618,127.6107559,785.0436401,75.26092529,785.079834,62.85192871,785.1156616,330.4729004,785.2637329,133.2327423,785.2283325,83.32958221,785.1912231,60.31738281,785.1553345,342.867157,785.3031616,107.2849426,785.3389893,81.62073517,785.375,56.08777618,785.4103394,279.3106384,
786.0083618,127.6942902,786.0437012,74.35650635,786.078125,62.32010651,786.1125488,328.7037048,786.2623901,132.4440613,786.2255249,83.37332916,786.1896973,60.86713791,786.1542358,344.2329712,786.3015747,107.4170837,786.3383179,81.97159576,786.3739014,55.653965,786.4096069,281.0415955,
787.0083618,127.6628494,787.0438843,74.99017334,787.0799561,62.51162338,787.1156006,332.9569092,787.2642212,132.606369,787.2290649,83.20749664,787.192688,60.2397728,787.1574097,344.0846252,787.3034058,106.0879364,787.3392944,80.6658783,787.3746338,54.77513504,787.4104614,280.4239807,
788.0083618,126.9165573,788.0450439,74.35189819,788.0808716,62.06763077,788.1155396,329.0289612,788.2637939,132.5712738,788.2277832,83.78089905,788.1924438,59.65838242,788.1569214,339.2319336,788.3031616,106.4291916,788.3390503,80.80796814,788.3748779,55.07824707,788.4103394,278.7207642,
789.0083618,127.0935974,789.0438843,74.69087982,789.0802002,62.32518768,789.1162109,327.590271,789.2632446,132.2457275,789.2269287,81.84199524,789.1920776,59.75445938,789.1565552,344.1573486,789.3025513,105.6637268,789.3390503,81.19811249,789.3748779,55.48760223,789.4109497,280.1523743,
790.0083618,126.6269226,790.0447388,74.63233948,790.0802612,63.20167923,790.1166382,331.7875671,790.2652588,133.0461731,790.2294312,83.03398132,790.1932983,60.90561295,790.1572266,343.8620605,790.307312,106.1381531,790.3428345,80.64598846,790.3786011,56.21126556,790.4140625,280.7329712,
791.0083618,126.8932648,791.0446167,74.00728607,791.0803833,62.67520142,791.116394,328.0401001,791.2652588,132.2656708,791.2298584,83.35643768,791.1942749,60.46349716,791.1580811,341.1982422,791.3049316,105.1803513,791.3405762,80.59091949,791.3757324,55.32058716,791.4126587,282.3860168,
792.0083618,127.0156326,792.0441284,75.60247803,792.0802002,61.96030045,792.1152344,328.8832703,792.2634888,132.4226837,792.2278442,82.57187653,792.1932373,60.36616516,792.1569214,340.9200745,792.3040161,106.7485886,792.3391113,80.65671539,792.3742065,55.49973297,792.4096069,282.2072144,
793.0083618,126.4489899,793.0419312,74.14272308,793.078064,61.55328369,793.1137085,327.1783142,793.260376,132.3560944,793.2240601,83.68593597,793.189209,59.91999054,793.1528931,340.655426,793.3019409,106.5267029,793.3380127,80.63126373,793.3735962,56.32497787,793.4102173,278.0091553,
794.0083618,125.8648911,794.0435791,73.84030914,794.0805054,62.24273682,794.1162109,331.0774231,794.2652588,133.243103,794.2297974,82.89002991,794.1929932,59.89463425,794.1578369,341.3765564,794.3062744,105.8936005,794.3422241,80.50245667,794.3773804,56.05667496,794.4130859,279.7876892,
795.0083618,126.8169022,795.0435791,75.54528809,795.079895,62.54310226,795.1149292,332.0777283,795.2632446,133.4223633,795.227356,83.0548172,795.1921997,60.87517929,795.1566772,343.0915222,795.3023682,105.538269,795.3383179,81.11188507,795.3747559,55.10366821,795.4103394,281.8197021,
796.0083618,126.4488525,796.0436401,76.14744568,796.0801392,62.38324356,796.1152344,329.7299194,796.2645874,133.2631226,796.2283936,82.15151215,796.1924438,60.40585327,796.156311,342.6941223,796.3057251,105.7210083,796.3419189,80.93245697,796.3776245,55.0717392,796.4140625,279.3457031,
797.0083618,126.6938629,797.0435181,74.40839386,797.0792236,62.64135361,797.1140747,330.5577698,797.2617188,132.5764313,797.2260132,82.3633728,797.1898193,60.59183502,797.1544189,343.6830444,797.3012085,106.8219986,797.3363647,81.4981308,797.3727417,55.15938187,797.4083862,280.7156982,
798.0083618,126.5240631,798.0437622,74.63179779,798.0800781,61.59508514,798.1167603,330.6950378,798.2650757,132.6434631,798.2295532,82.65969849,798.1941528,60.69364548,798.1580811,341.4946899,798.3054199,107.0064087,798.3411865,80.15473175,798.3759155,55.62740707,798.4124146,282.2218018,
799.0083618,125.5052261,799.0427246,74.15151978,799.0791016,61.49554443,799.114502,329.9555054,799.2647095,133.6830902,799.2281494,82.89787292,799.1917725,60.97147369,799.1564941,342.0408936,799.3052368,105.9120102,799.3414307,80.70877075,799.3771973,55.72987366,799.4135132,277.6352539,
800.0083618,127.1350403,800.0440674,74.2671051,800.0797729,62.43807983,800.1165161,329.1645508,800.2629395,132.5818787,800.2266846,82.61930084,800.1917114,60.03267288,800.15625,343.1758118,800.3040771,105.5750885,800.3397217,79.66629791,800.3753662,55.81831741,800.411438,282.2680054,
801.0083618,126.4910278,801.0440063,74.44351196,801.0805054,62.06568909,801.1162109,330.9154663,801.2642212,134.1239929,801.2283936,82.12554169,801.1923828,59.80555725,801.15625,340.5799255,801.3057861,107.0190353,801.3411865,80.27214813,801.376709,56.17459869,801.4125366,278.6343689,
802.0083618,127.1607132,802.0436401,74.8788147,802.0787354,61.84611511,802.1142578,329.2649231,802.2615967,133.6330414,802.2258301,83.07528687,802.1900635,59.94716263,802.1537476,342.8882446,802.3018799,106.3765182,802.3388672,79.89315796,802.3740845,55.52567673,802.409729,279.945282,
803.0083618,126.5404053,803.0446167,74.3508606,803.0802612,62.70343018,803.1157837,329.5473633,803.2622681,132.8443909,803.227356,83.53469849,803.1907349,60.56573105,803.1557007,344.4883423,803.3027344,105.7454758,803.3383179,80.30736542,803.3747559,56.56632233,803.4101563,279.8887939,
804.0083618,126.3190231,804.0438232,72.9705658,804.0796509,62.72399521,804.1154785,330.6242981,804.2640381,133.1499786,804.2278442,82.89911652,804.1923218,60.20485687,804.1570435,342.3078308,804.3035278,106.5721054,804.3395386,81.41117859,804.3752441,55.51118088,804.4112549,278.4520264,
805.0083618,126.7568207,805.0430298,74.46012878,805.0792236,62.63516235,805.1141357,328.8069763,805.2606812,132.3390198,805.2247314,82.46556854,805.1898804,61.16421509,805.1533203,342.6939697,805.3023682,105.3918304,805.3381348,79.69065094,805.3737183,55.93548203,805.4103394,282.1670227,
806.0083618,125.7718811,806.0441895,74.6911087,806.0795288,62.41069031,806.1153564,325.4028625,806.2617798,131.3357239,806.2254028,82.9546814,806.1900635,60.15275574,806.1544189,343.6584473,806.3013916,106.2432938,806.336853,80.19049072,806.3728638,55.29038239,806.4087524,279.61203,
807.0083618,127.2420578,807.0440063,75.37963867,807.079895,62.04417419,807.1148071,328.8699341,807.2633057,132.2440948,807.2280884,81.94203186,807.1920776,60.00618362,807.1563721,339.644928,807.3033447,104.9534225,807.3395386,80.1385498,807.3739014,54.79827118,807.409729,280.1571655,
808.0083618,126.6478119,808.0455933,74.94031525,808.0810547,62.38799286,808.1167603,329.3027954,808.2627563,131.7915802,808.2265625,83.0471344,808.1914063,60.72223663,808.1565552,338.4084778,808.3031616,104.5766678,808.3394165,79.57887268,808.3757324,55.6429863,808.4100952,277.8762207,
809.0083618,126.0014343,809.0440674,74.27801514,809.0795288,62.20849609,809.1159058,332.3624878,809.2620239,132.1461334,809.2268677,83.20100403,809.1908569,61.38121033,809.1553345,338.9405212,809.3037109,106.594841,809.3398438,80.51876068,809.3747559,55.7702713,809.4103394,281.564209,
810.0083618,126.7458038,810.0435791,74.75436401,810.0801392,61.61734772,810.1154175,329.2138367,810.2632446,130.5449829,810.2277222,82.20822144,810.1915283,60.05835342,810.1548462,340.7479858,810.3046265,106.0623398,810.3410034,80.75559235,810.3762207,55.75321198,810.4117432,279.8335876,
811.0083618,127.1068726,811.0438843,74.16426086,811.0792236,62.32420349,811.114563,330.6741028,811.2637939,131.9798889,811.2277222,82.78024292,811.1917114,60.07559586,811.1553955,339.2755432,811.3027954,105.9961243,811.3381958,80.19707489,811.3740845,55.3919487,811.4099731,279.8124084,
812.0083618,126.7371597,812.0443726,74.16281891,812.0800171,63.08084106,812.116394,327.1726379,812.2637329,133.7513123,812.2275391,82.78329468,812.1912231,60.30712891,812.15625,343.1134033,812.3037109,104.5813828,812.3390503,80.30605316,812.3747559,55.25179291,812.4102173,278.8011169,
813.0083618,126.8373413,813.0447388,75.45183563,813.079895,62.25043869,813.1162109,329.5848999,813.2648315,131.7114868,813.2295532,82.29154205,813.1932983,60.54474258,813.1572266,343.499176,813.3057251,104.4377136,813.3419189,80.87763214,813.3772583,55.42443466,813.413269,283.7978821,
814.0083618,125.3953857,814.0443726,75.43026733,814.0787964,62.8285408,814.1152344,328.5333862,814.2611694,132.2952576,814.2248535,82.5584259,814.1898804,60.41850281,814.1542969,342.3709106,814.3005981,104.4398575,814.3363647,79.147995,814.3724365,55.4385376,814.4074097,279.629425,
815.0083618,126.7221756,815.045166,74.23352814,815.0806885,62.12244415,815.116272,328.2333069,815.2661743,132.5134277,815.2294312,82.41627502,815.1936646,60.22266769,815.1574097,341.914032,815.305603,104.4220581,815.3417969,80.7684021,815.3753662,55.63476563,815.4118652,280.7614746,
816.0083618,124.4260864,816.0440063,74.75509644,816.0796509,62.07197189,816.1149292,332.3401489,816.2623291,132.1620941,816.2266846,82.38292694,816.1906738,60.31250763,816.1539917,337.9401855,816.3030396,106.018074,816.3397217,80.46330261,816.3751831,56.08460999,816.4111938,279.4943542,
817.0083618,126.0450516,817.0445557,74.53543854,817.0794067,62.87068176,817.1160889,329.7702637,817.2628784,130.6415558,817.227356,82.02318573,817.1914673,60.23511124,817.1560669,346.0801086,817.303894,106.7342606,817.3397217,80.54174042,817.3753662,54.67284393,817.4118042,279.9448853,
818.0083618,125.8512878,818.0440063,74.06388855,818.079895,62.93756485,818.1160889,331.2960815,818.2630615,132.9053192,818.227356,84.0980072,818.1914063,60.38528442,818.1563721,340.1111755,818.303894,106.2131195,818.3397827,81.51963806,818.3759155,55.33732224,818.4125366,277.6334229,
819.0083618,126.333374,819.0438843,74.4847641,819.0784912,62.16863251,819.1133423,330.8964844,819.2625122,133.2173157,819.2272949,82.96588135,819.1914063,60.83795547,819.154541,340.3889465,819.303894,106.5429153,819.3407593,80.18935394,819.3757324,56.35733032,819.4107056,277.8076782,
820.0083618,125.7350006,820.0435791,75.12447357,820.0800171,61.76740265,820.1155396,328.7656555,820.2608643,130.6673584,820.2247314,82.80223083,820.1903687,59.77936172,820.1549683,345.0866089,820.3018799,106.0856094,820.3378296,80.04691315,820.3741455,54.92737579,820.4092407,279.927063,
821.0083618,125.9575348,821.0430298,73.77571869,821.0794067,62.53881073,821.1146851,329.0736694,821.2647095,130.7461243,821.2280884,82.22882843,821.1923828,60.05363083,821.1569214,339.7886963,821.3037109,105.2202454,821.3397217,80.29069519,821.3752441,54.77246857,821.411438,279.438385,
822.0083618,126.0960541,822.043335,74.84896851,822.0792236,61.69090652,822.1149292,328.7973633,822.2608643,131.9638672,822.2254639,82.10202026,822.1893921,59.97451782,822.1542969,341.6748352,822.3027344,105.9128723,822.3376465,80.5920639,822.3742676,55.06648254,822.4104614,276.1072693,
823.0083618,126.2264404,823.045166,74.46908569,823.0809326,62.16010666,823.1160889,328.8872986,823.2645874,131.6507263,823.2284546,82.25128174,823.1930542,59.40069199,823.15802,341.1647339,823.3048096,107.1972351,823.3403931,79.90602875,823.3754272,54.75023651,823.411438,279.7706299,
824.0083618,125.6713562,824.0439453,75.35809326,824.0794067,63.47151184,824.1155396,330.70401,824.263855,131.6183777,824.2279663,81.43566132,824.1930542,60.22883987,824.1570435,341.6322021,824.3046875,106.8746796,824.3414307,80.83708954,824.3770752,55.7714119,824.4129639,278.4484558,
825.0083618,127.1421585,825.0441284,75.11483002,825.0795288,61.74847412,825.1150513,329.7044373,825.2630005,130.714798,825.2266846,82.31723785,825.1905518,59.18669891,825.1555176,341.9732666,825.3041382,105.9451447,825.3411865,81.10361481,825.37677,55.05059052,825.4121094,279.3577576,
826.0083618,124.8154526,826.0452881,75.70844269,826.0808716,62.63259888,826.1165161,331.1902771,826.2645264,131.1808167,826.2284546,81.90518188,826.1934204,60.63551331,826.1570435,341.1762695,826.3049316,106.2642212,826.3415527,80.85050201,826.3768921,55.63138199,826.4127808,280.5186462,
827.0083618,125.4721603,827.0441284,74.97411346,827.0794678,62.39338303,827.1153564,329.7227783,827.263916,132.0257874,827.2288208,82.646492,827.192749,60.28054047,827.1574097,339.4389038,827.3031616,105.8451996,827.3387451,79.83265686,827.3746338,55.9079895,827.4101563,281.8136902,
828.0083618,125.0037689,828.0450439,73.98168182,828.0810547,63.47426605,828.1170654,330.0255737,828.2653198,132.0424042,828.2302246,83.0252533,828.1934814,59.59865189,828.1578979,342.9588013,828.3066406,107.5912857,828.3425903,81.70205688,828.3789673,54.94956207,828.4138794,279.9107056,
829.0083618,125.6434021,829.0445557,74.59913635,829.0807495,62.1730423,829.1155396,328.3880005,829.2625732,131.8203583,829.2265625,82.1607132,829.1912231,60.73006821,829.1558838,340.6923523,829.3018799,105.8077774,829.3380737,80.62252808,829.3739014,54.71970749,829.4101563,278.2311096,
830.0083618,124.7511902,830.0429688,74.1882019,830.0784912,62.69563675,830.1143799,330.2761536,830.2615356,131.3462219,830.225769,82.28437805,830.1915283,59.47681808,830.1557007,342.6782837,830.3010254,106.2907104,830.336792,80.34642792,830.3724976,55.2443924,830.4080811,279.4195862,
831.0083618,123.7894745,831.0445557,74.91356659,831.0803833,62.78328705,831.1168823,328.4571533,831.2633667,132.7853241,831.2271118,82.41091156,831.1920776,59.944767,831.1564941,341.004303,831.3035278,105.807312,831.3397217,80.75370026,831.3752441,55.58946228,831.4105225,278.0490723,
832.0083618,124.920517,832.0440063,75.0009613,832.0795288,63.22754288,832.1159058,328.7465515,832.2637329,131.5204468,832.2280884,83.49495697,832.1920776,59.98075485,832.1570435,340.4068909,832.3028564,106.2376175,832.3372803,79.61054993,832.3731689,54.714077,832.409729,279.6893616,
833.0083618,123.7759018,833.0441284,73.34249115,833.0801392,62.13022614,833.1160278,328.391571,833.2642822,130.0921021,833.2286987,82.41638184,833.1931763,59.82836533,833.1570435,342.0969238,833.305542,106.8228836,833.3419189,79.89137268,833.3775635,54.87231827,833.4133911,279.7355652,
834.0083618,124.9209518,834.0440063,74.03713226,834.0794067,63.10712433,834.1150513,328.8770752,834.2624512,131.3325043,834.2272339,83.33611298,834.19104,60.18472672,834.1553955,339.2754822,834.3040161,106.3248138,834.3403931,80.78614807,834.3757935,55.61115646,834.4124146,275.7885132,
835.0083618,124.2851791,835.0436401,75.31054688,835.0790405,63.18863297,835.1140747,331.8021851,835.2620239,131.8494873,835.2255859,83.3742218,835.1893921,60.37574387,835.1539307,342.4645996,835.3028564,105.9512253,835.3387451,80.21887207,835.3742676,55.7829895,835.4100342,278.6455078,
836.0083618,126.5283813,836.0452271,73.75415039,836.0808716,62.25787735,836.1162109,330.0870056,836.2650146,131.3158112,836.2293701,82.71453094,836.1941528,60.18485641,836.1575317,339.648407,836.3060913,104.7555389,836.3424072,81.06311035,836.3771973,55.42616272,836.413147,281.7977905,
837.0083618,124.9470215,837.0441895,73.5667572,837.0805054,62.98375702,837.1159668,329.21875,837.2659912,131.7187347,837.2303467,82.4415741,837.1945801,60.03001404,837.1580811,340.9342957,837.3049927,106.8072281,837.3408203,80.78622437,837.3763428,55.55025482,837.4122925,281.2468262,
838.0083618,125.026062,838.0445557,75.02086639,838.0807495,61.4677887,838.116394,329.4267273,838.2650146,130.7997284,838.229187,82.58763885,838.1940308,59.74272537,838.1575317,339.2217102,838.3040771,105.4834061,838.34021,79.5990448,838.3763428,56.04240036,838.4122314,278.7354431,
839.0083618,123.8506775,839.0447998,74.42672729,839.0797729,62.53507614,839.1155396,331.1300964,839.2646484,131.1625366,839.2282104,82.01313019,839.1925659,59.59034348,839.1572876,343.8190613,839.3033447,106.2178116,839.3394165,79.59778595,839.3753662,55.49559402,839.4108887,279.7692261,
840.0083618,124.802948,840.0435791,74.95847321,840.0799561,61.8993988,840.1153564,329.9388123,840.2637329,131.7892761,840.229248,82.62112427,840.1923828,59.85839844,840.1563721,338.3657532,840.3048096,107.4247818,840.3409424,80.23258209,840.3773193,54.890522,840.4127808,280.8789673,
841.0083618,124.3402557,841.0438843,74.65092468,841.0799561,63.06361389,841.1167603,328.6090698,841.2649536,131.1593475,841.2296753,83.18928528,841.1935425,60.07837677,841.1582642,344.5325012,841.3062744,107.0157623,841.3417358,80.47470856,841.3780518,56.31192017,841.4137573,276.3587646,
842.0083618,124.4036102,842.0440674,74.90222168,842.0790405,62.72587967,842.1148071,329.1980591,842.2647095,131.8910522,842.2287598,83.69431305,842.1920776,61.74123001,842.1564941,338.9328918,842.3054199,106.5390701,842.342041,80.90807343,842.3763428,54.61501312,842.4126587,279.6534119,
843.0083618,126.358139,843.0441895,75.76727295,843.0795288,61.88949203,843.1160278,331.6586304,843.263855,130.7419128,843.2275391,82.47873688,843.1920776,60.36016083,843.1552124,341.4226074,843.3031616,107.0258331,843.3397217,80.03224945,843.3743896,55.02156067,843.4111328,278.8387146,
844.0083618,125.5810699,844.0445557,73.98361206,844.0805054,61.71850204,844.116394,331.139679,844.2633667,133.0189514,844.2279663,82.32235718,844.1915894,59.82081985,844.1555176,341.9877014,844.303833,106.0697403,844.3388672,80.32164001,844.3757935,56.00522614,844.4117432,276.0014038,
845.0083618,126.2167664,845.0441284,74.99241638,845.0800171,62.49238586,845.1158447,331.4262085,845.2640381,131.7950439,845.2282715,83.16745758,845.1925659,60.45543671,845.1572266,342.6801758,845.3033447,106.3282852,845.3394165,81.75611877,845.375061,55.24055862,845.411438,277.5635986,
846.0083618,123.7258759,846.0445557,73.73612976,846.0802002,63.0195961,846.1159058,327.4160461,846.2625732,131.510376,846.2264404,81.84188843,846.1921997,59.81645203,846.1558838,341.2675476,846.3034058,105.5174255,846.3378906,79.24603271,846.3733521,55.36299133,846.4093628,278.8746033,
847.0083618,126.017807,847.0453491,74.42744446,847.0802002,62.65010834,847.1159058,328.7982788,847.265564,131.4743652,847.2290649,83.04445648,847.1929932,59.47245407,847.1570435,340.4233398,847.307251,104.71064,847.3435669,79.95431519,847.378479,55.15044022,847.414856,280.2224121,
848.0083618,124.584053,848.0447998,73.92066193,848.079895,62.27533722,848.116394,328.8364868,848.2623901,130.499054,848.2267456,82.69677734,848.1914063,59.81037521,848.1550293,342.5924683,848.3028564,104.6420746,848.3390503,80.07974243,848.3742065,55.11227036,848.4105225,281.0283813,
849.0083618,124.4489365,849.0430298,74.80007935,849.0795288,61.75208282,849.1152954,327.8649902,849.2645264,130.9594116,849.2290649,83.29424286,849.1925049,59.24763489,849.1561279,339.390625,849.3048096,105.9741669,849.3414307,79.61289215,849.3770752,55.80692673,849.4119873,279.2398376,
850.0083618,125.2846985,850.0432739,74.2530365,850.0797119,62.60707855,850.1153564,329.1652527,850.2635498,132.5740814,850.2282104,82.93065643,850.192688,60.24328232,850.1560059,340.3172302,850.3049927,105.855629,850.3411865,79.78001404,850.37677,54.93110657,850.4129639,279.3589783,
851.0083618,124.823761,851.0437622,74.23165131,851.0800781,62.60968018,851.1152344,328.5691223,851.2628784,131.2782135,851.2266235,82.50537872,851.1903687,59.75879669,851.1544189,338.7071838,851.3043213,106.5297775,851.3403931,79.89909363,851.3766479,54.4349823,851.411499,280.1014099,
852.0083618,123.3357391,852.0455933,74.61962128,852.0805054,62.69918442,852.1167603,329.8997192,852.2644043,130.1832428,852.2289429,83.2302475,852.1937866,59.05231094,852.1584473,340.6365967,852.3063965,107.1742325,852.3417969,79.907547,852.3770752,54.8837738,852.4137573,279.6287537,
853.0083618,125.8979721,853.0441284,75.62985229,853.0797729,62.65717697,853.116394,330.2396851,853.265625,131.3027954,853.2305298,82.95574188,853.1939087,60.05239868,853.1571045,340.6192017,853.3048706,107.2105408,853.3407593,80.62537384,853.3770752,55.2958107,853.413208,279.0922241,
854.0083618,124.1398392,854.0450439,75.48707581,854.0809937,62.08166885,854.116394,327.6269531,854.2658691,129.6019592,854.2304077,82.33566284,854.1930542,59.62207413,854.1575317,341.8128357,854.3067017,105.0562897,854.3432007,80.46660614,854.3786621,55.66419983,854.4144897,280.4342651,
855.0083618,124.4060211,855.0438843,75.33048248,855.079895,62.55066299,855.116272,327.8045044,855.2644653,129.7125702,855.2290649,82.62072754,855.1932373,60.21392822,855.1575317,339.3218384,855.3044434,106.184433,855.3390503,79.28175354,855.3754272,54.68595505,855.4110107,278.75354,
856.0083618,123.7686462,856.0439453,74.98822784,856.0794067,62.07356262,856.1153564,329.026825,856.2626953,131.3555908,856.2275391,82.30712128,856.1925659,60.65871429,856.1565552,338.7786865,856.302002,106.3018646,856.3386841,80.98915863,856.3743286,55.14342117,856.4103394,276.9274292,
857.0083618,124.1778107,857.0430298,74.86698914,857.0791016,61.56084061,857.1150513,332.1514587,857.2633667,130.3550262,857.2280884,82.02558899,857.1923218,59.7963295,857.156189,338.1927185,857.3035889,104.2785492,857.3388672,79.75971985,857.3747559,55.21804428,857.4095459,277.3182678,
858.0083618,124.4118805,858.0447388,74.13658905,858.079895,62.92176056,858.1153564,328.79953,858.2610474,128.5166016,858.2254639,82.31896973,858.1898193,59.69672012,858.154541,339.6338806,858.3004761,105.0516357,858.3360596,79.51799011,858.3709106,54.3140831,858.4066162,276.926178,
859.0083618,124.3565445,859.0441895,74.30815125,859.0804443,62.54972458,859.1153564,329.9143677,859.2648315,129.3696899,859.2286987,82.59185028,859.1930542,59.35960007,859.1572266,342.307251,859.3075562,106.3152084,859.3425293,80.14714813,859.3792114,54.81520462,859.4138794,278.2645569,
860.0083618,123.1582184,860.0455322,74.334198,860.0808105,62.43857574,860.1173706,327.7693787,860.2637939,130.7454529,860.2288818,81.47788239,860.1929321,59.85074997,860.1566772,339.2429504,860.305542,106.5163269,860.3414307,79.83634949,860.3770752,55.38693619,860.4122314,277.8874207,
861.0083618,124.3282852,861.0450439,74.07598114,861.079895,62.11557388,861.1162109,327.3627014,861.2650146,130.0022736,861.2293091,82.49434662,861.1930542,59.88155365,861.1574097,338.4746399,861.3057861,106.2643661,861.3425293,79.80937958,861.3775635,56.10330963,861.4144897,277.9942322,
862.0083618,123.3098068,862.0436401,72.58137512,862.0792236,61.64082718,862.1149292,327.9922485,862.2612915,129.5041351,862.2255249,82.32262421,862.1901855,60.33158493,862.1544189,342.3480225,862.3010254,104.2610626,862.3376465,79.79634094,862.3739014,54.98843765,862.4107056,279.5542908,
863.0083618,125.0134583,863.0452271,74.40150452,863.0806885,62.19562149,863.1160278,327.5054626,863.2623901,131.0118713,863.2278442,82.10609436,863.1921997,59.97157669,863.1558838,340.3901978,863.3042603,105.1324158,863.3404541,79.42176056,863.3753662,54.52530289,863.4120483,278.3713989,
864.0083618,124.4174347,864.0443726,74.8790741,864.0797729,61.9767189,864.1153564,328.3443298,864.2644043,130.5675201,864.2288818,83.84011841,864.1923828,60.22000122,864.1566772,341.9212646,864.303894,105.8654175,864.3405762,79.67998505,864.3757324,55.70597076,864.4125366,280.2033997,
865.0083618,124.2485199,865.0448608,73.86221313,865.0807495,62.57923126,865.1150513,328.4631042,865.2620239,131.0581055,865.2261963,82.23840332,865.1898193,60.09533691,865.1542358,338.3648071,865.3027954,105.8469086,865.3388672,79.66566467,865.375061,54.76328278,865.4108887,276.5426331,
866.0083618,123.0761414,866.0435791,75.03478241,866.0797729,62.19636917,866.1162109,328.127594,866.2623901,130.5678558,866.2269897,82.97733307,866.1914673,60.1326561,866.1552124,338.7726746,866.3018799,106.0500031,866.3378906,79.50247192,866.3729858,54.64362335,866.4091187,277.104126,
867.0083618,124.8833008,867.0445557,74.98429871,867.0803833,62.25187302,867.1168213,327.050415,867.265625,130.7014618,867.2290649,82.47164154,867.1935425,60.3280983,867.1572266,339.3092651,867.3076172,104.8744354,867.3430176,80.0934906,867.3792114,54.75350952,867.414856,278.3623962,
868.0083618,124.3772125,868.0450439,75.00978851,868.0807495,61.39649963,868.1172485,325.114563,868.2648926,129.3117828,868.2288208,82.8020401,868.1935425,60.05681229,868.1578979,339.1781616,868.303894,106.4016037,868.3400269,80.50720215,868.3756714,55.02498627,868.4105225,275.2610779,
869.0083618,123.4785385,869.0447388,73.98986053,869.0802612,61.69015121,869.1150513,327.9595642,869.2622681,129.0065002,869.2271118,82.23600769,869.1905518,60.14284134,869.1552124,339.473938,869.3016968,104.2292633,869.3370361,79.29962158,869.3738403,55.06140137,869.4099121,278.0994873,
870.0083618,123.4010315,870.0439453,74.70546722,870.0803833,61.77879333,870.1165161,329.2428284,870.2645264,129.5688629,870.2286987,83.62359619,870.1924438,60.13388062,870.1560669,336.2148132,870.3052368,106.4316254,870.3406982,80.67024231,870.37677,54.60817719,870.4130249,276.6633911,
871.0083618,123.7853928,871.0432129,73.47001648,871.0792236,61.61256409,871.1146851,329.3417969,871.2646484,130.2619476,871.2293701,83.63008118,871.1937256,60.50297928,871.1578369,340.0855408,871.3057251,104.7199249,871.3408813,80.73467255,871.3778687,55.45054626,871.413208,277.8432617,
872.0083618,123.6412048,872.0427246,74.87436676,872.0794067,61.35925674,872.1157837,328.7402954,872.2637329,130.0044708,872.2283936,81.77812958,872.1928101,59.33803558,872.1569824,339.598053,872.3030396,105.8261032,872.3394165,81.18768311,872.3747559,54.83031464,872.4111938,278.7478333,
873.0083618,123.4165497,873.0432129,74.54863739,873.0791016,62.23108292,873.1162109,328.0407104,873.2660522,129.1626892,873.2305298,81.93286133,873.1939697,59.74281693,873.1572266,339.0931091,873.3060913,105.668808,873.3426514,79.72547913,873.3783569,55.70994568,873.4139404,273.783844,
874.0083618,123.784668,874.0441284,75.08270264,874.0803833,62.35971069,874.1167603,325.2610779,874.2628784,129.7738647,874.2278442,83.53491974,874.1923828,59.69996262,874.15625,336.5057373,874.3048096,103.9788818,874.3405762,80.1461792,874.3760376,54.5087204,874.4125366,277.1970825,
875.0083618,124.634964,875.0452881,74.05093384,875.0802002,62.52524948,875.1161499,322.999054,875.2653809,131.3091583,875.229126,82.5164032,875.1929932,59.7419548,875.1575317,340.8989258,875.3043823,105.3732452,875.3400879,80.38716888,875.3759766,55.2233963,875.4124146,276.1064758,
876.0083618,123.1343994,876.0443726,74.90846252,876.0803833,62.4752388,876.1159668,326.721283,876.2644043,130.1787415,876.2268677,82.80487061,876.1915894,60.13140488,876.156311,337.5840149,876.3057251,105.9546509,876.3404541,79.59896851,876.3763428,55.63585281,876.4119873,275.6587219,
877.0083618,123.6943512,877.0438232,74.43330383,877.0790405,61.23257828,877.114502,329.1119385,877.2635498,130.4558868,877.2263794,82.54489136,877.1912231,60.27819061,877.1552124,333.8016357,877.3049316,106.0854263,877.3409424,80.35279846,877.3760376,55.86138153,877.4110718,276.4324646,
878.0083618,122.5109558,878.0437622,73.95848846,878.0791016,61.78727722,878.1141357,326.6949768,878.2611084,130.683548,878.227356,82.62976837,878.1908569,60.10148239,878.1551514,339.2147522,878.3010254,106.260437,878.3372192,80.34690094,878.3731689,54.76900482,878.4078979,275.2887878,
879.0083618,123.5154266,879.0442505,74.31030273,879.0797119,61.97980118,879.1164551,324.9491882,879.2663574,129.0217896,879.2304077,81.47371674,879.194458,59.73736191,879.157959,336.9846497,879.3067627,105.7182312,879.3432007,79.87457275,879.3794556,55.07339859,879.4157715,274.7897034,
880.0083618,124.3366852,880.0435791,75.32618713,880.0800781,62.13104248,880.1162109,327.1106873,880.2647705,129.4978027,880.2295532,82.17072296,880.1925049,59.70685959,880.1572266,336.8902588,880.3045044,105.0026627,880.3405151,79.51914215,880.3763428,54.90584183,880.4121094,277.4750977,
881.0083618,123.6444931,881.0437622,75.79296112,881.0805054,61.11577606,881.1170044,325.4362488,881.2665405,129.3021698,881.2302246,82.19618988,881.1942139,59.16615295,881.1572876,336.3051758,881.3060913,104.8092499,881.3424683,80.46057892,881.3777466,55.60631943,881.413147,276.3414917,
882.0083618,123.5474777,882.0442505,74.86327362,882.079895,61.88687897,882.1158447,323.3952026,882.2654419,129.3237,882.2294312,82.49720764,882.1932373,59.34788895,882.1567993,338.4916077,882.3051147,103.230896,882.3411865,79.86040497,882.3763428,54.45253372,882.4120483,275.9118347,
883.0083618,123.7346115,883.0429688,74.74368286,883.0785522,62.1282692,883.1148682,328.1089478,883.2644043,129.107666,883.2293701,81.89226532,883.1929321,59.22041702,883.1568604,336.2706299,883.305542,105.0144501,883.3406372,79.84272766,883.3771362,55.16844177,883.4127808,275.4636536,
884.0083618,122.4893875,884.0432129,74.63009644,884.0787964,62.2121315,884.1148071,326.4085693,884.2619629,128.4004669,884.2254639,82.12500763,884.1903076,60.1693573,884.1539307,338.2385254,884.300415,105.394928,884.336731,80.20175171,884.3728638,54.2876358,884.4085693,276.6531067,
885.0083618,122.9158936,885.0453491,73.99049377,885.0807495,61.87507248,885.116394,325.8384705,885.2658691,128.9612274,885.2295532,83.27087402,885.1934814,60.12176132,885.1571045,339.0189514,885.3067627,104.1414871,885.3427734,79.31060028,885.3783569,54.72450256,885.4137573,275.8180847,
886.0083618,123.0387421,886.0449219,74.15578461,886.0812378,61.96298218,886.1165771,326.1323853,886.2630615,130.3919067,886.2264404,81.45496368,886.19104,60.42199326,886.1550903,339.5714111,886.3024902,104.8018341,886.3387451,79.77758026,886.3742065,54.51921844,886.4099121,277.9714355,
887.0083618,124.8541412,887.0441895,73.73387909,887.0802612,62.54925537,887.1167603,327.4003296,887.2646484,129.2858276,887.2293091,82.32435608,887.1929321,59.402668,887.1572266,337.9949036,887.3060303,103.824852,887.3419189,80.26290894,887.3780518,54.41814041,887.4146118,275.6385803,
888.0083618,122.6250229,888.0443726,74.85746765,888.0795288,60.88232422,888.1149292,327.5190125,888.2625732,127.6976929,888.2266846,82.33171082,888.1905518,59.91387558,888.1542969,338.1648254,888.3023682,105.0445633,888.338562,78.64215851,888.3737793,54.42592239,888.4099121,274.6248779,
889.0083618,122.46595,889.0443726,75.05249023,889.0802002,62.19409561,889.1159058,324.4922485,889.2644043,128.1472168,889.2285767,82.51248932,889.1933594,59.57740402,889.1575317,336.6405945,889.3063965,104.9850922,889.342041,79.89432526,889.3777466,55.06452179,889.4133301,276.2536316,
890.0083618,123.3434448,890.043335,74.59719849,890.0796509,61.62877274,890.1155396,323.8050232,890.2618408,129.9260864,890.2260132,82.58311462,890.1900635,59.97786331,890.1557007,338.2589722,890.3013916,103.9458923,890.3374634,78.90618896,890.3739014,55.29177856,890.4100952,275.1166687,
891.0083618,123.8429718,891.0439453,74.21561432,891.0793457,61.09751892,891.1155396,328.0626221,891.263855,128.5289612,891.2280884,82.76257324,891.1925049,59.12481308,891.1566772,338.5906372,891.305542,106.0792465,891.342041,78.87527466,891.3773193,55.69270706,891.4137573,274.2976074,
892.0083618,121.8312378,892.043335,73.87129974,892.0800171,62.35056686,892.1159058,328.3419495,892.263916,129.2622833,892.2285156,82.28651428,892.1923828,60.61808014,892.1566162,338.0846863,892.3052979,104.2792206,892.3412476,80.2370224,892.376709,55.14304352,892.4123535,276.8543701,
893.0083618,124.1123505,893.0423584,73.70996094,893.0784912,62.23384476,893.1143799,327.2738647,893.2620239,128.7073212,893.2252197,82.5291748,893.1896362,60.09082031,893.1542358,335.0711365,893.3034058,103.5643997,893.3390503,80.24245453,893.3740845,55.69353485,893.4094238,273.7127075,
894.0083618,122.6185074,894.0437012,74.40073395,894.0797119,63.27562714,894.1156616,329.0132446,894.2630615,130.4314423,894.2264404,82.74165344,894.1912231,59.81000519,894.1560669,337.6207886,894.3035889,105.0965042,894.3395386,79.77523804,894.3756104,54.73603821,894.4108887,274.2945862,
895.0083618,123.6770935,895.0443726,73.93096924,895.0797729,62.26467133,895.1159058,325.9544373,895.263855,129.8818512,895.2288818,82.83261108,895.1935425,59.53955841,895.1573486,337.1253662,895.3051147,104.3044662,895.3404541,78.68865204,895.3766479,54.62894058,895.4126587,274.4361572,
896.0083618,122.5788422,896.0436401,73.79628754,896.0799561,61.6049118,896.1151123,327.7080688,896.2627563,128.1132355,896.2262573,82.0380249,896.1907349,59.33256912,896.1549072,336.4278564,896.3040161,104.5556946,896.3394165,80.61240387,896.3751831,54.64342499,896.4111938,275.9705505,
897.0083618,122.5361633,897.0443726,74.10431671,897.0802002,61.09543991,897.1152344,327.2001648,897.2643433,128.6832428,897.2283325,81.96321106,897.1930542,59.50316238,897.1566772,335.8708496,897.305542,105.5110092,897.3410645,79.57325745,897.3766479,54.87191391,897.4118652,276.66745,
898.0083618,122.9169388,898.0448608,73.80678558,898.0803833,62.30244064,898.1157837,326.232666,898.2662354,128.4881439,898.2295532,81.4790802,898.1932983,59.32885742,898.1572266,340.2996216,898.3077393,104.1665726,898.343689,80.16033936,898.3794556,54.93587875,898.4150391,273.3891296,
899.0083618,122.4618149,899.0444946,73.56837463,899.0801392,61.9172554,899.1159058,325.0151978,899.265564,129.5041046,899.2286987,81.97387695,899.1933594,59.78725433,899.1568604,339.399353,899.3040771,103.3432541,899.3406372,79.57833862,899.3760376,55.19578552,899.4122925,278.4057312,
900.0083618,122.7809448,900.0438843,73.67716217,900.0797119,61.62491989,900.1150513,325.9209595,900.2639771,128.0761566,900.2282715,82.82473755,900.1917725,60.02087402,900.1560059,339.3690186,900.3035278,104.1332245,900.3400269,79.09145355,900.3752441,55.45136642,900.4105225,275.3518066,

Sample E1,
Sample E1
Collection Time: 20-Jun-23 5:15:18 PM
Operator Name  :
Kinetics Software Version: 1.2(146)
Parameter List :
Report Time: Tue 20 Jun 05:15:18 PM 2023
Software version: 1.2(146)
Operator:
Instrument Parameters
Instrument                        Cary Eclipse
Instrument Serial Number          MY18160001
Data mode                         Fluorescence
Ex. wavelength (nm)               495.00
Em. wavelength (nm)               515.00
Ex. Slit (nm)                     5
Em. Slit (nm)                     5
Averaging Time (s)                1.0000
Cycle time(min)                   1.0000
Stop time(min)                    900.0000
Emission filter                   Open
Excitation Filter                 Auto
PMT voltage (V)                   750
Wellplate                         ON
Plate format                     96 Wells
Read position                    Well centre
Multi-zero                       OFF
Auto-zero                        OFF
Well                            A1
Comments:
Method Log     :
Method Name    : Default
Date/Time stamp: 20-Jun-23 5:05:32 PM
Method Modifications:
Wellplate Overlay Mode Changed: 20-Jun-23 5:05:34 PM, Old:Individual, New:Choice 1
Wellplate Overlay Mode Changed: 20-Jun-23 5:05:34 PM, Old:Overlay all, New:Choice 2
Wellplate Overlay Mode Changed: 20-Jun-23 5:05:34 PM, Old:Overlay rows, New:Choice 3
Wellplate Overlay Mode Changed: 20-Jun-23 5:05:34 PM, Old:Overlay columns, New:Choice 4
Wellplate Overlay Mode Changed: 20-Jun-23 5:05:34 PM, Old:User defined, New:Overlay columns
Well plate reader Changed: 20-Jun-23 5:07:54 PM, Old:OFF, New:ON
Excitation Wavelength Changed: 20-Jun-23 5:07:54 PM, Old: 400.00, New: 495.00
Emission Wavelength Changed: 20-Jun-23 5:07:54 PM, Old: 600.00, New: 515.00
Stop Time 1 Changed: 20-Jun-23 5:07:54 PM, Old: 1.0000, New:900.0000
Wellplate Samples Changed: 20-Jun-23 5:07:54 PM, Old:, New:E1;E2;E3;E4;F1;F2;F3;F4;G1;G2;G3;G4;
Ave. time (s): Changed: 20-Jun-23 5:08:53 PM, Old:0.10000, New:1.00000
Cycle Time 1 Changed: 20-Jun-23 5:08:53 PM, Old: 0.0000, New: 1.0000
PMT Volts Changed: 20-Jun-23 5:09:49 PM, Old:600, New:800
Emission PMT (V): Changed: 20-Jun-23 5:09:49 PM, Old: 600, New: 800
PMT Volts Changed: 20-Jun-23 5:10:48 PM, Old:800, New:750
Emission PMT (V): Changed: 20-Jun-23 5:10:48 PM, Old: 800, New: 750
End Method Modifications

Sample E2,
Sample E2
Collection Time: 20-Jun-23 5:15:18 PM
Operator Name  :
Kinetics Software Version: 1.2(146)
Parameter List :
Report Time: Tue 20 Jun 05:15:18 PM 2023
Software version: 1.2(146)
Operator:
Instrument Parameters
Instrument                        Cary Eclipse
Instrument Serial Number          MY18160001
Data mode                         Fluorescence
Ex. wavelength (nm)               495.00
Em. wavelength (nm)               515.00
Ex. Slit (nm)                     5
Em. Slit (nm)                     5
Averaging Time (s)                1.0000
Cycle time(min)                   1.0000
Stop time(min)                    900.0000
Emission filter                   Open
Excitation Filter                 Auto
PMT voltage (V)                   750
Wellplate                         ON
Plate format                     96 Wells
Read position                    Well centre
Multi-zero                       OFF
Auto-zero                        OFF
Well                            A1
Comments:
Method Log     :
Method Name    : Default
Date/Time stamp: 20-Jun-23 5:05:32 PM
Method Modifications:
Wellplate Overlay Mode Changed: 20-Jun-23 5:05:34 PM, Old:Individual, New:Choice 1
Wellplate Overlay Mode Changed: 20-Jun-23 5:05:34 PM, Old:Overlay all, New:Choice 2
Wellplate Overlay Mode Changed: 20-Jun-23 5:05:34 PM, Old:Overlay rows, New:Choice 3
Wellplate Overlay Mode Changed: 20-Jun-23 5:05:34 PM, Old:Overlay columns, New:Choice 4
Wellplate Overlay Mode Changed: 20-Jun-23 5:05:34 PM, Old:User defined, New:Overlay columns
Well plate reader Changed: 20-Jun-23 5:07:54 PM, Old:OFF, New:ON
Excitation Wavelength Changed: 20-Jun-23 5:07:54 PM, Old: 400.00, New: 495.00
Emission Wavelength Changed: 20-Jun-23 5:07:54 PM, Old: 600.00, New: 515.00
Stop Time 1 Changed: 20-Jun-23 5:07:54 PM, Old: 1.0000, New:900.0000
Wellplate Samples Changed: 20-Jun-23 5:07:54 PM, Old:, New:E1;E2;E3;E4;F1;F2;F3;F4;G1;G2;G3;G4;
Ave. time (s): Changed: 20-Jun-23 5:08:53 PM, Old:0.10000, New:1.00000
Cycle Time 1 Changed: 20-Jun-23 5:08:53 PM, Old: 0.0000, New: 1.0000
PMT Volts Changed: 20-Jun-23 5:09:49 PM, Old:600, New:800
Emission PMT (V): Changed: 20-Jun-23 5:09:49 PM, Old: 600, New: 800
PMT Volts Changed: 20-Jun-23 5:10:48 PM, Old:800, New:750
Emission PMT (V): Changed: 20-Jun-23 5:10:48 PM, Old: 800, New: 750
End Method Modifications

Sample E3,
Sample E3
Collection Time: 20-Jun-23 5:15:18 PM
Operator Name  :
Kinetics Software Version: 1.2(146)
Parameter List :
Report Time: Tue 20 Jun 05:15:18 PM 2023
Software version: 1.2(146)
Operator:
Instrument Parameters
Instrument                        Cary Eclipse
Instrument Serial Number          MY18160001
Data mode                         Fluorescence
Ex. wavelength (nm)               495.00
Em. wavelength (nm)               515.00
Ex. Slit (nm)                     5
Em. Slit (nm)                     5
Averaging Time (s)                1.0000
Cycle time(min)                   1.0000
Stop time(min)                    900.0000
Emission filter                   Open
Excitation Filter                 Auto
PMT voltage (V)                   750
Wellplate                         ON
Plate format                     96 Wells
Read position                    Well centre
Multi-zero                       OFF
Auto-zero                        OFF
Well                            A1
Comments:
Method Log     :
Method Name    : Default
Date/Time stamp: 20-Jun-23 5:05:32 PM
Method Modifications:
Wellplate Overlay Mode Changed: 20-Jun-23 5:05:34 PM, Old:Individual, New:Choice 1
Wellplate Overlay Mode Changed: 20-Jun-23 5:05:34 PM, Old:Overlay all, New:Choice 2
Wellplate Overlay Mode Changed: 20-Jun-23 5:05:34 PM, Old:Overlay rows, New:Choice 3
Wellplate Overlay Mode Changed: 20-Jun-23 5:05:34 PM, Old:Overlay columns, New:Choice 4
Wellplate Overlay Mode Changed: 20-Jun-23 5:05:34 PM, Old:User defined, New:Overlay columns
Well plate reader Changed: 20-Jun-23 5:07:54 PM, Old:OFF, New:ON
Excitation Wavelength Changed: 20-Jun-23 5:07:54 PM, Old: 400.00, New: 495.00
Emission Wavelength Changed: 20-Jun-23 5:07:54 PM, Old: 600.00, New: 515.00
Stop Time 1 Changed: 20-Jun-23 5:07:54 PM, Old: 1.0000, New:900.0000
Wellplate Samples Changed: 20-Jun-23 5:07:54 PM, Old:, New:E1;E2;E3;E4;F1;F2;F3;F4;G1;G2;G3;G4;
Ave. time (s): Changed: 20-Jun-23 5:08:53 PM, Old:0.10000, New:1.00000
Cycle Time 1 Changed: 20-Jun-23 5:08:53 PM, Old: 0.0000, New: 1.0000
PMT Volts Changed: 20-Jun-23 5:09:49 PM, Old:600, New:800
Emission PMT (V): Changed: 20-Jun-23 5:09:49 PM, Old: 600, New: 800
PMT Volts Changed: 20-Jun-23 5:10:48 PM, Old:800, New:750
Emission PMT (V): Changed: 20-Jun-23 5:10:48 PM, Old: 800, New: 750
End Method Modifications

Sample E4,
Sample E4
Collection Time: 20-Jun-23 5:15:18 PM
Operator Name  :
Kinetics Software Version: 1.2(146)
Parameter List :
Report Time: Tue 20 Jun 05:15:18 PM 2023
Software version: 1.2(146)
Operator:
Instrument Parameters
Instrument                        Cary Eclipse
Instrument Serial Number          MY18160001
Data mode                         Fluorescence
Ex. wavelength (nm)               495.00
Em. wavelength (nm)               515.00
Ex. Slit (nm)                     5
Em. Slit (nm)                     5
Averaging Time (s)                1.0000
Cycle time(min)                   1.0000
Stop time(min)                    900.0000
Emission filter                   Open
Excitation Filter                 Auto
PMT voltage (V)                   750
Wellplate                         ON
Plate format                     96 Wells
Read position                    Well centre
Multi-zero                       OFF
Auto-zero                        OFF
Well                            A1
Comments:
Method Log     :
Method Name    : Default
Date/Time stamp: 20-Jun-23 5:05:32 PM
Method Modifications:
Wellplate Overlay Mode Changed: 20-Jun-23 5:05:34 PM, Old:Individual, New:Choice 1
Wellplate Overlay Mode Changed: 20-Jun-23 5:05:34 PM, Old:Overlay all, New:Choice 2
Wellplate Overlay Mode Changed: 20-Jun-23 5:05:34 PM, Old:Overlay rows, New:Choice 3
Wellplate Overlay Mode Changed: 20-Jun-23 5:05:34 PM, Old:Overlay columns, New:Choice 4
Wellplate Overlay Mode Changed: 20-Jun-23 5:05:34 PM, Old:User defined, New:Overlay columns
Well plate reader Changed: 20-Jun-23 5:07:54 PM, Old:OFF, New:ON
Excitation Wavelength Changed: 20-Jun-23 5:07:54 PM, Old: 400.00, New: 495.00
Emission Wavelength Changed: 20-Jun-23 5:07:54 PM, Old: 600.00, New: 515.00
Stop Time 1 Changed: 20-Jun-23 5:07:54 PM, Old: 1.0000, New:900.0000
Wellplate Samples Changed: 20-Jun-23 5:07:54 PM, Old:, New:E1;E2;E3;E4;F1;F2;F3;F4;G1;G2;G3;G4;
Ave. time (s): Changed: 20-Jun-23 5:08:53 PM, Old:0.10000, New:1.00000
Cycle Time 1 Changed: 20-Jun-23 5:08:53 PM, Old: 0.0000, New: 1.0000
PMT Volts Changed: 20-Jun-23 5:09:49 PM, Old:600, New:800
Emission PMT (V): Changed: 20-Jun-23 5:09:49 PM, Old: 600, New: 800
PMT Volts Changed: 20-Jun-23 5:10:48 PM, Old:800, New:750
Emission PMT (V): Changed: 20-Jun-23 5:10:48 PM, Old: 800, New: 750
End Method Modifications

Sample F1,
Sample F1
Collection Time: 20-Jun-23 5:15:18 PM
Operator Name  :
Kinetics Software Version: 1.2(146)
Parameter List :
Report Time: Tue 20 Jun 05:15:18 PM 2023
Software version: 1.2(146)
Operator:
Instrument Parameters
Instrument                        Cary Eclipse
Instrument Serial Number          MY18160001
Data mode                         Fluorescence
Ex. wavelength (nm)               495.00
Em. wavelength (nm)               515.00
Ex. Slit (nm)                     5
Em. Slit (nm)                     5
Averaging Time (s)                1.0000
Cycle time(min)                   1.0000
Stop time(min)                    900.0000
Emission filter                   Open
Excitation Filter                 Auto
PMT voltage (V)                   750
Wellplate                         ON
Plate format                     96 Wells
Read position                    Well centre
Multi-zero                       OFF
Auto-zero                        OFF
Well                            A1
Comments:
Method Log     :
Method Name    : Default
Date/Time stamp: 20-Jun-23 5:05:32 PM
Method Modifications:
Wellplate Overlay Mode Changed: 20-Jun-23 5:05:34 PM, Old:Individual, New:Choice 1
Wellplate Overlay Mode Changed: 20-Jun-23 5:05:34 PM, Old:Overlay all, New:Choice 2
Wellplate Overlay Mode Changed: 20-Jun-23 5:05:34 PM, Old:Overlay rows, New:Choice 3
Wellplate Overlay Mode Changed: 20-Jun-23 5:05:34 PM, Old:Overlay columns, New:Choice 4
Wellplate Overlay Mode Changed: 20-Jun-23 5:05:34 PM, Old:User defined, New:Overlay columns
Well plate reader Changed: 20-Jun-23 5:07:54 PM, Old:OFF, New:ON
Excitation Wavelength Changed: 20-Jun-23 5:07:54 PM, Old: 400.00, New: 495.00
Emission Wavelength Changed: 20-Jun-23 5:07:54 PM, Old: 600.00, New: 515.00
Stop Time 1 Changed: 20-Jun-23 5:07:54 PM, Old: 1.0000, New:900.0000
Wellplate Samples Changed: 20-Jun-23 5:07:54 PM, Old:, New:E1;E2;E3;E4;F1;F2;F3;F4;G1;G2;G3;G4;
Ave. time (s): Changed: 20-Jun-23 5:08:53 PM, Old:0.10000, New:1.00000
Cycle Time 1 Changed: 20-Jun-23 5:08:53 PM, Old: 0.0000, New: 1.0000
PMT Volts Changed: 20-Jun-23 5:09:49 PM, Old:600, New:800
Emission PMT (V): Changed: 20-Jun-23 5:09:49 PM, Old: 600, New: 800
PMT Volts Changed: 20-Jun-23 5:10:48 PM, Old:800, New:750
Emission PMT (V): Changed: 20-Jun-23 5:10:48 PM, Old: 800, New: 750
End Method Modifications

Sample F2,
Sample F2
Collection Time: 20-Jun-23 5:15:18 PM
Operator Name  :
Kinetics Software Version: 1.2(146)
Parameter List :
Report Time: Tue 20 Jun 05:15:18 PM 2023
Software version: 1.2(146)
Operator:
Instrument Parameters
Instrument                        Cary Eclipse
Instrument Serial Number          MY18160001
Data mode                         Fluorescence
Ex. wavelength (nm)               495.00
Em. wavelength (nm)               515.00
Ex. Slit (nm)                     5
Em. Slit (nm)                     5
Averaging Time (s)                1.0000
Cycle time(min)                   1.0000
Stop time(min)                    900.0000
Emission filter                   Open
Excitation Filter                 Auto
PMT voltage (V)                   750
Wellplate                         ON
Plate format                     96 Wells
Read position                    Well centre
Multi-zero                       OFF
Auto-zero                        OFF
Well                            A1
Comments:
Method Log     :
Method Name    : Default
Date/Time stamp: 20-Jun-23 5:05:32 PM
Method Modifications:
Wellplate Overlay Mode Changed: 20-Jun-23 5:05:34 PM, Old:Individual, New:Choice 1
Wellplate Overlay Mode Changed: 20-Jun-23 5:05:34 PM, Old:Overlay all, New:Choice 2
Wellplate Overlay Mode Changed: 20-Jun-23 5:05:34 PM, Old:Overlay rows, New:Choice 3
Wellplate Overlay Mode Changed: 20-Jun-23 5:05:34 PM, Old:Overlay columns, New:Choice 4
Wellplate Overlay Mode Changed: 20-Jun-23 5:05:34 PM, Old:User defined, New:Overlay columns
Well plate reader Changed: 20-Jun-23 5:07:54 PM, Old:OFF, New:ON
Excitation Wavelength Changed: 20-Jun-23 5:07:54 PM, Old: 400.00, New: 495.00
Emission Wavelength Changed: 20-Jun-23 5:07:54 PM, Old: 600.00, New: 515.00
Stop Time 1 Changed: 20-Jun-23 5:07:54 PM, Old: 1.0000, New:900.0000
Wellplate Samples Changed: 20-Jun-23 5:07:54 PM, Old:, New:E1;E2;E3;E4;F1;F2;F3;F4;G1;G2;G3;G4;
Ave. time (s): Changed: 20-Jun-23 5:08:53 PM, Old:0.10000, New:1.00000
Cycle Time 1 Changed: 20-Jun-23 5:08:53 PM, Old: 0.0000, New: 1.0000
PMT Volts Changed: 20-Jun-23 5:09:49 PM, Old:600, New:800
Emission PMT (V): Changed: 20-Jun-23 5:09:49 PM, Old: 600, New: 800
PMT Volts Changed: 20-Jun-23 5:10:48 PM, Old:800, New:750
Emission PMT (V): Changed: 20-Jun-23 5:10:48 PM, Old: 800, New: 750
End Method Modifications

Sample F3,
Sample F3
Collection Time: 20-Jun-23 5:15:18 PM
Operator Name  :
Kinetics Software Version: 1.2(146)
Parameter List :
Report Time: Tue 20 Jun 05:15:18 PM 2023
Software version: 1.2(146)
Operator:
Instrument Parameters
Instrument                        Cary Eclipse
Instrument Serial Number          MY18160001
Data mode                         Fluorescence
Ex. wavelength (nm)               495.00
Em. wavelength (nm)               515.00
Ex. Slit (nm)                     5
Em. Slit (nm)                     5
Averaging Time (s)                1.0000
Cycle time(min)                   1.0000
Stop time(min)                    900.0000
Emission filter                   Open
Excitation Filter                 Auto
PMT voltage (V)                   750
Wellplate                         ON
Plate format                     96 Wells
Read position                    Well centre
Multi-zero                       OFF
Auto-zero                        OFF
Well                            A1
Comments:
Method Log     :
Method Name    : Default
Date/Time stamp: 20-Jun-23 5:05:32 PM
Method Modifications:
Wellplate Overlay Mode Changed: 20-Jun-23 5:05:34 PM, Old:Individual, New:Choice 1
Wellplate Overlay Mode Changed: 20-Jun-23 5:05:34 PM, Old:Overlay all, New:Choice 2
Wellplate Overlay Mode Changed: 20-Jun-23 5:05:34 PM, Old:Overlay rows, New:Choice 3
Wellplate Overlay Mode Changed: 20-Jun-23 5:05:34 PM, Old:Overlay columns, New:Choice 4
Wellplate Overlay Mode Changed: 20-Jun-23 5:05:34 PM, Old:User defined, New:Overlay columns
Well plate reader Changed: 20-Jun-23 5:07:54 PM, Old:OFF, New:ON
Excitation Wavelength Changed: 20-Jun-23 5:07:54 PM, Old: 400.00, New: 495.00
Emission Wavelength Changed: 20-Jun-23 5:07:54 PM, Old: 600.00, New: 515.00
Stop Time 1 Changed: 20-Jun-23 5:07:54 PM, Old: 1.0000, New:900.0000
Wellplate Samples Changed: 20-Jun-23 5:07:54 PM, Old:, New:E1;E2;E3;E4;F1;F2;F3;F4;G1;G2;G3;G4;
Ave. time (s): Changed: 20-Jun-23 5:08:53 PM, Old:0.10000, New:1.00000
Cycle Time 1 Changed: 20-Jun-23 5:08:53 PM, Old: 0.0000, New: 1.0000
PMT Volts Changed: 20-Jun-23 5:09:49 PM, Old:600, New:800
Emission PMT (V): Changed: 20-Jun-23 5:09:49 PM, Old: 600, New: 800
PMT Volts Changed: 20-Jun-23 5:10:48 PM, Old:800, New:750
Emission PMT (V): Changed: 20-Jun-23 5:10:48 PM, Old: 800, New: 750
End Method Modifications

Sample F4,
Sample F4
Collection Time: 20-Jun-23 5:15:18 PM
Operator Name  :
Kinetics Software Version: 1.2(146)
Parameter List :
Report Time: Tue 20 Jun 05:15:18 PM 2023
Software version: 1.2(146)
Operator:
Instrument Parameters
Instrument                        Cary Eclipse
Instrument Serial Number          MY18160001
Data mode                         Fluorescence
Ex. wavelength (nm)               495.00
Em. wavelength (nm)               515.00
Ex. Slit (nm)                     5
Em. Slit (nm)                     5
Averaging Time (s)                1.0000
Cycle time(min)                   1.0000
Stop time(min)                    900.0000
Emission filter                   Open
Excitation Filter                 Auto
PMT voltage (V)                   750
Wellplate                         ON
Plate format                     96 Wells
Read position                    Well centre
Multi-zero                       OFF
Auto-zero                        OFF
Well                            A1
Comments:
Method Log     :
Method Name    : Default
Date/Time stamp: 20-Jun-23 5:05:32 PM
Method Modifications:
Wellplate Overlay Mode Changed: 20-Jun-23 5:05:34 PM, Old:Individual, New:Choice 1
Wellplate Overlay Mode Changed: 20-Jun-23 5:05:34 PM, Old:Overlay all, New:Choice 2
Wellplate Overlay Mode Changed: 20-Jun-23 5:05:34 PM, Old:Overlay rows, New:Choice 3
Wellplate Overlay Mode Changed: 20-Jun-23 5:05:34 PM, Old:Overlay columns, New:Choice 4
Wellplate Overlay Mode Changed: 20-Jun-23 5:05:34 PM, Old:User defined, New:Overlay columns
Well plate reader Changed: 20-Jun-23 5:07:54 PM, Old:OFF, New:ON
Excitation Wavelength Changed: 20-Jun-23 5:07:54 PM, Old: 400.00, New: 495.00
Emission Wavelength Changed: 20-Jun-23 5:07:54 PM, Old: 600.00, New: 515.00
Stop Time 1 Changed: 20-Jun-23 5:07:54 PM, Old: 1.0000, New:900.0000
Wellplate Samples Changed: 20-Jun-23 5:07:54 PM, Old:, New:E1;E2;E3;E4;F1;F2;F3;F4;G1;G2;G3;G4;
Ave. time (s): Changed: 20-Jun-23 5:08:53 PM, Old:0.10000, New:1.00000
Cycle Time 1 Changed: 20-Jun-23 5:08:53 PM, Old: 0.0000, New: 1.0000
PMT Volts Changed: 20-Jun-23 5:09:49 PM, Old:600, New:800
Emission PMT (V): Changed: 20-Jun-23 5:09:49 PM, Old: 600, New: 800
PMT Volts Changed: 20-Jun-23 5:10:48 PM, Old:800, New:750
Emission PMT (V): Changed: 20-Jun-23 5:10:48 PM, Old: 800, New: 750
End Method Modifications

Sample G1,
Sample G1
Collection Time: 20-Jun-23 5:15:18 PM
Operator Name  :
Kinetics Software Version: 1.2(146)
Parameter List :
Report Time: Tue 20 Jun 05:15:18 PM 2023
Software version: 1.2(146)
Operator:
Instrument Parameters
Instrument                        Cary Eclipse
Instrument Serial Number          MY18160001
Data mode                         Fluorescence
Ex. wavelength (nm)               495.00
Em. wavelength (nm)               515.00
Ex. Slit (nm)                     5
Em. Slit (nm)                     5
Averaging Time (s)                1.0000
Cycle time(min)                   1.0000
Stop time(min)                    900.0000
Emission filter                   Open
Excitation Filter                 Auto
PMT voltage (V)                   750
Wellplate                         ON
Plate format                     96 Wells
Read position                    Well centre
Multi-zero                       OFF
Auto-zero                        OFF
Well                            A1
Comments:
Method Log     :
Method Name    : Default
Date/Time stamp: 20-Jun-23 5:05:32 PM
Method Modifications:
Wellplate Overlay Mode Changed: 20-Jun-23 5:05:34 PM, Old:Individual, New:Choice 1
Wellplate Overlay Mode Changed: 20-Jun-23 5:05:34 PM, Old:Overlay all, New:Choice 2
Wellplate Overlay Mode Changed: 20-Jun-23 5:05:34 PM, Old:Overlay rows, New:Choice 3
Wellplate Overlay Mode Changed: 20-Jun-23 5:05:34 PM, Old:Overlay columns, New:Choice 4
Wellplate Overlay Mode Changed: 20-Jun-23 5:05:34 PM, Old:User defined, New:Overlay columns
Well plate reader Changed: 20-Jun-23 5:07:54 PM, Old:OFF, New:ON
Excitation Wavelength Changed: 20-Jun-23 5:07:54 PM, Old: 400.00, New: 495.00
Emission Wavelength Changed: 20-Jun-23 5:07:54 PM, Old: 600.00, New: 515.00
Stop Time 1 Changed: 20-Jun-23 5:07:54 PM, Old: 1.0000, New:900.0000
Wellplate Samples Changed: 20-Jun-23 5:07:54 PM, Old:, New:E1;E2;E3;E4;F1;F2;F3;F4;G1;G2;G3;G4;
Ave. time (s): Changed: 20-Jun-23 5:08:53 PM, Old:0.10000, New:1.00000
Cycle Time 1 Changed: 20-Jun-23 5:08:53 PM, Old: 0.0000, New: 1.0000
PMT Volts Changed: 20-Jun-23 5:09:49 PM, Old:600, New:800
Emission PMT (V): Changed: 20-Jun-23 5:09:49 PM, Old: 600, New: 800
PMT Volts Changed: 20-Jun-23 5:10:48 PM, Old:800, New:750
Emission PMT (V): Changed: 20-Jun-23 5:10:48 PM, Old: 800, New: 750
End Method Modifications

Sample G2,
Sample G2
Collection Time: 20-Jun-23 5:15:18 PM
Operator Name  :
Kinetics Software Version: 1.2(146)
Parameter List :
Report Time: Tue 20 Jun 05:15:18 PM 2023
Software version: 1.2(146)
Operator:
Instrument Parameters
Instrument                        Cary Eclipse
Instrument Serial Number          MY18160001
Data mode                         Fluorescence
Ex. wavelength (nm)               495.00
Em. wavelength (nm)               515.00
Ex. Slit (nm)                     5
Em. Slit (nm)                     5
Averaging Time (s)                1.0000
Cycle time(min)                   1.0000
Stop time(min)                    900.0000
Emission filter                   Open
Excitation Filter                 Auto
PMT voltage (V)                   750
Wellplate                         ON
Plate format                     96 Wells
Read position                    Well centre
Multi-zero                       OFF
Auto-zero                        OFF
Well                            A1
Comments:
Method Log     :
Method Name    : Default
Date/Time stamp: 20-Jun-23 5:05:32 PM
Method Modifications:
Wellplate Overlay Mode Changed: 20-Jun-23 5:05:34 PM, Old:Individual, New:Choice 1
Wellplate Overlay Mode Changed: 20-Jun-23 5:05:34 PM, Old:Overlay all, New:Choice 2
Wellplate Overlay Mode Changed: 20-Jun-23 5:05:34 PM, Old:Overlay rows, New:Choice 3
Wellplate Overlay Mode Changed: 20-Jun-23 5:05:34 PM, Old:Overlay columns, New:Choice 4
Wellplate Overlay Mode Changed: 20-Jun-23 5:05:34 PM, Old:User defined, New:Overlay columns
Well plate reader Changed: 20-Jun-23 5:07:54 PM, Old:OFF, New:ON
Excitation Wavelength Changed: 20-Jun-23 5:07:54 PM, Old: 400.00, New: 495.00
Emission Wavelength Changed: 20-Jun-23 5:07:54 PM, Old: 600.00, New: 515.00
Stop Time 1 Changed: 20-Jun-23 5:07:54 PM, Old: 1.0000, New:900.0000
Wellplate Samples Changed: 20-Jun-23 5:07:54 PM, Old:, New:E1;E2;E3;E4;F1;F2;F3;F4;G1;G2;G3;G4;
Ave. time (s): Changed: 20-Jun-23 5:08:53 PM, Old:0.10000, New:1.00000
Cycle Time 1 Changed: 20-Jun-23 5:08:53 PM, Old: 0.0000, New: 1.0000
PMT Volts Changed: 20-Jun-23 5:09:49 PM, Old:600, New:800
Emission PMT (V): Changed: 20-Jun-23 5:09:49 PM, Old: 600, New: 800
PMT Volts Changed: 20-Jun-23 5:10:48 PM, Old:800, New:750
Emission PMT (V): Changed: 20-Jun-23 5:10:48 PM, Old: 800, New: 750
End Method Modifications

Sample G3,
Sample G3
Collection Time: 20-Jun-23 5:15:18 PM
Operator Name  :
Kinetics Software Version: 1.2(146)
Parameter List :
Report Time: Tue 20 Jun 05:15:18 PM 2023
Software version: 1.2(146)
Operator:
Instrument Parameters
Instrument                        Cary Eclipse
Instrument Serial Number          MY18160001
Data mode                         Fluorescence
Ex. wavelength (nm)               495.00
Em. wavelength (nm)               515.00
Ex. Slit (nm)                     5
Em. Slit (nm)                     5
Averaging Time (s)                1.0000
Cycle time(min)                   1.0000
Stop time(min)                    900.0000
Emission filter                   Open
Excitation Filter                 Auto
PMT voltage (V)                   750
Wellplate                         ON
Plate format                     96 Wells
Read position                    Well centre
Multi-zero                       OFF
Auto-zero                        OFF
Well                            A1
Comments:
Method Log     :
Method Name    : Default
Date/Time stamp: 20-Jun-23 5:05:32 PM
Method Modifications:
Wellplate Overlay Mode Changed: 20-Jun-23 5:05:34 PM, Old:Individual, New:Choice 1
Wellplate Overlay Mode Changed: 20-Jun-23 5:05:34 PM, Old:Overlay all, New:Choice 2
Wellplate Overlay Mode Changed: 20-Jun-23 5:05:34 PM, Old:Overlay rows, New:Choice 3
Wellplate Overlay Mode Changed: 20-Jun-23 5:05:34 PM, Old:Overlay columns, New:Choice 4
Wellplate Overlay Mode Changed: 20-Jun-23 5:05:34 PM, Old:User defined, New:Overlay columns
Well plate reader Changed: 20-Jun-23 5:07:54 PM, Old:OFF, New:ON
Excitation Wavelength Changed: 20-Jun-23 5:07:54 PM, Old: 400.00, New: 495.00
Emission Wavelength Changed: 20-Jun-23 5:07:54 PM, Old: 600.00, New: 515.00
Stop Time 1 Changed: 20-Jun-23 5:07:54 PM, Old: 1.0000, New:900.0000
Wellplate Samples Changed: 20-Jun-23 5:07:54 PM, Old:, New:E1;E2;E3;E4;F1;F2;F3;F4;G1;G2;G3;G4;
Ave. time (s): Changed: 20-Jun-23 5:08:53 PM, Old:0.10000, New:1.00000
Cycle Time 1 Changed: 20-Jun-23 5:08:53 PM, Old: 0.0000, New: 1.0000
PMT Volts Changed: 20-Jun-23 5:09:49 PM, Old:600, New:800
Emission PMT (V): Changed: 20-Jun-23 5:09:49 PM, Old: 600, New: 800
PMT Volts Changed: 20-Jun-23 5:10:48 PM, Old:800, New:750
Emission PMT (V): Changed: 20-Jun-23 5:10:48 PM, Old: 800, New: 750
End Method Modifications

Sample G4,
Sample G4
Collection Time: 20-Jun-23 5:15:18 PM
Operator Name  :
Kinetics Software Version: 1.2(146)
Parameter List :
Report Time: Tue 20 Jun 05:15:18 PM 2023
Software version: 1.2(146)
Operator:
Instrument Parameters
Instrument                        Cary Eclipse
Instrument Serial Number          MY18160001
Data mode                         Fluorescence
Ex. wavelength (nm)               495.00
Em. wavelength (nm)               515.00
Ex. Slit (nm)                     5
Em. Slit (nm)                     5
Averaging Time (s)                1.0000
Cycle time(min)                   1.0000
Stop time(min)                    900.0000
Emission filter                   Open
Excitation Filter                 Auto
PMT voltage (V)                   750
Wellplate                         ON
Plate format                     96 Wells
Read position                    Well centre
Multi-zero                       OFF
Auto-zero                        OFF
Well                            A1
Comments:
Method Log     :
Method Name    : Default
Date/Time stamp: 20-Jun-23 5:05:32 PM
Method Modifications:
Wellplate Overlay Mode Changed: 20-Jun-23 5:05:34 PM, Old:Individual, New:Choice 1
Wellplate Overlay Mode Changed: 20-Jun-23 5:05:34 PM, Old:Overlay all, New:Choice 2
Wellplate Overlay Mode Changed: 20-Jun-23 5:05:34 PM, Old:Overlay rows, New:Choice 3
Wellplate Overlay Mode Changed: 20-Jun-23 5:05:34 PM, Old:Overlay columns, New:Choice 4
Wellplate Overlay Mode Changed: 20-Jun-23 5:05:34 PM, Old:User defined, New:Overlay columns
Well plate reader Changed: 20-Jun-23 5:07:54 PM, Old:OFF, New:ON
Excitation Wavelength Changed: 20-Jun-23 5:07:54 PM, Old: 400.00, New: 495.00
Emission Wavelength Changed: 20-Jun-23 5:07:54 PM, Old: 600.00, New: 515.00
Stop Time 1 Changed: 20-Jun-23 5:07:54 PM, Old: 1.0000, New:900.0000
Wellplate Samples Changed: 20-Jun-23 5:07:54 PM, Old:, New:E1;E2;E3;E4;F1;F2;F3;F4;G1;G2;G3;G4;
Ave. time (s): Changed: 20-Jun-23 5:08:53 PM, Old:0.10000, New:1.00000
Cycle Time 1 Changed: 20-Jun-23 5:08:53 PM, Old: 0.0000, New: 1.0000
PMT Volts Changed: 20-Jun-23 5:09:49 PM, Old:600, New:800
Emission PMT (V): Changed: 20-Jun-23 5:09:49 PM, Old: 600, New: 800
PMT Volts Changed: 20-Jun-23 5:10:48 PM, Old:800, New:750
Emission PMT (V): Changed: 20-Jun-23 5:10:48 PM, Old: 800, New: 750
End Method Modifications

