Sample A1_Ex465_Em530,,Sample A1_Ex465_Em590,,Sample A2_Ex465_Em530,,Sample A2_Ex465_Em590,,
Time (min),Intensity (a.u.),Time (min),Intensity (a.u.),Time (min),Intensity (a.u.),Time (min),Intensity (a.u.),
0.008333333768,44.06788254,0.02716666646,211.5836945,0.06224999949,44.2220192,0.08112499863,153.1190643,
0.5083333254,44.24414825,0.5272291899,211.5626373,0.5624791384,46.28048325,0.5813958645,155.5059052,
1.008333325,44.01493454,1.02722919,213.8484039,1.063229203,47.08040619,1.08214581,154.4317169,
1.508333325,43.93698883,1.52722919,212.3964081,1.56308341,47.47201538,1.582000017,153.7962494,
2.008333445,43.76783752,2.027229071,212.1781616,2.06308341,48.2063179,2.082000017,154.4500275,
2.508333445,44.04337692,2.527229071,214.3823853,2.563666821,49.39437103,2.582562447,153.1744843,
3.008333445,43.77616119,3.027229071,212.95961,3.064916849,50.16001511,3.083833218,152.8991394,
3.508333445,43.45690536,3.527249813,212.9767303,3.564416647,50.5342598,3.583333254,152.9496002,
4.008333206,44.26378632,4.027228832,215.4660187,4.062291622,51.11187744,4.081208229,153.243103,
4.508333206,44.13367081,4.527229309,214.660675,4.562583447,51.0227623,4.581500053,152.9132843,
5.008333206,44.19227982,5.027229309,213.2767181,5.063583374,51.98643494,5.082499981,153.0663147,
5.508333206,43.97888565,5.527229309,214.4343872,5.56329155,52.66237259,5.582208157,152.724762,
6.008333206,43.96437836,6.027229309,214.0018921,6.062583447,52.66801834,6.081500053,151.4835663,
6.508333206,43.95835495,6.527229309,212.9678192,6.564312935,52.90755081,6.583229065,149.7932892,
7.008333206,44.45829773,7.027229309,213.4990692,7.062416553,53.1451683,7.081333637,150.0559998,
7.508333206,44.10071182,7.527229309,213.2965546,7.562916756,53.30893707,7.581833363,148.3579865,
8.008333206,44.14056778,8.027229309,212.3049622,8.063979149,53.5331459,8.082896233,149.4289551,
8.508333206,44.46234894,8.527229309,213.0794373,8.563416481,53.46409225,8.582333565,149.1616669,
9.008333206,44.27724838,9.027228355,211.9628906,9.062561989,54.34305954,9.081479073,148.3679199,
9.508333206,44.09522247,9.527228355,210.0417633,9.563416481,54.44092941,9.582333565,148.5431061,
10.00833321,44.05018234,10.02722836,211.6855011,10.06225014,55.00510025,10.08116627,149.6409607,
10.50833321,43.92116547,10.52722836,211.155838,10.56391716,54.27122498,10.58283329,147.3490295,
11.00833321,43.8203125,11.02722836,213.230835,11.06241703,54.4696312,11.08133316,147.9454346,
11.50833321,43.82723999,11.52722836,213.6796265,11.56447983,55.10225296,11.583395,148.335968,
12.00833321,43.97505188,12.02722836,213.1939697,12.06264591,55.1723175,12.08156204,147.0444031,
12.50833321,44.2077713,12.52722836,213.7993469,12.56262493,55.26017761,12.58154202,145.8328552,
13.00833321,44.0831871,13.02722836,213.3775635,13.06300068,55.06567383,13.08189583,145.8482666,
13.50833321,44.29921341,13.52722836,212.9973602,13.56341648,55.97344208,13.58233356,147.0070038,
14.00833321,44.12277603,14.02722836,212.9046783,14.06362534,55.71980667,14.08254147,146.0565796,
14.50833321,44.09465408,14.52722836,212.9525146,14.56395912,55.72481537,14.5828743,146.7293243,
15.00833321,43.66548538,15.02722836,213.3097229,15.06358337,56.14894104,15.08258343,145.8447418,
15.50833321,44.56697845,15.52731228,212.1855316,15.56424999,55.5502243,15.58316612,144.892395,
16.00833321,43.98488235,16.02722931,212.5521088,16.06322861,56.22595596,16.08214569,144.0642395,
16.50833321,43.99254227,16.52722931,210.4406891,16.56362534,56.62504196,16.58254242,146.2675476,
17.00833321,43.76953506,17.02722931,211.8676147,17.06274986,56.45435333,17.08166695,145.4705353,
17.50833321,44.16199112,17.52722931,210.9649353,17.56262398,57.11242676,17.58154106,144.1996918,
18.00833321,44.15304565,18.02722931,210.3394623,18.0632515,56.77093124,18.08216667,146.1186981,
18.50833321,44.66335678,18.52722931,210.758194,18.56391525,56.21611786,18.58283234,144.0697632,
19.00833321,43.58322525,19.02722931,209.9601288,19.06441689,56.39009857,19.08333397,143.8451538,
19.50833321,43.6799736,19.52725029,212.0771637,19.56475067,56.26957321,19.58366776,144.6260071,
20.00833321,43.71266556,20.02722931,210.3094177,20.06358147,56.91321564,20.08249855,145.1507721,
20.50833321,44.08804321,20.52722931,210.6480865,20.56262398,56.29464722,20.58154106,144.9501343,
21.00833321,44.5091362,21.02722931,210.2650604,21.0640831,56.57477951,21.08300018,143.1583862,
21.50833321,43.69300461,21.52722931,210.6439819,21.5639782,57.34503555,21.58289528,144.3755035,
22.00833321,43.99814987,22.02722931,209.3207092,22.06308365,56.65147781,22.08200073,144.0387115,
22.50833321,44.28913498,22.52722931,209.3153076,22.56391525,56.85848618,22.58283234,145.7963867,
23.00833321,43.78051758,23.02722931,210.2957764,23.06291771,57.28346252,23.08183479,144.6448212,
23.50833321,43.81016159,23.52725029,209.034668,23.56258392,57.51903915,23.58150101,142.5153961,
24.00833321,43.968853,24.02722931,210.6895905,24.06258392,57.44522476,24.08150101,144.9117126,
24.50833321,43.80955505,24.52722931,208.6389618,24.56274986,57.53982544,24.58166695,145.9840698,
25.00833321,43.60330582,25.02722931,211.0839996,25.06274986,57.29668045,25.08166695,144.8240814,
25.50833321,43.51293182,25.52722931,208.9970856,25.56316757,57.01609802,25.58206177,144.5344238,
26.00833321,43.28227234,26.02722931,211.0651855,26.06274986,57.75018692,26.08166695,144.9451752,
26.50833321,43.91505051,26.52722931,209.838501,26.56341743,57.88493347,26.58233261,145.7350616,
27.00833321,44.21088028,27.02722931,211.9848785,27.0640831,58.013237,27.08300018,145.2586975,
27.50833321,44.07566452,27.52722931,210.5857086,27.56147957,57.72402573,27.58039474,145.2854156,
28.00833321,43.5807991,28.02722931,209.6617584,28.06256294,57.48649979,28.08148003,144.8005219,
28.50833321,43.53953171,28.52722931,209.524765,28.56362534,58.04386902,28.58254242,143.9591522,
29.00833321,43.69702148,29.02725029,209.6190796,29.0640831,57.69184875,29.08300018,143.5010986,
29.50833321,43.73397827,29.52722931,210.4524536,29.56358147,58.08903122,29.58249855,144.6260071,
30.00833321,44.06619263,30.02722931,211.9410248,30.0609169,57.65266037,30.07983398,143.5706177,
30.50833321,43.88904572,30.52722931,208.9332275,30.56306076,58.14947128,30.58197784,143.8487396,
31.00833321,43.71692657,31.02722931,210.5179749,31.06424904,58.27289963,31.08320999,144.2951202,
31.50833321,43.74449539,31.52722931,211.5793152,31.56225014,57.9156456,31.58116722,142.6398468,
32.00833511,43.69005966,32.02722931,211.0614624,32.06258392,58.15548325,32.08150101,143.3911743,
32.50833511,43.98198318,32.52722931,210.3210144,32.56441498,58.32501984,32.58333206,143.6707916,
33.00833511,43.50665283,33.02722931,208.9231873,33.06275177,58.32886505,33.08166885,142.6534576,
33.50833511,43.77746582,33.52722931,210.3592072,33.56475067,58.46185684,33.58366776,143.6361694,
34.00833511,44.11011124,34.02722931,209.1655121,34.0629158,58.71717834,34.08183289,143.2637939,
34.50833511,43.74912643,34.52722931,209.8260193,34.56339645,58.56014633,34.58231354,142.9556427,
35.00833511,43.85544205,35.02722931,210.9155273,35.06349945,58.37121964,35.08239746,143.936554,
35.50833511,43.95871735,35.52722931,210.3758392,35.56296158,58.44365692,35.58187485,142.6737061,
36.00833511,43.66578293,36.02722931,210.4927673,36.06391525,58.28989792,36.08283234,143.2281799,
36.50833511,44.06500626,36.52722931,209.1109314,36.5634613,58.15831757,36.58237457,142.7055817,
37.00833511,43.86366272,37.02722931,211.7273102,37.06341553,58.62018204,37.08233261,142.5026855,
37.50833511,43.85651398,37.52722931,209.8831635,37.56274796,58.25017929,37.58166504,143.1016388,
38.00833511,44.35827637,38.02722931,210.1169281,38.06274796,58.24842834,38.08166504,143.2016296,
38.50833511,43.33137512,38.52722931,210.0561066,38.56391525,58.70440292,38.58283234,142.7296448,
39.00833511,44.06509018,39.02722931,210.4570313,39.06298065,58.47531891,39.08189774,143.59758,
39.50833511,44.00161362,39.52722931,209.8872986,39.56258011,58.16356277,39.58149719,142.3018036,
40.00833511,44.07127762,40.02722931,210.5223999,40.06296158,58.4118309,40.08187485,143.6717682,
40.50833511,44.1502037,40.52722931,208.993988,40.56108475,58.8560791,40.58000183,142.8046417,
41.00833511,43.94755554,41.02722931,208.421463,41.06383514,58.61769485,41.08272934,141.5846558,
41.50833511,43.65314102,41.52722931,209.4367828,41.56425095,58.7752533,41.58316803,142.1678009,
42.00833511,43.90717697,42.02722931,209.8501892,42.06362152,58.74251556,42.0825386,142.5593109,
42.50833511,43.88853455,42.52722931,208.7764282,42.56322861,58.18582916,42.58214569,140.4745026,
43.00833511,43.81918335,43.02722931,209.6791382,43.06266785,58.40578079,43.08156204,141.3927612,
43.50833511,44.2792244,43.52722931,208.3161316,43.56316757,58.61605072,43.58206558,141.8959198,
44.00833511,44.33963013,44.02722931,208.3988953,44.06274796,58.29251862,44.08166504,142.0536804,
44.50833511,43.77654266,44.52722931,208.1635284,44.5629158,58.58244705,44.58183289,141.6171417,
45.00833511,43.92137527,45.02722931,210.641983,45.06308365,58.40565109,45.08199692,140.5774384,
45.50833511,44.15829086,45.52722931,209.7943878,45.5629158,58.55218506,45.58183289,141.5870361,
46.00833511,43.66868591,46.02722931,208.9133301,46.06329346,58.89404297,46.08221054,141.713562,
46.50833511,43.80491257,46.52722931,209.9659729,46.5631485,58.74939728,46.58206558,140.8504181,
47.00833511,43.36173248,47.02722931,207.2039948,47.06274796,58.90135574,47.08166504,140.6133423,
47.50833511,43.74849701,47.52722931,209.0878906,47.56225204,58.57502365,47.58116913,140.151886,
48.00833511,43.94052124,48.02722931,207.0477448,48.06229401,58.64325714,48.08121109,140.8187408,
48.50833511,43.81577301,48.52722931,207.6883698,48.56356049,58.68652725,48.58247757,139.5041809,
49.00833511,43.47889709,49.02722931,208.0163574,49.06329346,59.09888458,49.08221054,138.8217621,
49.50833511,43.93284988,49.52722931,207.7212372,49.56262589,58.60481644,49.58154297,139.3417816,
50.00833511,43.74916458,50.02724838,207.6639099,50.06362152,58.54813004,50.0825386,140.4608765,
50.50833511,43.85147476,50.52722931,207.9402008,50.5631485,58.66829681,50.58206558,140.6158295,
51.00833511,43.51993179,51.02722931,206.421875,51.06241989,58.12255859,51.08133316,139.2544708,
51.50833511,43.28159332,51.52722931,207.0081177,51.56358337,58.69469452,51.58250046,140.0977478,
52.00833511,43.21333313,52.02724838,207.9762421,52.0643959,58.37226105,52.08333206,139.4319153,
52.50833511,43.50569534,52.52722931,205.1988373,52.56308365,58.68686676,52.58199692,139.8816223,
53.00833511,43.42329025,53.02722931,205.7395477,53.0640831,58.3250351,53.08300018,138.3035278,
53.50833511,43.02989578,53.52722931,205.1437836,53.56322861,58.26820755,53.58214569,138.461731,
54.00833511,43.64252853,54.02722931,203.8410492,54.06258011,58.24854279,54.08149719,137.6321259,
54.50833511,43.09272385,54.52722931,202.4560547,54.56279373,58.21179199,54.58171082,137.8228149,
55.00833511,42.96630096,55.02722931,204.5423279,55.06241989,58.36911774,55.08133316,137.5801849,
55.50833511,43.1207962,55.52722931,205.0652313,55.56331253,58.5479126,55.58222961,138.6426849,
56.00833511,42.93489838,56.02722931,203.4196014,56.06308365,58.61090851,56.08199692,138.6342621,
56.50833511,43.22990036,56.52722931,204.3695831,56.5640831,58.59646606,56.58300018,137.1733551,
57.00833511,42.89883804,57.02722931,203.5618439,57.06333542,57.66502762,57.08222961,137.7084198,
57.50833511,42.82023239,57.52722931,203.7225494,57.5629158,57.75179291,57.58183289,139.0865936,
58.00833511,42.66592789,58.02722931,202.3848114,58.06266785,57.76335907,58.08156204,137.2712708,
58.50833511,42.57973099,58.52722931,202.4670563,58.5640831,58.17307281,58.58300018,135.9163208,
59.00833511,42.90769577,59.02722931,202.000061,59.0640831,58.27696991,59.08300018,138.179718,
59.50833511,42.88681793,59.52722931,203.8499908,59.56274796,59.01951218,59.58166504,137.1697083,
60.00833511,43.03743362,60.02722931,203.1377106,60.06296158,58.33541107,60.08187485,137.3597107,
60.50833511,42.23172379,60.52722931,201.0637207,60.56308365,58.36633682,60.58199692,135.9260712,
61.00833511,42.68299103,61.02722931,201.9900665,61.06233215,58.70316696,61.08123016,137.2182312,
61.50833511,42.58661652,61.52722931,202.9952545,61.56358337,58.45018768,61.58250046,137.4615784,
62.00833511,42.80316544,62.02722931,202.4250793,62.06256104,58.44237518,62.08147812,137.3355103,
62.50833511,42.60042191,62.52722931,202.5976105,62.56333542,58.65505219,62.58222961,137.1099091,
63.00833511,42.56964493,63.02722931,201.3753967,63.06358337,58.34407425,63.08250046,138.116333,
63.50833511,42.70864868,63.52722931,201.2503967,63.56308365,59.08280563,63.58199692,137.1468964,
64.0083313,42.89401627,64.02722931,201.1026764,64.06356049,58.27143097,64.08249664,136.6674805,
64.5083313,42.27978516,64.52722931,200.0371552,64.56407928,58.70168686,64.58300018,137.7270508,
65.0083313,42.17965317,65.02722931,199.124054,65.06272888,58.56054306,65.08164215,137.2805176,
65.5083313,42.40482712,65.52722931,200.8996887,65.56312561,58.70676804,65.58204651,135.2617798,
66.0083313,42.8310585,66.02722931,200.9490356,66.06441498,58.63189316,66.08333588,137.1167908,
66.5083313,42.55239868,66.52722931,199.5622253,66.56241608,58.27082062,66.58132935,137.3961792,
67.0083313,42.49628448,67.02722931,197.8579865,67.06458282,58.35239029,67.08350372,136.6955414,
67.5083313,42.4769783,67.52722931,201.1615753,67.56491852,58.33530807,67.58383179,136.9141998,
68.0083313,42.5553894,68.02722931,200.0904388,68.06341553,58.53660583,68.0823288,136.8345642,
68.5083313,42.50747299,68.52722931,199.8171539,68.56224823,58.46131897,68.58116913,137.3031006,
69.0083313,42.10824585,69.02722931,199.3873749,69.06208801,58.63573456,69.08100128,136.9925079,
69.5083313,42.3724823,69.52722931,200.318573,69.56472778,58.6239624,69.58364105,136.9659729,
70.0083313,42.19047165,70.02722931,198.3324432,70.06308746,58.49478149,70.08200073,136.7845917,
70.5083313,42.28335953,70.52722931,198.1291962,70.56308746,58.78541565,70.58200073,135.7562866,
71.0083313,42.34374237,71.02724457,199.3139648,71.06375122,58.53841782,71.08266449,137.9017944,
71.5083313,42.37424088,71.52722931,199.0465546,71.56375122,58.58407593,71.58266449,137.2038116,
72.0083313,42.08719635,72.02722931,199.0031738,72.06241608,58.54434967,72.08132935,135.2645416,
72.5083313,42.32744598,72.52722931,199.3973236,72.56291199,58.08742523,72.58183289,136.9829102,
73.0083313,42.14490128,73.02722931,198.8197937,73.06412506,58.50311279,73.08303833,137.4213104,
73.5083313,42.56496429,73.52722931,198.2758942,73.56241608,59.04000473,73.58132935,136.9852753,
74.0083313,42.20198822,74.02722931,199.4293976,74.06339264,58.56155014,74.08231354,136.4590607,
74.5083313,42.37505341,74.52722931,198.4505005,74.56258392,58.61094284,74.58150482,136.5415344,
75.0083313,41.95167923,75.02722931,197.1762695,75.06364441,58.24848938,75.08255768,135.9175568,
75.5083313,42.29293823,75.52722931,197.1895447,75.56275177,58.61799622,75.58166504,136.2545166,
76.0083313,41.88981247,76.02722931,196.6035309,76.06291199,58.31523132,76.08183289,136.0396423,
76.5083313,41.72803879,76.52722931,195.4573975,76.56395721,58.66063309,76.58287811,135.9235382,
77.0083313,41.92575073,77.02722931,196.3932648,77.06408691,58.80052185,77.08300018,135.9110413,
77.5083313,41.77508926,77.52722931,197.0731354,77.56324768,58.48506165,77.58216858,135.1395721,
78.0083313,41.89875031,78.02722931,197.8106232,78.06342316,58.70233536,78.0823288,135.6843872,
78.5083313,42.21281433,78.52722931,196.9143524,78.56391907,57.89717102,78.58283997,135.973877,
79.0083313,42.18379211,79.02722931,196.959198,79.06278992,58.27072906,79.08170319,135.3230438,
79.5083313,41.85579681,79.52722931,196.6970978,79.56258392,58.58890152,79.58150482,135.4301758,
80.0083313,42.20617676,80.02722931,196.4814911,80.06389618,58.19216919,80.08280945,134.8770752,
80.5083313,41.82632828,80.52722931,195.8049469,80.5633316,58.65159225,80.58222961,134.8126373,
81.0083313,41.92093277,81.02722931,197.5316467,81.06289673,58.43770599,81.08181,135.7497711,
81.5083313,42.21643448,81.52722931,196.6416168,81.56391907,58.39215088,81.58283997,135.2363434,
82.0083313,41.66434479,82.02722931,196.1217957,82.06399536,58.50196457,82.08289337,135.5522919,
82.5083313,42.3345108,82.52722931,196.0319366,82.56342316,58.17567825,82.5823288,134.1373138,
83.0083313,41.92538071,83.02722931,198.7718964,83.06362152,58.04403305,83.08254242,135.3502197,
83.5083313,42.13081741,83.52722931,196.9464111,83.56241608,58.33102036,83.58132935,134.7440186,
84.0083313,42.4258461,84.02722931,196.0892029,84.06316376,58.57043839,84.08206177,135.6184235,
84.5083313,42.3026886,84.52722931,195.836319,84.56356812,57.9871521,84.58248138,133.3924713,
85.0083313,42.3553772,85.02722931,197.6574097,85.06275177,58.24972153,85.08166504,135.5124817,
85.5083313,42.1612854,85.52722931,196.2455597,85.56299591,58.41388702,85.58189392,134.8278961,
86.0083313,41.85836029,86.02722931,196.2378082,86.06429291,58.10589218,86.08322906,133.2917175,
86.5083313,42.64554977,86.52722931,196.3759918,86.5639801,58.00053406,86.58289337,133.9636841,
87.0083313,42.21374512,87.02722931,196.817627,87.06181335,58.08719254,87.08072662,133.8360138,
87.5083313,42.14625168,87.52722931,195.2652893,87.56324768,58.00792313,87.58220673,134.6706848,
88.0083313,41.78489304,88.02722931,198.2349243,88.06312561,58.09653473,88.08203888,134.0258789,
88.5083313,42.2959671,88.52722931,195.5278473,88.56424713,58.14715958,88.58316803,133.3694,
89.0083313,41.98804855,89.02722931,194.8886871,89.06291199,58.4151535,89.08183289,133.8717957,
89.5083313,42.08171844,89.52722931,196.062149,89.56358337,57.66588974,89.58250427,132.9840851,
90.0083313,41.87413406,90.02722931,195.400238,90.06141663,57.89756393,90.0803299,134.2845764,
90.5083313,42.1948204,90.52722931,198.0658875,90.56324768,57.7947464,90.58216858,133.7914734,
91.0083313,42.22620773,91.02722931,196.5228119,91.06349945,57.75600433,91.08239746,133.868576,
91.5083313,42.22013855,91.52722931,194.7333984,91.56324768,57.91837311,91.58216858,134.57341,
92.0083313,41.97309113,92.02722931,196.232605,92.06342316,57.87906647,92.0823288,135.5830078,
92.5083313,42.31434631,92.52722931,196.6947174,92.56362152,58.17476273,92.58254242,133.4044647,
93.0083313,42.45986938,93.02722931,197.8252106,93.06289673,58.01753998,93.08181,133.0372925,
93.5083313,42.64143753,93.52722931,197.3241425,93.56239319,58.09713364,93.58131409,133.1957855,
94.0083313,41.92398071,94.02722931,196.2961884,94.06312561,58.09942245,94.08206177,132.8916473,
94.5083313,42.19726563,94.52722931,195.8576965,94.56281281,58.04357529,94.5817337,132.9386139,
95.0083313,41.98108292,95.02724457,195.8992615,95.06442261,57.95122528,95.08333588,132.3063354,
95.5083313,41.89408493,95.52722931,196.3529358,95.56358337,58.30983734,95.58250427,132.6925201,
96.0083313,42.22003174,96.02722931,196.4972687,96.06246185,57.73094559,96.08137512,132.6346588,
96.5083313,42.4834671,96.52722931,194.5708313,96.56247711,58.32688522,96.58139801,132.593338,
97.0083313,41.62373352,97.02722931,195.6104736,97.06241608,57.99507523,97.08132935,133.4060364,
97.5083313,41.77046204,97.52722931,195.426712,97.56264496,58.41134644,97.58155823,132.076355,
98.0083313,42.0579567,98.02722931,194.791153,98.06375122,57.87740326,98.08271027,131.7904663,
98.5083313,41.9699173,98.52722931,195.5878143,98.56391907,58.19977188,98.58283997,132.5462036,
99.0083313,42.33908081,99.02722931,193.5819397,99.0636673,57.79386902,99.08255768,130.991272,
99.5083313,42.06492615,99.52722931,194.0478058,99.56291199,58.02917862,99.58183289,131.1191254,
100.0083313,42.26877975,100.0272293,195.478302,100.0641403,58.56651688,100.0830612,132.1339569,
100.5083313,41.85368729,100.5272293,193.9763336,100.5633163,57.80171967,100.5822296,131.6791992,
101.0083313,42.02095795,101.0272293,194.0909882,101.0635834,57.42750931,101.0825043,131.0765533,
101.5083313,42.06165695,101.5272293,195.0062408,101.5630875,57.33246613,101.5820007,131.9290466,
102.0083313,41.81033325,102.0272293,194.3964996,102.0634995,57.70222473,102.0823975,131.8661804,
102.5083313,41.95239258,102.5272293,193.93367,102.5634613,57.19346237,102.5823746,131.8346558,
103.0083313,41.63690567,103.0272293,194.5172729,103.0630875,58.02309799,103.0820007,132.1431122,
103.5083313,41.60020065,103.5272293,195.4702454,103.5628128,57.39342499,103.5817337,130.8431396,
104.0083313,41.82741928,104.0272293,192.6144409,104.0642471,57.37981796,104.083168,131.4050293,
104.5083313,41.82849121,104.5272293,193.3576965,104.5633163,57.83560944,104.5822296,130.2173004,
105.0083313,41.27967072,105.0272293,191.9682159,105.0636215,57.14899826,105.0825424,129.773941,
105.5083313,41.71736908,105.5272293,192.7334137,105.5624771,58.1276474,105.581398,130.5085297,
106.0083313,41.06998062,106.0272293,191.7671814,106.0619125,57.78202057,106.0808334,129.967865,
106.5083313,41.52080917,106.5272293,192.8713226,106.5637283,58.30718613,106.5826492,131.5316925,
107.0083313,41.42566681,107.0272293,191.657196,107.064064,57.16477203,107.0829773,131.0389557,
107.5083313,41.95721436,107.5272293,192.4816437,107.5638123,57.77468872,107.5827332,131.3191681,
108.0083313,41.82892227,108.0272293,192.4688416,108.0634766,57.60952377,108.0823975,131.4631348,
108.5083313,41.56716156,108.5272293,193.4728699,108.5632477,57.5633812,108.5821686,131.5425568,
109.0083313,41.51638031,109.0272293,192.3578796,109.0624619,58.05791473,109.0813751,130.8722992,
109.5083313,41.57300186,109.5272293,191.9024353,109.5622482,57.68373489,109.5811691,130.2102814,
110.0083313,41.74008179,110.0272293,193.0453796,110.0632324,57.13856888,110.0821457,130.7582245,
110.5083313,42.12057877,110.5272293,192.8819275,110.5627518,57.46759415,110.581665,131.3366852,
111.0083313,41.10676956,111.0272293,192.6173706,111.0631638,57.05500031,111.0820618,131.1467438,
111.5083313,41.37063217,111.5272293,192.3000946,111.5628967,58.22898865,111.58181,130.3473663,
112.0083313,41.74621201,112.0272293,191.5301514,112.0639191,57.28427505,112.08284,130.6909637,
112.5083313,41.56955719,112.5272293,192.4651642,112.5639191,57.5889473,112.58284,129.8339996,
113.0083313,42.14025879,113.0272293,192.400528,113.0634232,57.53538132,113.0823288,129.9966888,
113.5083313,41.83253479,113.5272293,193.958374,113.5640869,57.8048439,113.5830002,130.4291534,
114.0083313,41.7402153,114.0272293,192.94841,114.0631409,57.09978485,114.0820618,130.8462372,
114.5083313,41.39815903,114.5272293,193.2293549,114.5634613,57.210289,114.5823746,129.048111,
115.0083313,41.71208191,115.0272293,193.5471344,115.0627518,57.6895256,115.081665,129.0705872,
115.5083313,42.25078964,115.5272293,193.679184,115.5627518,57.40417862,115.581665,130.3254547,
116.0083313,42.0402832,116.0272293,193.0828094,116.062912,57.71417999,116.0818329,130.3890228,
116.5083313,42.07711411,116.5272293,194.9152374,116.5634613,57.51828766,116.5823746,130.3699951,
117.0083313,41.54328156,117.0272293,191.2312927,117.064621,57.58160019,117.0835419,128.4711761,
117.5083313,41.82217789,117.5272293,192.108429,117.5631256,57.67970276,117.5820389,131.0030823,
118.0083313,42.27328873,118.0272293,192.2096405,118.0639801,57.91793823,118.0828934,130.3536072,
118.5083313,41.9128418,118.5272293,192.8744049,118.5632477,56.9030304,118.5821686,129.4315491,
119.0083313,41.56203842,119.0272446,193.2644043,119.062912,57.70545959,119.0818329,129.6594391,
119.5083313,41.97001266,119.5272293,194.33992,119.5632477,57.6365509,119.5821686,130.0857697,
120.0083313,41.94150925,120.0272293,193.015564,120.0637512,57.63022995,120.0826645,130.9038849,
120.5083313,42.00442886,120.5272293,191.8274689,120.5634232,57.33905792,120.5823288,129.579361,
121.0083313,41.78124619,121.0272293,193.4457092,121.0640869,57.47352982,121.0830002,130.0706787,
121.5083313,42.44039536,121.5272293,193.4861298,121.562645,57.46777344,121.5815582,128.4460907,
122.0083313,42.01071167,122.0272293,192.9676361,122.0641403,57.61982346,122.0830612,130.1981964,
122.5083313,41.80791473,122.5272293,193.8839264,122.5639191,57.5952301,122.58284,130.024353,
123.0083313,41.80932617,123.0272293,193.0420532,123.0636215,57.5705719,123.0825424,128.2849121,
123.5083313,42.0741272,123.5272293,192.9169769,123.5643311,57.58708572,123.5832291,128.9571838,
124.0083313,41.85394287,124.0272293,194.263504,124.0633316,57.45249557,124.0822296,129.0016174,
124.5083313,41.79560471,124.5272446,193.0323639,124.5641403,57.70797348,124.5830612,128.0620575,
125.0083313,42.15825272,125.0272293,192.1117859,125.0623398,57.0474472,125.0812225,129.1653442,
125.5083313,41.67713928,125.5272293,193.3249054,125.5632477,57.06251144,125.5821686,129.6794281,
126.0083313,42.13413239,126.0272293,191.8692627,126.0635834,57.686409,126.0825043,129.0708313,
126.5083313,42.34838104,126.5272293,192.5289917,126.5632858,57.73087692,126.5822067,129.9252777,
127.0083313,42.13647461,127.0272293,192.4378662,127.0628967,57.23310852,127.08181,129.5898438,
127.5083313,41.41760635,127.5272293,191.5494232,127.5630875,57.38061142,127.5820007,128.2144318,
128.0083313,41.98278427,128.0272369,192.1580505,128.0634155,57.25515747,128.0823364,128.8114929,
128.5083313,41.71518326,128.5272369,192.4008026,128.5635681,57.64076996,128.5824738,129.4384308,
129.0083313,41.83749771,129.0272522,192.0505371,129.0642548,57.31163406,129.0832062,129.039566,
129.5083313,41.59085464,129.5272369,191.974472,129.5644226,56.72418594,129.5833282,129.132019,
130.0083313,41.66769028,130.0272369,193.0606689,130.062912,57.60624695,130.0818329,129.323761,
130.5083313,42.01249695,130.5272369,191.6228485,130.5629578,57.83401489,130.5818787,128.0323639,
131.0083313,41.94878769,131.0272369,191.71698,131.0622406,57.39058304,131.0811615,128.8038635,
131.5083313,41.59524155,131.5272369,190.5404968,131.5649872,57.58737564,131.5838928,129.9562988,
132.0083313,41.76844025,132.0272369,190.1468658,132.0639191,57.12528992,132.08284,128.2581177,
132.5083313,41.82316589,132.5272369,190.7411652,132.5635834,57.06010818,132.5825043,128.3225708,
133.0083313,42.06719971,133.0272369,193.0291443,133.0622406,57.17105865,133.0811615,128.8626404,
133.5083313,41.50650787,133.5272369,190.9819031,133.5632477,57.74772263,133.5821686,129.5140839,
134.0083313,41.59020233,134.0272369,190.9161377,134.0640869,57.50265503,134.0829926,127.813118,
134.5083313,41.52905655,134.5272369,190.2648315,134.5627594,57.1894722,134.581665,128.2636108,
135.0083313,41.59512329,135.0272369,190.8521271,135.0634155,56.35200119,135.0823364,128.3981628,
135.5083313,41.5267334,135.5272369,190.1353912,135.563324,57.13166809,135.5822296,127.2279892,
136.0083313,41.79254913,136.0272369,191.822052,136.0644684,57.01377869,136.083374,128.3329773,
136.5083313,41.22701645,136.5272369,190.9911194,136.5627441,57.01019287,136.5816803,128.4054718,
137.0083313,41.5557785,137.0272369,190.6860046,137.0632324,56.72012329,137.0821381,126.9890518,
137.5083313,41.4879303,137.5272369,189.0150146,137.5638123,57.39011765,137.5827332,127.4955292,
138.0083313,41.58366776,138.0272369,190.3999023,138.0630035,56.63317871,138.0818939,126.7117691,
138.5083313,41.57112885,138.5272369,190.4725494,138.5634155,57.12250519,138.5823364,126.7330627,
139.0083313,41.6022644,139.0272369,191.5335083,139.0632477,56.91875839,139.0821686,126.8719406,
139.5083313,41.70459747,139.5272369,190.7424316,139.5632477,57.31113815,139.5821686,128.8866272,
140.0083313,41.46333694,140.0272369,190.7324677,140.0639648,56.76628876,140.0828705,128.8108368,
140.5083313,41.54605484,140.5272369,188.8158722,140.5634003,56.79297256,140.5823059,128.3200378,
141.0083313,41.44026566,141.0272369,189.9459229,141.0627441,56.37018204,141.0816803,127.125946,
141.5083313,41.42668533,141.5272522,190.3605652,141.5639801,57.1458931,141.582901,127.8277054,
142.0083313,41.50764084,142.0272369,189.6479034,142.0632477,56.92329407,142.0822144,127.8598175,
142.5083313,41.18019485,142.5272369,188.9382172,142.5639191,56.78918839,142.5828247,128.6117249,
143.0083313,41.41495895,143.0272369,190.5528107,143.0632477,57.0858078,143.0821686,126.6955566,
143.5083313,41.26692581,143.5272369,188.6556702,143.5634155,57.26077271,143.5823364,127.8137741,
144.0083313,41.57571793,144.0272369,188.4772644,144.0637512,57.57419205,144.0826721,126.9494171,
144.5083313,41.6333847,144.5272369,191.1817474,144.5634155,57.00127029,144.5823364,126.7802582,
145.0083313,41.36345291,145.0272369,190.0894165,145.0638275,56.99312592,145.0827332,127.0505371,
145.5083313,41.26767349,145.5272369,189.0824585,145.5623016,56.48208237,145.5812378,127.7957001,
146.0083313,40.73594284,146.0272369,188.4580078,146.0637512,56.86906433,146.0826721,127.3586426,
146.5083313,41.7018013,146.5272369,190.0016479,146.5618134,56.49208069,146.5807343,127.0198517,
147.0083313,41.51457214,147.0272369,189.100296,147.0634155,56.8835144,147.0823364,125.9198151,
147.5083313,41.17169952,147.5272369,189.4545746,147.5631256,56.45005035,147.5820465,126.5801468,
148.0083313,41.1439476,148.0272369,189.3885345,148.0635834,56.93716431,148.0825043,125.6312408,
148.5083313,41.1895752,148.5272369,190.2901764,148.5636749,56.88173676,148.5825653,126.4349976,
149.0083313,41.08261108,149.0272369,187.1404877,149.0635834,56.7801857,149.0825043,126.7478638,
149.5083313,41.16999435,149.5272369,187.3485413,149.5632935,56.54162979,149.5822144,124.9490509,
150.0083313,41.28446579,150.0272369,189.8168182,150.0634613,57.19990921,150.0823669,126.8734894,
150.5083313,40.9969101,150.5272369,187.5839996,150.5629272,56.77787399,150.5818329,127.271843,
151.0083313,40.92074203,151.0272369,188.7200775,151.0640717,56.65281296,151.0830078,126.867485,
151.5083313,41.06319427,151.5272369,188.5337982,151.5625763,56.98116302,151.581543,126.4751587,
152.0083313,41.13366318,152.0272369,187.8335114,152.0635834,56.85228348,152.0825043,126.0382538,
152.5083313,40.54814148,152.5272369,187.5552826,152.5630798,56.26038742,152.5820007,125.4949722,
153.0083313,41.30328369,153.0272522,187.4470062,153.0640717,56.85491562,153.0830078,126.5404816,
153.5083313,40.99331284,153.5272369,187.1423645,153.5631561,56.27419662,153.5820618,126.0431976,
154.0083313,41.4942131,154.0272369,187.2408447,154.0635834,56.86547089,154.0825043,125.7540741,
154.5083313,41.33716202,154.5272369,186.2185669,154.5625763,57.08933258,154.5814972,125.8626099,
155.0083313,40.88779449,155.0272369,187.1118469,155.0638275,57.47134018,155.0827332,125.7189102,
155.5083313,41.1637001,155.5272369,188.3567352,155.5630646,56.74451065,155.5819855,124.6617584,
156.0083313,41.10254288,156.0272369,187.8536835,156.0629272,57.17755508,156.0818329,127.0526047,
156.5083313,41.00550461,156.5272369,186.3844452,156.5630798,56.777565,156.5820007,125.6540985,
157.0083313,41.48358917,157.0272369,189.0464783,157.0632324,56.53939056,157.0821381,125.6309128,
157.5083313,41.04856873,157.5272369,187.5209656,157.5630798,55.924263,157.5820007,125.8094788,
158.0083313,40.88911819,158.0272369,187.5857391,158.0632477,56.45836639,158.0821686,124.6181259,
158.5083313,40.93847275,158.5272369,188.2111206,158.5643463,56.17876053,158.5832367,125.0663834,
159.0083313,41.47212601,159.0272369,185.3297577,159.0628052,56.59537888,159.0817261,125.5147934,
159.5083313,40.93419266,159.5272522,186.8932953,159.5636444,55.99104691,159.5825653,125.8311539,
160.0083313,41.06484985,160.0272369,186.7075806,160.0624084,56.00929642,160.0813141,125.15168,
160.5083313,41.21863174,160.5272369,187.1168823,160.5641479,56.98375702,160.5830536,125.5995178,
161.0083313,40.83793259,161.0272369,187.4928741,161.0628967,56.34414673,161.0818176,124.9394379,
161.5083313,40.93496323,161.5272369,186.9015503,161.5629272,56.38164902,161.5818329,124.9092865,
162.0083313,40.91257095,162.0272369,187.621994,162.0640717,56.41807175,162.0830078,125.3246231,
162.5083313,41.16588974,162.5272369,187.0938721,162.5630798,56.20650482,162.5820007,124.6264648,
163.0083313,40.96421432,163.0272369,187.2427368,163.0622253,57.03210449,163.0811462,124.8740997,
163.5083313,40.94642258,163.5272369,187.4712677,163.5630798,56.32877731,163.5820007,123.7406921,
164.0083313,40.80625153,164.0272369,186.8981018,164.0630798,56.42082214,164.0820007,125.2667465,
164.5083313,40.91751099,164.5272369,186.6693878,164.563736,56.32040024,164.5826569,124.3160553,
165.0083313,40.59632111,165.0272369,187.4238892,165.0641479,56.21403885,165.0830536,124.085434,
165.5083313,40.77770996,165.5272369,185.865448,165.5630646,55.63203049,165.5820007,125.2003937,
166.0083313,40.33409882,166.0272369,184.6049652,166.0643921,55.90147781,166.083313,124.2750473,
166.5083313,40.60977173,166.5272369,185.6964264,166.5634003,56.21382141,166.5823059,124.6990433,
167.0083313,40.2939682,167.0272369,186.6931305,167.0632477,56.37215424,167.0821686,124.2900238,
167.5083313,40.82033157,167.5272369,187.034256,167.563736,55.82276535,167.5826569,122.9962997,
168.0083313,40.64860916,168.0272369,184.1325836,168.0627441,56.19890976,168.0816803,123.9865875,
168.5083313,40.79461288,168.5272369,183.4642792,168.5634766,55.75720215,168.5823822,123.1332169,
169.0083313,40.73283386,169.0272369,184.4276123,169.062561,55.92211151,169.0814819,123.8440399,
169.5083313,40.70188522,169.5272369,185.5415955,169.5635834,56.13211441,169.5825043,124.3030777,
170.0083313,40.75761795,170.0272369,186.5479736,170.0617523,56.26868057,170.080658,123.1790237,
170.5083313,40.91291809,170.5272369,185.3047943,170.5641479,55.91938019,170.5830536,123.6826706,
171.0083313,41.03295898,171.0272369,184.8592072,171.0634613,56.21273041,171.0823669,123.7498932,
171.5083313,40.82684326,171.5272369,184.955307,171.5637512,55.64645004,171.5826721,122.6412354,
172.0083313,40.48222351,172.0272369,183.5207367,172.0630798,55.49247742,172.0820007,123.3762436,
172.5083313,41.0353508,172.5272369,185.070755,172.5635529,55.82719803,172.582489,123.6647263,
173.0083313,41.00904846,173.0272369,184.9961853,173.0636292,56.03760529,173.0825348,123.5731201,
173.5083313,40.67127609,173.5272369,184.860611,173.5639191,56.48478317,173.5828247,123.5727615,
174.0083313,40.50462341,174.0272369,185.2966614,174.0640564,55.73849487,174.0829773,122.3592987,
174.5083313,40.36795807,174.5272369,184.1967316,174.5647888,56.12075806,174.5837097,122.7238159,
175.0083313,40.27994919,175.0272369,183.7601471,175.0640717,55.7071228,175.0830078,122.855278,
175.5083313,40.49524307,175.5272369,182.7733765,175.5639038,55.86837387,175.5828094,124.1983109,
176.0083313,40.60868835,176.0272369,183.1741333,176.0624847,55.60212326,176.0813904,122.5827026,
176.5083313,40.23295212,176.5272369,185.0054016,176.5635834,55.99015808,176.5825348,122.915123,
177.0083313,40.81774139,177.0272369,184.7885284,177.0630035,56.49817657,177.0818939,123.5255051,
177.5083313,40.35295486,177.5272369,182.8886261,177.5633087,55.80063248,177.5822296,123.0137787,
178.0083313,40.79610825,178.0272369,183.2099457,178.0639191,56.49607849,178.0828247,123.0461807,
178.5083313,40.3186264,178.5272369,182.2640076,178.5642242,55.57193375,178.5831451,123.1051788,
179.0083313,40.90901566,179.0272369,183.0072784,179.062973,55.67669296,179.0818939,122.7755585,
179.5083313,40.29862595,179.5272369,183.1553955,179.5644226,55.40576172,179.5833282,122.9902496,
180.0083313,40.50070572,180.0272369,183.3631287,180.0624237,55.64536667,180.0813293,123.1453857,
180.5083313,40.50673676,180.5272369,181.3593445,180.5634003,55.24554062,180.5823059,122.5759048,
181.0083313,40.34844971,181.0272369,181.992691,181.0625763,55.1346283,181.0814972,121.9979858,
181.5083313,40.51076889,181.5272369,181.826767,181.5628204,55.28362656,181.5817261,121.6866684,
182.0083313,40.08808517,182.0272369,183.553894,182.0630798,55.79986191,182.0820007,121.3046341,
182.5083313,40.37930298,182.5272369,182.0397644,182.5629578,55.64883041,182.5818634,122.7935791,
183.0083313,40.6919136,183.0272369,183.0117798,183.0634766,55.97235489,183.0823822,123.4994812,
183.5083313,40.29773712,183.5272369,183.2563477,183.5630798,55.71973801,183.5820007,120.6846313,
184.0083313,40.43025589,184.0272369,181.267868,184.0640717,55.67602539,184.0830078,122.0413437,
184.5083313,39.72175598,184.5272522,181.4776764,184.5632477,55.03720474,184.5821686,122.4694824,
185.0083313,40.01237869,185.0272369,183.1437225,185.0634613,55.84431458,185.0823669,122.2761383,
185.5083313,39.83536148,185.5272369,181.3632202,185.5630798,55.29852676,185.5820007,120.9386139,
186.0083313,39.99049759,186.0272369,180.9757385,186.0637817,55.82663345,186.0827179,121.8338547,
186.5083313,40.34683228,186.5272369,181.39505,186.5634155,55.48079681,186.5823364,121.1379547,
187.0083313,40.31124115,187.0272369,181.8059998,187.0641479,55.5544281,187.0830536,121.2847137,
187.5083313,40.25595856,187.5272369,181.3147125,187.5619812,55.65286636,187.5808868,122.7985458,
188.0083313,39.86682129,188.0272369,181.884964,188.0631256,54.97475433,188.0820465,121.8935547,
188.5083313,39.86995316,188.5272369,181.3517151,188.5646515,55.18935776,188.5835571,122.0914001,
189.0083313,39.95763779,189.0272369,182.25914,189.0632477,54.95317841,189.0821686,120.8094559,
189.5083313,39.70427704,189.5272369,180.6958466,189.5627899,54.85740662,189.5817108,121.890419,
190.0083313,39.76512146,190.0272369,181.7480469,190.0637817,55.1376915,190.0827179,121.39785,
190.5083313,39.87389755,190.5272369,180.4664154,190.5636749,55.06066513,190.5825653,120.8628235,
191.0083313,40.33659363,191.0272369,182.0019531,191.0629272,55.74457932,191.0818329,121.2631149,
191.5083313,40.01200867,191.5272369,180.6128082,191.5636749,55.53949738,191.5825653,121.7526398,
192.0083313,39.83296967,192.0272369,180.7210236,192.0636292,55.41314697,192.0825348,121.7680893,
192.5083313,39.93063354,192.5272369,181.322113,192.5634918,55.35102081,192.5823822,120.4402008,
193.0083313,39.62663269,193.0272369,181.2692719,193.0629578,55.5904007,193.0818634,121.0967407,
193.5083313,39.51904297,193.5272369,180.4450684,193.5632477,55.74235916,193.5822144,122.0713196,
194.0083313,40.12784576,194.0272369,180.5136108,194.0634918,55.96111298,194.0823822,120.6779022,
194.5083313,39.92201233,194.5272369,181.8046265,194.5620728,55.61016846,194.5810089,121.836586,
195.0083313,39.62574387,195.0272369,179.1279755,195.065094,55.47694397,195.0839996,120.20961,
195.5083313,39.76996613,195.5272369,179.5341492,195.5629272,55.13421631,195.5818329,121.6631851,
196.0083313,39.4512291,196.0272369,179.2085419,196.0640717,55.98232269,196.0830078,120.864624,
196.5083313,39.53483582,196.5272369,179.6290894,196.5633087,55.17597198,196.5822296,120.9621353,
197.0083313,39.74305344,197.0272369,179.5709076,197.0627441,55.76823044,197.0816803,122.0307312,
197.5083313,40.0514183,197.5272369,179.9707642,197.5626373,54.97143173,197.581543,119.8613358,
198.0083313,39.75762558,198.0272369,178.7479095,198.0635529,54.98951721,198.082489,120.8437576,
198.5083313,39.77980804,198.5272369,178.2833557,198.5642548,56.07672501,198.5831757,122.2907257,
199.0083313,39.58227539,199.0272369,181.1367645,199.0635834,55.37842178,199.0825043,120.789566,
199.5083313,40.22357559,199.5272369,179.8558044,199.5634918,54.88230133,199.582428,120.8742523,
200.0083313,39.18668747,200.0272369,178.6721649,200.0640564,55.68251038,200.0829773,120.7197189,
200.5083313,39.62769699,200.5272369,180.4275818,200.5640717,55.18641281,200.5830078,120.7003021,
201.0083313,39.72732925,201.0272369,180.4329224,201.0645905,55.21827698,201.0834961,120.4561386,
201.5083313,39.91122818,201.5272369,179.0886993,201.562973,54.80748367,201.5818939,120.5964279,
202.0083313,39.73369217,202.0272369,178.5401764,202.0634155,54.91184235,202.0823364,121.6622467,
202.5083313,39.38547897,202.5272369,179.060379,202.5642548,55.00690079,202.5831757,120.6419296,
203.0083313,39.50345993,203.0272369,178.3789063,203.0624237,55.20285034,203.0813293,119.7440414,
203.5083313,39.87909317,203.5272369,178.4542847,203.5637512,55.41712952,203.5826721,120.6119843,
204.0083313,40.1547966,204.0272369,179.1466675,204.0629578,55.25509262,204.0818634,120.4126434,
204.5083313,39.76580811,204.5272369,178.3181763,204.5627441,54.7738533,204.5816803,120.396637,
205.0083313,39.65127563,205.0272369,178.7586212,205.0618286,55.17895889,205.0807343,121.4618073,
205.5083313,39.69232178,205.5272369,179.3866425,205.5630798,55.07572556,205.5820007,120.3658981,
206.0083313,39.17622757,206.0272369,178.3376312,206.0622559,54.97808456,206.0811615,119.8318481,
206.5083313,39.33770752,206.5272369,178.8259583,206.5624237,56.07426071,206.5813293,120.5848465,
207.0083313,39.8853035,207.0272369,178.5926514,207.0634918,55.63205338,207.0823822,119.7867203,
207.5083313,39.62679291,207.5272369,178.50914,207.5637512,55.07616806,207.5826721,120.6857986,
208.0083313,39.68554688,208.0272369,178.0108795,208.0634613,55.52226257,208.0823669,120.1521149,
208.5083313,39.44874954,208.5272369,177.0296478,208.5624237,55.33410645,208.5813293,120.7170944,
209.0083313,39.20310974,209.0272369,177.9009094,209.0632935,55.38853836,209.0822144,121.4227295,
209.5083313,39.31816483,209.5272369,178.1806641,209.5635529,55.3378067,209.582489,121.2655792,
210.0083313,39.42757797,210.0272369,177.7302704,210.0627899,55.36622238,210.0817108,120.7788239,
210.5083313,39.30163193,210.5272369,177.5010223,210.5642242,55.3223114,210.5831451,120.3833618,
211.0083313,39.09436035,211.0272369,179.8186493,211.0637512,55.73303986,211.0826721,121.2353592,
211.5083313,39.63750458,211.5272369,178.0272369,211.5636444,55.71172333,211.5825653,120.1411743,
212.0083313,39.18682098,212.0272369,177.9364624,212.0631561,55.35012436,212.0820618,120.087944,
212.5083313,39.39588928,212.5272369,178.9698181,212.5631256,55.53401947,212.5820465,120.8312759,
213.0083313,39.2888031,213.0272369,176.6354523,213.0630798,56.13721085,213.0820007,118.5497818,
213.5083313,39.46777344,213.5272369,177.5649567,213.5632477,55.62511826,213.5822144,119.1325226,
214.0083313,39.64820862,214.0272369,177.3343658,214.0617523,55.28724289,214.080658,118.3520126,
214.5083313,39.79076767,214.5272369,176.309906,214.5631256,55.53828812,214.5820465,119.5231628,
215.0083313,39.22971725,215.0272369,176.2022247,215.0614166,55.84093094,215.0803375,120.9640427,
215.5083313,39.07461548,215.5272369,176.0596008,215.5634918,55.34266663,215.5823822,120.4274368,
216.0083313,39.43822098,216.0272369,176.4180603,216.0639191,55.05073547,216.0828247,120.5657349,
216.5083313,39.76282501,216.5272369,177.3817596,216.5635834,55.09739304,216.5825043,119.6496582,
217.0083313,39.14743042,217.0272369,176.0818634,217.0642548,54.95943451,217.0831757,120.8181534,
217.5083313,39.08572006,217.5272369,175.8580322,217.562973,55.17005157,217.5818939,119.1800842,
218.0083313,39.41048431,218.0272369,174.6739807,218.0632477,54.84346008,218.0822144,119.2439499,
218.5083313,39.31240845,218.5272369,175.0956116,218.5636292,54.95457077,218.5825348,118.6447906,
219.0083313,39.03570175,219.0272369,176.2770691,219.0637512,55.38711929,219.0826721,119.0570908,
219.5083313,39.01461029,219.5272369,176.9244995,219.5627441,55.62567902,219.5816803,119.8679581,
220.0083313,39.16919708,220.0272369,176.4290924,220.0630798,54.94378662,220.0820007,119.8697205,
220.5083313,39.13232422,220.5272522,175.7595673,220.5642548,54.47093964,220.5831757,119.7818756,
221.0083313,38.56446838,221.0272369,174.9419556,221.0639191,55.10973358,221.0828247,119.9422989,
221.5083313,39.3547554,221.5272369,175.2807465,221.5634766,54.740448,221.5823822,119.1921463,
222.0083313,38.96023178,222.0272369,176.2319031,222.0637512,54.3320961,222.0826721,119.2981262,
222.5083313,38.61393738,222.5272369,174.4751587,222.5627441,54.99152756,222.5816803,118.9518661,
223.0083313,38.57749939,223.0272369,174.8029022,223.0639191,54.31059647,223.0828247,119.7094345,
223.5083313,38.95524979,223.5272369,175.1974945,223.5631561,54.45325851,223.5820618,118.9122162,
224.0083313,38.5671196,224.0272369,175.6449585,224.0635529,54.51632309,224.082489,118.3702545,
224.5083313,38.79534531,224.5272369,174.6594543,224.5642548,55.05376816,224.5831757,118.5976181,
225.0083313,38.81419373,225.0272369,174.5791321,225.0630035,54.67582703,225.0818939,118.3672485,
225.5083313,38.68021393,225.5272369,175.646698,225.5635834,54.82115173,225.5825043,117.9121933,
226.0083313,39.23165894,226.0272369,174.0578308,226.0634155,54.77451706,226.0823364,118.3697433,
226.5083313,39.19687653,226.5272369,174.7682495,226.5629272,54.72037888,226.5818329,116.5495987,
227.0083313,39.01499557,227.0272369,175.0650787,227.0637512,54.65388489,227.0826721,116.7427063,
227.5083313,38.66572952,227.5272369,175.6734772,227.5624237,54.63889694,227.5813293,118.5256882,
228.0083313,38.74630737,228.0272369,174.713974,228.0643921,54.60328293,228.0833282,118.4362488,
228.5083313,39.05942535,228.5272369,175.3181305,228.5625763,54.00680161,228.5814972,118.1404724,
229.0083313,39.2455101,229.0272369,174.2214813,229.0626678,53.93176651,229.0815582,116.8814392,
229.5083313,38.77368164,229.5272369,175.5206909,229.5636444,54.72173309,229.5825653,117.6997452,
230.0083313,39.04105377,230.0272369,173.8258514,230.0619049,54.80039978,230.0808105,117.997406,
230.5083313,38.92102051,230.5272369,174.4042206,230.5635834,54.98995972,230.5825043,118.1524353,
231.0083313,38.52772903,231.0272369,174.9992981,231.0632324,54.25857162,231.0821381,117.1960754,
231.5083313,38.81147003,231.5272522,173.5301208,231.5644226,54.16203308,231.5833282,117.4017792,
232.0083313,38.72633362,232.0272369,175.718689,232.0642548,54.06821823,232.0831757,117.9490204,
232.5083313,38.98260498,232.5272369,174.1884918,232.5637512,53.93102264,232.5826721,117.992836,
233.0083313,38.67931366,233.0272369,174.3703613,233.0639801,54.11222839,233.082901,116.7900696,
233.5083313,38.89902878,233.5272369,174.5703583,233.5644226,54.12253952,233.5833282,116.8443756,
234.0083313,38.9834671,234.0272522,175.1806488,234.0632935,54.28638077,234.0822144,116.806221,
234.5083313,38.78484726,234.5272522,174.379837,234.5637512,53.65182877,234.5826721,115.9803772,
235.0083313,39.10757446,235.0272522,174.7027588,235.0646362,53.6948967,235.0835419,115.4523773,
235.5083313,38.75463104,235.5272369,175.8056641,235.5625763,53.84570313,235.5814972,115.6746216,
236.0083313,39.0450592,236.0272369,174.249115,236.0639191,53.72724915,236.0828247,115.2061005,
236.5083313,39.23448181,236.5272369,174.9691925,236.5641479,54.2611618,236.5830536,115.2303543,
237.0083313,38.97754288,237.0272369,174.5475159,237.0617371,53.74142075,237.080658,116.5797348,
237.5083313,38.90643311,237.5272369,176.037674,237.5627441,53.70476913,237.5816803,116.3263855,
238.0083313,38.75067139,238.0272369,173.9211121,238.0634155,53.70337677,238.0823364,115.2878418,
238.5083313,38.82686234,238.5272369,175.0565338,238.5637817,53.75568008,238.5827179,115.5013504,
239.0083313,38.87228775,239.0272369,175.9815063,239.0630646,54.25854492,239.0819855,116.5291901,
239.5083313,39.0945816,239.5272369,176.0158844,239.5634155,53.49126816,239.5823364,115.3590622,
240.0083313,39.21429062,240.0272369,175.4669342,240.0632935,53.71018982,240.0822144,115.7442169,
240.5083313,38.75981903,240.5272369,174.4825134,240.5622559,53.44494247,240.5811615,116.7156448,
241.0083313,38.689888,241.0272369,174.7942505,241.0634155,53.79539871,241.0823364,115.6584473,
241.5083313,38.85006714,241.5272369,175.2596893,241.5632324,53.54537201,241.5821381,115.8817444,
242.0083313,38.80672073,242.0272369,174.8799286,242.0630798,53.4080162,242.0820007,114.7257767,
242.5083313,39.01370621,242.5272369,173.6867371,242.5636749,53.22068024,242.5825653,115.3652954,
243.0083313,39.02801514,243.0272369,174.1796265,243.0639038,53.21600342,243.0828094,114.6093826,
243.5083313,38.95640564,243.5272369,175.9538727,243.5642242,53.19945908,243.5831451,115.9561691,
244.0083313,38.72187042,244.0272369,174.3735352,244.0625763,53.71724701,244.0814972,115.4617081,
244.5083313,38.44763565,244.5272369,174.1212006,244.5640717,53.39109039,244.5830078,115.2006912,
245.0083313,38.79922867,245.0272369,174.8795471,245.0630798,53.31058502,245.0820007,114.4158325,
245.5083313,38.41336823,245.5272369,173.4760132,245.5612335,53.14377213,245.5801392,114.3181992,
246.0083313,38.90447998,246.0272369,174.1988525,246.0641632,53.29236603,246.0830536,114.365036,
246.5083313,38.62509155,246.5272369,175.364624,246.5633087,53.17564392,246.5822296,114.3255005,
247.0083313,38.46043015,247.0272369,175.1248474,247.0637512,53.087883,247.0826721,113.4747467,
247.5083313,38.51483536,247.5272369,173.5447998,247.5631561,53.19399261,247.5820618,114.7661133,
248.0083313,38.42615891,248.0272369,173.9416504,248.0635529,53.39903259,248.082489,114.88517,
248.5083313,38.40088272,248.5272369,172.8937378,248.5630798,52.81385422,248.5820007,114.3909607,
249.0083313,38.742939,249.0273132,175.119873,249.0624847,52.55021667,249.0813904,114.8345642,
249.5083313,38.78074646,249.5272369,172.4007416,249.5624542,52.80898666,249.5813751,113.9380188,
250.0083313,38.69223785,250.0272369,173.8535614,250.0639038,53.6105957,250.0828094,114.6442032,
250.5083313,38.59472275,250.5272369,175.6108246,250.5637512,52.82112122,250.5826721,114.4150772,
251.0083313,38.64765167,251.0272369,173.6888275,251.0634613,53.57512665,251.0823669,114.5181351,
251.5083313,38.82997131,251.5272369,174.9053802,251.5634155,52.98769379,251.5823669,114.2077332,
252.0083313,38.66129303,252.0272369,173.8955078,252.0624237,53.3698082,252.0813293,114.1933517,
252.5083313,38.93689346,252.5272369,174.0111847,252.5648041,53.12259293,252.583725,113.8227692,
253.0083313,38.6039238,253.0272369,174.0199432,253.0640717,53.64575195,253.0830078,114.2051773,
253.5083313,38.45735168,253.5272369,173.8999176,253.5639038,53.21356964,253.5828094,115.0580978,
254.0083313,38.59213638,254.0272369,172.3517456,254.0632477,53.24876022,254.0821686,113.099968,
254.5083313,38.28550339,254.5272369,172.8872681,254.5617523,53.29389954,254.580658,113.2608948,
255.0083313,38.35926819,255.0272522,173.0431519,255.0639191,53.32659531,255.0828247,114.1856995,
255.5083313,38.48553085,255.5272369,173.3150482,255.5634155,53.16095734,255.5823364,113.864006,
256.0083313,38.6760025,256.0272217,172.2094116,256.0627441,53.21727371,256.081665,114.8023453,
256.5083313,38.94836426,256.5272217,173.5104065,256.5639038,52.45650101,256.5828247,113.4599762,
257.0083313,38.6423912,257.0272217,173.4105835,257.0635986,53.00182724,257.082489,112.0745468,
257.5083313,38.8362999,257.5272217,172.9617157,257.5635071,52.67564392,257.5823975,115.0386276,
258.0083313,38.23107147,258.0272217,172.9759674,258.0629272,52.8120575,258.0818481,112.4646912,
258.5083313,39.02236557,258.5272217,174.4322357,258.5635986,53.08637238,258.582489,113.4878693,
259.0083313,38.71358871,259.0272217,172.5342407,259.0642395,53.62635422,259.0831299,112.5521393,
259.5083313,38.36056519,259.5272217,172.1125946,259.5630798,53.46800995,259.5820007,114.2345047,
260.0083313,38.33409882,260.0272217,173.0314331,260.0638123,52.76836395,260.0827332,112.8471069,
260.5083313,38.64628601,260.5272217,172.0368958,260.5629578,52.41027832,260.5819092,113.4265289,
261.0083313,38.44965363,261.0272217,173.1582031,261.0632629,52.98517609,261.0821533,114.0733414,
261.5083313,38.11812592,261.5272217,172.5071411,261.5626526,52.52595139,261.5815735,113.5350647,
262.0083313,38.07315445,262.0272217,171.3845215,262.0639038,52.49172974,262.0828247,113.6585312,
262.5083313,38.61364365,262.5272217,172.5105591,262.563385,53.05183411,262.5823059,113.7041779,
263.0083313,38.62351608,263.0272217,171.0948334,263.0630798,53.19906235,263.0820007,112.17202,
263.5083313,38.09033585,263.5272217,170.1077728,263.5644226,52.52318573,263.5833435,112.8473053,
264.0083313,38.12529755,264.0272217,172.2467041,264.0627441,53.39477539,264.081665,113.3908386,
264.5083313,38.4263649,264.5272217,170.273819,264.563324,53.17032242,264.5822144,113.2994919,
265.0083313,37.99332428,265.0272217,170.9276886,265.0639038,52.81533432,265.0828247,113.3817139,
265.5083313,38.05181122,265.5272217,170.7381287,265.5629272,53.18538284,265.5818481,112.6825104,
266.0083313,38.52709579,266.0272217,169.4545593,266.0637512,53.2085228,266.0826721,112.6651154,
266.5083313,38.32827759,266.5272217,170.0194397,266.5641174,52.90496826,266.5830383,112.8022766,
267.0083313,38.13210678,267.0272217,171.0503693,267.0629578,52.54298401,267.0819092,110.8575058,
267.5083313,38.24263382,267.5272217,172.7934723,267.5639954,53.20455551,267.5828857,113.1556015,
268.0083313,38.3428688,268.0272217,170.0050049,268.0630798,52.51590347,268.0819702,112.318428,
268.5083313,38.50312424,268.5272217,170.6626434,268.5640869,53.07421494,268.5830078,112.8798904,
269.0083313,37.8900528,269.0272217,169.670166,269.0630798,52.94187164,269.0820007,113.0222168,
269.5083313,38.51928711,269.5272522,170.9497681,269.5645752,53.43353653,269.5834961,113.0968246,
270.0083313,38.09439468,270.0272217,170.1479187,270.0640869,52.33496094,270.0830078,112.4558334,
270.5083313,37.95145798,270.5272217,169.3520813,270.5625,53.09439087,270.5813904,113.1855087,
271.0083313,37.80341721,271.0272217,169.5540161,271.0623169,52.77731705,271.0812378,112.3282776,
271.5083313,38.16719818,271.5272217,168.7136841,271.5627441,52.5838623,271.581665,110.5128708,
272.0083313,37.98347092,272.0272217,170.7301788,272.0637512,52.84379196,272.0826416,111.9956741,
272.5083313,38.02151108,272.5272217,170.5570221,272.56427,52.45688248,272.5831604,112.5012131,
273.0083313,37.89014435,273.0272217,170.5432892,273.0634155,52.51119995,273.0823364,111.7533875,
273.5083313,38.24820709,273.5272217,170.9858246,273.5630798,52.88654327,273.5820007,111.9055786,
274.0083313,37.85649872,274.0272217,170.5216217,274.0637512,52.66985321,274.0826721,112.0998993,
274.5083313,37.83059692,274.5272217,170.468811,274.56427,52.0910759,274.5831604,112.9582367,
275.0083313,38.50822067,275.0272217,171.5212708,275.0638123,52.75406265,275.0827026,112.7047501,
275.5083313,37.87799072,275.5272217,169.8928528,275.5631409,52.33794403,275.5820618,112.0710754,
276.0083313,38.438797,276.0272217,172.3176575,276.0632935,52.29511261,276.0821838,111.0620575,
276.5083313,38.25585938,276.5272217,172.0522461,276.5632629,52.6638031,276.5821533,111.9273682,
277.0083313,38.32675171,277.0272217,170.0181885,277.0637512,52.36095047,277.0826721,112.3246002,
277.5083313,38.22031784,277.5272522,168.4708862,277.5629578,52.58462143,277.5818787,111.30867,
278.0083313,38.03310013,278.0272217,170.5815735,278.0635681,52.46006775,278.082489,112.335144,
278.5083313,38.15737915,278.5272827,169.8519897,278.5643311,52.76855469,278.5832214,111.0360031,
279.0083313,38.12646484,279.0272217,169.8644104,279.0643921,51.96422577,279.083313,111.811409,
279.5083313,38.26245499,279.5272217,170.9468384,279.5632019,52.45269012,279.5821533,111.6719055,
280.0083313,38.15982819,280.0272217,169.7594147,280.0641479,52.57995987,280.0830688,112.016037,
280.5083313,38.07109833,280.5272217,169.6598969,280.56427,52.68427277,280.5831604,112.6534729,
281.0083313,38.16954422,281.0272217,169.480072,281.0609131,52.74990845,281.0798035,111.2204437,
281.5083313,38.07317734,281.5272217,170.8791504,281.5627747,52.78824234,281.581665,111.2291412,
282.0083313,37.89422989,282.0272217,172.0356903,282.0629272,52.54399109,282.0818481,111.4400711,
282.5083313,38.20030212,282.5272217,170.1182709,282.5625916,52.37614059,282.5815125,111.0778427,
283.0083313,37.96089935,283.0272217,170.6961517,283.0634155,52.53756332,283.0823364,110.7533569,
283.5083313,37.75788879,283.5272217,168.2630157,283.5636292,52.85842896,283.58255,111.6392441,
284.0083313,37.83570099,284.0272217,171.557312,284.0637512,53.0367775,284.0826416,110.552124,
284.5083313,38.0068512,284.5272217,168.8825836,284.5638123,52.19943619,284.5827026,110.8753738,
285.0083313,37.69979095,285.0272217,170.9728546,285.0634155,52.9113121,285.0823364,110.5133591,
285.5083313,38.1766243,285.5272522,170.2575226,285.5639343,52.20426941,285.5828552,111.784729,
286.0083313,38.26694107,286.0272217,171.0043488,286.0640564,52.94315338,286.0829773,111.3355942,
286.5083313,38.13401794,286.5272217,169.9362488,286.5627747,52.53087616,286.581665,111.3874741,
287.0083313,38.46448135,287.0272217,170.8888092,287.0633545,52.83618927,287.0822144,111.7525711,
287.5083313,38.27348709,287.5272522,171.1186523,287.5621033,52.07381058,287.5810547,111.5760269,
288.0083313,38.3001709,288.0272217,170.0339966,288.0632629,52.52002716,288.0821533,111.0589142,
288.5083313,38.21333313,288.5272217,170.2379761,288.5639343,52.40278244,288.5828552,111.747612,
289.0083313,38.27129364,289.0272522,170.7787781,289.0652466,52.55922318,289.084198,111.3436966,
289.5083313,38.06359863,289.5272217,171.3378296,289.5628357,52.00848007,289.5817261,111.8521652,
290.0083313,38.125103,290.0272217,172.5730896,290.0624084,52.38147736,290.0813599,111.3455276,
290.5083313,38.29247284,290.5272217,169.5390625,290.5642395,51.63804245,290.5831299,110.9625168,
291.0083313,38.04541016,291.0272217,171.9098663,291.0635681,51.96485519,291.08255,110.0211716,
291.5083313,38.36459351,291.5272217,171.8620758,291.5629272,52.04905319,291.5818481,111.0769653,
292.0083313,38.09315109,292.0272217,170.5432587,292.0635681,51.9626236,292.082489,110.6732788,
292.5083313,38.13834381,292.5272217,170.5214691,292.5635681,52.49545288,292.582489,110.3618011,
293.0083313,37.77236176,293.0272217,170.0644989,293.0639648,52.64180756,293.0828857,110.6376877,
293.5083313,38.49559784,293.5272217,170.1718597,293.5629272,52.10585785,293.5818481,110.7392578,
294.0083313,38.23191071,294.0272217,169.0952911,294.0625916,52.68455505,294.0815125,111.4000244,
294.5083313,38.10392761,294.5272217,170.5820618,294.5627747,52.26263428,294.581665,110.6239777,
295.0083313,38.34933853,295.0272217,170.1312714,295.0632935,52.08371735,295.0821838,111.4253693,
295.5083313,37.88032913,295.5272217,168.3049927,295.5629272,52.06351089,295.5818481,108.6025238,
296.0083313,38.22126007,296.0272217,168.2511139,296.0617371,52.16431427,296.080658,109.5886765,
296.5083313,37.82371521,296.5272217,171.1792908,296.5632935,51.72759247,296.5821838,111.1550598,
297.0083313,37.86006927,297.0272217,169.1807251,297.0630798,51.65792084,297.0820007,110.3150253,
297.5083313,38.13375854,297.5272217,169.5141144,297.5632629,51.64469147,297.5821533,109.8411407,
298.0083313,38.31732559,298.0272217,171.7511597,298.0638123,52.08396912,298.0827026,110.8823471,
298.5083313,38.20935822,298.5272217,169.0656433,298.5640869,52.12147141,298.5830078,110.1493378,
299.0083313,37.87008286,299.0272522,168.8339233,299.0634766,51.61961365,299.0823975,110.1530533,
299.5083313,38.04963303,299.5272217,168.1490173,299.5637512,52.01794815,299.5826721,109.6524124,
300.0083313,38.18283844,300.0272217,169.0666046,300.0634155,51.93938065,300.0823364,109.7747726,
300.5083313,38.42769623,300.5272217,169.1032562,300.5623169,51.63472366,300.5812073,110.2313461,
301.0083313,37.80450439,301.0272217,168.048233,301.0627747,51.86258316,301.081665,109.9111252,
301.5083313,38.08595276,301.5272217,167.8516388,301.5639343,51.92139053,301.5828552,109.5078964,
302.0083313,37.77317429,302.0272217,169.4447174,302.0622253,52.15987396,302.0811462,109.8310852,
302.5083313,38.02002716,302.5272217,167.9747772,302.5635681,51.45331573,302.582489,108.6941757,
303.0083313,37.91347504,303.0272217,169.3398743,303.0626221,51.74581528,303.081543,109.1737671,
303.5083313,37.60749817,303.5272217,169.8558502,303.5624695,50.97793579,303.5813904,109.7358932,
304.0083313,38.31462097,304.0272217,170.2600555,304.0638123,51.98999405,304.0827026,109.6852112,
304.5083313,38.26578522,304.5272217,169.8364105,304.5632629,51.01044464,304.5821533,108.3904724,
305.0083313,38.00468063,305.0272217,168.4830017,305.0626221,52.01455307,305.0815735,108.9135208,
305.5083313,38.06532669,305.5272217,169.69664,305.5625,51.95376587,305.5813904,110.2228165,
306.0083313,37.53764343,306.0272217,168.7462616,306.0639954,52.12033463,306.0829163,108.9139099,
306.5083313,37.9419136,306.5272217,169.637146,306.5622253,51.76926804,306.5811462,109.5506439,
307.0083313,38.26409912,307.0272217,168.1135864,307.0627747,51.95079422,307.081665,109.7073975,
307.5083313,38.18459702,307.5272217,169.5352631,307.5637512,51.59913254,307.5826721,108.8764267,
308.0083313,37.58242416,308.0272217,168.6583099,308.06427,51.57764435,308.0831909,109.3661652,
308.5083313,37.70155334,308.5272217,168.1897736,308.5641479,51.80104446,308.5830688,108.5169144,
309.0083313,37.66566849,309.0272217,167.8646698,309.0625916,51.92953873,309.0815125,109.0788193,
309.5083313,37.75102997,309.5272217,166.5519104,309.5636292,52.02131653,309.58255,108.8215256,
310.0083313,38.08335114,310.0272217,168.451828,310.0629272,51.93704224,310.0818481,109.3199158,
310.5083313,37.53130722,310.5272217,167.1197815,310.5637512,51.70072174,310.5826721,107.8453293,
311.0083313,37.40746307,311.0272217,167.5562897,311.0629883,51.70098495,311.0819092,108.4369888,
311.5083313,37.85141373,311.5272217,168.3583374,311.5619202,51.3437767,311.5808411,109.179039,
312.0083313,37.9190712,312.0272217,168.255249,312.0637512,51.4822998,312.0826721,108.8702469,
312.5083313,38.0857811,312.5272217,168.4664307,312.5637512,51.20388412,312.5826721,107.5554047,
313.0083313,37.39371872,313.0272217,168.1210938,313.0624084,51.23984146,313.0813599,108.4588318,
313.5083313,37.55381012,313.5272217,167.611145,313.5629272,51.54537964,313.5818481,108.5223083,
314.0083313,37.87759018,314.0272217,167.9430542,314.0639648,51.42289734,314.0828857,108.805748,
314.5083313,37.58595657,314.5272217,166.8468781,314.5628967,51.84195709,314.5818176,108.4719086,
315.0083313,37.91157913,315.0272217,165.8105316,315.0624084,51.29851532,315.0813599,107.3454056,
315.5083313,37.53831863,315.5272217,167.0165253,315.5626221,51.42026901,315.581543,108.1440125,
316.0083313,37.47399139,316.0272217,167.6678925,316.0631104,51.79846191,316.0820313,108.5947418,
316.5083313,37.80573654,316.5272217,166.4715881,316.5640869,51.25955963,316.5830078,108.5841446,
317.0083313,37.20839691,317.0272217,166.995224,317.0629272,50.99396515,317.0818481,107.4430847,
317.5083313,37.34632111,317.5272217,166.4115906,317.563446,51.42638779,317.5823975,106.7813416,
318.0083313,37.35047913,318.0272217,168.0188293,318.0629272,51.42776108,318.0818481,108.3427582,
318.5083313,37.68233871,318.5272217,167.4812927,318.5634155,51.06518555,318.5823364,106.552063,
319.0083313,37.50345993,319.0272217,167.1630707,319.0621033,51.83049393,319.0810547,108.184494,
319.5083313,37.42179108,319.5272217,165.0952759,319.5635071,51.45111465,319.582428,108.0871277,
320.0083313,37.60560608,320.0272217,165.2481689,320.0635681,51.53972244,320.082489,107.2036972,
320.5083313,37.26018524,320.5272217,167.4595184,320.56427,51.15673447,320.5831604,107.2719955,
321.0083313,37.53781891,321.0272217,164.6578064,321.0634155,50.7987442,321.0823364,107.5790787,
321.5083313,37.55480194,321.5272217,165.8877869,321.5632019,51.39231873,321.5821533,107.6915207,
322.0083313,37.87576294,322.0272217,165.2368317,322.0639343,51.33958817,322.0828552,107.3575211,
322.5083313,36.9870224,322.5272217,166.5811615,322.5629883,51.3107605,322.5819092,105.9538727,
323.0083313,37.25514984,323.0272217,164.647049,323.0643921,50.80280304,323.083313,107.7927399,
323.5083313,36.9787674,323.5272217,165.1173401,323.5625916,51.43545914,323.5815125,108.0434189,
324.0083313,37.49358749,324.0272217,166.6182251,324.0625916,50.90669632,324.0815125,106.3980484,
324.5083313,37.29959869,324.5272522,164.3144226,324.5640564,51.00124741,324.5829773,108.9786301,
325.0083313,37.33528519,325.0272217,165.6289825,325.0640869,51.32429504,325.0830078,107.249527,
325.5083313,37.16765213,325.5272217,167.0330048,325.5625916,51.54441833,325.5815125,107.2605057,
326.0083313,37.77987289,326.0272217,164.9602661,326.0640869,50.81240845,326.0830078,107.4647141,
326.5083313,37.12913132,326.5272217,165.0743866,326.5637512,51.2015686,326.5826721,107.0814972,
327.0083313,37.55239487,327.0272217,165.4842682,327.0637512,50.81065369,327.0826721,106.5014954,
327.5083313,37.43971252,327.5272217,165.6816711,327.5631409,51.33702087,327.5820618,107.2004623,
328.0083313,37.08812332,328.0272217,164.6803741,328.0621643,50.9339447,328.0810547,106.478035,
328.5083313,36.86312485,328.5272217,164.3101349,328.5633545,50.94469452,328.5822144,105.9914322,
329.0083313,37.27940369,329.0272217,164.7074585,329.062561,50.72363281,329.0814819,107.1487808,
329.5083313,36.90126801,329.5272217,164.9807434,329.5634155,51.01504517,329.5823364,107.2430115,
330.0083313,37.16257095,330.0272217,164.6093597,330.0629272,50.44328308,330.0818481,106.1688461,
330.5083313,37.01489639,330.5272217,164.5049896,330.5635681,50.86817551,330.582489,106.3275604,
331.0083313,37.20204926,331.0272217,163.4142303,331.0634155,50.34043884,331.0823364,106.1068802,
331.5083313,36.91041183,331.5272217,163.2345428,331.5627136,50.67420197,331.5816345,106.9187393,
332.0083313,37.2693634,332.0272217,164.8034363,332.0639343,51.18323135,332.0828552,106.8371048,
332.5083313,37.32805634,332.5272217,164.381424,332.5630493,50.8847847,332.5819702,106.7536774,
333.0083313,37.03733063,333.0272217,164.8538361,333.0632629,51.63928223,333.0821533,107.0409088,
333.5083313,37.17990875,333.5272217,163.694397,333.5632629,50.73871994,333.5821533,106.897934,
334.0083313,37.10095596,334.0272522,165.3451233,334.0644226,51.76911926,334.0833435,106.9038925,
334.5083313,37.03017807,334.5272217,164.16716,334.5627747,51.03336334,334.581665,107.1790924,
335.0083313,37.21868134,335.0272217,163.5522308,335.06427,50.91066742,335.0831604,106.7367172,
335.5083313,36.8877182,335.5272217,164.7069855,335.5628052,50.23087311,335.5816956,106.233757,
336.0083313,37.36780167,336.0272217,164.3828735,336.0627747,51.12514877,336.081665,106.4491806,
336.5083313,37.17858124,336.5272217,164.9607391,336.5629578,51.39060974,336.5818787,106.893692,
337.0083313,37.11927795,337.0272522,164.9524078,337.0644226,50.78941345,337.0833435,106.874321,
337.5083313,37.12674332,337.5272217,164.6345673,337.5632935,50.83999634,337.5821838,106.4961472,
338.0083313,37.0396347,338.0272217,163.3946991,338.0630798,50.40267181,338.0820007,105.6929169,
338.5083313,36.83572769,338.5272217,162.6486053,338.562561,51.12477493,338.5814819,106.408165,
339.0083313,37.07765961,339.0272217,162.976593,339.0634155,50.75623703,339.0823364,105.9202423,
339.5083313,37.19274139,339.5272217,163.8936005,339.56427,50.88266754,339.5831604,105.2455444,
340.0083313,37.40115738,340.0272217,163.7671814,340.0639648,50.19629288,340.0829163,105.3637924,
340.5083313,36.87949371,340.5272217,164.2325592,340.5637512,50.21285248,340.5826416,106.6085739,
341.0083313,37.14981461,341.0272217,163.1372986,341.0630798,50.39175415,341.0820007,106.116478,
341.5083313,37.21370697,341.5272217,162.4285583,341.5641174,50.58840179,341.5830688,105.6650085,
342.0083313,37.05863571,342.0272217,163.8652039,342.0624695,50.24671555,342.0813904,106.0743179,
342.5083313,36.86379623,342.5272217,163.5595093,342.5620728,51.16083908,342.5809937,106.2752838,
343.0083313,36.65056229,343.0272217,162.3716125,343.0610657,50.58143234,343.0799866,106.4972382,
343.5083313,36.94544983,343.5272217,160.952179,343.5629272,50.21930313,343.5818481,106.8356705,
344.0083313,37.00884247,344.0272217,161.9712372,344.0635681,50.41923904,344.082489,105.2848511,
344.5083313,36.83246613,344.5272217,161.2224121,344.5614319,50.36508179,344.5803528,105.2889175,
345.0083313,36.36342239,345.0272217,163.0878296,345.0624084,50.55909729,345.0813599,104.6226883,
345.5083313,36.84686279,345.5272522,162.6199493,345.5633545,50.51809311,345.5822144,104.875618,
346.0083313,36.94618988,346.0272217,163.6054993,346.0631104,50.98479843,346.0820313,105.8319168,
346.5083313,36.9170723,346.5272217,160.4232178,346.5640869,49.90823364,346.5830078,105.7150879,
347.0083313,36.95450974,347.0272217,162.8318176,347.0634155,50.34017181,347.0823364,105.0139847,
347.5083313,37.11462021,347.5272217,163.7852325,347.5632629,50.29261398,347.5821533,105.2189484,
348.0083313,36.87696838,348.0272217,161.5387573,348.0645752,50.17694092,348.0834961,105.5796585,
348.5083313,37.10529709,348.5272217,162.6686707,348.5629883,50.50563049,348.5819092,105.0184402,
349.0083313,37.14756012,349.0272217,162.1652832,349.0629578,50.00705338,349.0818787,104.6012726,
349.5083313,36.80223465,349.5272217,162.7562408,349.5637512,50.39463425,349.5826416,105.067749,
350.0083313,36.58928299,350.0272217,162.5485229,350.0628357,50.67147827,350.0817261,104.1150818,
350.5083313,36.51789093,350.5272217,162.1851959,350.5634155,50.3096199,350.5823975,105.6657028,
351.0083313,36.74819565,351.0272217,160.867157,351.0638123,49.73338699,351.0827026,104.7218094,
351.5083313,36.91959,351.5272217,162.4011841,351.5632629,50.64268875,351.5821533,103.6460419,
352.0083313,36.74061203,352.0272217,161.0379791,352.0634155,50.38632584,352.0823364,105.0019989,
352.5083313,36.47710419,352.5272217,162.1941681,352.5640869,50.06100845,352.5830078,104.6595535,
353.0083313,36.43832397,353.0272217,161.079361,353.0630798,49.99487305,353.0820007,104.6036148,
353.5083313,36.28577042,353.5272217,159.616333,353.5644836,49.96080399,353.5834045,103.8305206,
354.0083313,36.65954971,354.0272217,163.1875763,354.0639648,49.85067749,354.0828857,102.9994125,
354.5083313,36.44353867,354.5272522,160.7576752,354.56427,50.21136856,354.5831604,103.7233047,
355.0083313,36.97969818,355.0272217,161.6873779,355.0631409,49.75051117,355.0820618,103.904892,
355.5083313,37.05106735,355.5272522,161.1773071,355.5634155,49.97300339,355.5823364,104.4122849,
356.0083313,36.63386154,356.0272217,161.9517059,356.0632019,50.37196732,356.0821533,103.9031448,
356.5083313,36.37931442,356.5272217,160.9764557,356.5633545,50.19359589,356.5822144,104.0127869,
357.0083313,36.3151741,357.0272217,161.6920929,357.0633545,49.44595337,357.0822144,104.2110825,
357.5083313,36.41416168,357.5272217,160.9334106,357.5624084,50.44340134,357.5813599,104.484169,
358.0083313,36.8049202,358.0272217,161.4914246,358.0631409,50.28682327,358.0820618,103.9027328,
358.5083313,36.99372864,358.5272217,160.8526611,358.5629883,50.2828598,358.5819092,103.6807404,
359.0083313,36.53844833,359.0272217,160.6710205,359.0624084,49.97686005,359.0813599,104.0374603,
359.5083313,36.47494125,359.5272217,159.9619446,359.5629883,50.11536789,359.5819092,105.0789642,
360.0083313,36.74933624,360.0272217,159.7920685,360.0640869,50.0945549,360.0830078,103.5301208,
360.5083313,36.23960876,360.5272217,160.8674622,360.5630798,49.88036728,360.5820007,104.4793472,
361.0083313,36.50297546,361.0272217,160.4481354,361.0631409,50.3313446,361.0820618,104.1160583,
361.5083313,36.68584824,361.5272217,160.0217743,361.5627747,50.35977554,361.581665,104.6427765,
362.0083313,36.3475647,362.0272217,160.1129913,362.0632629,50.34135056,362.0821533,104.1435089,
362.5083313,36.19408417,362.5272217,160.7547913,362.5623169,49.71430206,362.5812073,104.4615707,
363.0083313,36.53414536,363.0272522,159.9898071,363.0645752,49.53425598,363.0834961,103.8101196,
363.5083313,36.32653809,363.5272217,159.1135406,363.5632019,50.126194,363.5821533,104.4585571,
364.0083313,36.38809204,364.0272217,159.4470367,364.0632629,50.05174637,364.0821533,103.4349365,
364.5083313,36.65850449,364.5272217,160.3022156,364.5627747,50.02841187,364.581665,104.348465,
365.0083313,36.41374969,365.0272217,158.7429352,365.0638123,50.07172394,365.0827026,103.5769119,
365.5083313,36.26722336,365.5272217,157.8879395,365.5628052,50.08319855,365.5816956,103.9696274,
366.0083313,36.22584534,366.0272217,159.9293671,366.0628357,49.82151794,366.0817261,103.3813553,
366.5083313,36.17648697,366.5272217,158.6602631,366.5638123,49.32675171,366.5827026,103.5014343,
367.0083313,36.71175766,367.0272217,161.131546,367.063324,50.20347214,367.0822144,103.4199295,
367.5083313,36.82619858,367.5272217,161.2277374,367.5627136,50.1051712,367.5816345,103.747467,
368.0083313,36.19679642,368.0272217,158.0718689,368.0632629,50.12784576,368.0821533,103.9239349,
368.5083313,36.36850357,368.5272217,158.5788879,368.5627747,49.59477997,368.581665,102.8201523,
369.0083313,36.3276825,369.0272217,159.622818,369.0625916,49.59735489,369.0815125,102.9248886,
369.5083313,36.56697083,369.5272217,159.8751526,369.5637512,49.69364166,369.5826721,102.1107025,
370.0083313,36.5021019,370.0272217,158.5016937,370.0617065,50.00248718,370.0806274,102.1075516,
370.5083313,36.60929108,370.5272217,157.6831207,370.5649109,49.63467789,370.5838318,102.1192627,
371.0083313,36.1072998,371.0272217,156.7026672,371.0629272,49.26618576,371.0818481,102.5570297,
371.5083313,36.06233978,371.5272217,157.3213654,371.5633545,49.62829971,371.5822144,104.1813736,
372.0083313,36.50175095,372.0272217,158.3931732,372.0636292,49.53543854,372.08255,102.6740417,
372.5083313,36.15620804,372.5272217,157.0566254,372.5632629,49.81466293,372.5821533,103.8081818,
373.0083313,36.12054443,373.0272217,156.1486053,373.06427,49.47803879,373.0831604,104.0787811,
373.5083313,36.00364304,373.5272217,157.5057373,373.5634155,49.523983,373.5823364,102.6504745,
374.0083313,36.19969177,374.0272217,155.2992859,374.0629272,49.78764725,374.0818481,102.5735931,
374.5083313,36.06851959,374.5272217,156.844162,374.5630798,49.42263794,374.5820007,102.2181473,
375.0083313,36.14483261,375.0272217,157.2644348,375.0629272,49.28277969,375.0818481,101.6220474,
375.5083313,35.79214859,375.5272217,154.9550476,375.5640869,49.50051498,375.5830078,103.3481827,
376.0083313,35.90115356,376.0272217,155.9380646,376.0620728,49.30672073,376.0809937,102.4780121,
376.5083313,36.06467056,376.5272217,156.6727448,376.5632629,49.36974335,376.5821533,102.0398331,
377.0083313,35.46278763,377.0272217,155.0680389,377.0628357,49.50811386,377.0817261,102.5589523,
377.5083313,35.84837341,377.5272217,156.4756165,377.5638428,49.4356308,377.5827026,102.1234207,
378.0083313,35.78957748,378.0272217,154.9556427,378.0635071,49.77761078,378.0823975,102.4949646,
378.5083313,35.75190353,378.5272217,156.3430328,378.5631104,49.25056076,378.5820313,101.8627014,
379.0083313,35.64134979,379.0272217,154.747345,379.0625916,49.38798141,379.0815125,100.2148361,
379.5083313,35.77074814,379.5272217,155.42099,379.5637512,49.79333115,379.5826721,102.3147354,
380.0083313,35.48628235,380.0272217,156.5602722,380.0642395,49.5380249,380.0831604,101.8600464,
380.5083313,35.87239456,380.5272217,155.0099182,380.5624084,49.07535934,380.5813599,101.1324158,
381.0083313,35.90352249,381.0272217,154.5969849,381.0634766,49.21706009,381.0823975,101.1759033,
381.5083313,35.70567322,381.5272217,154.6170044,381.5629272,49.39004135,381.5818481,100.5147171,
382.0083313,35.8190918,382.0272217,154.8870392,382.0639343,49.57484436,382.0828552,101.4617157,
382.5083313,35.7837944,382.5272217,155.139801,382.5628052,48.75474548,382.5816956,101.3134308,
383.0083313,35.5434761,383.0272217,154.4315186,383.0627747,48.67115784,383.081665,101.2039108,
383.5083313,35.54511261,383.5272217,155.4694214,383.5636292,48.75285339,383.58255,100.7955475,
384.0083313,35.67798615,384.0272217,155.3721924,384.0640869,48.72389984,384.0830078,100.8320007,
384.5083313,35.611763,384.5272217,154.9829865,384.5640869,49.15325928,384.5830078,100.7115555,
385.0083313,35.4834938,385.0272217,154.9546051,385.0627747,48.78997803,385.081665,100.1232758,
385.5083313,36.00002289,385.5272217,153.3465576,385.5634155,48.44164658,385.5823364,99.88455963,
386.0083313,35.42654419,386.0272217,153.8645325,386.0629272,48.41057968,386.0818481,99.84466553,
386.5083313,35.69907379,386.5272217,154.9936218,386.5634155,49.08227158,386.5823364,99.93867493,
387.0083313,36.07666779,387.0272217,153.9201813,387.0632629,49.16392136,387.0821533,100.7317657,
387.5083313,35.8979454,387.5272217,155.0584412,387.5634766,48.41952896,387.5823975,100.6827545,
388.0083313,35.80069351,388.0272217,156.0070953,388.0627747,48.86228561,388.081665,100.8973541,
388.5083313,35.22677231,388.5272217,153.8949432,388.5640869,48.48450089,388.5830383,101.2753677,
389.0083313,35.43928909,389.0272217,153.7927399,389.0627747,48.60817337,389.081665,100.7373428,
389.5083313,35.70698929,389.5272217,155.456955,389.56073,48.76687241,389.5796509,100.0725784,
390.0083313,35.67473221,390.0272217,154.6345062,390.0634766,47.9705162,390.0823975,99.48339081,
390.5083313,35.4216156,390.5272217,153.2809143,390.5640869,48.33932114,390.5830078,99.49282074,
391.0083313,35.82690048,391.0272217,154.3931732,391.0625916,48.92710876,391.0815125,99.92844391,
391.5083313,35.63771057,391.5272217,154.5781708,391.5630493,48.3128624,391.5819702,99.44303894,
392.0083313,35.74058914,392.0272217,154.8639221,392.0635681,48.74261475,392.082489,100.7140503,
392.5083313,35.4470253,392.5272217,153.8696136,392.5624695,48.3886261,392.5813904,100.2200012,
393.0083313,35.67915344,393.0272217,153.0533295,393.0639343,48.7362175,393.0828552,99.85848236,
393.5083313,35.75658035,393.5272217,153.2753601,393.5634766,48.83039474,393.5823975,98.83654022,
394.0083313,35.67432404,394.0272217,153.1907501,394.0632629,48.71776199,394.0821533,99.5773468,
394.5083313,35.78214645,394.5272217,151.7994232,394.5625,48.47771072,394.5813904,98.67653656,
395.0083313,35.67648315,395.0272217,155.2334442,395.0637512,48.16192245,395.0826416,99.39335632,
395.5083313,35.92255783,395.5272217,154.3505707,395.5614319,48.67274475,395.5803528,99.25344086,
396.0083313,35.6134491,396.0272217,153.89534,396.0628967,48.34448242,396.0818176,99.6625061,
396.5083313,35.58335495,396.5272217,154.1736603,396.5628967,48.50659561,396.5818176,99.63300323,
397.0083313,35.78689957,397.0272217,153.2804413,397.0628357,48.56150055,397.0817261,98.83304596,
397.5083313,35.5208168,397.5272217,153.2623138,397.5617371,48.0390892,397.580658,99.08695221,
398.0083313,31.91021538,398.0272217,134.024292,398.0632629,48.63409424,398.0821533,98.66654205,
398.5083313,31.18901253,398.5272217,133.0657501,398.5638123,48.37350082,398.5827026,99.13037109,
399.0083313,31.69950485,399.0272217,132.9305267,399.0643921,48.06861115,399.083313,99.01847076,
399.5083313,31.87953758,399.5272217,131.5740967,399.56427,48.508255,399.5831604,99.56054688,
400.0083313,32.0750351,400.0272217,132.8585815,400.0632629,48.27713776,400.0821533,99.39147949,
400.5083313,31.54301643,400.5272217,132.3561249,400.5647278,48.11378479,400.5836487,98.85148621,
401.0083313,31.65135574,401.0272217,132.8975677,401.0643311,47.76169586,401.0832214,98.33547974,
401.5083313,31.92767525,401.5272217,131.1207581,401.5632019,47.66472244,401.5821533,97.89849854,
402.0083313,31.29254723,402.0272217,131.6599426,402.0634155,48.16109467,402.0823364,97.26656342,
402.5083313,31.25660896,402.5272217,130.2931061,402.5641479,47.82860565,402.5830688,97.38968658,
403.0083313,31.73366928,403.0272217,132.7473145,403.0637512,47.89520264,403.0826416,97.91591644,
403.5083313,31.5524044,403.5272522,131.4612732,403.5639343,47.93710327,403.5828552,98.26354218,
404.0083313,31.60655785,404.0272217,131.3386078,404.0627747,47.52093124,404.081665,97.51133728,
404.5083313,31.44120789,404.5272217,131.6255188,404.5636292,48.02194595,404.58255,97.77986908,
405.0083313,31.88643265,405.0272217,132.6174316,405.0639343,47.96051788,405.0828552,97.40036774,
405.5083313,31.60015869,405.5272217,131.124115,405.5627747,47.63589096,405.581665,97.82187653,
406.0083313,31.63611603,406.0272217,131.9217834,406.062561,47.83076096,406.0814819,97.2957077,
406.5083313,31.69535065,406.5272217,132.9613953,406.5639038,47.63825989,406.5828247,97.54663849,
407.0083313,31.48571014,407.0272217,131.1279907,407.0630798,47.94427872,407.0820313,97.677742,
407.5083313,31.52427864,407.5272217,130.6027985,407.5627747,47.69984436,407.581665,97.41970825,
408.0083313,31.65320015,408.0272217,131.2824249,408.06427,47.84138489,408.0831909,98.40236664,
408.5083313,31.48019981,408.5272217,131.7877655,408.563446,47.71793365,408.5823975,98.43346405,
409.0083313,31.97849846,409.0272217,133.4504242,409.0634155,48.49351883,409.0823364,98.6854248,
409.5083313,31.63746452,409.5272217,132.4361115,409.5632629,47.93746185,409.5821838,97.40364075,
410.0083313,31.69621849,410.0272217,133.5031128,410.0636292,48.03224182,410.08255,98.13972473,
410.5083313,31.64757347,410.5272217,132.6302795,410.5644226,48.15039444,410.5833435,98.19533539,
411.0083313,31.67777061,411.0272217,132.3512421,411.0637512,48.32711411,411.0826721,98.46799469,
411.5083313,31.85614204,411.5272217,130.9528656,411.5648193,48.26480865,411.5837097,98.58618164,
412.0083313,31.74057961,412.0272217,132.6070099,412.0630798,48.27300262,412.0820007,98.77964783,
412.5083313,31.7928009,412.5272217,131.6396332,412.5635681,47.78655624,412.582489,99.12979126,
413.0083313,31.70678711,413.0272217,131.1667786,413.0632629,47.80636597,413.0821533,99.03697968,
413.5083313,31.8420639,413.5272217,131.0672455,413.5629883,48.26190567,413.5819092,98.5809021,
414.0083313,31.86880493,414.0272217,131.973877,414.0624084,48.35824585,414.0813599,98.82820129,
414.5083313,31.72122765,414.5272217,131.3039551,414.5629883,48.13631439,414.5819092,99.55783081,
415.0083313,31.817873,415.0272217,130.3106384,415.0643005,48.48080063,415.0831909,99.14382172,
415.5083313,31.58372688,415.5272217,130.5971832,415.5628357,48.47612,415.5817261,99.73281097,
416.0083313,31.52323532,416.0272217,128.9738464,416.0637512,48.91579437,416.0826721,99.90403748,
416.5083313,31.57915497,416.5272217,131.8990784,416.5630798,48.56029892,416.5820007,99.30302429,
417.0083313,31.59035683,417.0272217,130.0810547,417.0628967,48.76769638,417.0818176,99.30123138,
417.5083313,31.368927,417.5272217,130.649765,417.5622253,48.38357925,417.5811462,99.22660065,
418.0083313,31.68510246,418.0272217,130.3635559,418.0641479,48.30670166,418.0830688,98.63653564,
418.5083313,31.30761147,418.5272217,130.0137787,418.563324,48.71171951,418.5822144,99.59463501,
419.0083313,31.35043716,419.0272217,129.3847656,419.0635681,48.61714554,419.082489,99.03315735,
419.5083313,31.43806076,419.5272217,129.2867432,419.5614319,48.65565872,419.5803528,98.9802475,
420.0083313,31.28120613,420.0272217,129.6837463,420.0628967,48.29293442,420.0818176,99.62597656,
420.5083313,31.45959282,420.5272217,131.1610565,420.5638123,48.47539902,420.5827026,99.25540924,
421.0083313,31.70900345,421.0272217,131.011734,421.0628052,48.46831512,421.0816956,99.59751892,
421.5083313,31.52078819,421.5272217,129.9053345,421.5624695,48.36595535,421.5813904,97.88127136,
422.0083313,31.59062576,422.0272217,129.0043945,422.0630798,48.65610123,422.0820007,98.26406097,
422.5083313,31.96315765,422.5272217,130.5714417,422.5637512,48.04078674,422.5826416,98.95174408,
423.0083313,31.4378624,423.0272217,130.6567993,423.0637512,48.11091995,423.0826721,99.50229645,
423.5083313,31.78502274,423.5272217,131.6799164,423.5632629,48.165905,423.5821533,98.95613098,
424.0083313,31.53008652,424.0272217,129.4797821,424.0624084,49.14735031,424.0813293,99.4324646,
424.5083313,31.79493141,424.5272217,130.7789764,424.5635681,48.85591125,424.582489,99.38106537,
425.0083313,31.55405045,425.0272217,131.4427338,425.0628357,48.73060989,425.0817261,99.32120514,
425.5083313,31.5855217,425.5272217,131.1846008,425.5623474,48.50507355,425.5812073,99.35896301,
426.0083313,31.45484161,426.0272217,130.0714722,426.0627747,48.52907562,426.081665,97.6385498,
426.5083313,31.94701958,426.5272217,130.9273682,426.563324,48.62979126,426.5822144,97.88567352,
427.0083313,31.93497658,427.0272217,129.815567,427.0624695,47.73346329,427.0813904,98.79328156,
427.5083313,31.88166809,427.5272217,131.4211273,427.5624084,48.44651413,427.5813599,100.4107971,
428.0083313,31.99517822,428.0272217,131.1248169,428.0623474,48.67676926,428.0812073,99.07738495,
428.5083313,31.62015152,428.5272217,129.6077423,428.5613098,48.5997467,428.5802002,98.47348785,
429.0083313,31.646595,429.0272217,129.986145,429.0627136,48.54182053,429.0816345,99.03463745,
429.5083313,31.98581886,429.5272217,130.0136871,429.5627136,48.4923439,429.5816345,98.44795227,
430.0083313,31.55216217,430.0272217,129.5673828,430.062561,48.4871254,430.0814819,98.11914825,
430.5083313,31.45818329,430.5272217,131.3862,430.5639648,48.4475174,430.5829163,98.0848465,
431.0083313,31.72491837,431.0272217,131.4598694,431.0624084,47.97939301,431.0813599,98.69642639,
431.5083313,31.59540939,431.5272217,130.5218048,431.5635681,48.30143356,431.582489,99.30957794,
432.0083313,32.00974655,432.0272217,130.8885651,432.0637512,48.85003281,432.0826721,98.0666275,
432.5083313,31.84415817,432.5272217,130.6242523,432.5624084,47.83097839,432.5813293,98.46340942,
433.0083313,31.36016083,433.0272217,131.7334595,433.0623474,48.2714119,433.0812073,98.84926605,
433.5083313,31.94251251,433.5272217,129.7801361,433.5637512,48.05135345,433.5826721,98.75753784,
434.0083313,32.00892639,434.0272217,130.2481384,434.0631409,48.61237717,434.0820618,98.97153473,
434.5083313,31.80233002,434.5272522,132.1707153,434.5630798,48.63925552,434.5820007,97.39645386,
435.0083313,31.90442848,435.0272217,131.5205231,435.063446,48.2513237,435.0823975,98.65214539,
435.5083313,31.77565765,435.5272217,130.8308868,435.5630798,47.8660965,435.5820007,98.37725067,
436.0083313,32.15635681,436.0272217,130.3265533,436.0637512,48.2457695,436.0826721,97.79902649,
436.5083313,31.94567871,436.5272217,131.7339935,436.5631409,48.33348083,436.5820618,99.33650208,
437.0083313,31.79450417,437.0272217,130.9968719,437.0635681,48.06781006,437.082489,98.56912231,
437.5083313,31.65437698,437.5272217,131.3044891,437.5630798,48.22885132,437.5820007,98.19174194,
438.0083313,32.08532715,438.0272217,130.3861847,438.0619202,48.20454025,438.0808411,97.74058533,
438.5083313,32.12509155,438.5272217,130.732193,438.5636597,47.88389969,438.58255,97.94220734,
439.0083313,31.93153,439.0272217,131.4356384,439.0635681,48.38521194,439.082489,98.76339722,
439.5083313,31.58167839,439.5272217,129.2168427,439.5637512,48.16232681,439.5826721,98.28090668,
440.0083313,31.76372147,440.0272217,130.0213165,440.0629578,47.73609161,440.0818787,98.03794861,
440.5083313,31.97182274,440.5272217,130.355957,440.5640869,47.82666397,440.5830078,97.68469238,
441.0083313,31.70692635,441.0272217,130.3095551,441.0632629,48.25187302,441.0821533,98.44636536,
441.5083313,31.79008102,441.5272217,129.6442108,441.5625,47.56787109,441.5813904,98.45004272,
442.0083313,31.6724968,442.0272217,129.3218842,442.0627747,47.77677917,442.081665,97.89067841,
442.5083313,31.82155609,442.5272217,129.4694977,442.5637512,47.29588318,442.5826721,97.25513458,
443.0083313,31.00717926,443.0272217,129.322052,443.0627747,47.37924957,443.081665,97.60688782,
443.5083313,31.53407669,443.5272217,128.1924591,443.5634155,47.5514679,443.5823364,96.37981415,
444.0083313,31.47464561,444.0272217,128.8169861,444.0641174,47.47083282,444.0830383,97.4315567,
444.5083313,31.21892929,444.5272217,128.5426788,444.5630798,47.6974144,444.5820313,97.85878754,
445.0083313,31.09132385,445.0272217,128.2915344,445.0629272,47.94546127,445.0818481,97.03956604,
445.5083313,31.04122353,445.5272217,127.9476852,445.5622253,47.46464157,445.5811462,96.56240845,
446.0083313,31.49039268,446.0272217,127.9942398,446.0629883,47.99205399,446.0819092,97.12627411,
446.5083313,31.66095161,446.5272217,129.2585754,446.5624084,47.74873352,446.5813293,96.78086853,
447.0083313,31.14084625,447.0272217,128.4264832,447.0629883,47.74806213,447.0819092,96.53536224,
447.5083313,31.5110302,447.5272217,128.5303955,447.5649109,48.06867599,447.5838318,97.67687225,
448.0083313,31.48129272,448.0272217,127.5670853,448.0612488,48.24633789,448.0801697,96.12084961,
448.5083313,31.3110981,448.5272217,127.5041733,448.5643921,47.48371506,448.5833435,96.64492798,
449.0083313,31.07956696,449.0272217,127.3764496,449.0632629,47.71392822,449.0821533,96.82604218,
449.5083313,31.0635891,449.5272217,127.8648682,449.5637512,48.37830734,449.5826721,96.84299469,
450.0083313,31.14177513,450.0272217,128.6121368,450.0632935,47.94892502,450.0821838,97.32839966,
450.5083313,31.46765709,450.5272217,127.9698944,450.5634155,47.57798004,450.5823364,95.39777374,
451.0083313,31.4373188,451.0272217,126.9937439,451.0634155,47.13825226,451.0823364,97.09979248,
451.5083313,31.83230782,451.5272217,127.4408417,451.5627747,48.03662109,451.581665,96.59872437,
452.0083313,31.00450706,452.0272217,126.6882095,452.0632629,47.0411377,452.0821533,96.60287476,
452.5083313,31.56443024,452.5272217,125.8995209,452.5632935,47.38988113,452.5821838,96.66191864,
453.0083313,30.91474724,453.0272217,126.9651794,453.0637512,47.16506195,453.0826721,95.73123169,
453.5083313,31.35421562,453.5272217,127.0655975,453.5623474,47.56320953,453.5812073,96.25992584,
454.0083313,31.04648972,454.0272217,126.5601044,454.0622253,47.71647644,454.0811462,96.60907745,
454.5083313,31.1296463,454.5272217,127.6227646,454.5639038,47.80744553,454.5828552,96.40159607,
455.0083313,31.14294624,455.0272217,127.2436829,455.0629272,47.09539795,455.0818481,96.89031219,
455.5083313,31.18414307,455.5272217,127.8145905,455.5630798,47.13627243,455.5820007,95.93399811,
456.0083313,31.28964806,456.0272217,126.2825012,456.0639954,47.50118637,456.0829163,96.13904572,
456.5083313,31.27887154,456.5272217,126.6223373,456.5627747,47.44432068,456.581665,95.96274567,
457.0083313,31.15261269,457.0272217,126.5846634,457.0640869,47.34251404,457.0830078,95.62121582,
457.5083313,31.09460258,457.5272217,127.2504959,457.5641174,47.84004593,457.5830383,95.96548462,
458.0083313,31.02180099,458.0272217,125.8515854,458.0631104,47.27474213,458.0820313,96.71003723,
458.5083313,31.05877113,458.5272217,126.4967346,458.5643311,47.21087646,458.5832214,95.84252167,
459.0083313,31.01434708,459.0272217,125.8690186,459.0627136,46.99689102,459.0816345,95.5013504,
459.5083313,30.96910858,459.5272522,125.8007278,459.5637512,47.25884247,459.5826721,95.97844696,
460.0083313,31.44994736,460.0272217,126.6306229,460.0632629,47.28340912,460.0821533,95.86138153,
460.5083313,30.81974792,460.5272217,125.2161102,460.5640869,47.64406204,460.5830078,96.04410553,
461.0083313,30.96026802,461.0272217,125.495163,461.0634155,47.1584549,461.0823364,95.35904694,
461.5083313,31.19597626,461.5272217,126.2639923,461.5626221,47.10723114,461.581543,95.68763733,
462.0083313,31.25154877,462.0272217,126.1213837,462.0637512,47.51841736,462.0826721,96.1887207,
462.5083313,30.96630478,462.5272217,126.2136078,462.5634155,47.2458725,462.5823364,96.28039551,
463.0083313,30.86969757,463.0272217,125.4196167,463.0629883,47.26577377,463.0819092,94.78179932,
463.5083313,30.81566429,463.5272217,125.2163239,463.5629883,46.96350861,463.5819092,95.21891022,
464.0083313,31.11317062,464.0272217,125.8139877,464.0624695,47.3529892,464.0813904,95.84243011,
464.5083313,30.58260918,464.5272217,126.9621887,464.56073,46.79358292,464.5796509,95.48902893,
465.0083313,31.44254112,465.0272217,125.3945236,465.0624084,46.76241684,465.0813599,95.23287964,
465.5083313,30.89541626,465.5272217,124.9379272,465.5637512,46.82197952,465.5826721,95.0845108,
466.0083313,30.99324417,466.0272217,125.0230103,466.0635681,46.99915695,466.082489,94.98993683,
466.5083313,30.62086678,466.5272217,124.3952789,466.5629272,47.0670433,466.5818481,95.81828308,
467.0083313,30.9870472,467.0272217,125.3689957,467.0635681,46.97641373,467.082489,95.58218384,
467.5083313,30.95019722,467.5272217,124.5042267,467.5620728,47.0174408,467.5809937,96.19544983,
468.0083313,31.00327873,468.0272217,124.5372162,468.0635071,47.215065,468.0823975,95.20063019,
468.5083313,30.81810951,468.5272217,126.1118622,468.5623169,47.59174728,468.5812073,95.79288483,
469.0083313,30.83545876,469.0272217,125.5376663,469.063446,47.08450699,469.0823975,95.64692688,
469.5083313,30.68911171,469.5272217,123.843811,469.5625916,46.96190643,469.5815125,95.24607849,
470.0083313,31.15482521,470.0272217,124.5007935,470.0634155,47.53691864,470.0823364,96.08137512,
470.5083313,30.84358788,470.5272217,125.0565338,470.5628357,47.22977448,470.5817261,95.03197479,
471.0083313,30.986866,471.0272217,125.7465363,471.0621643,47.14142227,471.0810547,96.07059479,
471.5083313,31.32205391,471.5272217,125.4635315,471.5621643,46.84669495,471.5810547,95.20278168,
472.0083313,31.01065063,472.0272217,124.8541641,472.0622253,47.80474472,472.0811462,95.77231598,
472.5083313,31.04068375,472.5272217,124.3170547,472.562561,47.47245407,472.5814819,95.54330444,
473.0083313,30.863451,473.0272217,125.7386932,473.0636292,47.33854294,473.08255,96.03943634,
473.5083313,30.40038109,473.5272217,124.2916031,473.5630493,47.33244324,473.5819702,94.18065643,
474.0083313,31.03193665,474.0272217,124.5462875,474.0629272,47.27322006,474.0818481,95.24329376,
474.5083313,30.71617317,474.5272217,123.5235825,474.563324,47.52436066,474.5822144,95.83849335,
475.0083313,30.62413216,475.0272217,123.6819839,475.0638123,46.82758713,475.0827026,95.5594635,
475.5083313,30.81851959,475.5272217,124.5053329,475.5645447,46.88225937,475.5834656,95.09075928,
476.0083313,30.81720161,476.0272217,124.4515381,476.0632019,46.91926956,476.0821533,95.27565002,
476.5083313,30.57603073,476.5272217,123.8856354,476.5635681,47.45206451,476.582489,95.04956818,
477.0083313,30.56127548,477.0272217,122.4000702,477.0628967,47.14666367,477.0818176,94.65506744,
477.5083313,30.39486122,477.5272217,123.4917679,477.5625916,46.85341263,477.5815125,94.86218262,
478.0083313,30.58641243,478.0272217,123.8448944,478.0628357,46.82129669,478.0817261,95.18502808,
478.5083313,30.51406097,478.5272217,123.8327408,478.5620728,46.77099228,478.5809937,94.67567444,
479.0083313,30.38628387,479.0272217,123.0694199,479.0621338,47.14332581,479.0810547,94.57008362,
479.5083313,30.75707054,479.5272217,123.996727,479.5635681,46.93691254,479.582489,95.51148987,
480.0083313,30.9054451,480.0272217,123.5659103,480.0620728,46.58244705,480.0810547,93.99707794,
480.5083313,30.54224586,480.5272217,123.9148788,480.5633545,46.61667252,480.5822144,95.45769501,
481.0083313,30.75844002,481.0272217,124.7129135,481.0635681,47.15561676,481.0825195,94.56916046,
481.5083313,30.35006905,481.5272217,124.0492249,481.5625916,46.66583633,481.5815125,94.25427246,
482.0083313,30.7352581,482.0272217,123.2572556,482.0637512,46.71790695,482.0826416,94.14001465,
482.5083313,30.65210915,482.5272217,124.1698914,482.5634155,46.94783401,482.5823364,93.82610321,
483.0083313,30.49772072,483.0272217,123.1001511,483.0630798,46.49230576,483.0820007,93.64358521,
483.5083313,30.25994682,483.5272217,122.3411255,483.5635681,47.01326752,483.582489,94.18758392,
484.0083313,30.61791992,484.0272217,122.9301529,484.0634155,46.83518982,484.0823364,94.63228607,
484.5083313,30.21011925,484.5272217,122.3255844,484.5632629,46.29532623,484.5821533,95.42926025,
485.0083313,30.72654724,485.0272217,123.074173,485.0629272,46.81803131,485.0818481,94.52696228,
485.5083313,30.39149666,485.5272217,122.9767532,485.5640869,46.64569855,485.5830078,94.69216919,
486.0083313,30.24054718,486.0272217,122.4493332,486.0638123,45.87959671,486.0827026,93.99350739,
486.5083313,30.55483437,486.5272217,122.7695389,486.5639648,46.74168396,486.5829163,93.27159882,
487.0083313,30.7263813,487.0272217,120.8360291,487.0639648,46.18999863,487.0829163,92.87636566,
487.5083313,30.52591705,487.5272217,121.7932968,487.5637512,46.37298203,487.5826721,93.38502502,
488.0083313,30.40137482,488.0272522,123.1942749,488.0628967,46.561203,488.0818176,93.15816498,
488.5083313,30.26956558,488.5272522,123.0831375,488.5641479,46.17760086,488.5830688,93.67768097,
489.0083313,30.47429276,489.0272217,122.0857315,489.0627747,46.17969131,489.081665,93.14771271,
489.5083313,30.32015038,489.5272217,121.8323669,489.5630798,46.57944489,489.5820007,93.00801086,
490.0083313,30.27393532,490.0272217,120.6356277,490.0644226,46.52068329,490.0833435,93.56066132,
490.5083313,30.04832268,490.5272217,121.7840805,490.5635681,46.36917877,490.582489,93.92473602,
491.0083313,30.43089676,491.0272217,121.6615601,491.0635071,46.30825043,491.082428,93.83519745,
491.5083313,30.49649811,491.5272217,120.7090988,491.5632935,46.69583511,491.5821838,93.09638214,
492.0083313,30.10878372,492.0272217,120.872612,492.063324,46.92911148,492.0822144,92.83422089,
492.5083313,30.29038048,492.5272217,119.1643143,492.5628357,46.20982742,492.5817261,93.36472321,
493.0083313,30.20378113,493.0272217,121.5309067,493.0629883,46.33116913,493.0819092,93.06620789,
493.5083313,30.25978088,493.5272217,121.3827438,493.5624695,46.06351471,493.5813904,92.995224,
494.0083313,30.24332237,494.0272217,120.9106293,494.0634155,46.19347,494.0823364,93.29722595,
494.5083313,30.27287865,494.5272217,120.3896408,494.5629883,46.63404083,494.5819092,94.1002121,
495.0083313,30.04272842,495.0272217,120.9720535,495.0627747,46.48615646,495.081665,93.3419342,
495.5083313,30.39744759,495.5272217,120.2854462,495.5632629,46.1894455,495.5821533,93.43903351,
496.0083313,30.25617599,496.0272217,120.50103,496.0640564,46.02445984,496.0829773,92.72637939,
496.5083313,30.11951828,496.5272217,121.5980377,496.5643005,45.97654343,496.5831909,92.43716431,
497.0083313,30.3520565,497.0272217,120.649498,497.0634766,46.30366516,497.0823975,92.23797607,
497.5083313,29.82564354,497.5272217,120.7417297,497.5635681,46.35674667,497.582489,93.33276367,
498.0083313,30.16697884,498.0272217,121.0750656,498.0630798,45.79097366,498.0820007,92.7131958,
498.5083313,30.15818596,498.5272522,120.2566147,498.5641479,46.31377411,498.5830688,92.92740631,
499.0083313,30.00823784,499.0272217,120.5551147,499.0636292,46.67719269,499.08255,92.34905243,
499.5083313,30.337883,499.5272217,119.5676117,499.5639648,45.97481155,499.5828857,92.30383301,
500.0083313,30.09532166,500.0272217,120.4449539,500.0647278,45.69379807,500.0836487,92.45986938,
500.5083313,30.10827065,500.5272217,120.5828094,500.5628967,46.35477829,500.5818176,92.04398346,
501.0083313,30.22490692,501.0272217,120.2096786,501.0627747,45.77382278,501.081665,91.44470215,
501.5083313,29.90004539,501.5272217,120.9261856,501.5639038,45.63503647,501.5828247,92.03259277,
502.0083313,29.78976822,502.0272217,118.9332809,502.0632629,45.91880035,502.0821533,91.73722839,
502.5083313,30.27723694,502.5272217,120.4735031,502.5629883,45.62518311,502.5819092,92.37099457,
503.0083313,29.82080078,503.0272217,119.8764267,503.063324,45.95158386,503.0822144,92.6559906,
503.5083313,30.26253319,503.5272217,121.07724,503.5628967,45.88819504,503.5818176,92.81647491,
504.0083313,30.22038269,504.0272217,120.7954102,504.0632935,45.86303329,504.0821838,92.61824036,
504.5083313,30.36843109,504.5272217,120.2231064,504.5630798,45.92095566,504.5820007,92.81690979,
505.0083313,29.86435127,505.0272217,121.0789032,505.0641479,46.17697525,505.0830688,92.78250122,
505.5083313,30.43799782,505.5272217,120.4897919,505.5626526,45.80800629,505.5815735,92.20194244,
506.0083313,30.09347534,506.0272217,119.5974197,506.0635071,45.9206543,506.0823975,92.65786743,
506.5083313,30.41615105,506.5272217,120.3049774,506.5631409,46.10623169,506.5820618,91.62282562,
507.0083313,29.992939,507.0272217,120.1181641,507.0634155,45.58057785,507.0823364,91.45270538,
507.5083313,29.93943405,507.5272217,120.372612,507.5624084,45.42416,507.5813599,91.86867523,
508.0083313,30.13783455,508.0272217,119.5879745,508.0640869,45.68798065,508.0830078,92.16261292,
508.5083313,30.28087234,508.5272217,120.8039398,508.5630798,45.6178894,508.5820007,91.72644806,
509.0083313,29.99403763,509.0272217,120.3946381,509.0639343,45.75603485,509.0828552,92.23793793,
509.5083313,30.1639061,509.5272217,120.6428986,509.5635681,45.68125916,509.582489,91.76826477,
510.0083313,30.36898232,510.0272217,120.3464584,510.062561,45.69578552,510.0814819,91.32588959,
510.5083313,29.91908073,510.5272217,120.2493515,510.5635681,45.65509415,510.582489,91.07056427,
511.0083313,30.17120934,511.0272217,121.1944199,511.0635681,45.30052185,511.082489,91.18004608,
511.5083313,29.97280693,511.5272217,120.0136871,511.5644226,45.61597443,511.5833435,91.35555267,
512.0083618,30.0868454,512.0272217,120.0117493,512.0629272,45.13335419,512.0818481,91.20606995,
512.5083618,29.97457886,512.5272217,119.8093109,512.5627441,45.3490715,512.581665,90.93353271,
513.0083618,30.47138786,513.0272217,122.1024628,513.0645752,44.79569244,513.0834961,90.43600464,
513.5083618,30.46088028,513.5272217,119.9828491,513.5627441,44.77425766,513.581665,90.99075317,
514.0083618,30.55137634,514.0272217,119.95298,514.0632324,45.65002823,514.0821533,91.66605377,
514.5083618,30.0467205,514.5272217,120.0405045,514.5643311,45.22565842,514.583252,90.7427597,
515.0083618,29.8768692,515.0272217,119.3388977,515.0631104,45.69723511,515.0819702,90.62288666,
515.5083618,30.28905487,515.5272217,120.0006027,515.5631104,45.2241478,515.5819702,90.40730286,
516.0083618,30.17475319,516.0272217,118.82621,516.0637207,45.18610764,516.0826416,91.13111877,
516.5083618,30.20907974,516.5272217,119.0887222,516.5640869,46.27338791,516.5829468,90.78546906,
517.0083618,30.42817307,517.0272217,120.0242157,517.0614014,45.66731644,517.0803223,91.10820007,
517.5083618,30.01266861,517.5272217,119.8449631,517.5627441,45.84403229,517.581665,91.81072998,
518.0083618,30.06569672,518.0272217,119.1547852,518.0634155,45.68009186,518.0823975,91.33004761,
518.5083618,30.18630409,518.5272217,120.0242081,518.5639038,45.8383255,518.5828247,92.19154358,
519.0083618,30.18637466,519.0272217,121.1606522,519.0634155,46.35958099,519.0823364,92.04238892,
519.5083618,30.15586472,519.5272217,120.9458313,519.5639648,46.2729454,519.5828857,91.24082947,
520.0083618,30.18023682,520.0272217,120.3358307,520.0634155,45.56782913,520.0823364,92.38918304,
520.5083618,30.31076813,520.5272217,119.9004669,520.5635986,45.51263428,520.5824585,91.6000824,
521.0083618,30.06898117,521.0272217,120.4442749,521.0635986,45.99588013,521.0824585,92.93595123,
521.5083618,30.00155067,521.5272217,119.1870346,521.56427,46.36950302,521.5831909,92.54801941,
522.0083618,30.15741158,522.0272217,118.4204254,522.0639038,46.09516525,522.0828247,92.60080719,
522.5083618,30.14787865,522.5272217,120.2942581,522.5632935,45.76601791,522.5822144,92.59635925,
523.0083618,30.62381935,523.0272217,119.9078522,523.0629272,46.13397598,523.0818481,91.19622803,
523.5083618,30.42016602,523.5272217,120.4211578,523.5640869,46.33156586,523.5830078,92.79618073,
524.0083618,30.06245804,524.0272217,121.6113739,524.0635986,45.97679901,524.0824585,92.37759399,
524.5083618,30.41254616,524.5272217,118.6889343,524.5631104,46.22883987,524.5820313,93.01937103,
525.0083618,30.41295242,525.0272217,120.4304428,525.0627441,46.09512329,525.081665,92.89842224,
525.5083618,30.14868546,525.5272217,120.4296494,525.5632324,46.30544281,525.5821533,92.48548889,
526.0083618,30.24523735,526.0272217,119.0352707,526.0648804,45.93015671,526.0838013,92.56842804,
526.5083618,30.37041664,526.5272217,120.7320251,526.5631714,46.41160965,526.5820923,93.42404938,
527.0083618,29.84299088,527.0272217,119.4104538,527.0637817,46.12157822,527.0827026,93.07125092,
527.5083618,30.25581741,527.5272217,119.5053177,527.5632935,46.65366364,527.5822144,93.60426331,
528.0083618,30.42373085,528.0272217,119.3861237,528.0636597,46.04629517,528.0825806,92.87849426,
528.5083618,30.2961998,528.5272217,119.2684708,528.5631104,46.72335434,528.5820313,94.05368042,
529.0083618,30.12200546,529.0272217,119.4709015,529.0628662,46.85004044,529.0817871,93.00792694,
529.5083618,30.15115738,529.5272217,120.5826416,529.5639038,46.56269836,529.5828247,92.67132568,
530.0083618,29.95231819,530.0272217,119.4592819,530.0647583,46.70604324,530.0836792,94.06678009,
530.5083618,30.35443115,530.5272217,119.9733429,530.5632324,46.47896576,530.5821533,93.89161682,
531.0083618,30.08096695,531.0272217,119.4910049,531.0620728,46.86481476,531.0809937,93.36799622,
531.5083618,30.08355522,531.5272217,119.8263092,531.5629883,46.45394897,531.5819092,92.69753265,
532.0083618,29.81746483,532.0272217,119.8289795,532.0637207,46.44633102,532.0827026,93.43531799,
532.5083618,30.09606171,532.5272217,119.2779083,532.5641479,46.38732529,532.5830688,92.60741425,
533.0083618,30.20751572,533.0272217,119.7039413,533.0634155,46.10473251,533.0823364,93.05583954,
533.5083618,30.29165077,533.5272217,119.5202179,533.5629883,46.31207657,533.5819092,93.17165375,
534.0083618,29.88632393,534.0272217,118.5378494,534.0632324,46.47067261,534.0821533,92.80586243,
534.5083618,30.15523148,534.5272217,118.8744583,534.5634155,46.51226425,534.5823364,92.87017059,
535.0083618,30.1929245,535.0272217,118.6926956,535.0632935,46.14917755,535.0822144,92.52947235,
535.5083618,30.12521172,535.5272217,119.4513245,535.5631104,45.96875381,535.5819702,92.00208282,
536.0083618,30.23132324,536.0272217,118.0321045,536.0635986,46.2153244,536.0824585,91.50919342,
536.5083618,29.93039894,536.5272217,117.1897964,536.5641479,46.06668854,536.5830688,92.20078278,
537.0083618,29.73337936,537.0272217,118.9168167,537.0638428,46.22685623,537.0827026,93.24979401,
537.5083618,30.14953995,537.5272217,118.2019196,537.5628052,46.67195892,537.5817261,92.3473053,
538.0083618,29.7991333,538.0272217,118.3173676,538.0635986,46.40708542,538.0824585,91.93682861,
538.5083618,29.97538567,538.5272217,117.1048126,538.5629272,46.53006744,538.5818481,93.03118134,
539.0083618,29.66544724,539.0272217,118.3310394,539.0626221,46.02744675,539.081604,92.65814972,
539.5083618,29.98962402,539.5272217,118.5009842,539.5623779,45.85610962,539.5813599,92.51875305,
540.0083618,29.86154938,540.0272217,118.3207169,540.06427,46.11229706,540.0831909,92.46313477,
540.5083618,29.62650681,540.5272217,119.0328217,540.5625,45.84226608,540.5813599,92.08945465,
541.0083618,30.00424385,541.0272217,117.3148041,541.0631104,46.06445694,541.0819702,92.17928314,
541.5083618,29.81628227,541.5272217,118.3659058,541.5634155,46.29353333,541.5823364,93.07788086,
542.0083618,29.60338402,542.0272217,117.9328766,542.0635986,46.40807343,542.0824585,92.54073334,
542.5083618,29.58868217,542.5272217,117.0014496,542.56427,46.34102631,542.5831909,93.00774384,
543.0083618,29.71206474,543.0272217,118.2882843,543.0635986,46.13246918,543.0824585,92.56088257,
543.5083618,30.06750107,543.5272217,117.2263718,543.5629272,46.5006752,543.5818481,92.74700165,
544.0083618,29.78346443,544.0272217,117.7613907,544.0640869,46.77982712,544.0830078,93.02774811,
544.5083618,29.68862534,544.5272217,118.4882736,544.5631714,46.5915947,544.5820923,92.60713196,
545.0083618,29.91831207,545.0272217,117.1770935,545.0632324,46.63755417,545.0821533,92.88273621,
545.5083618,29.66679001,545.5272217,118.3844833,545.5632324,46.27025986,545.5821533,92.03534698,
546.0083618,29.87907791,546.0272217,118.0756912,546.0632324,46.16053391,546.0821533,92.88947296,
546.5083618,29.99926567,546.5272217,118.3850784,546.5637207,45.65018463,546.5827026,92.65352631,
547.0083618,30.26688004,547.0272217,119.9247208,547.0634155,46.13566589,547.0822754,92.70471191,
547.5083618,30.22949982,547.5272217,119.3142776,547.5627441,45.92697525,547.581665,92.74888611,
548.0083618,30.29578209,548.0272217,119.7314835,548.0635376,46.34428787,548.0824585,92.15834808,
548.5083618,30.05068588,548.5272217,119.2563934,548.5622559,45.65431595,548.5811768,92.29486084,
549.0083618,30.30932045,549.0272217,120.1980591,549.0627441,46.19188309,549.081665,92.43473816,
549.5083618,30.0117569,549.5272217,119.7768097,549.5632935,46.0201683,549.5822144,92.11517334,
550.0083618,30.26169395,550.0272217,119.3929977,550.0623169,46.36497879,550.0811768,92.00935364,
550.5083618,30.22216606,550.5272217,120.8689117,550.5632935,45.97247696,550.5821533,92.21877289,
551.0083618,30.26146126,551.0272217,119.9700851,551.0631714,45.92991257,551.0820313,92.44358063,
551.5083618,30.25425911,551.5272217,119.2877045,551.5609131,46.16127777,551.579834,91.84085846,
552.0083618,30.23835182,552.0272217,120.1608963,552.062561,46.1121521,552.0814819,91.58997345,
552.5083618,30.39153862,552.5272217,120.7519836,552.5628662,45.77488327,552.5818481,92.77605438,
553.0083618,30.17424965,553.0272217,120.1131897,553.0628052,46.43234253,553.0817261,92.07355499,
553.5083618,30.4481926,553.5272217,119.954071,553.5637207,45.94485474,553.5827026,91.6772995,
554.0083618,30.1585331,554.0272217,120.0538254,554.0628052,45.86826706,554.0817261,91.24399567,
554.5083618,30.14129257,554.5272217,120.6990891,554.5632324,45.57585526,554.5821533,90.55682373,
555.0083618,30.65598869,555.0272217,119.4422379,555.0636597,45.81642151,555.0825806,91.79693604,
555.5083618,30.63501358,555.5272217,121.2783966,555.5634155,45.68993759,555.5823364,90.45990753,
556.0083618,30.28251648,556.0272217,120.1345901,556.0640869,45.85578918,556.0830078,90.40988922,
556.5083618,30.20036507,556.5272217,120.0131226,556.562561,45.1912117,556.5814819,91.72895813,
557.0083618,30.47406578,557.0272217,120.7425003,557.064209,46.11420441,557.0830688,90.2381134,
557.5083618,30.27523422,557.5272217,119.8434296,557.5634155,45.6986351,557.5823364,91.62179565,
558.0083618,29.99199677,558.0272217,120.8701096,558.0637207,45.98583603,558.0827026,91.13475037,
558.5083618,30.26359177,558.5272217,119.4190598,558.5639038,45.19752884,558.5828247,90.72403717,
559.0083618,30.28295135,559.0272217,119.3422394,559.0631104,45.07587814,559.0820313,90.68675232,
559.5083618,30.05545044,559.5272217,119.5490494,559.5631104,45.85578537,559.5819702,90.2665863,
560.0083618,30.00273132,560.0272217,117.8929138,560.0632935,45.63388062,560.0822144,89.79772186,
560.5083618,30.11779022,560.5272217,119.0445557,560.5646362,45.67749786,560.5836182,90.24206543,
561.0083618,30.29404831,561.0272827,119.288887,561.0646362,45.38783264,561.0836182,90.78279114,
561.5083618,29.8409214,561.5272217,119.110527,561.5621338,46.12309647,561.5810547,91.03631592,
562.0083618,29.75440025,562.0272217,118.179512,562.0626221,45.26105118,562.081604,90.69564819,
562.5083618,29.65487289,562.5272217,118.147522,562.5634155,45.73178864,562.5823364,90.57695007,
563.0083618,29.85360146,563.0272217,117.7104416,563.0627441,45.27394485,563.081665,90.74854279,
563.5083618,30.32450676,563.5272217,117.4514236,563.5635986,45.40736389,563.5824585,90.81166077,
564.0083618,29.68300056,564.0272217,118.2133636,564.0628662,45.872509,564.0818481,89.34236145,
564.5083618,29.61444283,564.5272217,116.6806488,564.562561,45.53562927,564.5814819,90.57026672,
565.0083618,29.72538185,565.0272217,117.7650146,565.0625,45.86652374,565.0813599,89.89080048,
565.5083618,29.82061958,565.5272217,116.8115997,565.5639038,45.35667038,565.5828247,89.42595673,
566.0083618,29.91785049,566.0272217,116.5598831,566.0623169,45.03430557,566.0812378,89.3473053,
566.5083618,29.71029472,566.5272217,116.8530197,566.5629272,45.31102371,566.5819092,90.37084961,
567.0083618,29.57569885,567.0272217,118.0160675,567.0640869,45.41563034,567.0830688,90.28644562,
567.5083618,29.73783875,567.5272217,117.1340714,567.5637207,45.42677689,567.5826416,90.02944946,
568.0083618,29.44536972,568.0272217,116.9128189,568.0631714,45.26037598,568.0820313,89.59988403,
568.5083618,29.66796684,568.5272217,115.8874893,568.5647583,44.95026398,568.5836792,89.8429184,
569.0083618,29.50846672,569.0272217,116.8430328,569.0628052,44.86206055,569.0817261,89.46074677,
569.5083618,29.66485977,569.5272217,117.9923706,569.5631104,45.0653801,569.5820313,89.65681458,
570.0083618,29.43862724,570.0272217,115.6349564,570.0635986,45.13047409,570.0824585,89.36076355,
570.5083618,29.5839119,570.5272217,117.593277,570.5632935,45.45191956,570.5821533,89.46543121,
571.0083618,29.54433632,571.0272217,117.1924515,571.0614624,44.9213295,571.0803833,89.74502563,
571.5083618,29.83937645,571.5272217,118.3051834,571.5635376,45.37408066,571.5824585,89.50786591,
572.0083618,29.84761047,572.0272217,118.5606689,572.0636597,45.093647,572.0825806,89.22819519,
572.5083618,29.72263145,572.5272827,118.421524,572.5636597,45.05571365,572.5825806,89.78837585,
573.0083618,30.03541946,573.0272217,118.0368118,573.0632935,44.52373123,573.0822144,88.94618225,
573.5083618,30.06548119,573.5272217,117.7475204,573.562561,45.18418884,573.5814819,89.4209137,
574.0083618,29.85256577,574.0272217,116.9612274,574.0634766,45.16666031,574.0823975,88.61765289,
574.5083618,29.94739342,574.5272217,117.4167252,574.5634766,44.54496002,574.5823975,88.82178497,
575.0083618,30.20315933,575.0272217,118.4850616,575.0631104,44.76831436,575.0820313,88.53038025,
575.5083618,30.1368618,575.5272217,117.7241364,575.5628662,44.47835159,575.5818481,88.87809753,
576.0083618,30.20250511,576.0272217,119.0226212,576.0627441,45.24064255,576.081665,88.433815,
576.5083618,29.75361443,576.5272217,117.3799515,576.5632324,44.74147034,576.5821533,88.86613464,
577.0083618,29.9953022,577.0272217,118.3148804,577.0628052,44.41759491,577.0817261,86.84877777,
577.5083618,30.00152206,577.5272217,117.3539429,577.5631714,44.0714035,577.5820313,87.9200592,
578.0083618,30.14424515,578.0272217,118.1490479,578.0644531,44.71601486,578.083374,88.52563477,
578.5083618,29.97032166,578.5272217,116.8568573,578.5628052,44.41358948,578.5817261,88.09564209,
579.0083618,30.30918503,579.0272217,117.673378,579.0627441,44.33152771,579.081665,87.80056,
579.5083618,29.9742794,579.5272217,119.5222702,579.5629272,43.99758148,579.5819092,88.3502121,
580.0083618,30.03322792,580.0272217,117.8841934,580.0615234,44.41639328,580.0803833,88.88320923,
580.5083618,30.13126564,580.5272217,118.6044235,580.5631714,44.05978394,580.5820313,88.12506866,
581.0083618,30.39201546,581.0272217,117.1630402,581.0631104,44.48236847,581.0820313,87.93002319,
581.5083618,30.10595322,581.5272217,117.9760742,581.5640869,44.83951187,581.5830078,88.4887619,
582.0083618,30.25671768,582.0272217,118.3572769,582.0626831,44.94389343,582.081604,87.85823822,
582.5083618,29.98890686,582.5272217,117.5244598,582.56427,44.3413353,582.5831299,88.11388397,
583.0083618,30.11847305,583.0272217,117.7384262,583.06427,44.50352097,583.0831299,87.58575439,
583.5083618,30.10440445,583.5272217,118.7766113,583.562561,44.38657379,583.5814819,87.99261475,
584.0083618,30.47488976,584.0272217,118.5141983,584.062439,44.49470901,584.0813599,87.65367889,
584.5083618,29.57703209,584.5272217,116.4109955,584.5628662,44.42880249,584.5818481,88.06796265,
585.0083618,29.86662102,585.0272217,117.0537109,585.0632935,44.38283539,585.0822144,87.93656158,
585.5083618,29.88278008,585.5272217,117.4957886,585.5632935,44.15106583,585.5821533,87.81403351,
586.0083618,29.7808857,586.0272217,118.1904602,586.0635986,44.21022034,586.0824585,88.16893768,
586.5083618,29.9316597,586.5272217,116.9236069,586.5643921,44.09971237,586.583313,87.39995575,
587.0083618,29.80518723,587.0272217,115.9259262,587.0634155,44.15197754,587.0822754,87.37101746,
587.5083618,29.95858002,587.5272217,117.5259781,587.5631104,44.79337311,587.5820313,87.72733307,
588.0083618,29.47815323,588.0272217,115.8284531,588.0632935,44.79306793,588.0821533,87.43897247,
588.5083618,29.74033356,588.5272217,115.7239914,588.5627441,44.04732513,588.581665,87.19914246,
589.0083618,29.55441666,589.0272217,116.7623138,589.0625,44.09286118,589.0813599,87.26087952,
589.5083618,29.6965847,589.5272217,117.1564865,589.562439,43.9955101,589.5812988,87.49441528,
590.0083618,29.68820953,590.0272217,114.806778,590.0627441,44.52225494,590.081665,86.93453217,
590.5083618,29.59400368,590.5272217,116.2535934,590.5627441,44.37973022,590.581665,86.95915985,
591.0083618,29.57158279,591.0272217,117.5654755,591.0640869,43.46250916,591.0830078,86.5007019,
591.5083618,29.19576263,591.5272217,115.4091949,591.5635986,44.9633522,591.5824585,86.60891724,
592.0083618,29.64169121,592.0272217,116.1422882,592.062561,44.01197052,592.0814819,86.98957825,
592.5083618,29.74429703,592.5272217,115.9250488,592.5627441,43.87089157,592.581665,86.91926575,
593.0083618,29.58807182,593.0272217,116.1939011,593.0634766,44.01108932,593.0823975,87.30143738,
593.5083618,29.47456741,593.5272217,115.4886322,593.5637817,44.01159286,593.5827026,86.68486023,
594.0083618,29.3626976,594.0272217,115.2937851,594.0621338,44.34655762,594.0809937,86.44972992,
594.5083618,29.34536743,594.5272217,115.4881287,594.5634155,44.38341904,594.5823364,87.55934143,
595.0083618,29.53114319,595.0272217,114.5103989,595.0628662,44.30519867,595.0818481,86.64157104,
595.5083618,29.33412743,595.5272217,114.1761932,595.5643921,43.50851059,595.583313,85.79374695,
596.0083618,29.19327927,596.0272217,113.6504059,596.0632935,44.17499161,596.0821533,86.42883301,
596.5083618,29.56483269,596.5272217,115.3937988,596.5628662,43.99794006,596.5818481,86.14492798,
597.0083618,29.40733528,597.0272217,115.1256714,597.0645752,43.74910355,597.0835571,86.66337585,
597.5083618,29.01156044,597.5272217,113.5836487,597.5648193,43.8657341,597.5837402,86.63085938,
598.0083618,29.70926857,598.0272217,115.6884232,598.0632935,43.59205246,598.0821533,86.5012207,
598.5083618,29.72036743,598.5272217,115.094368,598.562561,43.82489014,598.5814819,86.76991272,
599.0083618,29.505373,599.0272217,115.8681259,599.0628052,43.82403946,599.0817261,86.54550171,
599.5083618,29.47952652,599.5272217,115.4560165,599.5629272,43.46472931,599.5819092,85.59087372,
600.0083618,29.61890602,600.0272217,115.8015671,600.062439,43.4271431,600.0812988,86.27114105,

Sample A1_Ex465_Em530,
Sample A1_Ex465_Em530
Collection Time: 27-Apr-23 5:24:37 PM
Operator Name  :
Kinetics Software Version: 1.2(146)
Parameter List :
Report Time: Thu 27 Apr 05:24:37 PM 2023
Software version: 1.2(146)
Operator:
Instrument Parameters
Instrument                        Cary Eclipse
Instrument Serial Number          MY18160001
Data mode                         Fluorescence
Ex. wavelengths (nm)              465.0000 ; 465.0000
Em. wavelengths (nm)              530.0000 ; 590.0000
Ex. Slit (nm)                     10
Em. Slit (nm)                     10
Averaging Time (s)                1.0000
Cycle time(min)                   0.5000
Stop time(min)                    600.0000
Emission filter                   Open
Excitation Filter                 Auto
PMT voltage (V)                   700
Wellplate                         ON
Plate format                     96 Wells
Read position                    Well centre
Multi-zero                       OFF
Auto-zero                        OFF
Well                            A1
Comments:
Method Log     :
Method Name    : Default
Date/Time stamp: 27-Apr-23 5:16:02 PM
Method Modifications:
Wellplate Overlay Mode Changed: 27-Apr-23 5:16:03 PM, Old:Individual, New:Choice 1
Wellplate Overlay Mode Changed: 27-Apr-23 5:16:03 PM, Old:Overlay all, New:Choice 2
Wellplate Overlay Mode Changed: 27-Apr-23 5:16:03 PM, Old:Overlay rows, New:Choice 3
Wellplate Overlay Mode Changed: 27-Apr-23 5:16:03 PM, Old:Overlay columns, New:Choice 4
Wellplate Overlay Mode Changed: 27-Apr-23 5:16:03 PM, Old:User defined, New:Overlay columns
Well plate reader Changed: 27-Apr-23 5:16:18 PM, Old:OFF, New:ON
Wellplate Samples Changed: 27-Apr-23 5:16:18 PM, Old:, New:A1;A2;
Multiwavelength Changed: 27-Apr-23 5:17:19 PM, Old:OFF, New:ON
Excitation Wavelengths 1 Changed: 27-Apr-23 5:17:19 PM, Old:   350.0000, New:   465.0000
Emission Wavelengths 1 Changed: 27-Apr-23 5:17:19 PM, Old:   450.0000, New:   530.0000
Excitation Wavelengths 2 Changed: 27-Apr-23 5:17:19 PM, Old:   360.0000, New:   465.0000
Emission Wavelengths 2 Changed: 27-Apr-23 5:17:19 PM, Old:   460.0000, New:   590.0000
Excitation Wavelength Changed: 27-Apr-23 5:17:19 PM, Old: 400.00, New: 465.00
Emission Wavelength Changed: 27-Apr-23 5:17:19 PM, Old: 600.00, New: 530.00
Ex. Slit Width (nm): Changed: 27-Apr-23 5:17:19 PM, Old:5, New:10
Em. Slit Width (nm): Changed: 27-Apr-23 5:17:19 PM, Old:5, New:10
Cycle Time 1 Changed: 27-Apr-23 5:17:19 PM, Old: 0.0000, New: 1.0000
Stop Time 1 Changed: 27-Apr-23 5:17:19 PM, Old: 1.0000, New:600.0000
PMT Volts Changed: 27-Apr-23 5:18:12 PM, Old:600, New:900
Emission PMT (V): Changed: 27-Apr-23 5:18:12 PM, Old: 600, New: 900
Cycle Time 1 Changed: 27-Apr-23 5:19:36 PM, Old: 1.0000, New: 0.2000
Stop Time 1 Changed: 27-Apr-23 5:19:36 PM, Old:600.0000, New: 2.0000
Ave. time (s): Changed: 27-Apr-23 5:21:18 PM, Old:0.10000, New:1.00000
Cycle Time 1 Changed: 27-Apr-23 5:21:18 PM, Old: 0.2000, New: 0.5000
Stop Time 1 Changed: 27-Apr-23 5:21:18 PM, Old: 2.0000, New:600.0000
PMT Volts Changed: 27-Apr-23 5:23:42 PM, Old:900, New:600
Emission PMT (V): Changed: 27-Apr-23 5:23:42 PM, Old: 900, New: 600
PMT Volts Changed: 27-Apr-23 5:24:25 PM, Old:600, New:700
Emission PMT (V): Changed: 27-Apr-23 5:24:25 PM, Old: 600, New: 700
End Method Modifications

Sample A1_Ex465_Em590,
Sample A1_Ex465_Em590
Collection Time: 27-Apr-23 5:24:37 PM
Operator Name  :
Kinetics Software Version: 1.2(146)
Parameter List :
Report Time: Thu 27 Apr 05:24:37 PM 2023
Software version: 1.2(146)
Operator:
Instrument Parameters
Instrument                        Cary Eclipse
Instrument Serial Number          MY18160001
Data mode                         Fluorescence
Ex. wavelengths (nm)              465.0000 ; 465.0000
Em. wavelengths (nm)              530.0000 ; 590.0000
Ex. Slit (nm)                     10
Em. Slit (nm)                     10
Averaging Time (s)                1.0000
Cycle time(min)                   0.5000
Stop time(min)                    600.0000
Emission filter                   Open
Excitation Filter                 Auto
PMT voltage (V)                   700
Wellplate                         ON
Plate format                     96 Wells
Read position                    Well centre
Multi-zero                       OFF
Auto-zero                        OFF
Well                            A1
Comments:
Method Log     :
Method Name    : Default
Date/Time stamp: 27-Apr-23 5:16:02 PM
Method Modifications:
Wellplate Overlay Mode Changed: 27-Apr-23 5:16:03 PM, Old:Individual, New:Choice 1
Wellplate Overlay Mode Changed: 27-Apr-23 5:16:03 PM, Old:Overlay all, New:Choice 2
Wellplate Overlay Mode Changed: 27-Apr-23 5:16:03 PM, Old:Overlay rows, New:Choice 3
Wellplate Overlay Mode Changed: 27-Apr-23 5:16:03 PM, Old:Overlay columns, New:Choice 4
Wellplate Overlay Mode Changed: 27-Apr-23 5:16:03 PM, Old:User defined, New:Overlay columns
Well plate reader Changed: 27-Apr-23 5:16:18 PM, Old:OFF, New:ON
Wellplate Samples Changed: 27-Apr-23 5:16:18 PM, Old:, New:A1;A2;
Multiwavelength Changed: 27-Apr-23 5:17:19 PM, Old:OFF, New:ON
Excitation Wavelengths 1 Changed: 27-Apr-23 5:17:19 PM, Old:   350.0000, New:   465.0000
Emission Wavelengths 1 Changed: 27-Apr-23 5:17:19 PM, Old:   450.0000, New:   530.0000
Excitation Wavelengths 2 Changed: 27-Apr-23 5:17:19 PM, Old:   360.0000, New:   465.0000
Emission Wavelengths 2 Changed: 27-Apr-23 5:17:19 PM, Old:   460.0000, New:   590.0000
Excitation Wavelength Changed: 27-Apr-23 5:17:19 PM, Old: 400.00, New: 465.00
Emission Wavelength Changed: 27-Apr-23 5:17:19 PM, Old: 600.00, New: 530.00
Ex. Slit Width (nm): Changed: 27-Apr-23 5:17:19 PM, Old:5, New:10
Em. Slit Width (nm): Changed: 27-Apr-23 5:17:19 PM, Old:5, New:10
Cycle Time 1 Changed: 27-Apr-23 5:17:19 PM, Old: 0.0000, New: 1.0000
Stop Time 1 Changed: 27-Apr-23 5:17:19 PM, Old: 1.0000, New:600.0000
PMT Volts Changed: 27-Apr-23 5:18:12 PM, Old:600, New:900
Emission PMT (V): Changed: 27-Apr-23 5:18:12 PM, Old: 600, New: 900
Cycle Time 1 Changed: 27-Apr-23 5:19:36 PM, Old: 1.0000, New: 0.2000
Stop Time 1 Changed: 27-Apr-23 5:19:36 PM, Old:600.0000, New: 2.0000
Ave. time (s): Changed: 27-Apr-23 5:21:18 PM, Old:0.10000, New:1.00000
Cycle Time 1 Changed: 27-Apr-23 5:21:18 PM, Old: 0.2000, New: 0.5000
Stop Time 1 Changed: 27-Apr-23 5:21:18 PM, Old: 2.0000, New:600.0000
PMT Volts Changed: 27-Apr-23 5:23:42 PM, Old:900, New:600
Emission PMT (V): Changed: 27-Apr-23 5:23:42 PM, Old: 900, New: 600
PMT Volts Changed: 27-Apr-23 5:24:25 PM, Old:600, New:700
Emission PMT (V): Changed: 27-Apr-23 5:24:25 PM, Old: 600, New: 700
End Method Modifications

Sample A2_Ex465_Em530,
Sample A2_Ex465_Em530
Collection Time: 27-Apr-23 5:24:37 PM
Operator Name  :
Kinetics Software Version: 1.2(146)
Parameter List :
Report Time: Thu 27 Apr 05:24:37 PM 2023
Software version: 1.2(146)
Operator:
Instrument Parameters
Instrument                        Cary Eclipse
Instrument Serial Number          MY18160001
Data mode                         Fluorescence
Ex. wavelengths (nm)              465.0000 ; 465.0000
Em. wavelengths (nm)              530.0000 ; 590.0000
Ex. Slit (nm)                     10
Em. Slit (nm)                     10
Averaging Time (s)                1.0000
Cycle time(min)                   0.5000
Stop time(min)                    600.0000
Emission filter                   Open
Excitation Filter                 Auto
PMT voltage (V)                   700
Wellplate                         ON
Plate format                     96 Wells
Read position                    Well centre
Multi-zero                       OFF
Auto-zero                        OFF
Well                            A1
Comments:
Method Log     :
Method Name    : Default
Date/Time stamp: 27-Apr-23 5:16:02 PM
Method Modifications:
Wellplate Overlay Mode Changed: 27-Apr-23 5:16:03 PM, Old:Individual, New:Choice 1
Wellplate Overlay Mode Changed: 27-Apr-23 5:16:03 PM, Old:Overlay all, New:Choice 2
Wellplate Overlay Mode Changed: 27-Apr-23 5:16:03 PM, Old:Overlay rows, New:Choice 3
Wellplate Overlay Mode Changed: 27-Apr-23 5:16:03 PM, Old:Overlay columns, New:Choice 4
Wellplate Overlay Mode Changed: 27-Apr-23 5:16:03 PM, Old:User defined, New:Overlay columns
Well plate reader Changed: 27-Apr-23 5:16:18 PM, Old:OFF, New:ON
Wellplate Samples Changed: 27-Apr-23 5:16:18 PM, Old:, New:A1;A2;
Multiwavelength Changed: 27-Apr-23 5:17:19 PM, Old:OFF, New:ON
Excitation Wavelengths 1 Changed: 27-Apr-23 5:17:19 PM, Old:   350.0000, New:   465.0000
Emission Wavelengths 1 Changed: 27-Apr-23 5:17:19 PM, Old:   450.0000, New:   530.0000
Excitation Wavelengths 2 Changed: 27-Apr-23 5:17:19 PM, Old:   360.0000, New:   465.0000
Emission Wavelengths 2 Changed: 27-Apr-23 5:17:19 PM, Old:   460.0000, New:   590.0000
Excitation Wavelength Changed: 27-Apr-23 5:17:19 PM, Old: 400.00, New: 465.00
Emission Wavelength Changed: 27-Apr-23 5:17:19 PM, Old: 600.00, New: 530.00
Ex. Slit Width (nm): Changed: 27-Apr-23 5:17:19 PM, Old:5, New:10
Em. Slit Width (nm): Changed: 27-Apr-23 5:17:19 PM, Old:5, New:10
Cycle Time 1 Changed: 27-Apr-23 5:17:19 PM, Old: 0.0000, New: 1.0000
Stop Time 1 Changed: 27-Apr-23 5:17:19 PM, Old: 1.0000, New:600.0000
PMT Volts Changed: 27-Apr-23 5:18:12 PM, Old:600, New:900
Emission PMT (V): Changed: 27-Apr-23 5:18:12 PM, Old: 600, New: 900
Cycle Time 1 Changed: 27-Apr-23 5:19:36 PM, Old: 1.0000, New: 0.2000
Stop Time 1 Changed: 27-Apr-23 5:19:36 PM, Old:600.0000, New: 2.0000
Ave. time (s): Changed: 27-Apr-23 5:21:18 PM, Old:0.10000, New:1.00000
Cycle Time 1 Changed: 27-Apr-23 5:21:18 PM, Old: 0.2000, New: 0.5000
Stop Time 1 Changed: 27-Apr-23 5:21:18 PM, Old: 2.0000, New:600.0000
PMT Volts Changed: 27-Apr-23 5:23:42 PM, Old:900, New:600
Emission PMT (V): Changed: 27-Apr-23 5:23:42 PM, Old: 900, New: 600
PMT Volts Changed: 27-Apr-23 5:24:25 PM, Old:600, New:700
Emission PMT (V): Changed: 27-Apr-23 5:24:25 PM, Old: 600, New: 700
End Method Modifications

Sample A2_Ex465_Em590,
Sample A2_Ex465_Em590
Collection Time: 27-Apr-23 5:24:37 PM
Operator Name  :
Kinetics Software Version: 1.2(146)
Parameter List :
Report Time: Thu 27 Apr 05:24:37 PM 2023
Software version: 1.2(146)
Operator:
Instrument Parameters
Instrument                        Cary Eclipse
Instrument Serial Number          MY18160001
Data mode                         Fluorescence
Ex. wavelengths (nm)              465.0000 ; 465.0000
Em. wavelengths (nm)              530.0000 ; 590.0000
Ex. Slit (nm)                     10
Em. Slit (nm)                     10
Averaging Time (s)                1.0000
Cycle time(min)                   0.5000
Stop time(min)                    600.0000
Emission filter                   Open
Excitation Filter                 Auto
PMT voltage (V)                   700
Wellplate                         ON
Plate format                     96 Wells
Read position                    Well centre
Multi-zero                       OFF
Auto-zero                        OFF
Well                            A1
Comments:
Method Log     :
Method Name    : Default
Date/Time stamp: 27-Apr-23 5:16:02 PM
Method Modifications:
Wellplate Overlay Mode Changed: 27-Apr-23 5:16:03 PM, Old:Individual, New:Choice 1
Wellplate Overlay Mode Changed: 27-Apr-23 5:16:03 PM, Old:Overlay all, New:Choice 2
Wellplate Overlay Mode Changed: 27-Apr-23 5:16:03 PM, Old:Overlay rows, New:Choice 3
Wellplate Overlay Mode Changed: 27-Apr-23 5:16:03 PM, Old:Overlay columns, New:Choice 4
Wellplate Overlay Mode Changed: 27-Apr-23 5:16:03 PM, Old:User defined, New:Overlay columns
Well plate reader Changed: 27-Apr-23 5:16:18 PM, Old:OFF, New:ON
Wellplate Samples Changed: 27-Apr-23 5:16:18 PM, Old:, New:A1;A2;
Multiwavelength Changed: 27-Apr-23 5:17:19 PM, Old:OFF, New:ON
Excitation Wavelengths 1 Changed: 27-Apr-23 5:17:19 PM, Old:   350.0000, New:   465.0000
Emission Wavelengths 1 Changed: 27-Apr-23 5:17:19 PM, Old:   450.0000, New:   530.0000
Excitation Wavelengths 2 Changed: 27-Apr-23 5:17:19 PM, Old:   360.0000, New:   465.0000
Emission Wavelengths 2 Changed: 27-Apr-23 5:17:19 PM, Old:   460.0000, New:   590.0000
Excitation Wavelength Changed: 27-Apr-23 5:17:19 PM, Old: 400.00, New: 465.00
Emission Wavelength Changed: 27-Apr-23 5:17:19 PM, Old: 600.00, New: 530.00
Ex. Slit Width (nm): Changed: 27-Apr-23 5:17:19 PM, Old:5, New:10
Em. Slit Width (nm): Changed: 27-Apr-23 5:17:19 PM, Old:5, New:10
Cycle Time 1 Changed: 27-Apr-23 5:17:19 PM, Old: 0.0000, New: 1.0000
Stop Time 1 Changed: 27-Apr-23 5:17:19 PM, Old: 1.0000, New:600.0000
PMT Volts Changed: 27-Apr-23 5:18:12 PM, Old:600, New:900
Emission PMT (V): Changed: 27-Apr-23 5:18:12 PM, Old: 600, New: 900
Cycle Time 1 Changed: 27-Apr-23 5:19:36 PM, Old: 1.0000, New: 0.2000
Stop Time 1 Changed: 27-Apr-23 5:19:36 PM, Old:600.0000, New: 2.0000
Ave. time (s): Changed: 27-Apr-23 5:21:18 PM, Old:0.10000, New:1.00000
Cycle Time 1 Changed: 27-Apr-23 5:21:18 PM, Old: 0.2000, New: 0.5000
Stop Time 1 Changed: 27-Apr-23 5:21:18 PM, Old: 2.0000, New:600.0000
PMT Volts Changed: 27-Apr-23 5:23:42 PM, Old:900, New:600
Emission PMT (V): Changed: 27-Apr-23 5:23:42 PM, Old: 900, New: 600
PMT Volts Changed: 27-Apr-23 5:24:25 PM, Old:600, New:700
Emission PMT (V): Changed: 27-Apr-23 5:24:25 PM, Old: 600, New: 700
End Method Modifications

