Sample A1_Ex555_Em570,,Sample A1_Ex555_Em665,,Sample A2_Ex555_Em570,,Sample A2_Ex555_Em665,,Sample A3_Ex555_Em570,,Sample A3_Ex555_Em665,,Sample A4_Ex555_Em570,,Sample A4_Ex555_Em665,,Sample A5_Ex555_Em570,,Sample A5_Ex555_Em665,,Sample A6_Ex555_Em570,,Sample A6_Ex555_Em665,,Sample B1_Ex555_Em570,,Sample B1_Ex555_Em665,,Sample B2_Ex555_Em570,,Sample B2_Ex555_Em665,,Sample B3_Ex555_Em570,,Sample B3_Ex555_Em665,,Sample B4_Ex555_Em570,,Sample B4_Ex555_Em665,,Sample B5_Ex555_Em570,,Sample B5_Ex555_Em665,,Sample B6_Ex555_Em570,,Sample B6_Ex555_Em665,,Sample C1_Ex555_Em570,,Sample C1_Ex555_Em665,,Sample C2_Ex555_Em570,,Sample C2_Ex555_Em665,,Sample C3_Ex555_Em570,,Sample C3_Ex555_Em665,,Sample C4_Ex555_Em570,,Sample C4_Ex555_Em665,,Sample C5_Ex555_Em570,,Sample C5_Ex555_Em665,,Sample C6_Ex555_Em570,,Sample C6_Ex555_Em665,
Time (min),Blank 1 D,Time (min),Blank 1 A,Time (min),Ctrl 1 D,Time (min),Ctrl 1 A,Time (min),Long -IM 1 D,Time (min),Long -IM 1 A,Time (min),Short -IM 1 D,Time (min),Short -IM 1 A,Time (min),Long +IM 1 D,Time (min),Long +IM 1 A,Time (min),Short +IM 1 D,Time (min),Short +IM 1 A,Time (min),Blank 2 D,Time (min),Blank 2 A,Time (min),Ctrl 2 D,Time (min),Ctrl 2 A,Time (min),Long -IM 2 D,Time (min),Long -IM 2 A,Time (min),Short -IM 2 D,Time (min),Short -IM 2 A,Time (min),Long +IM 2 D,Time (min),Long +IM 2 A,Time (min),Short +IM 2 D,Time (min),Short +IM 2 A,Time (min),Ctrl 3 D,Time (min),Ctrl 3 A,Time (min),Blank 3 D,Time (min),Blank 3 A,Time (min),Long -IM 3 D,Time (min),Long -IM 3 A,Time (min),Short -IM 3 D,Time (min),Short -IM 3 A,Time (min),Long +IM 3 D,Time (min),Long +IM 3 A,Time (min),Short +IM 3 D,Time (min),Short +IM 3 A
0.002083333,16.18796921,0.009458333,2.185679436,0.034208335,71.96350861,0.041583333,8.059106827,0.066312499,99.2035675,0.073708333,42.74098587,0.098562501,115.9911804,0.105958335,25.55982399,0.130812496,111.15979,0.13820833,55.66892624,0.162041664,144.1355743,0.169416666,32.82552338,0.360374987,24.95241547,0.367750019,1.298922896,0.328145832,106.6489563,0.335541666,15.39806652,0.295041651,136.3123779,0.302416682,41.79640579,0.263708323,135.2716675,0.271083325,33.48027039,0.231708333,113.3117599,0.239083335,44.54232788,0.199541658,124.3719482,0.20691666,33.94659424,0.397375017,102.1440277,0.40474999,13.47496128,0.429312527,14.12056732,0.436708331,0.860280812,0.461541653,142.5644989,0.468916684,46.06031418,0.494291663,144.206131,0.501666665,31.21624947,0.526374996,120.5184631,0.533749998,48.74013519,0.558541656,150.0609283,0.565916717,39.86714172
1.002083302,24.91293335,1.009541631,1.593347549,1.034062505,83.73266602,1.04147923,12.134305,1.065395832,123.9214401,1.072812557,29.30213356,1.098395824,119.1280212,1.10581243,21.14012337,1.130562425,106.1675262,1.13797915,59.29594421,1.162562609,148.3374481,1.169979215,28.9532299,1.36133337,24.298769,1.368729115,3.585054159,1.329562545,90.61193848,1.336979151,19.0069828,1.296333313,138.2698059,1.303729177,31.43439102,1.263083339,157.8175964,1.27056253,33.66743851,1.231229186,110.6456909,1.238645792,34.34274292,1.199895859,150.4075928,1.207312465,33.20080185,1.399729133,116.4431992,1.407145858,15.16759491,1.431729078,19.12968445,1.439145803,1.123376012,1.464062452,144.4830627,1.471479177,37.09301758,1.495145798,141.3161621,1.502562404,31.06880951,1.527395844,110.4432068,1.534833312,54.93457794,1.560333371,143.8688507,1.567729235,35.44888687
2.002083302,26.91704178,2.00954175,1.004482985,2.034562588,87.50449371,2.041979313,7.785901546,2.065749884,122.5618668,2.073208332,32.82630157,2.096999884,104.5333862,2.104395866,24.68156624,2.130000114,115.1068115,2.13739562,44.91162872,2.161229134,115.3410492,2.16864562,28.97570801,2.357562542,27.90478134,2.364979029,1.204807997,2.325166464,110.9430084,2.332562447,15.32549,2.291916609,137.7678528,2.299374819,34.17671204,2.260729313,157.7902222,2.2681458,31.41256332,2.228562355,117.754158,2.235979319,52.53030014,2.196228981,142.1042328,2.203645945,36.81466675,2.396083355,116.311554,2.403541565,12.69693089,2.428333282,15.43106365,2.435729265,2.098252058,2.461562634,158.7364197,2.46897912,36.89820862,2.493250132,144.8816986,2.500708342,32.32243347,2.525562525,119.8087616,2.532979012,48.9405365,2.557499886,132.2365112,2.564895868,41.79945374
3.002083302,29.60355759,3.009541512,1.925121427,3.034062386,88.10467529,3.041479349,9.64722538,3.067062378,118.5112228,3.074479103,32.08415604,3.099062681,121.9258652,3.106479168,30.81280708,3.131083488,123.3601532,3.138541698,54.04812622,3.162333488,134.1135712,3.169728994,30.92451477,3.361729145,23.19277954,3.369145632,2.372243881,3.329562426,119.8835678,3.336979151,15.49139214,3.297333241,150.0706024,3.304729223,28.0664978,3.265229225,156.3618622,3.272645712,28.69158554,3.232062578,106.0530548,3.239479065,43.85771561,3.199166536,145.0077209,3.206562519,32.42771912,3.397895813,126.6726685,3.405312538,16.29398537,3.42981267,16.3147068,3.437229156,1.600884199,3.460833311,145.1960907,3.468229055,34.87973404,3.492895842,145.5876465,3.500312567,27.48119354,3.525062561,121.1014252,3.532479048,53.32227707,3.557895899,147.5448303,3.565312386,37.47140884
4.002083302,27.78069496,4.009541512,1.577805519,4.032999992,94.29032135,4.040395737,13.22166252,4.066333294,129.0769653,4.073729038,38.40855789,4.099666595,121.335968,4.10706234,23.0182209,4.131916523,122.7057877,4.13937521,44.89536285,4.164228916,141.1873627,4.171645641,34.00495148,4.364562511,24.07309914,4.371979237,1.526127458,4.332229137,119.592598,4.339645863,15.28054237,4.299895763,160.4341278,4.307312489,34.71862411,4.266749859,165.187912,4.274208546,38.24049759,4.234416485,125.9375381,4.241875172,43.16759491,4.201395988,134.9830933,4.208812237,40.06358337,4.40199995,131.0900574,4.409395695,11.60500431,4.434333324,23.91539574,4.441729069,0.770686626,4.467729092,152.8894043,4.475145817,28.26697922,4.5,128.2174225,4.507395744,26.22803688,4.531229019,129.325943,4.538645744,58.08359909,4.562416553,152.9443817,4.56987524,35.6399498
5.002083302,22.42727852,5.009500027,2.605223656,5.035395622,89.18629456,5.042812824,12.28842831,5.067666531,123.8560638,5.075062752,25.17686653,5.100999832,125.2228775,5.108396053,24.52549362,5.134396076,131.0336304,5.141812801,52.89017868,5.167729378,135.9894562,5.175146103,40.7883606,5.364145756,29.47643852,5.371562481,2.691474438,5.331833363,99.15929413,5.339229107,11.38802719,5.299499989,144.1780396,5.306895733,35.29533386,5.267562389,159.7849426,5.274979115,36.08068848,5.236249924,124.9906235,5.243708134,44.82882309,5.204229355,137.8222351,5.21164608,38.47952271,5.402666569,115.3803635,5.41006279,15.14958858,5.434729099,15.19274998,5.442145824,0.369987398,5.465833664,143.0138702,5.473228931,34.43495941,5.498146057,147.6255646,5.505562305,30.15437508,5.530395985,120.1705704,5.537812233,55.53900909,5.561728954,149.1512604,5.569145679,33.08042908
6.002083302,21.37823486,6.009541988,2.192219019,6.034333229,82.47324371,6.04172945,9.075060844,6.067666531,131.4688416,6.075062752,26.08269691,6.100562572,118.3725739,6.107979298,31.40955734,6.132895947,103.9829025,6.140312672,50.86560059,6.166229248,128.1294556,6.173645973,29.99875259,6.367833614,32.72668457,6.375229359,1.465362787,6.334729195,108.7609177,6.34214592,15.44478703,6.302395821,147.9202423,6.309812546,29.1934166,6.269062519,164.0997162,6.276479244,33.20236206,6.236729145,114.0543594,6.24414587,43.48480988,6.204416752,139.2882538,6.211874962,34.23952103,6.403229237,121.8694458,6.410645962,12.91537189,6.434979439,14.15709877,6.442396164,1.342268825,6.468229294,154.0210876,6.475646019,34.35266495,6.500562668,152.8829803,6.507979393,27.98913574,6.533895969,131.4660492,6.541312695,51.79005814,6.565895557,137.7358704,6.573312283,41.42095947
7.002083302,22.12520599,7.009541988,5.445958138,7.03506279,97.75136566,7.042479038,13.35081768,7.068396091,139.0527649,7.07581234,20.91206551,7.101729393,140.4405975,7.109145641,29.13234901,7.135062695,124.9098816,7.142478943,50.15101624,7.168395996,144.690979,7.175812244,30.62249565,7.369729042,27.38925934,7.377145767,1.596813917,7.336395741,117.9808197,7.343812466,17.34476471,7.30397892,156.6087952,7.311395645,33.78847885,7.271583557,172.7727051,7.279041767,31.81560707,7.239729404,126.1804581,7.247145653,41.73826981,7.20666647,136.1602631,7.214062691,33.28440857,7.405729294,126.1079025,7.413146019,10.71262646,7.438062668,17.73511696,7.445479393,0.851796866,7.469062328,142.9871216,7.476479053,37.63925934,7.501229286,143.0306549,7.508645535,27.14298058,7.533166409,117.4435425,7.54056263,46.64954376,7.566396236,143.5018005,7.573812485,38.30289841
8.002083778,20.12791443,8.009541512,1.503190756,8.034749985,79.07261658,8.042208672,8.117653847,8.067396164,128.934494,8.074811935,22.83131218,8.099645615,129.7553406,8.10706234,21.43647003,8.132228851,112.6707382,8.139645576,46.89810944,8.165395737,133.3093414,8.172812462,26.49733925,8.362999916,30.00896072,8.37039566,0.251565009,8.330999374,110.1286316,8.338396072,17.90158844,8.298229218,153.400528,8.305645943,38.8632431,8.266499519,174.3836823,8.273896217,36.77209854,8.234229088,117.2971573,8.241645813,52.25378036,8.200833321,148.5078278,8.208229065,36.57746124,8.398395538,113.4355469,8.405812263,15.31551456,8.429666519,22.0958252,8.437062263,0.223483235,8.462395668,146.7698059,8.469812393,32.21319199,8.495833397,161.8246613,8.503229141,27.03236008,8.527895927,124.976265,8.535312653,44.83779907,8.56089592,123.2658157,8.568312645,39.05233383
9.002083778,27.39621925,9.009541512,1.382138014,9.034562111,84.20513916,9.041978836,11.72690964,9.06631279,142.9900665,9.073729515,33.88724136,9.099061966,136.0611115,9.106478691,21.17357254,9.130395889,130.1931763,9.137812614,48.59369278,9.163728714,135.1263733,9.171145439,29.30441475,9.363396645,36.64456558,9.37081337,1.07711792,9.330062866,105.4270172,9.337479591,14.20936775,9.297729492,155.2383118,9.305146217,27.43381119,9.265396118,158.5272217,9.272812843,36.18909073,9.232479095,118.1212769,9.239895821,49.7620697,9.199083328,154.6228485,9.206542015,32.05238724,9.401395798,114.6272812,9.408812523,12.32210827,9.434416771,22.62114334,9.441875458,0.950810134,9.467583656,154.3025055,9.475041389,34.20209885,9.499562263,143.5097656,9.506978989,29.22218323,9.532916069,136.1899109,9.540395737,54.48709106,9.565229416,144.8965607,9.572646141,37.98125076
10.00208378,28.27411652,10.00954151,0.848587692,10.03522968,89.78443146,10.04266644,8.770917892,10.06856251,136.9890747,10.07597923,20.80013657,10.10089588,149.7676849,10.10831261,22.10202599,10.13389587,130.7418823,10.1413126,42.79877472,10.16622925,125.6239243,10.17364597,26.99562645,10.36872959,30.62328529,10.37614536,2.068932533,10.33539677,102.5883331,10.34281254,15.57980919,10.30306339,151.9111786,10.31047916,33.102211,10.26972961,153.4780121,10.27714539,32.346035,10.23639584,111.6892853,10.24381161,40.96422958,10.20406246,135.5352478,10.21147823,30.25195885,10.40522861,130.1087799,10.41264534,16.06715393,10.43739605,16.89005661,10.44481182,1.088025093,10.46866703,174.2188721,10.47606182,26.8544693,10.50031185,157.6798553,10.50772953,31.28313255,10.53322983,116.2941971,10.5406456,47.00738525,10.56656265,148.334671,10.57397842,36.46915436
11.00208378,23.73856544,11.00954151,0.978055537,11.03439522,95.01206207,11.04181194,11.10784912,11.06672859,138.6943512,11.07414532,24.67609596,11.09899998,138.1827545,11.10639572,20.09849739,11.13239574,123.5564041,11.13981247,45.94991302,11.16539574,128.6075592,11.17281246,24.12504005,11.36474991,25.84644127,11.3722086,0.845075786,11.33250046,118.1807861,11.33989525,15.50051975,11.2991457,168.3878784,11.30656242,32.71695709,11.26689529,160.846283,11.27431202,28.58525276,11.23356247,109.5157471,11.24097919,42.27088165,11.20125008,141.1120911,11.20870876,35.38222885,11.4012289,118.7081528,11.40864563,19.37392426,11.43256187,16.76788902,11.4399786,0.821229756,11.4637289,161.0405731,11.47114563,29.74040222,11.49483299,157.9060974,11.50222874,30.21308517,11.52706337,135.3272095,11.53447914,46.91717911,11.5602293,131.7170868,11.56764603,34.34150314
12.00208378,25.13106346,12.00954151,1.832756162,12.03433323,91.63482666,12.04172897,9.857470512,12.06756306,137.6848907,12.07497978,20.35442352,12.10083294,128.6766815,12.10822964,29.28086853,12.13256264,119.6840591,12.13997936,45.31739807,12.16456318,127.9649124,12.17197895,40.08256912,12.3619175,29.75348663,12.36937428,0.52563405,12.32999992,106.6317215,12.33739662,10.83471394,12.29725075,154.9074402,12.30470753,28.83982658,12.26539612,154.8099213,12.27281284,26.63817787,12.23239517,124.1216125,12.2398119,41.13544083,12.2010622,146.5085297,12.20847893,37.28099442,12.40133381,111.50103,12.4087286,18.00768089,12.43372917,15.69528103,12.4411459,0.640988886,12.46597862,148.6699677,12.47339535,35.91636658,12.49822903,152.547287,12.50564575,23.72573853,12.52933311,119.3400726,12.53672886,53.07011795,12.56158352,128.3141174,12.56904221,31.82574654
13.00208378,26.87334251,13.00954151,1.834021091,13.03522968,81.702034,13.04264641,12.18342209,13.06639576,132.6360016,13.07381248,26.87185097,13.09772968,129.0363159,13.10514641,22.30544281,13.13108349,127.2560959,13.13854122,35.16109848,13.16391659,121.7301941,13.17137432,26.69030571,13.36189556,28.91482735,13.36931229,2.025064945,13.32856274,116.5690231,13.33597946,16.40715981,13.29639626,167.1675262,13.30381298,23.10741615,13.26429176,145.3706207,13.27172947,26.87724304,13.23208332,124.9050446,13.23954201,40.03091431,13.2000618,149.5160065,13.20747852,34.69485474,13.39839554,118.85289,13.40581226,13.76691151,13.43172932,22.10612106,13.43914604,1.450910807,13.46506214,172.3192444,13.47247887,25.10362244,13.49739552,145.0608368,13.50481224,25.97524834,13.52839565,135.4382172,13.53581238,46.78953934,13.5602293,136.6744843,13.56764603,33.24241638
14.00208378,25.76859856,14.00954151,1.418772817,14.03399944,95.64597321,14.04139614,11.78789425,14.06716728,137.0325623,14.07456303,24.08595085,14.09991646,131.4702301,14.10737514,24.47363663,14.1322298,116.6820602,14.13964558,34.4804306,14.16556263,116.8190155,14.1729784,31.53777885,14.36722946,27.33555031,14.37464619,1.417778373,14.33406258,111.4858093,14.3414793,13.61336899,14.30106163,164.6751709,14.30847836,28.69531822,14.2678957,154.7145844,14.27531242,30.91962242,14.23589611,118.4282227,14.24331284,38.23411179,14.20383263,148.7993622,14.21122932,33.96642303,14.40539551,123.9769135,14.41281223,17.71265221,14.43666649,19.14675331,14.44406223,0.78744638,14.47000027,156.1338654,14.47739601,30.61496162,14.50333309,146.5746613,14.51072884,29.14072037,14.53556252,125.3215637,14.54297924,39.22792053,14.5668335,118.2288666,14.57422924,30.22612
15.00208378,23.0767765,15.00954151,1.152585268,15.03456211,94.5610199,15.04197884,8.469379425,15.06664658,134.6128082,15.07406235,23.6894207,15.09822941,132.3564301,15.10564613,24.46234703,15.13125038,138.9628296,15.13870811,28.54361343,15.16383362,127.9362564,15.17122936,30.66808319,15.3643961,26.26820946,15.37181282,2.804569483,15.33241653,105.4278946,15.33987522,13.16590405,15.29972935,165.4462433,15.30714607,22.69036102,15.2667284,159.449585,15.27414513,27.75300217,15.23441696,130.9690552,15.24187565,35.93373108,15.20164585,141.7901001,15.20906258,36.95922089,15.40206337,112.9139633,15.40947914,16.88396454,15.43550014,19.00579453,15.44289589,1.436527014,15.46800041,175.615036,15.47539616,20.59255791,15.50039577,143.1734619,15.5078125,29.09104729,15.53275013,128.0157013,15.54020786,41.82358932,15.56622887,141.6931305,15.57364559,32.12997437
16.00208282,25.10420799,16.00954247,0.773467302,16.034729,80.67009735,16.04214668,9.822041512,16.06733322,150.4117432,16.07472992,24.18155479,16.09989548,135.8089752,16.10733414,26.58371544,16.13372993,115.0478897,16.14114571,32.16469193,16.16550064,128.8251953,16.17289543,29.31084061,16.36623001,26.17916489,16.37364578,2.250656128,16.33439445,116.0538635,16.34181213,18.70597458,16.30206299,165.3520355,16.30947876,30.59539604,16.26941681,170.1687775,16.27687454,27.97781944,16.23656273,129.0891266,16.2439785,36.36294174,16.20400047,129.7021637,16.21139717,33.47747421,16.40291595,113.4683533,16.4103756,15.12091064,16.43589592,17.87078857,16.44331169,0.270976484,16.46939659,169.3131561,16.47681236,23.98566055,16.50222969,162.7065277,16.50964546,23.60396385,16.53556252,129.8213501,16.54297829,36.91765976,16.56791687,125.7145538,16.5753746,34.7853508
17.00208282,25.57926559,17.00954247,1.297231674,17.03533363,80.18030548,17.04272842,10.86612797,17.06708336,140.0676727,17.074543,22.42313385,17.09889603,127.5041885,17.10631371,23.68497467,17.13173103,111.0242691,17.1391468,38.1304512,17.1640625,131.4263611,17.17147827,27.42300606,17.36572838,28.52433968,17.37314606,1.506670356,17.33339691,115.6474991,17.34081268,15.53480053,17.30006218,192.4809875,17.30747795,25.85502052,17.2673111,163.2419281,17.27472878,24.62422943,17.23522949,133.3469238,17.24264526,34.70773697,17.20223045,141.424118,17.20964622,32.85901642,17.40306282,115.381218,17.4104805,15.59135723,17.43506241,14.02950382,17.44247818,1.279547453,17.46789551,165.1827087,17.47531319,30.24954605,17.49972916,142.4852142,17.50714493,25.37253761,17.53239632,143.1809235,17.539814,45.3211441,17.56572914,129.9138336,17.57314682,26.24356842
18.00208282,24.34666443,18.00954247,0.735604227,18.03389549,81.75498962,18.04131317,15.3812952,18.06558418,147.1551819,18.07304001,24.57538986,18.09858322,140.4479065,18.10604286,23.85118294,18.13081169,116.3748398,18.13822746,39.39297104,18.16356277,124.5055389,18.17098045,29.87844658,18.36006355,28.89178467,18.36750031,2.63082099,18.32739639,102.4707565,18.33481216,19.04249954,18.29572868,167.533493,18.30314445,25.58336258,18.2637291,162.7436523,18.27114677,24.81571579,18.2321682,128.7432709,18.23956299,40.50416946,18.20041656,138.5565796,18.20787621,31.55856895,18.39691544,116.226181,18.40437508,13.26747799,18.42889595,21.52766418,18.43631172,0.903588116,18.46172905,170.2334595,18.46914673,23.50334549,18.49406242,163.2099457,18.5014782,30.16934013,18.52558327,126.9287491,18.53304291,42.60329056,18.55774879,135.7971497,18.56520844,33.3155632
19.00208282,25.21400261,19.00954247,1.558734655,19.03306198,82.46341705,19.04050064,7.572834492,19.06556129,145.93367,19.07297897,20.48171997,19.09783363,133.8999023,19.10522842,33.39595795,19.13139725,115.7379379,19.13881302,41.09708023,19.16308403,129.2086487,19.17054176,23.31796837,19.36420822,21.45212936,19.37164497,1.290919304,19.33172989,112.4614334,19.33914566,13.04949665,19.29850006,162.8145294,19.30589676,21.98937988,19.26599884,153.559906,19.27339745,31.85744286,19.23341751,124.2912064,19.24087524,30.89946556,19.20056152,143.9519501,19.2079792,31.49313927,19.40039635,122.0508423,19.40787506,14.95937538,19.43272972,22.10944939,19.44014549,0.523819506,19.46525002,168.7584381,19.47270966,23.81338882,19.49758339,137.9061432,19.50504112,34.31596375,19.53106308,127.6115494,19.53847885,42.10079575,19.56322861,111.8549957,19.57064629,35.29109955
20.00208282,27.19825554,20.00954247,1.337208748,20.034729,82.65276337,20.04214668,12.60907936,20.06799889,139.4243774,20.07539749,25.37474632,20.10106277,141.070282,20.10848045,23.19597435,20.13372993,126.0774994,20.14114571,39.22026062,20.16556168,116.7528,20.17297935,38.14070892,20.36372948,33.94311142,20.37114716,0.93848902,20.33256149,118.3176422,20.33997917,13.82643414,20.2997303,176.2568817,20.30714607,28.3129406,20.26650047,157.7865143,20.27389526,22.52018547,20.23406219,127.3003998,20.24147987,38.68851852,20.20172882,159.3881378,20.20914459,32.69881821,20.40241623,117.8783798,20.40987587,13.63270378,20.4362278,16.18773079,20.44364548,1.14076221,20.46872902,175.925293,20.47614479,26.76317787,20.5018959,148.6987,20.50931168,27.07416725,20.5340004,131.0929108,20.54139519,41.66746902,20.5675621,117.2731705,20.57497978,24.54466057
21.00208282,25.60931206,21.00954247,2.71039176,21.03389549,96.23937988,21.04131317,9.200707436,21.0656662,154.9250946,21.0730629,22.22159767,21.09906197,145.2469788,21.10647964,23.00738716,21.13156319,120.6885147,21.13897896,38.35970306,21.16358185,145.2943726,21.17104149,35.12212372,21.3610611,25.3173008,21.36847878,1.589197159,21.32814598,110.0882874,21.33556366,12.16844273,21.29533195,175.0361938,21.30272865,23.59157944,21.26239586,170.1557007,21.26981163,21.61089134,21.230896,122.4072952,21.23831177,33.37276459,21.19906235,154.8081055,21.20648003,30.94895935,21.39756203,119.9769058,21.4049778,12.31838894,21.42916679,19.09335899,21.43656158,1.546598434,21.46189499,166.9868011,21.46931076,25.0039959,21.49373055,144.8959198,21.50114632,30.05361938,21.52539635,136.4412842,21.53281212,37.54961014,21.55589676,141.436142,21.56331253,30.86799812
22.00208282,27.27977562,22.00954247,1.918127775,22.03266525,81.05680084,22.04006386,9.445714951,22.06572914,145.260788,22.07314682,18.85930061,22.09906197,138.0989685,22.10647964,23.43010712,22.13139725,118.9451218,22.13881302,30.38322067,22.16389656,142.9668732,22.17131424,35.89019775,22.36750031,22.35082817,22.374897,0.647617579,22.33550072,113.6209183,22.34289551,12.06142426,22.30189705,183.1903534,22.30931282,30.61484337,22.26972771,163.0609283,22.27714729,23.46372986,22.23514557,135.4716492,22.24256134,40.29253387,22.20223045,138.4500122,22.20964622,33.6024437,22.40472794,121.3357773,22.41214561,12.23714447,22.43716621,14.59596539,22.444561,2.938127995,22.46899986,170.6811523,22.47639656,25.61743546,22.50216675,149.5795898,22.50956154,30.28409195,22.53464508,125.3707581,22.54206276,38.24664307,22.56622887,125.5364532,22.57364464,30.35055733
23.00208282,25.45020103,23.00954247,2.688559294,23.03573036,84.38209534,23.04314613,12.36192513,23.06791496,148.989624,23.0753746,21.81963158,23.10124969,136.3277283,23.10870743,22.27545547,23.133564,134.298111,23.14097977,32.82449341,23.16473007,122.1224899,23.17214584,30.14950371,23.36583328,26.99064255,23.37322998,3.374588966,23.33272934,115.3144608,23.34014511,17.40354919,23.30066681,172.3169098,23.30806351,20.77348137,23.26749992,156.1031647,23.27489662,32.89356613,23.23516655,126.4466934,23.24256134,34.54065323,23.20206261,147.0839386,23.20947838,36.95270538,23.40423012,125.5872116,23.41164589,17.13149834,23.43633461,16.83701897,23.4437294,0.651510119,23.46966743,163.9001923,23.47706223,24.43274498,23.50166702,160.3445435,23.50906181,25.11388397,23.53489494,128.8565063,23.54231071,38.33841705,23.56856346,128.2389984,23.57597923,29.45091248
24.00208282,23.74680328,24.00954247,1.246789932,24.034729,88.82878876,24.04214668,14.82486248,24.0684166,146.312027,24.07587433,18.56811523,24.10072899,136.4204254,24.10814667,20.97908974,24.13372993,123.9932861,24.14114571,28.8225708,24.16541672,129.7250824,24.17287636,25.84462738,24.3685627,21.54156494,24.37597847,1.243269682,24.3358345,116.8342285,24.34322929,15.64698505,24.30266762,158.9329834,24.31006241,27.60863876,24.26989555,149.3712463,24.27731323,29.06195068,24.23697853,132.6546478,24.2443943,35.9461174,24.20356178,152.7078705,24.21097755,35.88575363,24.40547943,125.6508713,24.41289711,12.33289051,24.43756294,19.84680939,24.44497871,0.691105187,24.46856308,169.0315247,24.47597885,20.75017548,24.50106239,149.7611084,24.50848007,23.40646553,24.53266525,127.2028809,24.54006386,31.5970974,24.56506348,146.1608276,24.57247925,33.15576935
25.00208282,23.69060898,25.00954247,1.272641182,25.034729,101.8751907,25.04214668,10.98626518,25.0675621,140.1562195,25.07497978,20.06098557,25.09956169,144.0810852,25.10697746,21.43438339,25.1312294,114.4060669,25.13864517,32.56670761,25.16356277,127.0282745,25.17098045,27.36309052,25.36256218,33.12768555,25.36997795,1.118260741,25.32989502,115.7859039,25.3373127,8.833922386,25.29733276,180.9476624,25.30472755,22.97373199,25.26375008,148.3681183,25.27120781,23.81659508,25.23189545,118.9803619,25.23931313,38.09705353,25.19991684,132.77948,25.20737457,22.5357666,25.39889526,118.6342697,25.40631294,12.06174755,25.43066597,18.52228355,25.43806076,1.879344225,25.46372795,176.2642212,25.47114754,30.10488892,25.49699974,151.585083,25.50439644,22.65905762,25.53041649,123.0501785,25.53787422,35.09179688,25.56356239,110.5549393,25.57098007,26.87504959
26.00208282,21.59523582,26.00954247,0.663259387,26.03416824,81.00534821,26.04156303,7.685957432,26.06706429,159.8284454,26.07448006,24.92809296,26.09922981,132.8636322,26.10664749,26.98684311,26.13089561,147.4924469,26.13831139,40.09168243,26.16356277,117.8230972,26.17098045,25.31827736,26.36456299,27.76855278,26.37197876,1.525332093,26.33183479,110.0758438,26.33922958,13.69042206,26.29874992,188.4776306,26.30620956,26.38717842,26.26739502,163.8048859,26.2748127,20.68403435,26.23489571,128.2922974,26.24231148,33.85061264,26.20264435,126.7667847,26.21006203,29.2485466,26.40322876,126.444397,26.41064644,11.81312561,26.43489647,19.60595322,26.44231224,1.568807483,26.46739578,175.1567841,26.47481346,22.48081589,26.49947929,150.1707153,26.50689507,26.32950211,26.53350067,129.9874115,26.54089546,28.91100121,26.56658363,124.7757187,26.57404137,34.1606636
27.00208282,28.26722908,27.00954247,0.821731925,27.03391647,98.06549835,27.04137611,10.19077015,27.06781197,157.5085297,27.07522964,20.52392006,27.10058403,148.0012207,27.10804176,18.66358566,27.13333321,136.9104309,27.140728,31.13451385,27.16589546,142.2088776,27.17331314,31.95955658,27.36722755,30.12409782,27.37464523,3.058774233,27.33389473,107.1207733,27.34131241,12.40977097,27.30139542,162.0937653,27.3088131,19.11636925,27.2697506,143.3986969,27.27720833,25.48891068,27.23689651,151.2087555,27.24431229,28.47672081,27.20389557,139.2217255,27.21131134,34.57137299,27.4034996,131.9522247,27.4108963,16.25419998,27.43589592,20.5147438,27.44331169,1.069838285,27.46739578,166.0011597,27.47481346,23.04187393,27.49933243,147.3445435,27.50673103,25.16100502,27.53197861,138.3710022,27.53939629,41.9797554,27.56433296,126.7619553,27.57172775,33.46569824
28.00208282,23.87840271,28.00954247,4.661228657,28.03539658,88.94281006,28.04281235,9.944803238,28.0675621,139.4206848,28.07497978,24.68654251,28.09931183,146.3963623,28.10672951,25.79317093,28.13175011,140.9100952,28.13920975,28.41013718,28.16372871,121.4986725,28.17114639,26.06182098,28.36256218,29.79322815,28.36997795,0.097415566,28.32966805,121.9832458,28.33706284,11.54305935,28.29797935,162.35495,28.30539513,21.66233444,28.26539421,161.4313507,28.2728138,24.05129433,28.23164749,134.5060425,28.23906326,44.5760231,28.20006371,134.2104492,28.20747948,32.78000641,28.39916611,133.8301392,28.40656281,15.86371803,28.43099976,14.74590588,28.43839455,0.663625836,28.46316719,168.1974792,28.47056198,22.66985893,28.49539566,151.3308258,28.50281143,20.52367401,28.52816582,133.0621796,28.53556252,31.51688004,28.56108475,129.6403351,28.56854248,34.98948288
29.00208282,26.92307663,29.00954247,0.643567622,29.03433418,91.37399292,29.04172897,12.63520432,29.06664658,148.0949554,29.07406235,22.9332943,29.09847832,150.3114777,29.105896,21.0094223,29.13139725,121.5055008,29.13881302,32.77129364,29.16439629,133.5104523,29.17181206,27.34121513,29.3665638,23.23724937,29.37397957,2.236503124,29.33400154,118.9093399,29.34139633,12.260499,29.30091667,176.4682922,29.3083744,20.29872131,29.26781273,163.0435944,29.27523041,26.93530846,29.23466682,131.2663116,29.24206352,33.5488472,29.20156288,156.2082825,29.20897865,33.87870407,29.40383339,125.6462173,29.41122818,12.78039837,29.43589592,18.01406479,29.44331169,1.206354141,29.46572876,179.1554413,29.47314644,27.12150764,29.49733353,137.1518707,29.50472832,22.29750443,29.52864647,129.4276276,29.53606224,34.27629089,29.56197929,105.896225,29.56939507,28.14388847
30.00208282,23.68234444,30.00956154,1.942302227,30.03389549,82.98699188,30.04131317,12.20674229,30.06722832,146.9761505,30.07466698,19.3455925,30.09956169,147.9393463,30.10697746,23.74425697,30.13058281,145.008255,30.13804054,32.13160706,30.16399956,130.862442,30.17139435,25.90140152,30.36283302,28.86874199,30.37022972,1.579136014,30.33158302,109.3303833,30.33904266,15.88310719,30.29931259,161.0927124,30.30673027,26.64758682,30.26706314,154.4010773,30.27447891,29.04448509,30.23373032,140.2140961,30.24114609,39.10312653,30.20131302,142.1848907,30.2087307,31.01592064,30.40023041,121.5618515,30.40766525,12.48149586,30.43306351,16.79597473,30.44047928,1.475449085,30.4650631,180.6097107,30.47247887,23.42733955,30.49822998,161.589859,30.50564575,30.8514328,30.52923012,144.6730347,30.53664589,33.06142807,30.56156158,129.1879883,30.56897926,27.11331558
31.00208282,22.74859238,31.00954247,2.115622997,31.03566742,89.74407959,31.04306221,10.07457447,31.0688343,141.6240234,31.0762291,21.37472153,31.10189629,154.2989807,31.10931206,23.22860146,31.13389397,134.5088196,31.14131355,38.99980164,31.16589546,141.2050476,31.17331314,32.16289139,31.36283302,21.86779213,31.37022972,2.382962704,31.32947922,116.9614029,31.33689499,12.34673023,31.29822922,178.2801208,31.30564499,26.21661186,31.26481247,158.6461029,31.27222824,25.35031891,31.23256302,138.6808167,31.2399807,31.06659126,31.2012291,135.8598785,31.20864677,23.12903976,31.39908218,135.4474182,31.40654182,15.4398737,31.43233299,19.78617477,31.43972969,0.484405875,31.46522903,175.72612,31.47264671,20.39050674,31.49822998,161.7190094,31.50564575,26.48755646,31.5304985,131.750061,31.53789711,31.90991974,31.56283379,122.2662048,31.57022858,26.41452408
32.00208282,25.46046448,32.00954056,1.323532224,32.03489685,92.55428314,32.04231262,11.81995583,32.06706238,158.3285675,32.07447815,21.02242851,32.1003952,144.8718414,32.10781097,24.97337532,32.13249969,129.0215759,32.13989639,34.05033112,32.16589737,139.7349091,32.17331314,26.63590813,32.36449814,27.98879051,32.37189484,1.152173281,32.33216858,117.4069595,32.33956146,12.67547512,32.29889679,167.2585449,32.30631256,20.59078407,32.26764679,150.719162,32.27506256,25.95586205,32.23558426,135.447113,32.24304199,33.92568588,32.20266724,134.1840973,32.21006393,32.29618073,32.40206146,122.4756699,32.40947723,14.23805141,32.43439484,19.32465935,32.44181442,0.856628895,32.46666718,188.0908051,32.47406387,23.59428596,32.49791718,138.0608521,32.50537491,24.99017906,32.53133392,129.8446198,32.53873062,35.21685028,32.56358337,115.238678,32.57104111,27.81606293
33.00208282,20.99692917,33.00954056,2.647739172,33.03522873,79.7395401,33.0426445,8.828576088,33.06856155,149.1176605,33.07597733,25.7613678,33.10189438,135.5065765,33.10931015,21.05910492,33.13523102,126.9297333,33.14264679,29.48138809,33.16756058,132.1657257,33.17498016,28.15086746,33.36989594,31.25339317,33.37731171,1.247844934,33.33656311,123.852562,33.34400177,13.80547619,33.30422974,175.9565887,33.31164551,23.94783401,33.27106476,156.1179047,33.27848053,28.79082298,33.23833466,126.7678299,33.24573135,23.02577972,33.20606232,133.1669769,33.21347809,26.03793335,33.40606308,125.6962891,33.41347885,14.92153263,33.43933487,16.90034866,33.44672775,2.02767396,33.47272873,167.4777527,33.4801445,27.46900749,33.50583267,152.9173431,33.51322937,24.31523132,33.53822708,128.453537,33.54564667,35.93769836,33.56922913,115.0937881,33.5766449,31.49488258
34.00208282,24.64958,34.00954056,1.43151629,34.03608322,90.37931824,34.04354095,11.10969067,34.06839752,135.083786,34.07581329,22.89826965,34.10173035,134.298645,34.10914612,16.87368011,34.13383484,126.8769226,34.14122772,35.90203476,34.16597748,143.0867157,34.17339706,33.61841965,34.36139679,29.2430706,34.36881256,1.218483448,34.33008194,118.424675,34.33753967,11.18075848,34.29789734,178.0370026,34.30531311,23.63609695,34.26447678,165.6124268,34.27189636,30.03440857,34.23322678,139.7325897,34.24064636,35.20549393,34.20191574,150.3580627,34.20937347,32.80316162,34.39856339,125.1105652,34.40597916,12.52038765,34.43172836,14.41205406,34.43914413,2.056357384,34.46389389,179.1210632,34.47131348,25.4189949,34.49689484,144.196228,34.50431442,23.02522087,34.52881241,142.2633362,34.53623199,29.31138802,34.56256104,127.3851242,34.56998062,25.3724041
35.00208282,19.07689857,35.00954056,1.409986496,35.03499985,91.33726501,35.04239655,7.849188328,35.06700134,148.3623199,35.07439804,19.94236946,35.1003952,145.4625092,35.10781097,26.06298447,35.13372803,126.0232773,35.14114761,31.47133064,35.16606522,124.0605774,35.17347717,27.04930496,35.36489487,27.21537781,35.37231445,1.960803986,35.33258438,118.8901443,35.34004211,12.11316967,35.30033493,180.7376709,35.30773163,17.96552086,35.26823044,161.3747253,35.27564621,24.0347271,35.23633194,134.1606445,35.24372864,32.55947113,35.20439529,134.7382355,35.21181107,34.61909485,35.40139389,135.970047,35.40881348,16.46047211,35.43349838,22.11450195,35.4408989,1.031068325,35.46533203,179.9944305,35.47272873,27.99860764,35.49822998,167.0931396,35.50564957,28.61009789,35.53147888,117.8251801,35.53889465,34.9766655,35.56372833,115.2156448,35.57114792,22.99611473
36.00208282,26.47204018,36.00950241,0.76511097,36.0346489,92.28911591,36.04206085,10.03679562,36.06591797,149.2356262,36.0733757,18.66233826,36.09873199,143.0439758,36.10614395,19.25649643,36.13074875,137.7854462,36.13820648,32.40509415,36.16414261,135.3547974,36.17156219,21.15390015,36.36417007,24.08508873,36.37156296,2.136492968,36.33108139,113.7264099,36.33854294,10.9183588,36.29906464,193.6808167,36.30647659,23.61096001,36.26599884,152.0722961,36.27339554,21.77792931,36.23273087,136.72966,36.24014664,36.5173912,36.20039368,128.2058868,36.20781326,26.3851738,36.40272903,113.6320038,36.41014481,11.19591427,36.43491745,18.6352787,36.44237518,0.559733748,36.46822739,161.8856354,36.47564697,28.09867859,36.50114822,141.1863556,36.50856018,28.25271034,36.53306198,134.2956543,36.54047775,31.08997154,36.5643959,127.5495148,36.57181549,29.08319283
37.00208282,25.15160179,37.00954056,1.346966863,37.03456116,90.64525604,37.04199982,10.16909122,37.06689453,152.9057922,37.07431412,21.44614792,37.0981636,133.8223572,37.10556412,23.91773987,37.13149643,146.3787689,37.13889694,30.03250694,37.16374969,114.0131683,37.17120743,27.66610336,37.36683273,25.19274902,37.37422943,2.296916723,37.33356094,101.0789795,37.34098053,12.3692255,37.30122757,173.9130402,37.30864716,19.64791489,37.26789474,153.3507233,37.2753334,25.05349731,37.23556137,138.3966522,37.24298096,27.05303574,37.20222855,132.8223572,37.20964813,27.45262146,37.40224838,114.8907166,37.40970993,14.65681267,37.43422699,21.31933022,37.44164658,2.413063049,37.46739578,167.7779694,37.47481155,23.45876694,37.50072861,142.7846832,37.50814438,22.73433685,37.53291702,144.3544617,37.54037857,33.13715744,37.56672668,116.2310257,37.57414627,23.18967247
38.00208282,22.378685,38.00954056,1.722103834,38.03389359,95.30013275,38.04131317,11.30364227,38.06622696,151.8309174,38.07364655,19.9415226,38.09939957,135.0578918,38.10681152,21.45551109,38.13056183,134.2281189,38.13798141,34.90119553,38.16272736,121.6479263,38.17014694,28.06515884,38.36122894,26.24551773,38.3686676,1.68763876,38.32897949,124.2761536,38.33639908,12.3676548,38.29656219,183.6914825,38.30397797,22.33620644,38.2633934,152.7831879,38.27081299,24.51302147,38.23223114,140.1973877,38.2396431,31.49368286,38.20106125,146.644989,38.20848083,29.34264183,38.39972687,128.0653687,38.40716553,14.31655121,38.43305969,17.83141899,38.44047928,1.183054209,38.46539688,166.4099274,38.47281265,22.75958824,38.49773026,141.6129761,38.50514603,23.59687424,38.53041458,133.8283539,38.5378952,33.53342438,38.5636673,114.2331924,38.57106018,28.47407341
39.00208282,22.32151413,39.00954056,0.957318783,39.03506088,89.75796509,39.04248047,10.91169167,39.06739426,139.2006226,39.07481384,23.63644981,39.09972763,133.138504,39.10716629,22.77643776,39.13306046,120.0352783,39.14048004,29.43127441,39.16539764,138.94133,39.1728096,28.14034653,39.36656189,29.31116295,39.37397766,1.294607639,39.33322906,118.1595001,39.34064484,15.60261726,39.30089569,176.6808777,39.30831146,23.07296944,39.26883316,148.071991,39.27622986,25.98007011,39.23583221,132.9730835,39.24322891,30.47324371,39.20289612,137.6804352,39.21031189,30.53832245,39.40306473,132.5415649,39.41047668,15.72522354,39.43422699,18.00083923,39.44164658,1.233611584,39.46641922,173.8118744,39.47389603,23.97404861,39.49981308,146.75383,39.50722885,23.99475479,39.53316498,121.6655731,39.54056549,40.04101944,39.56545639,121.9277725,39.57289505,26.94246101
40.00208282,25.97004509,40.00954056,1.29397428,40.03439713,92.73886108,40.0418129,12.33577442,40.06650162,140.9686432,40.07389832,18.43791199,40.09983444,139.5797882,40.10723114,22.41369247,40.13306046,122.9224091,40.14048004,25.82733345,40.16533279,138.5803223,40.17272949,33.0990715,40.36533356,24.38866043,40.37273026,2.677529812,40.33199692,115.2020569,40.33939743,15.6469717,40.30072784,179.9994049,40.30814743,21.57824326,40.26783371,152.3535767,40.27522659,25.37182999,40.23489761,131.3671265,40.24231339,27.00898552,40.20158386,141.4931793,40.2090416,31.80939293,40.40389252,122.1956482,40.4113121,12.85297298,40.43616486,21.18562126,40.44356155,1.332252026,40.46949768,163.0640259,40.47689438,22.57286072,40.50266647,150.9177856,40.51006317,26.06229401,40.534729,135.1087036,40.54214859,28.48918533,40.56789398,124.8697433,40.57531357,29.55471039
41.00208282,25.88549232,41.00954056,0.944287062,41.03456116,88.039505,41.04198074,12.57269382,41.0658989,149.984314,41.07331085,24.65979004,41.09866714,132.6227112,41.10606384,18.97399139,41.13172913,126.8755188,41.1391449,31.71197319,41.16381454,141.8710175,41.1712265,28.95007324,41.36331558,24.88225555,41.37072754,1.212040901,41.33039474,119.8359756,41.33781433,12.30504799,41.29806137,182.4023285,41.30548096,23.38274002,41.26472855,149.7338562,41.27214813,24.13157654,41.2334137,135.4212494,41.24087143,28.18937492,41.2012291,130.6660309,41.20864487,31.24546051,41.40073013,115.2890244,41.4081459,13.11376286,41.43297958,18.69672394,41.44039536,1.78966701,41.46614456,181.23526,41.47356415,25.88908005,41.49839783,152.8470764,41.50580978,29.25964737,41.5296669,136.6030426,41.53705978,33.67939758,41.56172943,126.0590973,41.5691452,29.22293091
42.00208282,16.67781258,42.00954056,2.803835154,42.03456116,89.72676849,42.04198074,8.14564991,42.0668335,148.5215302,42.07423019,19.26601982,42.10022736,157.0345459,42.10764694,18.3141861,42.13364792,130.2436981,42.14106369,26.58747292,42.16589737,134.2035675,42.17331314,30.40736008,42.36383438,27.1991787,42.37122726,0.904754877,42.33256531,115.9573746,42.33997726,14.2074604,42.30024719,181.2237854,42.30770493,24.05656815,42.26800156,164.9039154,42.27539444,22.7751236,42.23566437,138.1187286,42.24306107,31.9886322,42.20289612,131.6244812,42.21031189,33.10850525,42.40241623,122.0184555,42.40987396,12.50908566,42.43349838,22.78315163,42.4408989,0.676538408,42.46472931,178.5303802,42.4721489,26.36667061,42.49706268,139.5227509,42.50447845,26.62218285,42.52933502,150.5600739,42.53673172,28.83520699,42.56272888,116.5489044,42.57014465,28.72649765
43.00208282,22.07897568,43.00954056,0.627370715,43.03522873,75.99455261,43.04264832,14.23336315,43.0675621,143.7727966,43.07497787,22.73878479,43.09889603,138.8572235,43.1063118,24.09905434,43.13106155,134.8927765,43.13848114,26.55131531,43.16322708,130.0467377,43.17064667,25.72541428,43.36289597,25.72356796,43.37031174,1.31456995,43.32956314,109.487587,43.33697891,14.85062218,43.29722977,180.5621796,43.30464554,20.68454552,43.26383591,150.4481354,43.27122879,24.58834839,43.23156357,133.4878693,43.23897934,34.56232834,43.19823074,135.9240875,43.20564651,26.01799202,43.40139389,115.7550812,43.40881348,15.10371971,43.43349838,20.44445229,43.44095993,0.880487859,43.46589661,172.1087952,43.47331238,23.09349442,43.49814606,149.6308441,43.50556183,22.98504639,43.53147888,127.2806549,43.53889465,24.47050095,43.5643959,122.2540665,43.57181549,24.93590927
44.00208282,21.46904182,44.00954056,2.618155241,44.03406143,106.4216156,44.04148102,8.075305939,44.06591797,150.9301147,44.0733757,21.48576927,44.09822845,133.0608368,44.10564804,19.28423119,44.13106155,122.8533173,44.13848114,27.46932793,44.16222763,138.9305115,44.1696434,26.42051697,44.36122894,27.6306057,44.3686676,0.880848646,44.32922745,107.8160477,44.33664703,12.82063389,44.29514694,171.3333435,44.30256271,15.67251968,44.26389694,145.4633942,44.27131271,26.506464,44.23189545,144.46492,44.23931122,32.56910324,44.19916534,129.8206177,44.20656204,32.25744629,44.39806366,124.8351212,44.40547943,13.32453346,44.43039703,20.140028,44.43781281,2.25941968,44.46139908,167.6553192,44.46881104,19.65286636,44.49324799,154.6386719,44.50070953,22.21885109,44.5265007,139.2664948,44.53389359,28.87427902,44.55956268,116.2510605,44.56697845,26.0851841
45.00208282,23.94674683,45.00956345,1.209166288,45.03439713,85.61540985,45.0418129,14.76651955,45.06573105,151.2566223,45.07314301,16.4712429,45.09706116,136.0309601,45.10448074,20.35943985,45.13039398,130.1395111,45.13781357,30.3259182,45.1624794,146.5457153,45.16989899,25.4355545,45.35900116,24.60046768,45.36639404,2.022301912,45.32706451,119.9224091,45.33448029,11.47072411,45.2943306,175.7624969,45.30173111,24.70152283,45.26306152,175.5952148,45.27048111,23.51932907,45.23189545,137.9456482,45.23931122,33.84260559,45.20056152,142.8028412,45.20798111,24.20678902,45.3975029,129.6455078,45.40489578,17.36294556,45.42972946,11.51304436,45.43714523,1.073825479,45.4631691,179.6133118,45.47056198,20.16617584,45.49516678,137.7918396,45.50256348,25.47794724,45.527565,150.9328613,45.53497696,27.37676811,45.55981445,127.4956055,45.56722641,21.69222069
46.00208282,25.03129959,46.00954056,2.249330282,46.03483582,83.12940216,46.0422287,13.90902901,46.06766891,159.1203003,46.0750618,18.02475548,46.09972763,146.5950012,46.1071434,23.91608047,46.13308334,138.2319794,46.14054489,34.12561417,46.16439438,126.9119415,46.17183304,30.32652855,46.36639404,31.13926506,46.37381363,0.377830088,46.33406067,116.4117508,46.34148026,14.77771091,46.30089569,166.8331146,46.30833435,27.04148865,46.26858139,146.1940765,46.27606201,31.36182213,46.23522949,140.4606781,46.24264908,34.11437988,46.20289612,142.1278381,46.21031189,30.79704666,46.40389252,118.9600906,46.4113121,14.41062832,46.43606186,19.76247215,46.44347763,1.302120566,46.46873093,164.3150787,46.4761467,17.98676682,46.50139618,152.9096069,46.50881195,23.97519112,46.53456116,143.0579529,46.54198074,33.95227051,46.56689453,111.140007,46.57431412,26.92880249
47.00208282,30.89055634,47.00954056,2.065302849,47.03522873,89.64267731,47.04264832,11.3520155,47.06772995,147.9371338,47.07514572,17.84957314,47.09939957,146.7328186,47.10681152,21.30036163,47.1323967,123.8533401,47.13981247,28.05589104,47.16356277,123.7534027,47.17097855,29.4274559,47.36108398,30.58240318,47.36854172,1.020541906,47.32897949,118.2102127,47.33639908,12.20283794,47.29583359,185.4274292,47.30323029,21.91361237,47.26350021,152.6138763,47.2708931,26.3578434,47.23022842,138.6963501,47.23764801,28.87031937,47.19889832,151.6816711,47.20631027,29.51157761,47.39766693,114.2806778,47.40506363,17.90996361,47.43056107,19.97785568,47.43798065,0.429114968,47.46256256,175.3753815,47.46997833,18.12297058,47.49489594,145.6000061,47.50231171,26.87329483,47.52799988,153.1774445,47.53539658,29.47972298,47.56116486,123.8027344,47.56856155,25.86498642
48.00208282,28.80191994,48.00954056,2.380059958,48.03499985,97.56121826,48.04239655,8.583202362,48.06706238,155.2575989,48.07447815,19.71622849,48.10022736,152.4230499,48.10764694,18.35110855,48.13233185,133.9323273,48.13972855,28.54687691,48.16550064,140.467926,48.17289734,33.03476334,48.36122894,24.28894806,48.36864471,1.805280685,48.3290596,116.8694458,48.33647919,11.60684013,48.29614639,177.9620209,48.30356598,22.29068565,48.26489639,157.3749542,48.27231598,21.56167603,48.23206329,126.0277481,48.23947906,29.0749321,48.20091629,136.022995,48.20837402,28.75530434,48.39866638,119.7342224,48.40606308,13.13076782,48.43199921,15.64580917,48.4393959,0.8690328,48.46466446,167.8702545,48.47206116,21.89999771,48.49766922,143.2920227,48.5050621,31.77563095,48.53066635,140.1366119,48.53806305,36.21537399,48.56258011,130.8783722,48.57004166,20.93416405
49.00208282,22.08420944,49.00954056,1.436282516,49.03422928,86.34870148,49.04164505,12.33027172,49.06708145,157.2917786,49.07453918,23.60620308,49.09923172,139.3959503,49.10664368,25.08404541,49.1312294,136.3545837,49.13864899,25.17185211,49.16331482,142.8733826,49.17072678,27.80554581,49.36158371,23.71198654,49.36904144,1.950430512,49.32933426,111.3656769,49.33673096,16.1593895,49.29706192,178.5647278,49.30448151,21.34128761,49.26499939,156.1266937,49.27239609,22.29431534,49.23391342,147.3560028,49.24137497,28.54252052,49.20081329,139.6881866,49.20822906,32.10204697,49.39741516,128.6556854,49.40487289,11.6279068,49.43083572,19.39894104,49.43822861,1.612887383,49.46199799,178.9047394,49.4693985,23.86091995,49.49433136,147.8940582,49.50172806,24.19024849,49.52766418,130.7799835,49.53506088,36.72981262,49.55997849,120.7908401,49.56739426,19.56890869
50.00208282,24.57577515,50.00954056,0.855938852,50.03533554,98.46305847,50.04272842,11.24731541,50.0687294,165.1382294,50.07614899,22.00909042,50.1015625,147.1925049,50.10898209,25.3571701,50.13483429,134.5590363,50.14222717,30.77545738,50.16783524,140.0494537,50.17522812,21.70035934,50.36931229,25.96524048,50.37672806,2.498195171,50.33705902,113.6940384,50.34447861,11.83409405,50.30366516,189.035553,50.31106186,28.81450081,50.27139664,147.6204681,50.27881241,28.13484764,50.23799896,146.0424805,50.24539566,31.49041557,50.20489502,149.2565155,50.21231461,26.92904282,50.40647888,122.517662,50.41389465,11.09403992,50.4390831,20.01862526,50.44654083,1.261979342,50.47306442,188.5660858,50.48048019,29.26979446,50.50408554,153.7270508,50.51153946,25.45475006,50.53722763,144.9499207,50.5446434,26.70899582,50.56956482,132.112442,50.57697678,24.43502426
51.00208282,29.79543114,51.00954056,2.115178585,51.03372955,104.9668579,51.04114532,12.18519211,51.06706238,153.8461609,51.07447815,19.40164566,51.09931183,137.4708405,51.10673141,18.24757957,51.13156509,136.286911,51.13898087,27.37081528,51.16283417,129.9879303,51.17023087,25.91028786,51.35864639,32.55297852,51.36606598,1.709353328,51.32739639,115.0927277,51.33481598,10.22865677,51.29506302,177.9565887,51.30247879,23.0290966,51.26272964,162.2786713,51.27014542,27.77541924,51.23064804,145.2049713,51.23806,31.61669159,51.19939804,152.9411774,51.20681,30.5024147,51.39616776,117.8917542,51.40356445,12.81154728,51.42841721,23.42397308,51.43587494,1.942183495,51.45948029,193.2012177,51.46689606,24.42237282,51.49233246,145.99263,51.49972916,29.37489319,51.52550125,150.1276855,51.53289413,25.10772324,51.55773163,118.2308731,51.56514359,28.75545311
52.00208282,20.1583519,52.00954056,2.58940649,52.03456116,99.56233978,52.04198074,9.930895805,52.06672668,154.0976105,52.07414627,17.09687805,52.0996666,143.2596588,52.10706329,23.18655205,52.13299942,131.3010406,52.14039612,25.83100319,52.16633224,119.9042587,52.17372894,26.05413818,52.36756134,27.74688339,52.37498093,1.283335209,52.33466721,115.3246384,52.34206009,15.91340637,52.30141449,164.8460388,52.30887604,18.78795433,52.27016449,153.5688324,52.277565,20.66175652,52.23783493,149.7366486,52.24523163,29.38691711,52.20489502,132.1267395,52.21231461,25.04564667,52.40489578,133.3160706,52.41231155,10.87501907,52.43772888,18.77714729,52.44516754,0.53749752,52.47072601,168.2238617,52.4781456,17.52186584,52.50389481,146.8649445,52.51131058,21.2915287,52.53583145,119.3363724,52.54322815,26.05231285,52.56689453,113.5506744,52.57431412,26.66807747
53.00208282,27.62316322,53.00954056,1.034056902,53.03522873,89.73638153,53.04264832,9.121750832,53.06822968,154.6807404,53.07564545,23.91298294,53.10024643,145.5788269,53.10770798,20.22519112,53.13256454,139.8369751,53.1399765,25.15844917,53.16431046,129.960495,53.17173004,29.89790916,53.36183167,23.59864807,53.36922836,0.067109592,53.32856369,143.5557251,53.33597946,11.49524117,53.2962265,182.4473419,53.30364609,17.6584301,53.26439667,153.7521973,53.27181244,27.19877243,53.23239899,143.614563,53.23981094,32.68778992,53.20039368,134.9077148,53.20781326,29.84677696,53.39833069,116.9366608,53.40572739,17.59430313,53.43066788,20.24330521,53.43806076,0.979078114,53.4634819,169.6434631,53.47089386,22.30191231,53.4968338,144.7364502,53.50422668,20.10482788,53.52906036,133.7518158,53.53647995,29.7809639,53.5603981,114.3610535,53.56781387,20.55348015
54.00208282,31.43180847,54.00956345,0.35931766,54.03439713,95.84874725,54.0418129,10.70159149,54.06650162,138.6796417,54.07389832,21.4956131,54.09955978,138.046875,54.10697937,17.38232422,54.13172913,136.2789001,54.1391449,30.41982841,54.16473007,128.905777,54.17214584,27.01535606,54.36689377,27.34556007,54.37431335,2.902594566,54.33374786,128.7447968,54.34122849,13.05921173,54.30108261,172.1870117,54.30854034,15.29170418,54.26922989,170.1009369,54.27664566,26.21787453,54.23606491,139.2149048,54.24347687,29.18902206,54.20306396,136.8874207,54.21047592,35.09066391,54.40222931,129.5723572,54.4096489,12.44404984,54.43339539,16.75489998,54.44081116,0.389570892,54.46525192,171.1488037,54.47270966,23.31990433,54.49747849,137.5241852,54.50489426,24.21481133,54.53039551,134.7555695,54.53787613,26.53968048,54.56272888,129.4874878,54.57014465,23.21878052
55.00208282,24.57579231,55.00954056,1.10153079,55.03466797,89.64983368,55.04206085,10.35427475,55.0669136,147.5591736,55.07437515,19.92120171,55.09989548,141.4594879,55.10731125,16.98452377,55.13189697,132.5454559,55.13930893,25.75523186,55.1640625,130.3859863,55.17148209,24.99806595,55.36606598,32.44354248,55.37347794,2.02830267,55.33272934,117.9380569,55.34014511,11.81374645,55.30039597,161.183197,55.30781174,19.59910965,55.26706314,152.37854,55.27447891,26.11718178,55.23416901,139.590332,55.24156189,27.34382439,55.20133591,148.4019318,55.20872879,28.27097511,55.40406036,120.9330597,55.41147995,13.7535429,55.4347496,16.89288902,55.44220734,1.753700376,55.46756363,184.485672,55.4749794,16.64913559,55.49872971,152.3690186,55.50614548,28.07681084,55.53206253,143.6133575,55.5394783,26.66000557,55.56608582,119.7556229,55.57354355,30.34287071
56.00208282,23.38021469,56.00954056,1.459681153,56.03481293,78.76914978,56.0422287,9.395637512,56.06791687,148.5846863,56.0753746,19.38778305,56.10189438,149.5840302,56.10931396,22.75460434,56.13408279,136.4510956,56.1415596,25.08058929,56.16639328,156.4867859,56.17381287,25.75766182,56.36708069,22.52645302,56.37453842,0.56597513,56.33374786,111.2263031,56.3412056,14.1710062,56.30150223,174.031311,56.30889511,25.06038857,56.27022934,160.9985809,56.27764511,26.83192253,56.23789597,147.0191803,56.24531174,30.38695717,56.20558167,128.5537109,56.2130394,36.11893082,56.40572739,126.0751953,56.41314697,13.07611561,56.43772888,19.29783821,56.44514465,0.275932938,56.46866989,158.2496796,56.47606277,23.88936615,56.50166702,142.5844116,56.50905991,20.67693901,56.53391647,153.6536102,56.54137421,27.89342308,56.5672493,115.1276855,56.57470703,23.43384361
57.00208282,23.63779449,57.00954056,1.82935679,57.03456116,103.1465225,57.04198074,7.846821308,57.06789398,133.6463165,57.07531357,21.65001869,57.10166931,142.6782227,57.10906219,16.23314285,57.13289261,137.6007843,57.14031219,25.77406311,57.16608429,126.8099976,57.17354202,21.11776543,57.36839676,26.62552452,57.37581253,3.054443836,57.33606339,116.3018417,57.34347916,10.58635044,57.30289841,181.4864807,57.31031036,23.56762505,57.26983261,159.2493439,57.27722931,31.03334045,57.23673248,136.2201691,57.24414444,26.73555183,57.20466614,136.9716949,57.21205902,30.43292236,57.40699768,124.7330856,57.41439438,10.07971573,57.43933487,14.80763721,57.44672775,1.086873531,57.47266769,171.3517761,57.48006058,20.48206329,57.50533295,133.7719574,57.51272964,21.79185867,57.53806305,135.5177765,57.54547882,30.56347847,57.56983185,120.5076675,57.57722855,29.00156212
58.00208282,30.18497658,58.00954056,0.618076384,58.03416824,99.18463898,58.04156113,11.02744961,58.06716537,141.5689087,58.07456207,21.57070923,58.09949875,143.0387115,58.10689545,18.97138023,58.1312294,142.3311157,58.13864899,25.60742378,58.16308212,128.5391693,58.17053986,29.86211777,58.36141586,35.22076416,58.36887741,2.325908422,58.32841873,114.632431,58.33587646,13.67738724,58.29466629,175.8967896,58.30206299,22.85396957,58.26266861,157.7359467,58.27006531,24.47651863,58.23066711,141.1118011,58.23806,31.64315987,58.19958496,140.0977478,58.20704269,27.69121933,58.39897919,114.9952011,58.40639496,14.34354019,58.43089676,21.28729248,58.43831253,2.106504917,58.4618988,167.1122589,58.46931076,20.34605408,58.49389648,159.9430847,58.50131607,19.7532692,58.52666855,144.3880005,58.53406143,25.60695267,58.56000137,120.4227524,58.56739426,25.30956268
59.00208282,33.63354874,59.00954056,1.16509378,59.03433609,100.4071198,59.04172897,14.6591692,59.06666565,153.0866699,59.07406235,20.4892025,59.09899902,159.7573395,59.10639572,20.24874306,59.13189697,151.0604248,59.13930893,33.40378952,59.1640625,116.5913315,59.17148209,24.98991203,59.36466599,29.00173759,59.37206268,1.657490134,59.33239746,103.6069717,59.33980942,13.47663212,59.30006027,171.7628937,59.30747986,16.13025665,59.26722717,167.3601837,59.27464676,20.59719467,59.23389435,153.3146362,59.24131393,32.26494217,59.20156097,131.9105225,59.20898056,27.42944527,59.40206146,123.1874847,59.40948105,15.45260239,59.43397903,19.75471497,59.44139481,1.096282125,59.46722794,170.7845764,59.47464752,21.98646927,59.50031281,151.8408661,59.50773239,24.54651642,59.53316498,140.8166962,59.54056549,24.09972191,59.56624985,113.5406189,59.5737114,20.104496
60.00208282,25.54908562,60.00954056,0.914059579,60.03481293,95.33437347,60.0422287,7.805572033,60.06789398,154.9255524,60.07531357,19.79963684,60.10083389,140.8580627,60.10822678,23.51312637,60.13306046,141.869751,60.14048004,22.98652077,60.1649971,131.1551819,60.17239761,27.03503799,60.36758041,22.12363052,60.37504196,1.456595421,60.3338356,117.5455475,60.34122849,14.11918545,60.30173111,179.4030609,60.30914688,23.55954742,60.26881027,168.6567993,60.27622986,26.91762161,60.23549652,148.7410736,60.24289703,29.70655632,60.20339584,130.9347229,60.21081161,28.10387039,60.40474701,138.6639099,60.41220856,10.596982,60.4381485,16.7612648,60.44556046,1.031991839,60.47083282,173.0367737,60.47822952,22.76482773,60.50200272,153.4734497,60.5093956,26.06702995,60.53491592,144.3745422,60.54237366,34.16838455,60.56783295,119.0222855,60.57522964,24.47422409
61.00208282,25.94418144,61.00954056,0.635408402,61.03499985,93.09277344,61.04239655,11.014081,61.06733322,143.7551727,61.0747261,15.39237499,61.10072708,162.3378448,61.10814667,24.94430733,61.13291931,128.2779236,61.14037704,34.28598785,61.16416931,134.5847473,61.17156219,27.25388718,61.36722946,25.70701599,61.37464523,1.912118673,61.33374786,103.7689209,61.3412056,14.36423683,61.30066681,177.9057465,61.30805969,14.86071682,61.26839447,159.3566895,61.27581406,25.96253395,61.23506165,151.5833588,61.24248123,34.55995178,61.20172882,146.2193909,61.20914841,27.2671299,61.4053154,122.2771835,61.41272736,14.65031528,61.43822861,18.01966667,61.44564438,2.477981567,61.47039413,165.0290375,61.47780991,19.28519058,61.50372696,149.872757,61.51114655,23.30595398,61.53606415,136.0629425,61.5434761,27.52008629,61.56922913,111.2723007,61.5766449,21.07648659
62.00208282,22.10692596,62.00954056,2.308813095,62.03416824,89.37300873,62.04156113,10.54058456,62.06739426,150.1116028,62.07481384,20.72325325,62.10005951,133.6998596,62.1074791,26.01595306,62.13339615,144.2645416,62.14081192,26.59895706,62.1652298,122.6098328,62.17264557,23.36041832,62.36772919,25.90495872,62.37514496,1.265667439,62.33556366,108.2498627,62.34297943,10.27381039,62.30216599,171.3157196,62.30956268,24.61962318,62.2681694,158.569519,62.27556229,23.52334976,62.23539734,138.8271027,62.24281311,24.14067268,62.20258331,137.9535065,62.21004105,24.73685646,62.40483475,122.6916046,62.41222763,10.33346367,62.43806076,18.47450447,62.44548035,1.220433474,62.4693985,156.7881927,62.47681046,22.08174133,62.50072861,151.2718964,62.50814438,23.09659004,62.5340004,135.3867035,62.54139328,26.32386398,62.56631088,121.8717728,62.57373047,23.52963638
63.00208282,23.39484406,63.00954056,0.982129157,63.03556442,95.36180115,63.04298019,11.18553162,63.06850052,161.7305603,63.0758934,15.7476511,63.10189438,144.8797913,63.10931396,22.17995644,63.13416672,140.5143738,63.1415596,29.30173492,63.16749954,120.4613266,63.17489243,26.01206017,63.37039566,22.69143867,63.37781143,2.126395941,63.33722687,111.5831985,63.34466553,11.54456329,63.30383301,173.7421417,63.31122971,16.11271095,63.27050018,153.0715027,63.27789688,24.68318176,63.23822784,146.9060364,63.24564743,29.65421104,63.20564651,134.6447144,63.21306229,26.70496559,63.40733337,135.8576508,63.41473007,11.49941254,63.44073105,21.08534622,63.44814301,1.388149381,63.47258377,188.5061951,63.4800415,22.71787643,63.5062294,146.3199615,63.51364899,24.25358772,63.53839493,145.5137177,63.54581451,28.88391304,63.57106018,126.8644791,63.57847977,23.68074608
64.00208282,27.02110291,64.00955963,1.926040053,64.03400421,97.35759735,64.04139709,13.02048016,64.06666565,150.1979675,64.07406616,19.24129868,64.0983963,146.2157288,64.10581207,18.94805527,64.13033295,141.5026398,64.13772583,21.10723686,64.1632309,138.2855072,64.17064667,27.81070709,64.36074829,32.85368729,64.36820984,0.986994922,64.32858276,126.0163345,64.33604431,17.74211693,64.29706573,168.6478577,64.30448151,22.7059536,64.26525116,172.2550659,64.27271271,26.57819748,64.23339081,146.6162872,64.24081421,28.00805283,64.20139313,128.0982361,64.20881653,32.10221863,64.39739227,126.5255051,64.40481567,21.04889107,64.42889404,21.95875168,64.43630981,0.295053244,64.46173096,186.3164978,64.46914673,18.29115677,64.49330902,151.0714111,64.50072479,25.67501068,64.52622986,141.2227325,64.53364563,25.42821503,64.55956268,122.7966232,64.56697845,21.99088287
65.00208282,30.46959305,65.00954437,0.879975259,65.03316498,98.30124664,65.04056549,6.955774784,65.06556702,164.5974731,65.07297516,18.34207726,65.09739685,143.3542786,65.10481262,21.93728447,65.13117218,135.861145,65.13856506,30.53738022,65.16372681,138.1688385,65.17115021,24.91251183,65.36473083,28.00357056,65.37214661,1.838357925,65.33139801,113.3622971,65.33881378,15.58439159,65.29923248,186.7034607,65.30664825,18.19984436,65.26631165,180.4960938,65.27372742,26.02085114,65.23323059,152.8998871,65.24064636,28.44465065,65.20139313,138.5807037,65.20881653,24.27066422,65.4022522,136.1859741,65.40970612,14.72155571,65.43589783,26.01691818,65.4433136,2.297246218,65.46739197,171.1507568,65.47481537,15.97820187,65.49864197,143.961441,65.50606537,24.89995956,65.53166199,151.6476593,65.5390625,25.84591293,65.5631485,119.6179886,65.57056427,31.70319557
66.00208282,25.04008865,66.00954437,1.360466003,66.03372955,91.60319519,66.04114532,10.12928009,66.06497955,149.0190277,66.07239532,22.73388863,66.09672546,145.0975037,66.10414886,20.06023598,66.12873077,128.3774719,66.13614655,22.13246346,66.16189575,133.7299805,66.16931152,25.17270088,66.3595047,28.65962029,66.36689758,2.516432047,66.32689667,117.8742142,66.33433533,10.76056767,66.29489899,178.8537598,66.30231476,17.74005318,66.26208496,146.2767029,66.26954651,22.56941032,66.2305603,154.7528687,66.2379837,24.09568977,66.19789886,138.7366028,66.20531464,20.64523888,66.39598083,129.2552338,66.40339661,13.92998505,66.42858124,18.26853752,66.43604279,1.484635353,66.46222687,181.9981537,66.46964264,24.42175102,66.49472809,136.9575653,66.50214386,26.80839539,66.52622986,149.2005157,66.53364563,26.42381096,66.55797577,120.7029877,66.56539917,29.99598885
67.00208282,25.55861664,67.00954437,2.655381918,67.0350647,84.39253998,67.04248047,9.978569031,67.0676651,150.5392914,67.07505798,17.33936501,67.09866333,135.283371,67.10606384,19.16572571,67.13124847,146.0854645,67.13871002,28.27389526,67.16339874,121.8080978,67.17081451,27.72262001,67.36606598,30.81884956,67.37348175,1.878079772,67.33456421,102.9996719,67.34197998,13.88239288,67.30155945,174.4669342,67.30898285,19.22714043,67.26924896,165.400528,67.27671051,27.77618027,67.23549652,139.7937012,67.24289703,27.51312637,67.20289612,148.7293549,67.21031189,26.48595238,67.4029007,120.1152344,67.41030884,13.81904793,67.43556213,23.42704964,67.44297791,0.898251712,67.46872711,175.2980652,67.47615051,20.98261452,67.50173187,157.0969086,67.50914764,26.34695816,67.53439331,137.996994,67.54181671,30.79545975,67.56655884,131.8029175,67.57398224,28.06663895
68.00208282,23.4375,68.00954437,1.638511777,68.03523254,97.83100891,68.04264832,9.829116821,68.06822968,159.6019897,68.07564545,19.25428391,68.1007309,144.6231232,68.10814667,20.97095299,68.13417053,142.4747162,68.14156342,30.54303169,68.16706085,152.8140106,68.17447662,29.66839409,68.3666687,33.55901337,68.37406158,0.946267605,68.33422852,118.3006973,68.34164429,12.17411423,68.30130768,193.1095734,68.30873108,23.85653496,68.26972961,155.4361267,68.27714539,25.44330788,68.23722839,134.1380768,68.24464417,31.63691521,68.2035675,140.710144,68.21099854,27.65284157,68.40505981,132.1167145,68.41247559,14.57834244,68.43799591,19.02155304,68.44539642,0.483206213,68.47106171,179.9551697,68.47848511,15.43647003,68.50272369,149.3615112,68.51014709,25.21962929,68.53639221,140.7517242,68.54381561,27.54563522,68.56974792,119.0112534,68.57720184,20.26264954
69.00208282,25.30179596,69.00953674,0.925640225,69.03450012,86.78141785,69.04189301,9.322050095,69.06703949,169.3562622,69.07447815,18.14174652,69.10106659,155.8153992,69.10848236,21.09375,69.13339996,138.592392,69.14081573,30.66482735,69.1648941,137.9606323,69.1723175,27.18890762,69.36316681,28.94804001,69.37056732,1.486407995,69.33206177,107.0175629,69.33947754,13.62568951,69.30089569,172.7945404,69.30831146,23.36034966,69.26956177,153.1546783,69.27697754,25.0810833,69.23725128,156.043808,69.24471283,23.61383438,69.20456696,137.0020599,69.21198273,23.26386261,69.40149689,117.6846313,69.4088974,12.45447636,69.43440247,22.12588882,69.44181061,2.472024679,69.46633148,170.4541168,69.47373199,20.49601173,69.4995575,132.854248,69.5069809,23.60995674,69.53189087,142.2650452,69.53931427,26.1817646,69.56422424,123.9670944,69.57164764,25.75795174
70.00208282,23.83587646,70.00953674,2.438645363,70.03456116,103.8942032,70.04197693,10.30517006,70.06689453,136.4743958,70.07431793,23.26915932,70.09999847,137.9639282,70.10739899,20.90939522,70.13233185,132.175415,70.13973236,20.64043427,70.16566467,134.5862579,70.17306519,20.30274773,70.36466217,23.2330761,70.37206268,1.209626317,70.33189392,112.7510376,70.33931732,15.04873276,70.29899597,173.6495819,70.30639648,21.70385361,70.26673126,161.8274078,70.27414703,24.79130173,70.23339844,148.1126251,70.24081421,25.91529274,70.20106506,130.0110168,70.20848083,24.13988113,70.40322876,128.5983124,70.41064453,12.18287563,70.43656158,27.67529488,70.44397736,1.534002185,70.46889496,191.0161285,70.47631073,19.76847839,70.50216675,145.499527,70.50955963,22.56637955,70.53450012,152.0412292,70.54189301,24.28321075,70.56674957,128.9962921,70.57421112,23.08416557
71.00208282,21.46492386,71.00953674,4.4106884,71.03356171,86.76034546,71.04098511,8.483095169,71.06589508,153.1148682,71.07331848,21.19225311,71.09816742,155.115097,71.10556793,19.0845871,71.13008881,148.5693817,71.13754272,25.13059235,71.16239166,122.7724075,71.16981506,23.80511093,71.36239624,27.79426003,71.36981964,2.133242846,71.32900238,119.4672165,71.33639526,16.72537613,71.29666138,189.0182648,71.30406189,20.01380157,71.26358032,149.5652313,71.27104187,23.40783501,71.23083496,146.1232147,71.23823547,28.33376884,71.19889069,145.0157166,71.20631409,28.01512527,71.39889526,122.9079208,71.40631866,15.03390503,71.43099976,24.5153656,71.43839264,0.844478488,71.46224976,176.7684937,71.4697113,17.81721878,71.4943924,148.21875,71.5018158,24.45470047,71.52672577,153.7488556,71.53414917,26.09971619,71.558815,118.8507767,71.56623077,21.21944427
72.00208282,20.59123039,72.00953674,1.521564722,72.03507996,106.4011307,72.04256439,11.24457932,72.06739807,144.7796021,72.07481384,21.79969406,72.09973145,123.8361435,72.10714722,27.18099976,72.13206482,145.3039703,72.13948059,21.13334084,72.16439819,156.3803406,72.17180634,24.19549751,72.36331177,25.9913044,72.37072754,1.870018959,72.33106232,96.1735611,72.33847809,15.52984238,72.29788971,180.1697083,72.30532837,19.97892952,72.26574707,157.9002838,72.27320862,23.39582443,72.23389435,148.8040771,72.24131012,25.07625008,72.20148468,145.9256897,72.20889282,32.15317917,72.3997345,128.4618073,72.40714264,14.551898,72.43106079,21.7170372,72.43847656,0.868347347,72.46439362,172.0543213,72.47180939,17.29028893,72.49747467,135.6432343,72.50489807,29.10204506,72.53023529,155.9719849,72.53764343,25.72570801,72.56239319,119.7517166,72.56981659,23.1713562
73.00208282,26.56918907,73.00953674,1.978230238,73.03440094,95.45688629,73.04181671,6.368151188,73.06725311,152.3759613,73.07470703,19.95715904,73.1003952,137.1769714,73.10783386,21.96444702,73.13356018,138.7899933,73.14098358,30.85092735,73.16584015,132.1846008,73.1732254,27.32869148,73.36222839,27.00763512,73.36964417,2.109524965,73.33023071,99.82279205,73.33764648,17.50101662,73.29906464,173.6432648,73.30648041,22.3088665,73.26673126,155.3740692,73.27414703,22.84340477,73.23439789,145.7326813,73.24181366,30.3961525,73.20223236,133.4730988,73.2096405,30.16663551,73.39766693,130.0878754,73.40505981,12.79618645,73.43164825,20.95773125,73.43906403,4.01479435,73.46498108,179.173111,73.47239685,20.29982758,73.49797821,154.0421295,73.50539398,24.97297859,73.53105927,142.6638031,73.53847504,25.95618248,73.56339264,131.0162354,73.57080841,23.8527832
74.00208282,25.81548882,74.00953674,1.381504893,74.03372955,85.92131805,74.04114532,12.96931458,74.06589508,156.8510284,74.07331848,16.47696686,74.09716797,141.7346344,74.10456848,13.72904491,74.13050079,147.1980286,74.13790131,24.40591049,74.16256714,128.1100769,74.16997528,28.03652191,74.35874939,25.45777702,74.36621094,0.767675996,74.32749939,129.1012878,74.33489227,10.74821854,74.29623413,167.1709595,74.30364227,18.65336037,74.26491547,164.3657379,74.27236938,22.58866119,74.23158264,155.4242401,74.23903656,24.6241703,74.19933319,133.8106079,74.2067337,27.17825699,74.39631653,130.6186523,74.40372467,13.86493492,74.4287262,19.08342934,74.4361496,0.74064225,74.46097565,165.7952271,74.46839142,19.22061539,74.4940567,152.4493408,74.5014801,29.20858574,74.52600098,159.1127625,74.53340149,24.31221962,74.55924988,120.09478,74.5667038,21.09045219
75.00208282,31.13147926,75.00953674,2.642657042,75.03340149,90.75655365,75.04080963,7.897363186,75.06555939,147.5653076,75.07298279,17.87550926,75.09789276,136.9085388,75.10533142,21.43266106,75.13122559,152.682251,75.13864899,26.3162899,75.16339874,121.2724609,75.17080688,27.30689621,75.36441803,22.70324135,75.37187195,1.233428836,75.33222961,119.3397751,75.33964539,12.18698215,75.29906464,198.8302307,75.30648041,21.96074677,75.26706696,164.9284668,75.27448273,21.5142498,75.23373413,148.5608673,75.24114227,26.98473167,75.20256042,123.6902618,75.2099762,22.57423019,75.40192413,134.1292114,75.40937805,14.41504192,75.43531036,20.47966576,75.44273376,0.360420018,75.46906281,171.2993622,75.47647858,20.04713631,75.50139618,154.4754486,75.50881195,27.01397514,75.53340149,150.7177734,75.54080963,28.35858345,75.56539917,119.4928207,75.57280731,23.98347855
76.00208282,19.37287521,76.00953674,2.628607512,76.03322601,86.14346313,76.04064941,11.62958527,76.0644989,151.6624298,76.07189941,19.1528511,76.09650421,142.1850128,76.10389709,22.44016838,76.12856293,142.7816772,76.1359787,22.57112122,76.16072845,127.6342697,76.16814423,29.12414932,76.35825348,26.17564201,76.3657074,0.782278538,76.32600403,101.8265533,76.33339691,14.19187832,76.29389954,188.7128448,76.30130768,18.02000809,76.26056671,154.1841888,76.26797485,21.44299316,76.22923279,154.758316,76.23664856,23.21277618,76.19822693,135.9915771,76.20565033,21.84349251,76.39683533,132.4223938,76.40422821,8.948964119,76.42908478,21.26603889,76.4365387,0.80781585,76.46224976,164.8882751,76.4697113,15.66455841,76.49524689,141.5107727,76.50270844,25.28799629,76.527565,131.8422241,76.53498077,26.27517509,76.56091309,126.5732651,76.56837463,20.56886482
77.00208282,24.64437103,77.00953674,2.150943518,77.0338974,95.91264343,77.04130554,7.359910488,77.06607819,161.0000305,77.07353973,15.61642551,77.09723663,140.4802246,77.10464478,20.75652313,77.12932587,149.313736,77.13672638,23.64236641,77.16239166,153.6391449,77.16981506,24.85573387,77.35923004,22.09074783,77.36664581,0.615956068,77.32723236,116.2039948,77.3346405,12.60464573,77.2950592,196.2755585,77.3024826,21.61413383,77.2611618,156.8458862,77.26856232,24.60006905,77.22905731,156.3054199,77.23648071,26.62266731,77.19783783,155.3898926,77.20523071,27.52700424,77.39566803,123.3431549,77.40306091,15.5062151,77.42883301,17.75231934,77.43623352,1.906531096,77.46091461,179.9992218,77.46837616,19.86447716,77.49323273,140.0649567,77.50064087,20.82714081,77.52555847,143.3906708,77.53297424,24.22612381,77.55873108,130.3420105,77.56614685,21.46565247
78.00208282,24.57857323,78.00953674,2.423594713,78.03491974,91.30773926,78.04237366,9.398276329,78.06755829,156.3153687,78.07497406,19.17023659,78.10066986,130.1412659,78.10806274,19.64904213,78.13300323,152.4021606,78.14039612,24.96195221,78.16532898,131.0745392,78.17272949,21.88552094,78.36740112,23.81829453,78.37480927,1.678361416,78.33441925,116.3012848,78.3418808,14.65434551,78.3010788,207.6450195,78.30854797,13.33372021,78.26914978,157.1943817,78.27656555,23.03259277,78.23600006,129.9353943,78.24339294,27.60713005,78.20266724,149.2869568,78.21006012,32.75296021,78.40397644,123.1788101,78.41139221,12.81441021,78.4370575,22.40718079,78.4444809,0.641848564,78.47150421,173.4425812,78.47889709,17.41834068,78.50400543,156.4502258,78.51139069,21.15643692,78.53733826,121.9241791,78.54472351,24.31939507,78.57072449,120.6633301,78.57814789,24.20969772
79.00208282,21.26548576,79.00953674,0.831541181,79.03356171,94.99351501,79.04098511,10.72259235,79.06681061,153.4319,79.07422638,16.03622055,79.09906769,146.6436462,79.10647583,20.14318848,79.13039398,135.8258057,79.13780975,27.36954117,79.16372681,128.2848816,79.17114258,22.74856186,79.36806488,28.24061012,79.37548065,1.405467868,79.33467102,113.6867142,79.3420639,12.02697277,79.3013382,177.4252472,79.30873108,22.02794456,79.26839447,154.9327087,79.27581024,26.87293243,79.23449707,156.9119263,79.24189758,24.20752716,79.20224762,130.677124,79.20970917,24.67154503,79.4045639,119.5733109,79.41197968,12.73151588,79.4358139,21.95585823,79.44322968,0.58522588,79.46916199,173.8456421,79.4765625,20.51992798,79.50249481,145.9647369,79.50989532,25.40304756,79.53473663,148.3833466,79.54214478,27.10595322,79.56639862,124.6397629,79.57381439,23.43364525
80.00208282,29.04917526,80.00953674,1.145287991,80.03505707,88.32012939,80.04248047,8.732588768,80.06716156,156.2416534,80.07456207,21.03607941,80.09889221,143.997879,80.10631561,21.87647247,80.13005829,146.3283844,80.13747406,25.30605125,80.16339874,122.799942,80.17080688,20.19896317,80.36332703,28.1867733,80.37072754,2.009469032,80.33139801,110.6704941,80.33881378,13.15764809,80.2982254,178.6236115,80.3056488,20.53178406,80.26499939,155.2149811,80.27239227,28.53699493,80.23273468,158.7823334,80.24014282,23.40932465,80.20156097,147.718338,80.20897675,30.414505,80.402565,124.3527374,80.40998077,13.42376041,80.43466949,22.23555374,80.44206238,0.739779949,80.4670639,173.2907867,80.47447968,18.30410004,80.50039673,163.9622498,80.5078125,21.52282524,80.53264618,135.9603577,80.54006195,24.24782562,80.56598663,113.625412,80.57339478,17.7716713
81.00208282,21.78693199,81.00953674,1.700353622,81.03422546,98.45864868,81.04164124,13.67368126,81.06539917,151.3230133,81.07280731,15.09783554,81.09739685,156.2821808,81.10481262,23.7660141,81.12932587,147.5480499,81.13672638,23.44153976,81.16158295,124.6927414,81.16904449,25.01445389,81.36181641,26.36163139,81.36923218,3.433375835,81.32956696,111.3915558,81.33698273,11.02783966,81.29723358,177.4798126,81.30464935,20.8113308,81.26531219,158.5115814,81.27272797,25.21989441,81.23247528,153.2733154,81.23989105,30.17547989,81.19914246,132.8861389,81.20655823,27.00467682,81.40039825,116.1952972,81.40781403,8.249708176,81.43273163,18.27381516,81.4401474,0.422845453,81.46556091,169.5773468,81.47298431,24.75841904,81.49783325,150.6161499,81.50523376,20.62438965,81.53105927,153.2086945,81.53847504,24.70587158,81.56422424,112.124855,81.57164764,24.24900055
82.00208282,25.10734749,82.00953674,2.434932709,82.03623199,88.69168854,82.04364777,9.73836422,82.06838989,153.3572388,82.07581329,20.29561424,82.09958649,135.380661,82.10704041,15.02748203,82.13272858,158.5885162,82.14014435,24.10195351,82.16390228,142.1494751,82.17131042,24.25267982,82.36206055,30.3765564,82.36948395,0.605646193,82.32805634,107.0451279,82.33547974,14.78817654,82.29675293,179.1499481,82.30420685,17.52440834,82.26555634,158.4530029,82.27297974,23.12207031,82.23423004,143.7608948,82.24164581,25.70755768,82.20205688,127.6930542,82.20948029,23.99077034,82.39807892,133.4237366,82.40554047,16.20655251,82.43141174,20.64002991,82.43887329,2.01542902,82.46372986,165.5260925,82.47114563,31.50532722,82.49706268,143.71521,82.50447845,27.49550438,82.52939606,161.7894135,82.53681946,24.77371597,82.56272888,113.4244232,82.57015228,32.19377899
83.00208282,27.16882324,83.00953674,2.90228653,83.03523254,89.33181,83.04264069,8.879141808,83.06623077,148.8769226,83.07364655,17.65825653,83.09789276,144.9847717,83.10531616,27.3966198,83.13005829,140.1069336,83.13747406,26.78318787,83.16200256,135.8094635,83.16939545,23.92851067,83.3635788,24.08157921,83.37104797,1.319538713,83.33132935,111.3874664,83.33872986,16.68034554,83.29806519,167.8488007,83.30547333,15.88489819,83.26573181,148.8568268,83.27314758,21.11957741,83.23339844,143.8414764,83.24081421,23.73955536,83.20006561,147.0079803,83.20748138,32.40026855,83.40122986,124.5801849,83.40864563,13.58938503,83.43356323,21.53150558,83.44098663,1.160870194,83.4654007,167.2776794,83.47280884,20.20192146,83.49772644,142.0994568,83.50514221,20.81109428,83.53105927,148.6977081,83.53847504,25.77777672,83.56339264,119.5652161,83.57080841,25.31069756
84.00208282,23.32884216,84.00953674,1.117000937,84.03473663,90.00077057,84.04214478,13.53253651,84.06655884,152.0267792,84.07398224,15.06993771,84.10449982,144.8811646,84.11190033,21.11925316,84.1364975,155.280838,84.14389801,17.77035141,84.1696701,135.9911652,84.17705536,26.00268555,84.36989594,27.83426285,84.37731171,0.842180967,84.33750153,107.795166,84.34489441,16.73175621,84.30439758,182.2302551,84.31181335,19.308218,84.27223206,153.5075226,84.27964783,25.42652512,84.23922729,160.3335571,84.2466507,34.18811417,84.20655823,140.5922394,84.21398163,22.55653191,84.40872955,115.2170486,84.41614532,10.0956955,84.44155884,20.09972,84.44898224,0.453125149,84.47389221,180.4304657,84.48131561,18.49289131,84.50724792,140.5258484,84.51470184,20.10347366,84.5402298,139.2082214,84.54764557,28.29232216,84.57373047,127.4255981,84.58114624,26.33304405
85.00208282,25.76179695,85.00953674,1.909016252,85.03505707,88.85305023,85.04248047,7.81317234,85.06739807,157.6985016,85.07481384,20.59331894,85.09966278,129.8041534,85.10706329,21.28080368,85.13199615,124.5566101,85.13939667,23.5457325,85.16439819,127.3162537,85.17180634,22.5354557,85.36740112,20.70173645,85.37480927,2.970014334,85.33399963,117.1008606,85.34140015,13.63975334,85.30172729,172.589325,85.3091507,20.0443573,85.26839447,154.1226044,85.27581024,27.59398651,85.23506165,147.7556305,85.24247742,28.94806099,85.20289612,146.1461792,85.21031189,27.46364975,85.40589142,113.2749481,85.41331482,12.15107632,85.43823242,21.31180763,85.44564819,0.329466939,85.4705658,193.60466,85.47798157,23.01919556,85.50325012,141.1613007,85.51071167,25.17145348,85.53556061,138.1327972,85.54297638,28.66624069,85.56666565,114.1690674,85.57406616,23.88259697
86.00208282,26.74913025,86.00953674,2.444729805,86.03433228,94.00405121,86.04173279,10.14173698,86.06658173,152.0449982,86.07404327,18.77477264,86.09889221,132.7430115,86.10631561,16.49055099,86.1301651,143.4169159,86.13756561,29.59247971,86.16139221,144.4201965,86.16881561,22.88120079,86.35923004,25.25107956,86.36664581,1.619814396,86.32698059,114.7702789,86.33439636,11.41233444,86.29472351,181.1388702,86.30214691,16.64889717,86.26089478,151.0377655,86.26831055,21.501194,86.2285614,145.937439,86.23597717,27.53975677,86.19673157,137.7263794,86.20413971,25.29517555,86.39572906,126.2267685,86.40315247,14.20151043,86.42806244,20.56087303,86.43547821,0.607967258,86.46022797,168.604599,86.46764374,24.21615601,86.49124908,135.6016998,86.498703,26.10561562,86.52333069,138.803894,86.5307312,33.53912354,86.55641174,119.0653,86.56387329,24.74406052
87.00208282,21.97822762,87.00953674,1.697307229,87.03372955,93.23456573,87.04114532,8.266684532,87.06606293,147.171524,87.0734787,23.00746536,87.0983963,145.6534729,87.10581207,25.56796837,87.13150024,145.030365,87.13891602,22.48957062,87.16349792,126.1856689,87.17089844,28.59583282,87.36439514,33.62419891,87.37181091,1.277200103,87.33137512,103.91362,87.33881378,15.49482536,87.29841614,178.4166565,87.30587769,21.84139824,87.26522827,144.8453064,87.27265167,22.6289463,87.23314667,151.0566559,87.24056244,29.82834625,87.19997406,135.9786682,87.20739746,26.60184669,87.40183258,116.3505783,87.40922546,12.9984827,87.43516541,22.59832573,87.44255829,1.459798694,87.46839142,173.063858,87.47583008,19.82662773,87.50066376,150.6940765,87.50806427,19.35140991,87.53372955,157.6345825,87.54114532,26.00575447,87.56506348,125.182869,87.57247925,22.12623978
88.00208282,29.07560158,88.00955963,1.393470526,88.03440094,92.72746277,88.04181671,10.82706165,88.06666565,142.4761658,88.07406616,18.14087105,88.09989166,151.0552979,88.10731506,21.67409134,88.13222504,135.8873291,88.13964844,25.88866615,88.16539764,131.5010834,88.17281342,25.95736313,88.36031342,27.53866005,88.36772919,1.636289597,88.32906342,96.89355469,88.33647919,16.71276855,88.29639435,181.7154999,88.30381012,22.89314079,88.26406097,172.9507141,88.27147675,26.98778725,88.23189545,148.902832,88.23931122,28.38768768,88.20089722,137.1497498,88.20830536,30.77127075,88.39783478,142.6997528,88.40523529,8.282238007,88.43008423,24.14246178,88.43753815,1.21532464,88.46239471,186.0501099,88.46981812,19.3724041,88.49364471,144.8066864,88.50106812,26.15634537,88.52489471,152.1015472,88.53231812,25.79921532,88.55722809,127.7877426,88.56465149,17.07491684
89.00208282,21.91479111,89.00953674,0.864969671,89.03440094,97.18929291,89.04181671,9.897797585,89.06673431,146.6555786,89.07414246,19.62874794,89.10006714,132.1488037,89.10747528,20.65306473,89.13240051,144.151413,89.13980865,21.22632217,89.16365051,136.2065125,89.17105865,18.84133148,89.36389923,25.33028793,89.371315,0.36988008,89.33183289,109.5742416,89.33922577,13.64701748,89.29883575,187.6237793,89.30622864,17.55741119,89.26745605,151.5106812,89.27489471,23.06011963,89.23466492,143.3030243,89.24206543,26.56602669,89.20172882,139.0702057,89.20914459,21.546381,89.40139771,124.7656555,89.40881348,15.38522339,89.43373108,19.94733047,89.44114685,1.926252007,89.46572876,168.3540344,89.47314453,21.51489258,89.4991684,140.2721405,89.50656128,24.55249214,89.5304184,151.9382782,89.53787231,29.2398243,89.56156158,112.0533905,89.56897736,22.33972549
90.00208282,24.83891869,90.00953674,1.359638691,90.03422546,89.92289734,90.04164124,12.13554573,90.06673431,147.8979797,90.07414246,20.90303421,90.09822845,140.1989441,90.10564423,18.69186401,90.12989807,138.8698883,90.13731384,22.40132904,90.16156769,132.9959717,90.16897583,18.90719032,90.35923004,29.8350811,90.36664581,2.867362738,90.326828,128.8430023,90.33422852,7.138332844,90.29523468,179.8182068,90.30264282,17.15803146,90.26372528,157.1687622,90.27114105,23.41321754,90.23155975,164.8411713,90.23898315,22.63492203,90.19881439,141.3431396,90.20625305,26.41527367,90.39683533,129.0686798,90.40422821,12.16912174,90.4291687,21.58006859,90.43656158,1.079071999,90.46147919,175.7558746,90.46889496,18.36984444,90.4934845,147.7589722,90.50089264,31.76811028,90.52455902,136.1104889,90.53198242,28.41757202,90.55673218,119.8613205,90.56414032,26.77063179
,,,,,,,,,,,,,,,,,,,,,,,,,,,,,,,,,,,,,,,,,,,,,,,,,,,,,,,,,,,,,,,,,,,,,,,
Sample A1_Ex555_Em570,,,,,,,,,,,,,,,,,,,,,,,,,,,,,,,,,,,,,,,,,,,,,,,,,,,,,,,,,,,,,,,,,,,,,,,
Sample A1_Ex555_Em570,,,,,,,,,,,,,,,,,,,,,,,,,,,,,,,,,,,,,,,,,,,,,,,,,,,,,,,,,,,,,,,,,,,,,,,
Collection Time: 15-Aug-23 3:04:44 PM,,,,,,,,,,,,,,,,,,,,,,,,,,,,,,,,,,,,,,,,,,,,,,,,,,,,,,,,,,,,,,,,,,,,,,,
Operator Name  :,,,,,,,,,,,,,,,,,,,,,,,,,,,,,,,,,,,,,,,,,,,,,,,,,,,,,,,,,,,,,,,,,,,,,,,
Kinetics Software Version: 1.2(146),,,,,,,,,,,,,,,,,,,,,,,,,,,,,,,,,,,,,,,,,,,,,,,,,,,,,,,,,,,,,,,,,,,,,,,
Parameter List :,,,,,,,,,,,,,,,,,,,,,,,,,,,,,,,,,,,,,,,,,,,,,,,,,,,,,,,,,,,,,,,,,,,,,,,
Report Time: Tue 15 Aug 03:04:44 PM 2023,,,,,,,,,,,,,,,,,,,,,,,,,,,,,,,,,,,,,,,,,,,,,,,,,,,,,,,,,,,,,,,,,,,,,,,
Software version: 1.2(146),,,,,,,,,,,,,,,,,,,,,,,,,,,,,,,,,,,,,,,,,,,,,,,,,,,,,,,,,,,,,,,,,,,,,,,
Operator:,,,,,,,,,,,,,,,,,,,,,,,,,,,,,,,,,,,,,,,,,,,,,,,,,,,,,,,,,,,,,,,,,,,,,,,
Instrument Parameters,,,,,,,,,,,,,,,,,,,,,,,,,,,,,,,,,,,,,,,,,,,,,,,,,,,,,,,,,,,,,,,,,,,,,,,
Instrument                        Cary Eclipse,,,,,,,,,,,,,,,,,,,,,,,,,,,,,,,,,,,,,,,,,,,,,,,,,,,,,,,,,,,,,,,,,,,,,,,
Instrument Serial Number          MY18160001,,,,,,,,,,,,,,,,,,,,,,,,,,,,,,,,,,,,,,,,,,,,,,,,,,,,,,,,,,,,,,,,,,,,,,,
Data mode                         Fluorescence,,,,,,,,,,,,,,,,,,,,,,,,,,,,,,,,,,,,,,,,,,,,,,,,,,,,,,,,,,,,,,,,,,,,,,,
Ex. wavelengths (nm)              555.0000 ; 555.0000,,,,,,,,,,,,,,,,,,,,,,,,,,,,,,,,,,,,,,,,,,,,,,,,,,,,,,,,,,,,,,,,,,,,,,,
Em. wavelengths (nm)              570.0000 ; 665.0000,,,,,,,,,,,,,,,,,,,,,,,,,,,,,,,,,,,,,,,,,,,,,,,,,,,,,,,,,,,,,,,,,,,,,,,
Ex. Slit (nm)                     5,,,,,,,,,,,,,,,,,,,,,,,,,,,,,,,,,,,,,,,,,,,,,,,,,,,,,,,,,,,,,,,,,,,,,,,
Em. Slit (nm)                     5,,,,,,,,,,,,,,,,,,,,,,,,,,,,,,,,,,,,,,,,,,,,,,,,,,,,,,,,,,,,,,,,,,,,,,,
Averaging Time (s)                0.2500,,,,,,,,,,,,,,,,,,,,,,,,,,,,,,,,,,,,,,,,,,,,,,,,,,,,,,,,,,,,,,,,,,,,,,,
Cycle time(min)                   1.0000,,,,,,,,,,,,,,,,,,,,,,,,,,,,,,,,,,,,,,,,,,,,,,,,,,,,,,,,,,,,,,,,,,,,,,,
Stop time(min)                    90.0000,,,,,,,,,,,,,,,,,,,,,,,,,,,,,,,,,,,,,,,,,,,,,,,,,,,,,,,,,,,,,,,,,,,,,,,
Emission filter                   Open,,,,,,,,,,,,,,,,,,,,,,,,,,,,,,,,,,,,,,,,,,,,,,,,,,,,,,,,,,,,,,,,,,,,,,,
Excitation Filter                 Auto,,,,,,,,,,,,,,,,,,,,,,,,,,,,,,,,,,,,,,,,,,,,,,,,,,,,,,,,,,,,,,,,,,,,,,,
PMT voltage (V)                   1000,,,,,,,,,,,,,,,,,,,,,,,,,,,,,,,,,,,,,,,,,,,,,,,,,,,,,,,,,,,,,,,,,,,,,,,
Wellplate                         ON,,,,,,,,,,,,,,,,,,,,,,,,,,,,,,,,,,,,,,,,,,,,,,,,,,,,,,,,,,,,,,,,,,,,,,,
Plate format                     96 Wells,,,,,,,,,,,,,,,,,,,,,,,,,,,,,,,,,,,,,,,,,,,,,,,,,,,,,,,,,,,,,,,,,,,,,,,
Read position                    Well centre,,,,,,,,,,,,,,,,,,,,,,,,,,,,,,,,,,,,,,,,,,,,,,,,,,,,,,,,,,,,,,,,,,,,,,,
Multi-zero                       OFF,,,,,,,,,,,,,,,,,,,,,,,,,,,,,,,,,,,,,,,,,,,,,,,,,,,,,,,,,,,,,,,,,,,,,,,
Auto-zero                        OFF,,,,,,,,,,,,,,,,,,,,,,,,,,,,,,,,,,,,,,,,,,,,,,,,,,,,,,,,,,,,,,,,,,,,,,,
Well                            A1,,,,,,,,,,,,,,,,,,,,,,,,,,,,,,,,,,,,,,,,,,,,,,,,,,,,,,,,,,,,,,,,,,,,,,,
Comments:,,,,,,,,,,,,,,,,,,,,,,,,,,,,,,,,,,,,,,,,,,,,,,,,,,,,,,,,,,,,,,,,,,,,,,,
Method Log     :,,,,,,,,,,,,,,,,,,,,,,,,,,,,,,,,,,,,,,,,,,,,,,,,,,,,,,,,,,,,,,,,,,,,,,,
Method Name    : Default,,,,,,,,,,,,,,,,,,,,,,,,,,,,,,,,,,,,,,,,,,,,,,,,,,,,,,,,,,,,,,,,,,,,,,,
Date/Time stamp: 15-Aug-23 2:52:18 PM,,,,,,,,,,,,,,,,,,,,,,,,,,,,,,,,,,,,,,,,,,,,,,,,,,,,,,,,,,,,,,,,,,,,,,,
Method Modifications:,,,,,,,,,,,,,,,,,,,,,,,,,,,,,,,,,,,,,,,,,,,,,,,,,,,,,,,,,,,,,,,,,,,,,,,
Wellplate Overlay Mode Changed: 15-Aug-23 2:52:19 PM, Old:Individual, New:Choice 1,,,,,,,,,,,,,,,,,,,,,,,,,,,,,,,,,,,,,,,,,,,,,,,,,,,,,,,,,,,,,,,,,,,,,
Wellplate Overlay Mode Changed: 15-Aug-23 2:52:19 PM, Old:Overlay all, New:Choice 2,,,,,,,,,,,,,,,,,,,,,,,,,,,,,,,,,,,,,,,,,,,,,,,,,,,,,,,,,,,,,,,,,,,,,
Wellplate Overlay Mode Changed: 15-Aug-23 2:52:19 PM, Old:Overlay rows, New:Choice 3,,,,,,,,,,,,,,,,,,,,,,,,,,,,,,,,,,,,,,,,,,,,,,,,,,,,,,,,,,,,,,,,,,,,,
Wellplate Overlay Mode Changed: 15-Aug-23 2:52:19 PM, Old:Overlay columns, New:Choice 4,,,,,,,,,,,,,,,,,,,,,,,,,,,,,,,,,,,,,,,,,,,,,,,,,,,,,,,,,,,,,,,,,,,,,
Wellplate Overlay Mode Changed: 15-Aug-23 2:52:19 PM, Old:User defined, New:Overlay columns,,,,,,,,,,,,,,,,,,,,,,,,,,,,,,,,,,,,,,,,,,,,,,,,,,,,,,,,,,,,,,,,,,,,,
Well plate reader Changed: 15-Aug-23 2:52:50 PM, Old:OFF, New:ON,,,,,,,,,,,,,,,,,,,,,,,,,,,,,,,,,,,,,,,,,,,,,,,,,,,,,,,,,,,,,,,,,,,,,
Wellplate Samples Changed: 15-Aug-23 2:52:50 PM, Old:, New:A1;A2;A3;A4;A5;A6;B1;B2;B3;B4;B5;B6;C1;C2;C3;C4;C5;C6;,,,,,,,,,,,,,,,,,,,,,,,,,,,,,,,,,,,,,,,,,,,,,,,,,,,,,,,,,,,,,,,,,,,,,
PMT Volts Changed: 15-Aug-23 2:54:11 PM, Old:600, New:1000,,,,,,,,,,,,,,,,,,,,,,,,,,,,,,,,,,,,,,,,,,,,,,,,,,,,,,,,,,,,,,,,,,,,,
Multiwavelength Changed: 15-Aug-23 2:54:11 PM, Old:OFF, New:ON,,,,,,,,,,,,,,,,,,,,,,,,,,,,,,,,,,,,,,,,,,,,,,,,,,,,,,,,,,,,,,,,,,,,,
Excitation Wavelengths 1 Changed: 15-Aug-23 2:54:11 PM, Old:   350.0000, New:   555.0000,,,,,,,,,,,,,,,,,,,,,,,,,,,,,,,,,,,,,,,,,,,,,,,,,,,,,,,,,,,,,,,,,,,,,
Emission Wavelengths 1 Changed: 15-Aug-23 2:54:11 PM, Old:   450.0000, New:   565.0000,,,,,,,,,,,,,,,,,,,,,,,,,,,,,,,,,,,,,,,,,,,,,,,,,,,,,,,,,,,,,,,,,,,,,
Excitation Wavelengths 2 Changed: 15-Aug-23 2:54:11 PM, Old:   360.0000, New:   555.0000,,,,,,,,,,,,,,,,,,,,,,,,,,,,,,,,,,,,,,,,,,,,,,,,,,,,,,,,,,,,,,,,,,,,,
Emission Wavelengths 2 Changed: 15-Aug-23 2:54:11 PM, Old:   460.0000, New:   665.0000,,,,,,,,,,,,,,,,,,,,,,,,,,,,,,,,,,,,,,,,,,,,,,,,,,,,,,,,,,,,,,,,,,,,,
Excitation Wavelength Changed: 15-Aug-23 2:54:11 PM, Old: 400.00, New: 555.00,,,,,,,,,,,,,,,,,,,,,,,,,,,,,,,,,,,,,,,,,,,,,,,,,,,,,,,,,,,,,,,,,,,,,
Emission Wavelength Changed: 15-Aug-23 2:54:11 PM, Old: 600.00, New: 565.00,,,,,,,,,,,,,,,,,,,,,,,,,,,,,,,,,,,,,,,,,,,,,,,,,,,,,,,,,,,,,,,,,,,,,
Cycle Time 1 Changed: 15-Aug-23 2:54:11 PM, Old: 0.0000, New: 0.5000,,,,,,,,,,,,,,,,,,,,,,,,,,,,,,,,,,,,,,,,,,,,,,,,,,,,,,,,,,,,,,,,,,,,,
Emission PMT (V): Changed: 15-Aug-23 2:54:11 PM, Old: 600, New:1000,,,,,,,,,,,,,,,,,,,,,,,,,,,,,,,,,,,,,,,,,,,,,,,,,,,,,,,,,,,,,,,,,,,,,
Emission Wavelengths 1 Changed: 15-Aug-23 2:57:34 PM, Old:   565.0000, New:   570.0000,,,,,,,,,,,,,,,,,,,,,,,,,,,,,,,,,,,,,,,,,,,,,,,,,,,,,,,,,,,,,,,,,,,,,
Emission Wavelength Changed: 15-Aug-23 2:57:34 PM, Old: 565.00, New: 570.00,,,,,,,,,,,,,,,,,,,,,,,,,,,,,,,,,,,,,,,,,,,,,,,,,,,,,,,,,,,,,,,,,,,,,
Ave. time (s): Changed: 15-Aug-23 3:00:07 PM, Old:0.10000, New:0.25000,,,,,,,,,,,,,,,,,,,,,,,,,,,,,,,,,,,,,,,,,,,,,,,,,,,,,,,,,,,,,,,,,,,,,
Cycle Time 1 Changed: 15-Aug-23 3:03:28 PM, Old: 0.5000, New: 1.0000,,,,,,,,,,,,,,,,,,,,,,,,,,,,,,,,,,,,,,,,,,,,,,,,,,,,,,,,,,,,,,,,,,,,,
Stop Time 1 Changed: 15-Aug-23 3:03:28 PM, Old: 1.0000, New:90.0000,,,,,,,,,,,,,,,,,,,,,,,,,,,,,,,,,,,,,,,,,,,,,,,,,,,,,,,,,,,,,,,,,,,,,
End Method Modifications,,,,,,,,,,,,,,,,,,,,,,,,,,,,,,,,,,,,,,,,,,,,,,,,,,,,,,,,,,,,,,,,,,,,,,,
,,,,,,,,,,,,,,,,,,,,,,,,,,,,,,,,,,,,,,,,,,,,,,,,,,,,,,,,,,,,,,,,,,,,,,,
Sample A1_Ex555_Em665,,,,,,,,,,,,,,,,,,,,,,,,,,,,,,,,,,,,,,,,,,,,,,,,,,,,,,,,,,,,,,,,,,,,,,,
Sample A1_Ex555_Em665,,,,,,,,,,,,,,,,,,,,,,,,,,,,,,,,,,,,,,,,,,,,,,,,,,,,,,,,,,,,,,,,,,,,,,,
Collection Time: 15-Aug-23 3:04:44 PM,,,,,,,,,,,,,,,,,,,,,,,,,,,,,,,,,,,,,,,,,,,,,,,,,,,,,,,,,,,,,,,,,,,,,,,
Operator Name  :,,,,,,,,,,,,,,,,,,,,,,,,,,,,,,,,,,,,,,,,,,,,,,,,,,,,,,,,,,,,,,,,,,,,,,,
Kinetics Software Version: 1.2(146),,,,,,,,,,,,,,,,,,,,,,,,,,,,,,,,,,,,,,,,,,,,,,,,,,,,,,,,,,,,,,,,,,,,,,,
Parameter List :,,,,,,,,,,,,,,,,,,,,,,,,,,,,,,,,,,,,,,,,,,,,,,,,,,,,,,,,,,,,,,,,,,,,,,,
Report Time: Tue 15 Aug 03:04:44 PM 2023,,,,,,,,,,,,,,,,,,,,,,,,,,,,,,,,,,,,,,,,,,,,,,,,,,,,,,,,,,,,,,,,,,,,,,,
Software version: 1.2(146),,,,,,,,,,,,,,,,,,,,,,,,,,,,,,,,,,,,,,,,,,,,,,,,,,,,,,,,,,,,,,,,,,,,,,,
Operator:,,,,,,,,,,,,,,,,,,,,,,,,,,,,,,,,,,,,,,,,,,,,,,,,,,,,,,,,,,,,,,,,,,,,,,,
Instrument Parameters,,,,,,,,,,,,,,,,,,,,,,,,,,,,,,,,,,,,,,,,,,,,,,,,,,,,,,,,,,,,,,,,,,,,,,,
Instrument                        Cary Eclipse,,,,,,,,,,,,,,,,,,,,,,,,,,,,,,,,,,,,,,,,,,,,,,,,,,,,,,,,,,,,,,,,,,,,,,,
Instrument Serial Number          MY18160001,,,,,,,,,,,,,,,,,,,,,,,,,,,,,,,,,,,,,,,,,,,,,,,,,,,,,,,,,,,,,,,,,,,,,,,
Data mode                         Fluorescence,,,,,,,,,,,,,,,,,,,,,,,,,,,,,,,,,,,,,,,,,,,,,,,,,,,,,,,,,,,,,,,,,,,,,,,
Ex. wavelengths (nm)              555.0000 ; 555.0000,,,,,,,,,,,,,,,,,,,,,,,,,,,,,,,,,,,,,,,,,,,,,,,,,,,,,,,,,,,,,,,,,,,,,,,
Em. wavelengths (nm)              570.0000 ; 665.0000,,,,,,,,,,,,,,,,,,,,,,,,,,,,,,,,,,,,,,,,,,,,,,,,,,,,,,,,,,,,,,,,,,,,,,,
Ex. Slit (nm)                     5,,,,,,,,,,,,,,,,,,,,,,,,,,,,,,,,,,,,,,,,,,,,,,,,,,,,,,,,,,,,,,,,,,,,,,,
Em. Slit (nm)                     5,,,,,,,,,,,,,,,,,,,,,,,,,,,,,,,,,,,,,,,,,,,,,,,,,,,,,,,,,,,,,,,,,,,,,,,
Averaging Time (s)                0.2500,,,,,,,,,,,,,,,,,,,,,,,,,,,,,,,,,,,,,,,,,,,,,,,,,,,,,,,,,,,,,,,,,,,,,,,
Cycle time(min)                   1.0000,,,,,,,,,,,,,,,,,,,,,,,,,,,,,,,,,,,,,,,,,,,,,,,,,,,,,,,,,,,,,,,,,,,,,,,
Stop time(min)                    90.0000,,,,,,,,,,,,,,,,,,,,,,,,,,,,,,,,,,,,,,,,,,,,,,,,,,,,,,,,,,,,,,,,,,,,,,,
Emission filter                   Open,,,,,,,,,,,,,,,,,,,,,,,,,,,,,,,,,,,,,,,,,,,,,,,,,,,,,,,,,,,,,,,,,,,,,,,
Excitation Filter                 Auto,,,,,,,,,,,,,,,,,,,,,,,,,,,,,,,,,,,,,,,,,,,,,,,,,,,,,,,,,,,,,,,,,,,,,,,
PMT voltage (V)                   1000,,,,,,,,,,,,,,,,,,,,,,,,,,,,,,,,,,,,,,,,,,,,,,,,,,,,,,,,,,,,,,,,,,,,,,,
Wellplate                         ON,,,,,,,,,,,,,,,,,,,,,,,,,,,,,,,,,,,,,,,,,,,,,,,,,,,,,,,,,,,,,,,,,,,,,,,
Plate format                     96 Wells,,,,,,,,,,,,,,,,,,,,,,,,,,,,,,,,,,,,,,,,,,,,,,,,,,,,,,,,,,,,,,,,,,,,,,,
Read position                    Well centre,,,,,,,,,,,,,,,,,,,,,,,,,,,,,,,,,,,,,,,,,,,,,,,,,,,,,,,,,,,,,,,,,,,,,,,
Multi-zero                       OFF,,,,,,,,,,,,,,,,,,,,,,,,,,,,,,,,,,,,,,,,,,,,,,,,,,,,,,,,,,,,,,,,,,,,,,,
Auto-zero                        OFF,,,,,,,,,,,,,,,,,,,,,,,,,,,,,,,,,,,,,,,,,,,,,,,,,,,,,,,,,,,,,,,,,,,,,,,
Well                            A1,,,,,,,,,,,,,,,,,,,,,,,,,,,,,,,,,,,,,,,,,,,,,,,,,,,,,,,,,,,,,,,,,,,,,,,
Comments:,,,,,,,,,,,,,,,,,,,,,,,,,,,,,,,,,,,,,,,,,,,,,,,,,,,,,,,,,,,,,,,,,,,,,,,
Method Log     :,,,,,,,,,,,,,,,,,,,,,,,,,,,,,,,,,,,,,,,,,,,,,,,,,,,,,,,,,,,,,,,,,,,,,,,
Method Name    : Default,,,,,,,,,,,,,,,,,,,,,,,,,,,,,,,,,,,,,,,,,,,,,,,,,,,,,,,,,,,,,,,,,,,,,,,
Date/Time stamp: 15-Aug-23 2:52:18 PM,,,,,,,,,,,,,,,,,,,,,,,,,,,,,,,,,,,,,,,,,,,,,,,,,,,,,,,,,,,,,,,,,,,,,,,
Method Modifications:,,,,,,,,,,,,,,,,,,,,,,,,,,,,,,,,,,,,,,,,,,,,,,,,,,,,,,,,,,,,,,,,,,,,,,,
Wellplate Overlay Mode Changed: 15-Aug-23 2:52:19 PM, Old:Individual, New:Choice 1,,,,,,,,,,,,,,,,,,,,,,,,,,,,,,,,,,,,,,,,,,,,,,,,,,,,,,,,,,,,,,,,,,,,,
Wellplate Overlay Mode Changed: 15-Aug-23 2:52:19 PM, Old:Overlay all, New:Choice 2,,,,,,,,,,,,,,,,,,,,,,,,,,,,,,,,,,,,,,,,,,,,,,,,,,,,,,,,,,,,,,,,,,,,,
Wellplate Overlay Mode Changed: 15-Aug-23 2:52:19 PM, Old:Overlay rows, New:Choice 3,,,,,,,,,,,,,,,,,,,,,,,,,,,,,,,,,,,,,,,,,,,,,,,,,,,,,,,,,,,,,,,,,,,,,
Wellplate Overlay Mode Changed: 15-Aug-23 2:52:19 PM, Old:Overlay columns, New:Choice 4,,,,,,,,,,,,,,,,,,,,,,,,,,,,,,,,,,,,,,,,,,,,,,,,,,,,,,,,,,,,,,,,,,,,,
Wellplate Overlay Mode Changed: 15-Aug-23 2:52:19 PM, Old:User defined, New:Overlay columns,,,,,,,,,,,,,,,,,,,,,,,,,,,,,,,,,,,,,,,,,,,,,,,,,,,,,,,,,,,,,,,,,,,,,
Well plate reader Changed: 15-Aug-23 2:52:50 PM, Old:OFF, New:ON,,,,,,,,,,,,,,,,,,,,,,,,,,,,,,,,,,,,,,,,,,,,,,,,,,,,,,,,,,,,,,,,,,,,,
Wellplate Samples Changed: 15-Aug-23 2:52:50 PM, Old:, New:A1;A2;A3;A4;A5;A6;B1;B2;B3;B4;B5;B6;C1;C2;C3;C4;C5;C6;,,,,,,,,,,,,,,,,,,,,,,,,,,,,,,,,,,,,,,,,,,,,,,,,,,,,,,,,,,,,,,,,,,,,,
PMT Volts Changed: 15-Aug-23 2:54:11 PM, Old:600, New:1000,,,,,,,,,,,,,,,,,,,,,,,,,,,,,,,,,,,,,,,,,,,,,,,,,,,,,,,,,,,,,,,,,,,,,
Multiwavelength Changed: 15-Aug-23 2:54:11 PM, Old:OFF, New:ON,,,,,,,,,,,,,,,,,,,,,,,,,,,,,,,,,,,,,,,,,,,,,,,,,,,,,,,,,,,,,,,,,,,,,
Excitation Wavelengths 1 Changed: 15-Aug-23 2:54:11 PM, Old:   350.0000, New:   555.0000,,,,,,,,,,,,,,,,,,,,,,,,,,,,,,,,,,,,,,,,,,,,,,,,,,,,,,,,,,,,,,,,,,,,,
Emission Wavelengths 1 Changed: 15-Aug-23 2:54:11 PM, Old:   450.0000, New:   565.0000,,,,,,,,,,,,,,,,,,,,,,,,,,,,,,,,,,,,,,,,,,,,,,,,,,,,,,,,,,,,,,,,,,,,,
Excitation Wavelengths 2 Changed: 15-Aug-23 2:54:11 PM, Old:   360.0000, New:   555.0000,,,,,,,,,,,,,,,,,,,,,,,,,,,,,,,,,,,,,,,,,,,,,,,,,,,,,,,,,,,,,,,,,,,,,
Emission Wavelengths 2 Changed: 15-Aug-23 2:54:11 PM, Old:   460.0000, New:   665.0000,,,,,,,,,,,,,,,,,,,,,,,,,,,,,,,,,,,,,,,,,,,,,,,,,,,,,,,,,,,,,,,,,,,,,
Excitation Wavelength Changed: 15-Aug-23 2:54:11 PM, Old: 400.00, New: 555.00,,,,,,,,,,,,,,,,,,,,,,,,,,,,,,,,,,,,,,,,,,,,,,,,,,,,,,,,,,,,,,,,,,,,,
Emission Wavelength Changed: 15-Aug-23 2:54:11 PM, Old: 600.00, New: 565.00,,,,,,,,,,,,,,,,,,,,,,,,,,,,,,,,,,,,,,,,,,,,,,,,,,,,,,,,,,,,,,,,,,,,,
Cycle Time 1 Changed: 15-Aug-23 2:54:11 PM, Old: 0.0000, New: 0.5000,,,,,,,,,,,,,,,,,,,,,,,,,,,,,,,,,,,,,,,,,,,,,,,,,,,,,,,,,,,,,,,,,,,,,
Emission PMT (V): Changed: 15-Aug-23 2:54:11 PM, Old: 600, New:1000,,,,,,,,,,,,,,,,,,,,,,,,,,,,,,,,,,,,,,,,,,,,,,,,,,,,,,,,,,,,,,,,,,,,,
Emission Wavelengths 1 Changed: 15-Aug-23 2:57:34 PM, Old:   565.0000, New:   570.0000,,,,,,,,,,,,,,,,,,,,,,,,,,,,,,,,,,,,,,,,,,,,,,,,,,,,,,,,,,,,,,,,,,,,,
Emission Wavelength Changed: 15-Aug-23 2:57:34 PM, Old: 565.00, New: 570.00,,,,,,,,,,,,,,,,,,,,,,,,,,,,,,,,,,,,,,,,,,,,,,,,,,,,,,,,,,,,,,,,,,,,,
Ave. time (s): Changed: 15-Aug-23 3:00:07 PM, Old:0.10000, New:0.25000,,,,,,,,,,,,,,,,,,,,,,,,,,,,,,,,,,,,,,,,,,,,,,,,,,,,,,,,,,,,,,,,,,,,,
Cycle Time 1 Changed: 15-Aug-23 3:03:28 PM, Old: 0.5000, New: 1.0000,,,,,,,,,,,,,,,,,,,,,,,,,,,,,,,,,,,,,,,,,,,,,,,,,,,,,,,,,,,,,,,,,,,,,
Stop Time 1 Changed: 15-Aug-23 3:03:28 PM, Old: 1.0000, New:90.0000,,,,,,,,,,,,,,,,,,,,,,,,,,,,,,,,,,,,,,,,,,,,,,,,,,,,,,,,,,,,,,,,,,,,,
End Method Modifications,,,,,,,,,,,,,,,,,,,,,,,,,,,,,,,,,,,,,,,,,,,,,,,,,,,,,,,,,,,,,,,,,,,,,,,
,,,,,,,,,,,,,,,,,,,,,,,,,,,,,,,,,,,,,,,,,,,,,,,,,,,,,,,,,,,,,,,,,,,,,,,
Sample A2_Ex555_Em570,,,,,,,,,,,,,,,,,,,,,,,,,,,,,,,,,,,,,,,,,,,,,,,,,,,,,,,,,,,,,,,,,,,,,,,
Sample A2_Ex555_Em570,,,,,,,,,,,,,,,,,,,,,,,,,,,,,,,,,,,,,,,,,,,,,,,,,,,,,,,,,,,,,,,,,,,,,,,
Collection Time: 15-Aug-23 3:04:44 PM,,,,,,,,,,,,,,,,,,,,,,,,,,,,,,,,,,,,,,,,,,,,,,,,,,,,,,,,,,,,,,,,,,,,,,,
Operator Name  :,,,,,,,,,,,,,,,,,,,,,,,,,,,,,,,,,,,,,,,,,,,,,,,,,,,,,,,,,,,,,,,,,,,,,,,
Kinetics Software Version: 1.2(146),,,,,,,,,,,,,,,,,,,,,,,,,,,,,,,,,,,,,,,,,,,,,,,,,,,,,,,,,,,,,,,,,,,,,,,
Parameter List :,,,,,,,,,,,,,,,,,,,,,,,,,,,,,,,,,,,,,,,,,,,,,,,,,,,,,,,,,,,,,,,,,,,,,,,
Report Time: Tue 15 Aug 03:04:44 PM 2023,,,,,,,,,,,,,,,,,,,,,,,,,,,,,,,,,,,,,,,,,,,,,,,,,,,,,,,,,,,,,,,,,,,,,,,
Software version: 1.2(146),,,,,,,,,,,,,,,,,,,,,,,,,,,,,,,,,,,,,,,,,,,,,,,,,,,,,,,,,,,,,,,,,,,,,,,
Operator:,,,,,,,,,,,,,,,,,,,,,,,,,,,,,,,,,,,,,,,,,,,,,,,,,,,,,,,,,,,,,,,,,,,,,,,
Instrument Parameters,,,,,,,,,,,,,,,,,,,,,,,,,,,,,,,,,,,,,,,,,,,,,,,,,,,,,,,,,,,,,,,,,,,,,,,
Instrument                        Cary Eclipse,,,,,,,,,,,,,,,,,,,,,,,,,,,,,,,,,,,,,,,,,,,,,,,,,,,,,,,,,,,,,,,,,,,,,,,
Instrument Serial Number          MY18160001,,,,,,,,,,,,,,,,,,,,,,,,,,,,,,,,,,,,,,,,,,,,,,,,,,,,,,,,,,,,,,,,,,,,,,,
Data mode                         Fluorescence,,,,,,,,,,,,,,,,,,,,,,,,,,,,,,,,,,,,,,,,,,,,,,,,,,,,,,,,,,,,,,,,,,,,,,,
Ex. wavelengths (nm)              555.0000 ; 555.0000,,,,,,,,,,,,,,,,,,,,,,,,,,,,,,,,,,,,,,,,,,,,,,,,,,,,,,,,,,,,,,,,,,,,,,,
Em. wavelengths (nm)              570.0000 ; 665.0000,,,,,,,,,,,,,,,,,,,,,,,,,,,,,,,,,,,,,,,,,,,,,,,,,,,,,,,,,,,,,,,,,,,,,,,
Ex. Slit (nm)                     5,,,,,,,,,,,,,,,,,,,,,,,,,,,,,,,,,,,,,,,,,,,,,,,,,,,,,,,,,,,,,,,,,,,,,,,
Em. Slit (nm)                     5,,,,,,,,,,,,,,,,,,,,,,,,,,,,,,,,,,,,,,,,,,,,,,,,,,,,,,,,,,,,,,,,,,,,,,,
Averaging Time (s)                0.2500,,,,,,,,,,,,,,,,,,,,,,,,,,,,,,,,,,,,,,,,,,,,,,,,,,,,,,,,,,,,,,,,,,,,,,,
Cycle time(min)                   1.0000,,,,,,,,,,,,,,,,,,,,,,,,,,,,,,,,,,,,,,,,,,,,,,,,,,,,,,,,,,,,,,,,,,,,,,,
Stop time(min)                    90.0000,,,,,,,,,,,,,,,,,,,,,,,,,,,,,,,,,,,,,,,,,,,,,,,,,,,,,,,,,,,,,,,,,,,,,,,
Emission filter                   Open,,,,,,,,,,,,,,,,,,,,,,,,,,,,,,,,,,,,,,,,,,,,,,,,,,,,,,,,,,,,,,,,,,,,,,,
Excitation Filter                 Auto,,,,,,,,,,,,,,,,,,,,,,,,,,,,,,,,,,,,,,,,,,,,,,,,,,,,,,,,,,,,,,,,,,,,,,,
PMT voltage (V)                   1000,,,,,,,,,,,,,,,,,,,,,,,,,,,,,,,,,,,,,,,,,,,,,,,,,,,,,,,,,,,,,,,,,,,,,,,
Wellplate                         ON,,,,,,,,,,,,,,,,,,,,,,,,,,,,,,,,,,,,,,,,,,,,,,,,,,,,,,,,,,,,,,,,,,,,,,,
Plate format                     96 Wells,,,,,,,,,,,,,,,,,,,,,,,,,,,,,,,,,,,,,,,,,,,,,,,,,,,,,,,,,,,,,,,,,,,,,,,
Read position                    Well centre,,,,,,,,,,,,,,,,,,,,,,,,,,,,,,,,,,,,,,,,,,,,,,,,,,,,,,,,,,,,,,,,,,,,,,,
Multi-zero                       OFF,,,,,,,,,,,,,,,,,,,,,,,,,,,,,,,,,,,,,,,,,,,,,,,,,,,,,,,,,,,,,,,,,,,,,,,
Auto-zero                        OFF,,,,,,,,,,,,,,,,,,,,,,,,,,,,,,,,,,,,,,,,,,,,,,,,,,,,,,,,,,,,,,,,,,,,,,,
Well                            A1,,,,,,,,,,,,,,,,,,,,,,,,,,,,,,,,,,,,,,,,,,,,,,,,,,,,,,,,,,,,,,,,,,,,,,,
Comments:,,,,,,,,,,,,,,,,,,,,,,,,,,,,,,,,,,,,,,,,,,,,,,,,,,,,,,,,,,,,,,,,,,,,,,,
Method Log     :,,,,,,,,,,,,,,,,,,,,,,,,,,,,,,,,,,,,,,,,,,,,,,,,,,,,,,,,,,,,,,,,,,,,,,,
Method Name    : Default,,,,,,,,,,,,,,,,,,,,,,,,,,,,,,,,,,,,,,,,,,,,,,,,,,,,,,,,,,,,,,,,,,,,,,,
Date/Time stamp: 15-Aug-23 2:52:18 PM,,,,,,,,,,,,,,,,,,,,,,,,,,,,,,,,,,,,,,,,,,,,,,,,,,,,,,,,,,,,,,,,,,,,,,,
Method Modifications:,,,,,,,,,,,,,,,,,,,,,,,,,,,,,,,,,,,,,,,,,,,,,,,,,,,,,,,,,,,,,,,,,,,,,,,
Wellplate Overlay Mode Changed: 15-Aug-23 2:52:19 PM, Old:Individual, New:Choice 1,,,,,,,,,,,,,,,,,,,,,,,,,,,,,,,,,,,,,,,,,,,,,,,,,,,,,,,,,,,,,,,,,,,,,
Wellplate Overlay Mode Changed: 15-Aug-23 2:52:19 PM, Old:Overlay all, New:Choice 2,,,,,,,,,,,,,,,,,,,,,,,,,,,,,,,,,,,,,,,,,,,,,,,,,,,,,,,,,,,,,,,,,,,,,
Wellplate Overlay Mode Changed: 15-Aug-23 2:52:19 PM, Old:Overlay rows, New:Choice 3,,,,,,,,,,,,,,,,,,,,,,,,,,,,,,,,,,,,,,,,,,,,,,,,,,,,,,,,,,,,,,,,,,,,,
Wellplate Overlay Mode Changed: 15-Aug-23 2:52:19 PM, Old:Overlay columns, New:Choice 4,,,,,,,,,,,,,,,,,,,,,,,,,,,,,,,,,,,,,,,,,,,,,,,,,,,,,,,,,,,,,,,,,,,,,
Wellplate Overlay Mode Changed: 15-Aug-23 2:52:19 PM, Old:User defined, New:Overlay columns,,,,,,,,,,,,,,,,,,,,,,,,,,,,,,,,,,,,,,,,,,,,,,,,,,,,,,,,,,,,,,,,,,,,,
Well plate reader Changed: 15-Aug-23 2:52:50 PM, Old:OFF, New:ON,,,,,,,,,,,,,,,,,,,,,,,,,,,,,,,,,,,,,,,,,,,,,,,,,,,,,,,,,,,,,,,,,,,,,
Wellplate Samples Changed: 15-Aug-23 2:52:50 PM, Old:, New:A1;A2;A3;A4;A5;A6;B1;B2;B3;B4;B5;B6;C1;C2;C3;C4;C5;C6;,,,,,,,,,,,,,,,,,,,,,,,,,,,,,,,,,,,,,,,,,,,,,,,,,,,,,,,,,,,,,,,,,,,,,
PMT Volts Changed: 15-Aug-23 2:54:11 PM, Old:600, New:1000,,,,,,,,,,,,,,,,,,,,,,,,,,,,,,,,,,,,,,,,,,,,,,,,,,,,,,,,,,,,,,,,,,,,,
Multiwavelength Changed: 15-Aug-23 2:54:11 PM, Old:OFF, New:ON,,,,,,,,,,,,,,,,,,,,,,,,,,,,,,,,,,,,,,,,,,,,,,,,,,,,,,,,,,,,,,,,,,,,,
Excitation Wavelengths 1 Changed: 15-Aug-23 2:54:11 PM, Old:   350.0000, New:   555.0000,,,,,,,,,,,,,,,,,,,,,,,,,,,,,,,,,,,,,,,,,,,,,,,,,,,,,,,,,,,,,,,,,,,,,
Emission Wavelengths 1 Changed: 15-Aug-23 2:54:11 PM, Old:   450.0000, New:   565.0000,,,,,,,,,,,,,,,,,,,,,,,,,,,,,,,,,,,,,,,,,,,,,,,,,,,,,,,,,,,,,,,,,,,,,
Excitation Wavelengths 2 Changed: 15-Aug-23 2:54:11 PM, Old:   360.0000, New:   555.0000,,,,,,,,,,,,,,,,,,,,,,,,,,,,,,,,,,,,,,,,,,,,,,,,,,,,,,,,,,,,,,,,,,,,,
Emission Wavelengths 2 Changed: 15-Aug-23 2:54:11 PM, Old:   460.0000, New:   665.0000,,,,,,,,,,,,,,,,,,,,,,,,,,,,,,,,,,,,,,,,,,,,,,,,,,,,,,,,,,,,,,,,,,,,,
Excitation Wavelength Changed: 15-Aug-23 2:54:11 PM, Old: 400.00, New: 555.00,,,,,,,,,,,,,,,,,,,,,,,,,,,,,,,,,,,,,,,,,,,,,,,,,,,,,,,,,,,,,,,,,,,,,
Emission Wavelength Changed: 15-Aug-23 2:54:11 PM, Old: 600.00, New: 565.00,,,,,,,,,,,,,,,,,,,,,,,,,,,,,,,,,,,,,,,,,,,,,,,,,,,,,,,,,,,,,,,,,,,,,
Cycle Time 1 Changed: 15-Aug-23 2:54:11 PM, Old: 0.0000, New: 0.5000,,,,,,,,,,,,,,,,,,,,,,,,,,,,,,,,,,,,,,,,,,,,,,,,,,,,,,,,,,,,,,,,,,,,,
Emission PMT (V): Changed: 15-Aug-23 2:54:11 PM, Old: 600, New:1000,,,,,,,,,,,,,,,,,,,,,,,,,,,,,,,,,,,,,,,,,,,,,,,,,,,,,,,,,,,,,,,,,,,,,
Emission Wavelengths 1 Changed: 15-Aug-23 2:57:34 PM, Old:   565.0000, New:   570.0000,,,,,,,,,,,,,,,,,,,,,,,,,,,,,,,,,,,,,,,,,,,,,,,,,,,,,,,,,,,,,,,,,,,,,
Emission Wavelength Changed: 15-Aug-23 2:57:34 PM, Old: 565.00, New: 570.00,,,,,,,,,,,,,,,,,,,,,,,,,,,,,,,,,,,,,,,,,,,,,,,,,,,,,,,,,,,,,,,,,,,,,
Ave. time (s): Changed: 15-Aug-23 3:00:07 PM, Old:0.10000, New:0.25000,,,,,,,,,,,,,,,,,,,,,,,,,,,,,,,,,,,,,,,,,,,,,,,,,,,,,,,,,,,,,,,,,,,,,
Cycle Time 1 Changed: 15-Aug-23 3:03:28 PM, Old: 0.5000, New: 1.0000,,,,,,,,,,,,,,,,,,,,,,,,,,,,,,,,,,,,,,,,,,,,,,,,,,,,,,,,,,,,,,,,,,,,,
Stop Time 1 Changed: 15-Aug-23 3:03:28 PM, Old: 1.0000, New:90.0000,,,,,,,,,,,,,,,,,,,,,,,,,,,,,,,,,,,,,,,,,,,,,,,,,,,,,,,,,,,,,,,,,,,,,
End Method Modifications,,,,,,,,,,,,,,,,,,,,,,,,,,,,,,,,,,,,,,,,,,,,,,,,,,,,,,,,,,,,,,,,,,,,,,,
,,,,,,,,,,,,,,,,,,,,,,,,,,,,,,,,,,,,,,,,,,,,,,,,,,,,,,,,,,,,,,,,,,,,,,,
Sample A2_Ex555_Em665,,,,,,,,,,,,,,,,,,,,,,,,,,,,,,,,,,,,,,,,,,,,,,,,,,,,,,,,,,,,,,,,,,,,,,,
Sample A2_Ex555_Em665,,,,,,,,,,,,,,,,,,,,,,,,,,,,,,,,,,,,,,,,,,,,,,,,,,,,,,,,,,,,,,,,,,,,,,,
Collection Time: 15-Aug-23 3:04:44 PM,,,,,,,,,,,,,,,,,,,,,,,,,,,,,,,,,,,,,,,,,,,,,,,,,,,,,,,,,,,,,,,,,,,,,,,
Operator Name  :,,,,,,,,,,,,,,,,,,,,,,,,,,,,,,,,,,,,,,,,,,,,,,,,,,,,,,,,,,,,,,,,,,,,,,,
Kinetics Software Version: 1.2(146),,,,,,,,,,,,,,,,,,,,,,,,,,,,,,,,,,,,,,,,,,,,,,,,,,,,,,,,,,,,,,,,,,,,,,,
Parameter List :,,,,,,,,,,,,,,,,,,,,,,,,,,,,,,,,,,,,,,,,,,,,,,,,,,,,,,,,,,,,,,,,,,,,,,,
Report Time: Tue 15 Aug 03:04:44 PM 2023,,,,,,,,,,,,,,,,,,,,,,,,,,,,,,,,,,,,,,,,,,,,,,,,,,,,,,,,,,,,,,,,,,,,,,,
Software version: 1.2(146),,,,,,,,,,,,,,,,,,,,,,,,,,,,,,,,,,,,,,,,,,,,,,,,,,,,,,,,,,,,,,,,,,,,,,,
Operator:,,,,,,,,,,,,,,,,,,,,,,,,,,,,,,,,,,,,,,,,,,,,,,,,,,,,,,,,,,,,,,,,,,,,,,,
Instrument Parameters,,,,,,,,,,,,,,,,,,,,,,,,,,,,,,,,,,,,,,,,,,,,,,,,,,,,,,,,,,,,,,,,,,,,,,,
Instrument                        Cary Eclipse,,,,,,,,,,,,,,,,,,,,,,,,,,,,,,,,,,,,,,,,,,,,,,,,,,,,,,,,,,,,,,,,,,,,,,,
Instrument Serial Number          MY18160001,,,,,,,,,,,,,,,,,,,,,,,,,,,,,,,,,,,,,,,,,,,,,,,,,,,,,,,,,,,,,,,,,,,,,,,
Data mode                         Fluorescence,,,,,,,,,,,,,,,,,,,,,,,,,,,,,,,,,,,,,,,,,,,,,,,,,,,,,,,,,,,,,,,,,,,,,,,
Ex. wavelengths (nm)              555.0000 ; 555.0000,,,,,,,,,,,,,,,,,,,,,,,,,,,,,,,,,,,,,,,,,,,,,,,,,,,,,,,,,,,,,,,,,,,,,,,
Em. wavelengths (nm)              570.0000 ; 665.0000,,,,,,,,,,,,,,,,,,,,,,,,,,,,,,,,,,,,,,,,,,,,,,,,,,,,,,,,,,,,,,,,,,,,,,,
Ex. Slit (nm)                     5,,,,,,,,,,,,,,,,,,,,,,,,,,,,,,,,,,,,,,,,,,,,,,,,,,,,,,,,,,,,,,,,,,,,,,,
Em. Slit (nm)                     5,,,,,,,,,,,,,,,,,,,,,,,,,,,,,,,,,,,,,,,,,,,,,,,,,,,,,,,,,,,,,,,,,,,,,,,
Averaging Time (s)                0.2500,,,,,,,,,,,,,,,,,,,,,,,,,,,,,,,,,,,,,,,,,,,,,,,,,,,,,,,,,,,,,,,,,,,,,,,
Cycle time(min)                   1.0000,,,,,,,,,,,,,,,,,,,,,,,,,,,,,,,,,,,,,,,,,,,,,,,,,,,,,,,,,,,,,,,,,,,,,,,
Stop time(min)                    90.0000,,,,,,,,,,,,,,,,,,,,,,,,,,,,,,,,,,,,,,,,,,,,,,,,,,,,,,,,,,,,,,,,,,,,,,,
Emission filter                   Open,,,,,,,,,,,,,,,,,,,,,,,,,,,,,,,,,,,,,,,,,,,,,,,,,,,,,,,,,,,,,,,,,,,,,,,
Excitation Filter                 Auto,,,,,,,,,,,,,,,,,,,,,,,,,,,,,,,,,,,,,,,,,,,,,,,,,,,,,,,,,,,,,,,,,,,,,,,
PMT voltage (V)                   1000,,,,,,,,,,,,,,,,,,,,,,,,,,,,,,,,,,,,,,,,,,,,,,,,,,,,,,,,,,,,,,,,,,,,,,,
Wellplate                         ON,,,,,,,,,,,,,,,,,,,,,,,,,,,,,,,,,,,,,,,,,,,,,,,,,,,,,,,,,,,,,,,,,,,,,,,
Plate format                     96 Wells,,,,,,,,,,,,,,,,,,,,,,,,,,,,,,,,,,,,,,,,,,,,,,,,,,,,,,,,,,,,,,,,,,,,,,,
Read position                    Well centre,,,,,,,,,,,,,,,,,,,,,,,,,,,,,,,,,,,,,,,,,,,,,,,,,,,,,,,,,,,,,,,,,,,,,,,
Multi-zero                       OFF,,,,,,,,,,,,,,,,,,,,,,,,,,,,,,,,,,,,,,,,,,,,,,,,,,,,,,,,,,,,,,,,,,,,,,,
Auto-zero                        OFF,,,,,,,,,,,,,,,,,,,,,,,,,,,,,,,,,,,,,,,,,,,,,,,,,,,,,,,,,,,,,,,,,,,,,,,
Well                            A1,,,,,,,,,,,,,,,,,,,,,,,,,,,,,,,,,,,,,,,,,,,,,,,,,,,,,,,,,,,,,,,,,,,,,,,
Comments:,,,,,,,,,,,,,,,,,,,,,,,,,,,,,,,,,,,,,,,,,,,,,,,,,,,,,,,,,,,,,,,,,,,,,,,
Method Log     :,,,,,,,,,,,,,,,,,,,,,,,,,,,,,,,,,,,,,,,,,,,,,,,,,,,,,,,,,,,,,,,,,,,,,,,
Method Name    : Default,,,,,,,,,,,,,,,,,,,,,,,,,,,,,,,,,,,,,,,,,,,,,,,,,,,,,,,,,,,,,,,,,,,,,,,
Date/Time stamp: 15-Aug-23 2:52:18 PM,,,,,,,,,,,,,,,,,,,,,,,,,,,,,,,,,,,,,,,,,,,,,,,,,,,,,,,,,,,,,,,,,,,,,,,
Method Modifications:,,,,,,,,,,,,,,,,,,,,,,,,,,,,,,,,,,,,,,,,,,,,,,,,,,,,,,,,,,,,,,,,,,,,,,,
Wellplate Overlay Mode Changed: 15-Aug-23 2:52:19 PM, Old:Individual, New:Choice 1,,,,,,,,,,,,,,,,,,,,,,,,,,,,,,,,,,,,,,,,,,,,,,,,,,,,,,,,,,,,,,,,,,,,,
Wellplate Overlay Mode Changed: 15-Aug-23 2:52:19 PM, Old:Overlay all, New:Choice 2,,,,,,,,,,,,,,,,,,,,,,,,,,,,,,,,,,,,,,,,,,,,,,,,,,,,,,,,,,,,,,,,,,,,,
Wellplate Overlay Mode Changed: 15-Aug-23 2:52:19 PM, Old:Overlay rows, New:Choice 3,,,,,,,,,,,,,,,,,,,,,,,,,,,,,,,,,,,,,,,,,,,,,,,,,,,,,,,,,,,,,,,,,,,,,
Wellplate Overlay Mode Changed: 15-Aug-23 2:52:19 PM, Old:Overlay columns, New:Choice 4,,,,,,,,,,,,,,,,,,,,,,,,,,,,,,,,,,,,,,,,,,,,,,,,,,,,,,,,,,,,,,,,,,,,,
Wellplate Overlay Mode Changed: 15-Aug-23 2:52:19 PM, Old:User defined, New:Overlay columns,,,,,,,,,,,,,,,,,,,,,,,,,,,,,,,,,,,,,,,,,,,,,,,,,,,,,,,,,,,,,,,,,,,,,
Well plate reader Changed: 15-Aug-23 2:52:50 PM, Old:OFF, New:ON,,,,,,,,,,,,,,,,,,,,,,,,,,,,,,,,,,,,,,,,,,,,,,,,,,,,,,,,,,,,,,,,,,,,,
Wellplate Samples Changed: 15-Aug-23 2:52:50 PM, Old:, New:A1;A2;A3;A4;A5;A6;B1;B2;B3;B4;B5;B6;C1;C2;C3;C4;C5;C6;,,,,,,,,,,,,,,,,,,,,,,,,,,,,,,,,,,,,,,,,,,,,,,,,,,,,,,,,,,,,,,,,,,,,,
PMT Volts Changed: 15-Aug-23 2:54:11 PM, Old:600, New:1000,,,,,,,,,,,,,,,,,,,,,,,,,,,,,,,,,,,,,,,,,,,,,,,,,,,,,,,,,,,,,,,,,,,,,
Multiwavelength Changed: 15-Aug-23 2:54:11 PM, Old:OFF, New:ON,,,,,,,,,,,,,,,,,,,,,,,,,,,,,,,,,,,,,,,,,,,,,,,,,,,,,,,,,,,,,,,,,,,,,
Excitation Wavelengths 1 Changed: 15-Aug-23 2:54:11 PM, Old:   350.0000, New:   555.0000,,,,,,,,,,,,,,,,,,,,,,,,,,,,,,,,,,,,,,,,,,,,,,,,,,,,,,,,,,,,,,,,,,,,,
Emission Wavelengths 1 Changed: 15-Aug-23 2:54:11 PM, Old:   450.0000, New:   565.0000,,,,,,,,,,,,,,,,,,,,,,,,,,,,,,,,,,,,,,,,,,,,,,,,,,,,,,,,,,,,,,,,,,,,,
Excitation Wavelengths 2 Changed: 15-Aug-23 2:54:11 PM, Old:   360.0000, New:   555.0000,,,,,,,,,,,,,,,,,,,,,,,,,,,,,,,,,,,,,,,,,,,,,,,,,,,,,,,,,,,,,,,,,,,,,
Emission Wavelengths 2 Changed: 15-Aug-23 2:54:11 PM, Old:   460.0000, New:   665.0000,,,,,,,,,,,,,,,,,,,,,,,,,,,,,,,,,,,,,,,,,,,,,,,,,,,,,,,,,,,,,,,,,,,,,
Excitation Wavelength Changed: 15-Aug-23 2:54:11 PM, Old: 400.00, New: 555.00,,,,,,,,,,,,,,,,,,,,,,,,,,,,,,,,,,,,,,,,,,,,,,,,,,,,,,,,,,,,,,,,,,,,,
Emission Wavelength Changed: 15-Aug-23 2:54:11 PM, Old: 600.00, New: 565.00,,,,,,,,,,,,,,,,,,,,,,,,,,,,,,,,,,,,,,,,,,,,,,,,,,,,,,,,,,,,,,,,,,,,,
Cycle Time 1 Changed: 15-Aug-23 2:54:11 PM, Old: 0.0000, New: 0.5000,,,,,,,,,,,,,,,,,,,,,,,,,,,,,,,,,,,,,,,,,,,,,,,,,,,,,,,,,,,,,,,,,,,,,
Emission PMT (V): Changed: 15-Aug-23 2:54:11 PM, Old: 600, New:1000,,,,,,,,,,,,,,,,,,,,,,,,,,,,,,,,,,,,,,,,,,,,,,,,,,,,,,,,,,,,,,,,,,,,,
Emission Wavelengths 1 Changed: 15-Aug-23 2:57:34 PM, Old:   565.0000, New:   570.0000,,,,,,,,,,,,,,,,,,,,,,,,,,,,,,,,,,,,,,,,,,,,,,,,,,,,,,,,,,,,,,,,,,,,,
Emission Wavelength Changed: 15-Aug-23 2:57:34 PM, Old: 565.00, New: 570.00,,,,,,,,,,,,,,,,,,,,,,,,,,,,,,,,,,,,,,,,,,,,,,,,,,,,,,,,,,,,,,,,,,,,,
Ave. time (s): Changed: 15-Aug-23 3:00:07 PM, Old:0.10000, New:0.25000,,,,,,,,,,,,,,,,,,,,,,,,,,,,,,,,,,,,,,,,,,,,,,,,,,,,,,,,,,,,,,,,,,,,,
Cycle Time 1 Changed: 15-Aug-23 3:03:28 PM, Old: 0.5000, New: 1.0000,,,,,,,,,,,,,,,,,,,,,,,,,,,,,,,,,,,,,,,,,,,,,,,,,,,,,,,,,,,,,,,,,,,,,
Stop Time 1 Changed: 15-Aug-23 3:03:28 PM, Old: 1.0000, New:90.0000,,,,,,,,,,,,,,,,,,,,,,,,,,,,,,,,,,,,,,,,,,,,,,,,,,,,,,,,,,,,,,,,,,,,,
End Method Modifications,,,,,,,,,,,,,,,,,,,,,,,,,,,,,,,,,,,,,,,,,,,,,,,,,,,,,,,,,,,,,,,,,,,,,,,
,,,,,,,,,,,,,,,,,,,,,,,,,,,,,,,,,,,,,,,,,,,,,,,,,,,,,,,,,,,,,,,,,,,,,,,
Sample A3_Ex555_Em570,,,,,,,,,,,,,,,,,,,,,,,,,,,,,,,,,,,,,,,,,,,,,,,,,,,,,,,,,,,,,,,,,,,,,,,
Sample A3_Ex555_Em570,,,,,,,,,,,,,,,,,,,,,,,,,,,,,,,,,,,,,,,,,,,,,,,,,,,,,,,,,,,,,,,,,,,,,,,
Collection Time: 15-Aug-23 3:04:44 PM,,,,,,,,,,,,,,,,,,,,,,,,,,,,,,,,,,,,,,,,,,,,,,,,,,,,,,,,,,,,,,,,,,,,,,,
Operator Name  :,,,,,,,,,,,,,,,,,,,,,,,,,,,,,,,,,,,,,,,,,,,,,,,,,,,,,,,,,,,,,,,,,,,,,,,
Kinetics Software Version: 1.2(146),,,,,,,,,,,,,,,,,,,,,,,,,,,,,,,,,,,,,,,,,,,,,,,,,,,,,,,,,,,,,,,,,,,,,,,
Parameter List :,,,,,,,,,,,,,,,,,,,,,,,,,,,,,,,,,,,,,,,,,,,,,,,,,,,,,,,,,,,,,,,,,,,,,,,
Report Time: Tue 15 Aug 03:04:44 PM 2023,,,,,,,,,,,,,,,,,,,,,,,,,,,,,,,,,,,,,,,,,,,,,,,,,,,,,,,,,,,,,,,,,,,,,,,
Software version: 1.2(146),,,,,,,,,,,,,,,,,,,,,,,,,,,,,,,,,,,,,,,,,,,,,,,,,,,,,,,,,,,,,,,,,,,,,,,
Operator:,,,,,,,,,,,,,,,,,,,,,,,,,,,,,,,,,,,,,,,,,,,,,,,,,,,,,,,,,,,,,,,,,,,,,,,
Instrument Parameters,,,,,,,,,,,,,,,,,,,,,,,,,,,,,,,,,,,,,,,,,,,,,,,,,,,,,,,,,,,,,,,,,,,,,,,
Instrument                        Cary Eclipse,,,,,,,,,,,,,,,,,,,,,,,,,,,,,,,,,,,,,,,,,,,,,,,,,,,,,,,,,,,,,,,,,,,,,,,
Instrument Serial Number          MY18160001,,,,,,,,,,,,,,,,,,,,,,,,,,,,,,,,,,,,,,,,,,,,,,,,,,,,,,,,,,,,,,,,,,,,,,,
Data mode                         Fluorescence,,,,,,,,,,,,,,,,,,,,,,,,,,,,,,,,,,,,,,,,,,,,,,,,,,,,,,,,,,,,,,,,,,,,,,,
Ex. wavelengths (nm)              555.0000 ; 555.0000,,,,,,,,,,,,,,,,,,,,,,,,,,,,,,,,,,,,,,,,,,,,,,,,,,,,,,,,,,,,,,,,,,,,,,,
Em. wavelengths (nm)              570.0000 ; 665.0000,,,,,,,,,,,,,,,,,,,,,,,,,,,,,,,,,,,,,,,,,,,,,,,,,,,,,,,,,,,,,,,,,,,,,,,
Ex. Slit (nm)                     5,,,,,,,,,,,,,,,,,,,,,,,,,,,,,,,,,,,,,,,,,,,,,,,,,,,,,,,,,,,,,,,,,,,,,,,
Em. Slit (nm)                     5,,,,,,,,,,,,,,,,,,,,,,,,,,,,,,,,,,,,,,,,,,,,,,,,,,,,,,,,,,,,,,,,,,,,,,,
Averaging Time (s)                0.2500,,,,,,,,,,,,,,,,,,,,,,,,,,,,,,,,,,,,,,,,,,,,,,,,,,,,,,,,,,,,,,,,,,,,,,,
Cycle time(min)                   1.0000,,,,,,,,,,,,,,,,,,,,,,,,,,,,,,,,,,,,,,,,,,,,,,,,,,,,,,,,,,,,,,,,,,,,,,,
Stop time(min)                    90.0000,,,,,,,,,,,,,,,,,,,,,,,,,,,,,,,,,,,,,,,,,,,,,,,,,,,,,,,,,,,,,,,,,,,,,,,
Emission filter                   Open,,,,,,,,,,,,,,,,,,,,,,,,,,,,,,,,,,,,,,,,,,,,,,,,,,,,,,,,,,,,,,,,,,,,,,,
Excitation Filter                 Auto,,,,,,,,,,,,,,,,,,,,,,,,,,,,,,,,,,,,,,,,,,,,,,,,,,,,,,,,,,,,,,,,,,,,,,,
PMT voltage (V)                   1000,,,,,,,,,,,,,,,,,,,,,,,,,,,,,,,,,,,,,,,,,,,,,,,,,,,,,,,,,,,,,,,,,,,,,,,
Wellplate                         ON,,,,,,,,,,,,,,,,,,,,,,,,,,,,,,,,,,,,,,,,,,,,,,,,,,,,,,,,,,,,,,,,,,,,,,,
Plate format                     96 Wells,,,,,,,,,,,,,,,,,,,,,,,,,,,,,,,,,,,,,,,,,,,,,,,,,,,,,,,,,,,,,,,,,,,,,,,
Read position                    Well centre,,,,,,,,,,,,,,,,,,,,,,,,,,,,,,,,,,,,,,,,,,,,,,,,,,,,,,,,,,,,,,,,,,,,,,,
Multi-zero                       OFF,,,,,,,,,,,,,,,,,,,,,,,,,,,,,,,,,,,,,,,,,,,,,,,,,,,,,,,,,,,,,,,,,,,,,,,
Auto-zero                        OFF,,,,,,,,,,,,,,,,,,,,,,,,,,,,,,,,,,,,,,,,,,,,,,,,,,,,,,,,,,,,,,,,,,,,,,,
Well                            A1,,,,,,,,,,,,,,,,,,,,,,,,,,,,,,,,,,,,,,,,,,,,,,,,,,,,,,,,,,,,,,,,,,,,,,,
Comments:,,,,,,,,,,,,,,,,,,,,,,,,,,,,,,,,,,,,,,,,,,,,,,,,,,,,,,,,,,,,,,,,,,,,,,,
Method Log     :,,,,,,,,,,,,,,,,,,,,,,,,,,,,,,,,,,,,,,,,,,,,,,,,,,,,,,,,,,,,,,,,,,,,,,,
Method Name    : Default,,,,,,,,,,,,,,,,,,,,,,,,,,,,,,,,,,,,,,,,,,,,,,,,,,,,,,,,,,,,,,,,,,,,,,,
Date/Time stamp: 15-Aug-23 2:52:18 PM,,,,,,,,,,,,,,,,,,,,,,,,,,,,,,,,,,,,,,,,,,,,,,,,,,,,,,,,,,,,,,,,,,,,,,,
Method Modifications:,,,,,,,,,,,,,,,,,,,,,,,,,,,,,,,,,,,,,,,,,,,,,,,,,,,,,,,,,,,,,,,,,,,,,,,
Wellplate Overlay Mode Changed: 15-Aug-23 2:52:19 PM, Old:Individual, New:Choice 1,,,,,,,,,,,,,,,,,,,,,,,,,,,,,,,,,,,,,,,,,,,,,,,,,,,,,,,,,,,,,,,,,,,,,
Wellplate Overlay Mode Changed: 15-Aug-23 2:52:19 PM, Old:Overlay all, New:Choice 2,,,,,,,,,,,,,,,,,,,,,,,,,,,,,,,,,,,,,,,,,,,,,,,,,,,,,,,,,,,,,,,,,,,,,
Wellplate Overlay Mode Changed: 15-Aug-23 2:52:19 PM, Old:Overlay rows, New:Choice 3,,,,,,,,,,,,,,,,,,,,,,,,,,,,,,,,,,,,,,,,,,,,,,,,,,,,,,,,,,,,,,,,,,,,,
Wellplate Overlay Mode Changed: 15-Aug-23 2:52:19 PM, Old:Overlay columns, New:Choice 4,,,,,,,,,,,,,,,,,,,,,,,,,,,,,,,,,,,,,,,,,,,,,,,,,,,,,,,,,,,,,,,,,,,,,
Wellplate Overlay Mode Changed: 15-Aug-23 2:52:19 PM, Old:User defined, New:Overlay columns,,,,,,,,,,,,,,,,,,,,,,,,,,,,,,,,,,,,,,,,,,,,,,,,,,,,,,,,,,,,,,,,,,,,,
Well plate reader Changed: 15-Aug-23 2:52:50 PM, Old:OFF, New:ON,,,,,,,,,,,,,,,,,,,,,,,,,,,,,,,,,,,,,,,,,,,,,,,,,,,,,,,,,,,,,,,,,,,,,
Wellplate Samples Changed: 15-Aug-23 2:52:50 PM, Old:, New:A1;A2;A3;A4;A5;A6;B1;B2;B3;B4;B5;B6;C1;C2;C3;C4;C5;C6;,,,,,,,,,,,,,,,,,,,,,,,,,,,,,,,,,,,,,,,,,,,,,,,,,,,,,,,,,,,,,,,,,,,,,
PMT Volts Changed: 15-Aug-23 2:54:11 PM, Old:600, New:1000,,,,,,,,,,,,,,,,,,,,,,,,,,,,,,,,,,,,,,,,,,,,,,,,,,,,,,,,,,,,,,,,,,,,,
Multiwavelength Changed: 15-Aug-23 2:54:11 PM, Old:OFF, New:ON,,,,,,,,,,,,,,,,,,,,,,,,,,,,,,,,,,,,,,,,,,,,,,,,,,,,,,,,,,,,,,,,,,,,,
Excitation Wavelengths 1 Changed: 15-Aug-23 2:54:11 PM, Old:   350.0000, New:   555.0000,,,,,,,,,,,,,,,,,,,,,,,,,,,,,,,,,,,,,,,,,,,,,,,,,,,,,,,,,,,,,,,,,,,,,
Emission Wavelengths 1 Changed: 15-Aug-23 2:54:11 PM, Old:   450.0000, New:   565.0000,,,,,,,,,,,,,,,,,,,,,,,,,,,,,,,,,,,,,,,,,,,,,,,,,,,,,,,,,,,,,,,,,,,,,
Excitation Wavelengths 2 Changed: 15-Aug-23 2:54:11 PM, Old:   360.0000, New:   555.0000,,,,,,,,,,,,,,,,,,,,,,,,,,,,,,,,,,,,,,,,,,,,,,,,,,,,,,,,,,,,,,,,,,,,,
Emission Wavelengths 2 Changed: 15-Aug-23 2:54:11 PM, Old:   460.0000, New:   665.0000,,,,,,,,,,,,,,,,,,,,,,,,,,,,,,,,,,,,,,,,,,,,,,,,,,,,,,,,,,,,,,,,,,,,,
Excitation Wavelength Changed: 15-Aug-23 2:54:11 PM, Old: 400.00, New: 555.00,,,,,,,,,,,,,,,,,,,,,,,,,,,,,,,,,,,,,,,,,,,,,,,,,,,,,,,,,,,,,,,,,,,,,
Emission Wavelength Changed: 15-Aug-23 2:54:11 PM, Old: 600.00, New: 565.00,,,,,,,,,,,,,,,,,,,,,,,,,,,,,,,,,,,,,,,,,,,,,,,,,,,,,,,,,,,,,,,,,,,,,
Cycle Time 1 Changed: 15-Aug-23 2:54:11 PM, Old: 0.0000, New: 0.5000,,,,,,,,,,,,,,,,,,,,,,,,,,,,,,,,,,,,,,,,,,,,,,,,,,,,,,,,,,,,,,,,,,,,,
Emission PMT (V): Changed: 15-Aug-23 2:54:11 PM, Old: 600, New:1000,,,,,,,,,,,,,,,,,,,,,,,,,,,,,,,,,,,,,,,,,,,,,,,,,,,,,,,,,,,,,,,,,,,,,
Emission Wavelengths 1 Changed: 15-Aug-23 2:57:34 PM, Old:   565.0000, New:   570.0000,,,,,,,,,,,,,,,,,,,,,,,,,,,,,,,,,,,,,,,,,,,,,,,,,,,,,,,,,,,,,,,,,,,,,
Emission Wavelength Changed: 15-Aug-23 2:57:34 PM, Old: 565.00, New: 570.00,,,,,,,,,,,,,,,,,,,,,,,,,,,,,,,,,,,,,,,,,,,,,,,,,,,,,,,,,,,,,,,,,,,,,
Ave. time (s): Changed: 15-Aug-23 3:00:07 PM, Old:0.10000, New:0.25000,,,,,,,,,,,,,,,,,,,,,,,,,,,,,,,,,,,,,,,,,,,,,,,,,,,,,,,,,,,,,,,,,,,,,
Cycle Time 1 Changed: 15-Aug-23 3:03:28 PM, Old: 0.5000, New: 1.0000,,,,,,,,,,,,,,,,,,,,,,,,,,,,,,,,,,,,,,,,,,,,,,,,,,,,,,,,,,,,,,,,,,,,,
Stop Time 1 Changed: 15-Aug-23 3:03:28 PM, Old: 1.0000, New:90.0000,,,,,,,,,,,,,,,,,,,,,,,,,,,,,,,,,,,,,,,,,,,,,,,,,,,,,,,,,,,,,,,,,,,,,
End Method Modifications,,,,,,,,,,,,,,,,,,,,,,,,,,,,,,,,,,,,,,,,,,,,,,,,,,,,,,,,,,,,,,,,,,,,,,,
,,,,,,,,,,,,,,,,,,,,,,,,,,,,,,,,,,,,,,,,,,,,,,,,,,,,,,,,,,,,,,,,,,,,,,,
Sample A3_Ex555_Em665,,,,,,,,,,,,,,,,,,,,,,,,,,,,,,,,,,,,,,,,,,,,,,,,,,,,,,,,,,,,,,,,,,,,,,,
Sample A3_Ex555_Em665,,,,,,,,,,,,,,,,,,,,,,,,,,,,,,,,,,,,,,,,,,,,,,,,,,,,,,,,,,,,,,,,,,,,,,,
Collection Time: 15-Aug-23 3:04:44 PM,,,,,,,,,,,,,,,,,,,,,,,,,,,,,,,,,,,,,,,,,,,,,,,,,,,,,,,,,,,,,,,,,,,,,,,
Operator Name  :,,,,,,,,,,,,,,,,,,,,,,,,,,,,,,,,,,,,,,,,,,,,,,,,,,,,,,,,,,,,,,,,,,,,,,,
Kinetics Software Version: 1.2(146),,,,,,,,,,,,,,,,,,,,,,,,,,,,,,,,,,,,,,,,,,,,,,,,,,,,,,,,,,,,,,,,,,,,,,,
Parameter List :,,,,,,,,,,,,,,,,,,,,,,,,,,,,,,,,,,,,,,,,,,,,,,,,,,,,,,,,,,,,,,,,,,,,,,,
Report Time: Tue 15 Aug 03:04:44 PM 2023,,,,,,,,,,,,,,,,,,,,,,,,,,,,,,,,,,,,,,,,,,,,,,,,,,,,,,,,,,,,,,,,,,,,,,,
Software version: 1.2(146),,,,,,,,,,,,,,,,,,,,,,,,,,,,,,,,,,,,,,,,,,,,,,,,,,,,,,,,,,,,,,,,,,,,,,,
Operator:,,,,,,,,,,,,,,,,,,,,,,,,,,,,,,,,,,,,,,,,,,,,,,,,,,,,,,,,,,,,,,,,,,,,,,,
Instrument Parameters,,,,,,,,,,,,,,,,,,,,,,,,,,,,,,,,,,,,,,,,,,,,,,,,,,,,,,,,,,,,,,,,,,,,,,,
Instrument                        Cary Eclipse,,,,,,,,,,,,,,,,,,,,,,,,,,,,,,,,,,,,,,,,,,,,,,,,,,,,,,,,,,,,,,,,,,,,,,,
Instrument Serial Number          MY18160001,,,,,,,,,,,,,,,,,,,,,,,,,,,,,,,,,,,,,,,,,,,,,,,,,,,,,,,,,,,,,,,,,,,,,,,
Data mode                         Fluorescence,,,,,,,,,,,,,,,,,,,,,,,,,,,,,,,,,,,,,,,,,,,,,,,,,,,,,,,,,,,,,,,,,,,,,,,
Ex. wavelengths (nm)              555.0000 ; 555.0000,,,,,,,,,,,,,,,,,,,,,,,,,,,,,,,,,,,,,,,,,,,,,,,,,,,,,,,,,,,,,,,,,,,,,,,
Em. wavelengths (nm)              570.0000 ; 665.0000,,,,,,,,,,,,,,,,,,,,,,,,,,,,,,,,,,,,,,,,,,,,,,,,,,,,,,,,,,,,,,,,,,,,,,,
Ex. Slit (nm)                     5,,,,,,,,,,,,,,,,,,,,,,,,,,,,,,,,,,,,,,,,,,,,,,,,,,,,,,,,,,,,,,,,,,,,,,,
Em. Slit (nm)                     5,,,,,,,,,,,,,,,,,,,,,,,,,,,,,,,,,,,,,,,,,,,,,,,,,,,,,,,,,,,,,,,,,,,,,,,
Averaging Time (s)                0.2500,,,,,,,,,,,,,,,,,,,,,,,,,,,,,,,,,,,,,,,,,,,,,,,,,,,,,,,,,,,,,,,,,,,,,,,
Cycle time(min)                   1.0000,,,,,,,,,,,,,,,,,,,,,,,,,,,,,,,,,,,,,,,,,,,,,,,,,,,,,,,,,,,,,,,,,,,,,,,
Stop time(min)                    90.0000,,,,,,,,,,,,,,,,,,,,,,,,,,,,,,,,,,,,,,,,,,,,,,,,,,,,,,,,,,,,,,,,,,,,,,,
Emission filter                   Open,,,,,,,,,,,,,,,,,,,,,,,,,,,,,,,,,,,,,,,,,,,,,,,,,,,,,,,,,,,,,,,,,,,,,,,
Excitation Filter                 Auto,,,,,,,,,,,,,,,,,,,,,,,,,,,,,,,,,,,,,,,,,,,,,,,,,,,,,,,,,,,,,,,,,,,,,,,
PMT voltage (V)                   1000,,,,,,,,,,,,,,,,,,,,,,,,,,,,,,,,,,,,,,,,,,,,,,,,,,,,,,,,,,,,,,,,,,,,,,,
Wellplate                         ON,,,,,,,,,,,,,,,,,,,,,,,,,,,,,,,,,,,,,,,,,,,,,,,,,,,,,,,,,,,,,,,,,,,,,,,
Plate format                     96 Wells,,,,,,,,,,,,,,,,,,,,,,,,,,,,,,,,,,,,,,,,,,,,,,,,,,,,,,,,,,,,,,,,,,,,,,,
Read position                    Well centre,,,,,,,,,,,,,,,,,,,,,,,,,,,,,,,,,,,,,,,,,,,,,,,,,,,,,,,,,,,,,,,,,,,,,,,
Multi-zero                       OFF,,,,,,,,,,,,,,,,,,,,,,,,,,,,,,,,,,,,,,,,,,,,,,,,,,,,,,,,,,,,,,,,,,,,,,,
Auto-zero                        OFF,,,,,,,,,,,,,,,,,,,,,,,,,,,,,,,,,,,,,,,,,,,,,,,,,,,,,,,,,,,,,,,,,,,,,,,
Well                            A1,,,,,,,,,,,,,,,,,,,,,,,,,,,,,,,,,,,,,,,,,,,,,,,,,,,,,,,,,,,,,,,,,,,,,,,
Comments:,,,,,,,,,,,,,,,,,,,,,,,,,,,,,,,,,,,,,,,,,,,,,,,,,,,,,,,,,,,,,,,,,,,,,,,
Method Log     :,,,,,,,,,,,,,,,,,,,,,,,,,,,,,,,,,,,,,,,,,,,,,,,,,,,,,,,,,,,,,,,,,,,,,,,
Method Name    : Default,,,,,,,,,,,,,,,,,,,,,,,,,,,,,,,,,,,,,,,,,,,,,,,,,,,,,,,,,,,,,,,,,,,,,,,
Date/Time stamp: 15-Aug-23 2:52:18 PM,,,,,,,,,,,,,,,,,,,,,,,,,,,,,,,,,,,,,,,,,,,,,,,,,,,,,,,,,,,,,,,,,,,,,,,
Method Modifications:,,,,,,,,,,,,,,,,,,,,,,,,,,,,,,,,,,,,,,,,,,,,,,,,,,,,,,,,,,,,,,,,,,,,,,,
Wellplate Overlay Mode Changed: 15-Aug-23 2:52:19 PM, Old:Individual, New:Choice 1,,,,,,,,,,,,,,,,,,,,,,,,,,,,,,,,,,,,,,,,,,,,,,,,,,,,,,,,,,,,,,,,,,,,,
Wellplate Overlay Mode Changed: 15-Aug-23 2:52:19 PM, Old:Overlay all, New:Choice 2,,,,,,,,,,,,,,,,,,,,,,,,,,,,,,,,,,,,,,,,,,,,,,,,,,,,,,,,,,,,,,,,,,,,,
Wellplate Overlay Mode Changed: 15-Aug-23 2:52:19 PM, Old:Overlay rows, New:Choice 3,,,,,,,,,,,,,,,,,,,,,,,,,,,,,,,,,,,,,,,,,,,,,,,,,,,,,,,,,,,,,,,,,,,,,
Wellplate Overlay Mode Changed: 15-Aug-23 2:52:19 PM, Old:Overlay columns, New:Choice 4,,,,,,,,,,,,,,,,,,,,,,,,,,,,,,,,,,,,,,,,,,,,,,,,,,,,,,,,,,,,,,,,,,,,,
Wellplate Overlay Mode Changed: 15-Aug-23 2:52:19 PM, Old:User defined, New:Overlay columns,,,,,,,,,,,,,,,,,,,,,,,,,,,,,,,,,,,,,,,,,,,,,,,,,,,,,,,,,,,,,,,,,,,,,
Well plate reader Changed: 15-Aug-23 2:52:50 PM, Old:OFF, New:ON,,,,,,,,,,,,,,,,,,,,,,,,,,,,,,,,,,,,,,,,,,,,,,,,,,,,,,,,,,,,,,,,,,,,,
Wellplate Samples Changed: 15-Aug-23 2:52:50 PM, Old:, New:A1;A2;A3;A4;A5;A6;B1;B2;B3;B4;B5;B6;C1;C2;C3;C4;C5;C6;,,,,,,,,,,,,,,,,,,,,,,,,,,,,,,,,,,,,,,,,,,,,,,,,,,,,,,,,,,,,,,,,,,,,,
PMT Volts Changed: 15-Aug-23 2:54:11 PM, Old:600, New:1000,,,,,,,,,,,,,,,,,,,,,,,,,,,,,,,,,,,,,,,,,,,,,,,,,,,,,,,,,,,,,,,,,,,,,
Multiwavelength Changed: 15-Aug-23 2:54:11 PM, Old:OFF, New:ON,,,,,,,,,,,,,,,,,,,,,,,,,,,,,,,,,,,,,,,,,,,,,,,,,,,,,,,,,,,,,,,,,,,,,
Excitation Wavelengths 1 Changed: 15-Aug-23 2:54:11 PM, Old:   350.0000, New:   555.0000,,,,,,,,,,,,,,,,,,,,,,,,,,,,,,,,,,,,,,,,,,,,,,,,,,,,,,,,,,,,,,,,,,,,,
Emission Wavelengths 1 Changed: 15-Aug-23 2:54:11 PM, Old:   450.0000, New:   565.0000,,,,,,,,,,,,,,,,,,,,,,,,,,,,,,,,,,,,,,,,,,,,,,,,,,,,,,,,,,,,,,,,,,,,,
Excitation Wavelengths 2 Changed: 15-Aug-23 2:54:11 PM, Old:   360.0000, New:   555.0000,,,,,,,,,,,,,,,,,,,,,,,,,,,,,,,,,,,,,,,,,,,,,,,,,,,,,,,,,,,,,,,,,,,,,
Emission Wavelengths 2 Changed: 15-Aug-23 2:54:11 PM, Old:   460.0000, New:   665.0000,,,,,,,,,,,,,,,,,,,,,,,,,,,,,,,,,,,,,,,,,,,,,,,,,,,,,,,,,,,,,,,,,,,,,
Excitation Wavelength Changed: 15-Aug-23 2:54:11 PM, Old: 400.00, New: 555.00,,,,,,,,,,,,,,,,,,,,,,,,,,,,,,,,,,,,,,,,,,,,,,,,,,,,,,,,,,,,,,,,,,,,,
Emission Wavelength Changed: 15-Aug-23 2:54:11 PM, Old: 600.00, New: 565.00,,,,,,,,,,,,,,,,,,,,,,,,,,,,,,,,,,,,,,,,,,,,,,,,,,,,,,,,,,,,,,,,,,,,,
Cycle Time 1 Changed: 15-Aug-23 2:54:11 PM, Old: 0.0000, New: 0.5000,,,,,,,,,,,,,,,,,,,,,,,,,,,,,,,,,,,,,,,,,,,,,,,,,,,,,,,,,,,,,,,,,,,,,
Emission PMT (V): Changed: 15-Aug-23 2:54:11 PM, Old: 600, New:1000,,,,,,,,,,,,,,,,,,,,,,,,,,,,,,,,,,,,,,,,,,,,,,,,,,,,,,,,,,,,,,,,,,,,,
Emission Wavelengths 1 Changed: 15-Aug-23 2:57:34 PM, Old:   565.0000, New:   570.0000,,,,,,,,,,,,,,,,,,,,,,,,,,,,,,,,,,,,,,,,,,,,,,,,,,,,,,,,,,,,,,,,,,,,,
Emission Wavelength Changed: 15-Aug-23 2:57:34 PM, Old: 565.00, New: 570.00,,,,,,,,,,,,,,,,,,,,,,,,,,,,,,,,,,,,,,,,,,,,,,,,,,,,,,,,,,,,,,,,,,,,,
Ave. time (s): Changed: 15-Aug-23 3:00:07 PM, Old:0.10000, New:0.25000,,,,,,,,,,,,,,,,,,,,,,,,,,,,,,,,,,,,,,,,,,,,,,,,,,,,,,,,,,,,,,,,,,,,,
Cycle Time 1 Changed: 15-Aug-23 3:03:28 PM, Old: 0.5000, New: 1.0000,,,,,,,,,,,,,,,,,,,,,,,,,,,,,,,,,,,,,,,,,,,,,,,,,,,,,,,,,,,,,,,,,,,,,
Stop Time 1 Changed: 15-Aug-23 3:03:28 PM, Old: 1.0000, New:90.0000,,,,,,,,,,,,,,,,,,,,,,,,,,,,,,,,,,,,,,,,,,,,,,,,,,,,,,,,,,,,,,,,,,,,,
End Method Modifications,,,,,,,,,,,,,,,,,,,,,,,,,,,,,,,,,,,,,,,,,,,,,,,,,,,,,,,,,,,,,,,,,,,,,,,
,,,,,,,,,,,,,,,,,,,,,,,,,,,,,,,,,,,,,,,,,,,,,,,,,,,,,,,,,,,,,,,,,,,,,,,
Sample A4_Ex555_Em570,,,,,,,,,,,,,,,,,,,,,,,,,,,,,,,,,,,,,,,,,,,,,,,,,,,,,,,,,,,,,,,,,,,,,,,
Sample A4_Ex555_Em570,,,,,,,,,,,,,,,,,,,,,,,,,,,,,,,,,,,,,,,,,,,,,,,,,,,,,,,,,,,,,,,,,,,,,,,
Collection Time: 15-Aug-23 3:04:44 PM,,,,,,,,,,,,,,,,,,,,,,,,,,,,,,,,,,,,,,,,,,,,,,,,,,,,,,,,,,,,,,,,,,,,,,,
Operator Name  :,,,,,,,,,,,,,,,,,,,,,,,,,,,,,,,,,,,,,,,,,,,,,,,,,,,,,,,,,,,,,,,,,,,,,,,
Kinetics Software Version: 1.2(146),,,,,,,,,,,,,,,,,,,,,,,,,,,,,,,,,,,,,,,,,,,,,,,,,,,,,,,,,,,,,,,,,,,,,,,
Parameter List :,,,,,,,,,,,,,,,,,,,,,,,,,,,,,,,,,,,,,,,,,,,,,,,,,,,,,,,,,,,,,,,,,,,,,,,
Report Time: Tue 15 Aug 03:04:44 PM 2023,,,,,,,,,,,,,,,,,,,,,,,,,,,,,,,,,,,,,,,,,,,,,,,,,,,,,,,,,,,,,,,,,,,,,,,
Software version: 1.2(146),,,,,,,,,,,,,,,,,,,,,,,,,,,,,,,,,,,,,,,,,,,,,,,,,,,,,,,,,,,,,,,,,,,,,,,
Operator:,,,,,,,,,,,,,,,,,,,,,,,,,,,,,,,,,,,,,,,,,,,,,,,,,,,,,,,,,,,,,,,,,,,,,,,
Instrument Parameters,,,,,,,,,,,,,,,,,,,,,,,,,,,,,,,,,,,,,,,,,,,,,,,,,,,,,,,,,,,,,,,,,,,,,,,
Instrument                        Cary Eclipse,,,,,,,,,,,,,,,,,,,,,,,,,,,,,,,,,,,,,,,,,,,,,,,,,,,,,,,,,,,,,,,,,,,,,,,
Instrument Serial Number          MY18160001,,,,,,,,,,,,,,,,,,,,,,,,,,,,,,,,,,,,,,,,,,,,,,,,,,,,,,,,,,,,,,,,,,,,,,,
Data mode                         Fluorescence,,,,,,,,,,,,,,,,,,,,,,,,,,,,,,,,,,,,,,,,,,,,,,,,,,,,,,,,,,,,,,,,,,,,,,,
Ex. wavelengths (nm)              555.0000 ; 555.0000,,,,,,,,,,,,,,,,,,,,,,,,,,,,,,,,,,,,,,,,,,,,,,,,,,,,,,,,,,,,,,,,,,,,,,,
Em. wavelengths (nm)              570.0000 ; 665.0000,,,,,,,,,,,,,,,,,,,,,,,,,,,,,,,,,,,,,,,,,,,,,,,,,,,,,,,,,,,,,,,,,,,,,,,
Ex. Slit (nm)                     5,,,,,,,,,,,,,,,,,,,,,,,,,,,,,,,,,,,,,,,,,,,,,,,,,,,,,,,,,,,,,,,,,,,,,,,
Em. Slit (nm)                     5,,,,,,,,,,,,,,,,,,,,,,,,,,,,,,,,,,,,,,,,,,,,,,,,,,,,,,,,,,,,,,,,,,,,,,,
Averaging Time (s)                0.2500,,,,,,,,,,,,,,,,,,,,,,,,,,,,,,,,,,,,,,,,,,,,,,,,,,,,,,,,,,,,,,,,,,,,,,,
Cycle time(min)                   1.0000,,,,,,,,,,,,,,,,,,,,,,,,,,,,,,,,,,,,,,,,,,,,,,,,,,,,,,,,,,,,,,,,,,,,,,,
Stop time(min)                    90.0000,,,,,,,,,,,,,,,,,,,,,,,,,,,,,,,,,,,,,,,,,,,,,,,,,,,,,,,,,,,,,,,,,,,,,,,
Emission filter                   Open,,,,,,,,,,,,,,,,,,,,,,,,,,,,,,,,,,,,,,,,,,,,,,,,,,,,,,,,,,,,,,,,,,,,,,,
Excitation Filter                 Auto,,,,,,,,,,,,,,,,,,,,,,,,,,,,,,,,,,,,,,,,,,,,,,,,,,,,,,,,,,,,,,,,,,,,,,,
PMT voltage (V)                   1000,,,,,,,,,,,,,,,,,,,,,,,,,,,,,,,,,,,,,,,,,,,,,,,,,,,,,,,,,,,,,,,,,,,,,,,
Wellplate                         ON,,,,,,,,,,,,,,,,,,,,,,,,,,,,,,,,,,,,,,,,,,,,,,,,,,,,,,,,,,,,,,,,,,,,,,,
Plate format                     96 Wells,,,,,,,,,,,,,,,,,,,,,,,,,,,,,,,,,,,,,,,,,,,,,,,,,,,,,,,,,,,,,,,,,,,,,,,
Read position                    Well centre,,,,,,,,,,,,,,,,,,,,,,,,,,,,,,,,,,,,,,,,,,,,,,,,,,,,,,,,,,,,,,,,,,,,,,,
Multi-zero                       OFF,,,,,,,,,,,,,,,,,,,,,,,,,,,,,,,,,,,,,,,,,,,,,,,,,,,,,,,,,,,,,,,,,,,,,,,
Auto-zero                        OFF,,,,,,,,,,,,,,,,,,,,,,,,,,,,,,,,,,,,,,,,,,,,,,,,,,,,,,,,,,,,,,,,,,,,,,,
Well                            A1,,,,,,,,,,,,,,,,,,,,,,,,,,,,,,,,,,,,,,,,,,,,,,,,,,,,,,,,,,,,,,,,,,,,,,,
Comments:,,,,,,,,,,,,,,,,,,,,,,,,,,,,,,,,,,,,,,,,,,,,,,,,,,,,,,,,,,,,,,,,,,,,,,,
Method Log     :,,,,,,,,,,,,,,,,,,,,,,,,,,,,,,,,,,,,,,,,,,,,,,,,,,,,,,,,,,,,,,,,,,,,,,,
Method Name    : Default,,,,,,,,,,,,,,,,,,,,,,,,,,,,,,,,,,,,,,,,,,,,,,,,,,,,,,,,,,,,,,,,,,,,,,,
Date/Time stamp: 15-Aug-23 2:52:18 PM,,,,,,,,,,,,,,,,,,,,,,,,,,,,,,,,,,,,,,,,,,,,,,,,,,,,,,,,,,,,,,,,,,,,,,,
Method Modifications:,,,,,,,,,,,,,,,,,,,,,,,,,,,,,,,,,,,,,,,,,,,,,,,,,,,,,,,,,,,,,,,,,,,,,,,
Wellplate Overlay Mode Changed: 15-Aug-23 2:52:19 PM, Old:Individual, New:Choice 1,,,,,,,,,,,,,,,,,,,,,,,,,,,,,,,,,,,,,,,,,,,,,,,,,,,,,,,,,,,,,,,,,,,,,
Wellplate Overlay Mode Changed: 15-Aug-23 2:52:19 PM, Old:Overlay all, New:Choice 2,,,,,,,,,,,,,,,,,,,,,,,,,,,,,,,,,,,,,,,,,,,,,,,,,,,,,,,,,,,,,,,,,,,,,
Wellplate Overlay Mode Changed: 15-Aug-23 2:52:19 PM, Old:Overlay rows, New:Choice 3,,,,,,,,,,,,,,,,,,,,,,,,,,,,,,,,,,,,,,,,,,,,,,,,,,,,,,,,,,,,,,,,,,,,,
Wellplate Overlay Mode Changed: 15-Aug-23 2:52:19 PM, Old:Overlay columns, New:Choice 4,,,,,,,,,,,,,,,,,,,,,,,,,,,,,,,,,,,,,,,,,,,,,,,,,,,,,,,,,,,,,,,,,,,,,
Wellplate Overlay Mode Changed: 15-Aug-23 2:52:19 PM, Old:User defined, New:Overlay columns,,,,,,,,,,,,,,,,,,,,,,,,,,,,,,,,,,,,,,,,,,,,,,,,,,,,,,,,,,,,,,,,,,,,,
Well plate reader Changed: 15-Aug-23 2:52:50 PM, Old:OFF, New:ON,,,,,,,,,,,,,,,,,,,,,,,,,,,,,,,,,,,,,,,,,,,,,,,,,,,,,,,,,,,,,,,,,,,,,
Wellplate Samples Changed: 15-Aug-23 2:52:50 PM, Old:, New:A1;A2;A3;A4;A5;A6;B1;B2;B3;B4;B5;B6;C1;C2;C3;C4;C5;C6;,,,,,,,,,,,,,,,,,,,,,,,,,,,,,,,,,,,,,,,,,,,,,,,,,,,,,,,,,,,,,,,,,,,,,
PMT Volts Changed: 15-Aug-23 2:54:11 PM, Old:600, New:1000,,,,,,,,,,,,,,,,,,,,,,,,,,,,,,,,,,,,,,,,,,,,,,,,,,,,,,,,,,,,,,,,,,,,,
Multiwavelength Changed: 15-Aug-23 2:54:11 PM, Old:OFF, New:ON,,,,,,,,,,,,,,,,,,,,,,,,,,,,,,,,,,,,,,,,,,,,,,,,,,,,,,,,,,,,,,,,,,,,,
Excitation Wavelengths 1 Changed: 15-Aug-23 2:54:11 PM, Old:   350.0000, New:   555.0000,,,,,,,,,,,,,,,,,,,,,,,,,,,,,,,,,,,,,,,,,,,,,,,,,,,,,,,,,,,,,,,,,,,,,
Emission Wavelengths 1 Changed: 15-Aug-23 2:54:11 PM, Old:   450.0000, New:   565.0000,,,,,,,,,,,,,,,,,,,,,,,,,,,,,,,,,,,,,,,,,,,,,,,,,,,,,,,,,,,,,,,,,,,,,
Excitation Wavelengths 2 Changed: 15-Aug-23 2:54:11 PM, Old:   360.0000, New:   555.0000,,,,,,,,,,,,,,,,,,,,,,,,,,,,,,,,,,,,,,,,,,,,,,,,,,,,,,,,,,,,,,,,,,,,,
Emission Wavelengths 2 Changed: 15-Aug-23 2:54:11 PM, Old:   460.0000, New:   665.0000,,,,,,,,,,,,,,,,,,,,,,,,,,,,,,,,,,,,,,,,,,,,,,,,,,,,,,,,,,,,,,,,,,,,,
Excitation Wavelength Changed: 15-Aug-23 2:54:11 PM, Old: 400.00, New: 555.00,,,,,,,,,,,,,,,,,,,,,,,,,,,,,,,,,,,,,,,,,,,,,,,,,,,,,,,,,,,,,,,,,,,,,
Emission Wavelength Changed: 15-Aug-23 2:54:11 PM, Old: 600.00, New: 565.00,,,,,,,,,,,,,,,,,,,,,,,,,,,,,,,,,,,,,,,,,,,,,,,,,,,,,,,,,,,,,,,,,,,,,
Cycle Time 1 Changed: 15-Aug-23 2:54:11 PM, Old: 0.0000, New: 0.5000,,,,,,,,,,,,,,,,,,,,,,,,,,,,,,,,,,,,,,,,,,,,,,,,,,,,,,,,,,,,,,,,,,,,,
Emission PMT (V): Changed: 15-Aug-23 2:54:11 PM, Old: 600, New:1000,,,,,,,,,,,,,,,,,,,,,,,,,,,,,,,,,,,,,,,,,,,,,,,,,,,,,,,,,,,,,,,,,,,,,
Emission Wavelengths 1 Changed: 15-Aug-23 2:57:34 PM, Old:   565.0000, New:   570.0000,,,,,,,,,,,,,,,,,,,,,,,,,,,,,,,,,,,,,,,,,,,,,,,,,,,,,,,,,,,,,,,,,,,,,
Emission Wavelength Changed: 15-Aug-23 2:57:34 PM, Old: 565.00, New: 570.00,,,,,,,,,,,,,,,,,,,,,,,,,,,,,,,,,,,,,,,,,,,,,,,,,,,,,,,,,,,,,,,,,,,,,
Ave. time (s): Changed: 15-Aug-23 3:00:07 PM, Old:0.10000, New:0.25000,,,,,,,,,,,,,,,,,,,,,,,,,,,,,,,,,,,,,,,,,,,,,,,,,,,,,,,,,,,,,,,,,,,,,
Cycle Time 1 Changed: 15-Aug-23 3:03:28 PM, Old: 0.5000, New: 1.0000,,,,,,,,,,,,,,,,,,,,,,,,,,,,,,,,,,,,,,,,,,,,,,,,,,,,,,,,,,,,,,,,,,,,,
Stop Time 1 Changed: 15-Aug-23 3:03:28 PM, Old: 1.0000, New:90.0000,,,,,,,,,,,,,,,,,,,,,,,,,,,,,,,,,,,,,,,,,,,,,,,,,,,,,,,,,,,,,,,,,,,,,
End Method Modifications,,,,,,,,,,,,,,,,,,,,,,,,,,,,,,,,,,,,,,,,,,,,,,,,,,,,,,,,,,,,,,,,,,,,,,,
,,,,,,,,,,,,,,,,,,,,,,,,,,,,,,,,,,,,,,,,,,,,,,,,,,,,,,,,,,,,,,,,,,,,,,,
Sample A4_Ex555_Em665,,,,,,,,,,,,,,,,,,,,,,,,,,,,,,,,,,,,,,,,,,,,,,,,,,,,,,,,,,,,,,,,,,,,,,,
Sample A4_Ex555_Em665,,,,,,,,,,,,,,,,,,,,,,,,,,,,,,,,,,,,,,,,,,,,,,,,,,,,,,,,,,,,,,,,,,,,,,,
Collection Time: 15-Aug-23 3:04:44 PM,,,,,,,,,,,,,,,,,,,,,,,,,,,,,,,,,,,,,,,,,,,,,,,,,,,,,,,,,,,,,,,,,,,,,,,
Operator Name  :,,,,,,,,,,,,,,,,,,,,,,,,,,,,,,,,,,,,,,,,,,,,,,,,,,,,,,,,,,,,,,,,,,,,,,,
Kinetics Software Version: 1.2(146),,,,,,,,,,,,,,,,,,,,,,,,,,,,,,,,,,,,,,,,,,,,,,,,,,,,,,,,,,,,,,,,,,,,,,,
Parameter List :,,,,,,,,,,,,,,,,,,,,,,,,,,,,,,,,,,,,,,,,,,,,,,,,,,,,,,,,,,,,,,,,,,,,,,,
Report Time: Tue 15 Aug 03:04:44 PM 2023,,,,,,,,,,,,,,,,,,,,,,,,,,,,,,,,,,,,,,,,,,,,,,,,,,,,,,,,,,,,,,,,,,,,,,,
Software version: 1.2(146),,,,,,,,,,,,,,,,,,,,,,,,,,,,,,,,,,,,,,,,,,,,,,,,,,,,,,,,,,,,,,,,,,,,,,,
Operator:,,,,,,,,,,,,,,,,,,,,,,,,,,,,,,,,,,,,,,,,,,,,,,,,,,,,,,,,,,,,,,,,,,,,,,,
Instrument Parameters,,,,,,,,,,,,,,,,,,,,,,,,,,,,,,,,,,,,,,,,,,,,,,,,,,,,,,,,,,,,,,,,,,,,,,,
Instrument                        Cary Eclipse,,,,,,,,,,,,,,,,,,,,,,,,,,,,,,,,,,,,,,,,,,,,,,,,,,,,,,,,,,,,,,,,,,,,,,,
Instrument Serial Number          MY18160001,,,,,,,,,,,,,,,,,,,,,,,,,,,,,,,,,,,,,,,,,,,,,,,,,,,,,,,,,,,,,,,,,,,,,,,
Data mode                         Fluorescence,,,,,,,,,,,,,,,,,,,,,,,,,,,,,,,,,,,,,,,,,,,,,,,,,,,,,,,,,,,,,,,,,,,,,,,
Ex. wavelengths (nm)              555.0000 ; 555.0000,,,,,,,,,,,,,,,,,,,,,,,,,,,,,,,,,,,,,,,,,,,,,,,,,,,,,,,,,,,,,,,,,,,,,,,
Em. wavelengths (nm)              570.0000 ; 665.0000,,,,,,,,,,,,,,,,,,,,,,,,,,,,,,,,,,,,,,,,,,,,,,,,,,,,,,,,,,,,,,,,,,,,,,,
Ex. Slit (nm)                     5,,,,,,,,,,,,,,,,,,,,,,,,,,,,,,,,,,,,,,,,,,,,,,,,,,,,,,,,,,,,,,,,,,,,,,,
Em. Slit (nm)                     5,,,,,,,,,,,,,,,,,,,,,,,,,,,,,,,,,,,,,,,,,,,,,,,,,,,,,,,,,,,,,,,,,,,,,,,
Averaging Time (s)                0.2500,,,,,,,,,,,,,,,,,,,,,,,,,,,,,,,,,,,,,,,,,,,,,,,,,,,,,,,,,,,,,,,,,,,,,,,
Cycle time(min)                   1.0000,,,,,,,,,,,,,,,,,,,,,,,,,,,,,,,,,,,,,,,,,,,,,,,,,,,,,,,,,,,,,,,,,,,,,,,
Stop time(min)                    90.0000,,,,,,,,,,,,,,,,,,,,,,,,,,,,,,,,,,,,,,,,,,,,,,,,,,,,,,,,,,,,,,,,,,,,,,,
Emission filter                   Open,,,,,,,,,,,,,,,,,,,,,,,,,,,,,,,,,,,,,,,,,,,,,,,,,,,,,,,,,,,,,,,,,,,,,,,
Excitation Filter                 Auto,,,,,,,,,,,,,,,,,,,,,,,,,,,,,,,,,,,,,,,,,,,,,,,,,,,,,,,,,,,,,,,,,,,,,,,
PMT voltage (V)                   1000,,,,,,,,,,,,,,,,,,,,,,,,,,,,,,,,,,,,,,,,,,,,,,,,,,,,,,,,,,,,,,,,,,,,,,,
Wellplate                         ON,,,,,,,,,,,,,,,,,,,,,,,,,,,,,,,,,,,,,,,,,,,,,,,,,,,,,,,,,,,,,,,,,,,,,,,
Plate format                     96 Wells,,,,,,,,,,,,,,,,,,,,,,,,,,,,,,,,,,,,,,,,,,,,,,,,,,,,,,,,,,,,,,,,,,,,,,,
Read position                    Well centre,,,,,,,,,,,,,,,,,,,,,,,,,,,,,,,,,,,,,,,,,,,,,,,,,,,,,,,,,,,,,,,,,,,,,,,
Multi-zero                       OFF,,,,,,,,,,,,,,,,,,,,,,,,,,,,,,,,,,,,,,,,,,,,,,,,,,,,,,,,,,,,,,,,,,,,,,,
Auto-zero                        OFF,,,,,,,,,,,,,,,,,,,,,,,,,,,,,,,,,,,,,,,,,,,,,,,,,,,,,,,,,,,,,,,,,,,,,,,
Well                            A1,,,,,,,,,,,,,,,,,,,,,,,,,,,,,,,,,,,,,,,,,,,,,,,,,,,,,,,,,,,,,,,,,,,,,,,
Comments:,,,,,,,,,,,,,,,,,,,,,,,,,,,,,,,,,,,,,,,,,,,,,,,,,,,,,,,,,,,,,,,,,,,,,,,
Method Log     :,,,,,,,,,,,,,,,,,,,,,,,,,,,,,,,,,,,,,,,,,,,,,,,,,,,,,,,,,,,,,,,,,,,,,,,
Method Name    : Default,,,,,,,,,,,,,,,,,,,,,,,,,,,,,,,,,,,,,,,,,,,,,,,,,,,,,,,,,,,,,,,,,,,,,,,
Date/Time stamp: 15-Aug-23 2:52:18 PM,,,,,,,,,,,,,,,,,,,,,,,,,,,,,,,,,,,,,,,,,,,,,,,,,,,,,,,,,,,,,,,,,,,,,,,
Method Modifications:,,,,,,,,,,,,,,,,,,,,,,,,,,,,,,,,,,,,,,,,,,,,,,,,,,,,,,,,,,,,,,,,,,,,,,,
Wellplate Overlay Mode Changed: 15-Aug-23 2:52:19 PM, Old:Individual, New:Choice 1,,,,,,,,,,,,,,,,,,,,,,,,,,,,,,,,,,,,,,,,,,,,,,,,,,,,,,,,,,,,,,,,,,,,,
Wellplate Overlay Mode Changed: 15-Aug-23 2:52:19 PM, Old:Overlay all, New:Choice 2,,,,,,,,,,,,,,,,,,,,,,,,,,,,,,,,,,,,,,,,,,,,,,,,,,,,,,,,,,,,,,,,,,,,,
Wellplate Overlay Mode Changed: 15-Aug-23 2:52:19 PM, Old:Overlay rows, New:Choice 3,,,,,,,,,,,,,,,,,,,,,,,,,,,,,,,,,,,,,,,,,,,,,,,,,,,,,,,,,,,,,,,,,,,,,
Wellplate Overlay Mode Changed: 15-Aug-23 2:52:19 PM, Old:Overlay columns, New:Choice 4,,,,,,,,,,,,,,,,,,,,,,,,,,,,,,,,,,,,,,,,,,,,,,,,,,,,,,,,,,,,,,,,,,,,,
Wellplate Overlay Mode Changed: 15-Aug-23 2:52:19 PM, Old:User defined, New:Overlay columns,,,,,,,,,,,,,,,,,,,,,,,,,,,,,,,,,,,,,,,,,,,,,,,,,,,,,,,,,,,,,,,,,,,,,
Well plate reader Changed: 15-Aug-23 2:52:50 PM, Old:OFF, New:ON,,,,,,,,,,,,,,,,,,,,,,,,,,,,,,,,,,,,,,,,,,,,,,,,,,,,,,,,,,,,,,,,,,,,,
Wellplate Samples Changed: 15-Aug-23 2:52:50 PM, Old:, New:A1;A2;A3;A4;A5;A6;B1;B2;B3;B4;B5;B6;C1;C2;C3;C4;C5;C6;,,,,,,,,,,,,,,,,,,,,,,,,,,,,,,,,,,,,,,,,,,,,,,,,,,,,,,,,,,,,,,,,,,,,,
PMT Volts Changed: 15-Aug-23 2:54:11 PM, Old:600, New:1000,,,,,,,,,,,,,,,,,,,,,,,,,,,,,,,,,,,,,,,,,,,,,,,,,,,,,,,,,,,,,,,,,,,,,
Multiwavelength Changed: 15-Aug-23 2:54:11 PM, Old:OFF, New:ON,,,,,,,,,,,,,,,,,,,,,,,,,,,,,,,,,,,,,,,,,,,,,,,,,,,,,,,,,,,,,,,,,,,,,
Excitation Wavelengths 1 Changed: 15-Aug-23 2:54:11 PM, Old:   350.0000, New:   555.0000,,,,,,,,,,,,,,,,,,,,,,,,,,,,,,,,,,,,,,,,,,,,,,,,,,,,,,,,,,,,,,,,,,,,,
Emission Wavelengths 1 Changed: 15-Aug-23 2:54:11 PM, Old:   450.0000, New:   565.0000,,,,,,,,,,,,,,,,,,,,,,,,,,,,,,,,,,,,,,,,,,,,,,,,,,,,,,,,,,,,,,,,,,,,,
Excitation Wavelengths 2 Changed: 15-Aug-23 2:54:11 PM, Old:   360.0000, New:   555.0000,,,,,,,,,,,,,,,,,,,,,,,,,,,,,,,,,,,,,,,,,,,,,,,,,,,,,,,,,,,,,,,,,,,,,
Emission Wavelengths 2 Changed: 15-Aug-23 2:54:11 PM, Old:   460.0000, New:   665.0000,,,,,,,,,,,,,,,,,,,,,,,,,,,,,,,,,,,,,,,,,,,,,,,,,,,,,,,,,,,,,,,,,,,,,
Excitation Wavelength Changed: 15-Aug-23 2:54:11 PM, Old: 400.00, New: 555.00,,,,,,,,,,,,,,,,,,,,,,,,,,,,,,,,,,,,,,,,,,,,,,,,,,,,,,,,,,,,,,,,,,,,,
Emission Wavelength Changed: 15-Aug-23 2:54:11 PM, Old: 600.00, New: 565.00,,,,,,,,,,,,,,,,,,,,,,,,,,,,,,,,,,,,,,,,,,,,,,,,,,,,,,,,,,,,,,,,,,,,,
Cycle Time 1 Changed: 15-Aug-23 2:54:11 PM, Old: 0.0000, New: 0.5000,,,,,,,,,,,,,,,,,,,,,,,,,,,,,,,,,,,,,,,,,,,,,,,,,,,,,,,,,,,,,,,,,,,,,
Emission PMT (V): Changed: 15-Aug-23 2:54:11 PM, Old: 600, New:1000,,,,,,,,,,,,,,,,,,,,,,,,,,,,,,,,,,,,,,,,,,,,,,,,,,,,,,,,,,,,,,,,,,,,,
Emission Wavelengths 1 Changed: 15-Aug-23 2:57:34 PM, Old:   565.0000, New:   570.0000,,,,,,,,,,,,,,,,,,,,,,,,,,,,,,,,,,,,,,,,,,,,,,,,,,,,,,,,,,,,,,,,,,,,,
Emission Wavelength Changed: 15-Aug-23 2:57:34 PM, Old: 565.00, New: 570.00,,,,,,,,,,,,,,,,,,,,,,,,,,,,,,,,,,,,,,,,,,,,,,,,,,,,,,,,,,,,,,,,,,,,,
Ave. time (s): Changed: 15-Aug-23 3:00:07 PM, Old:0.10000, New:0.25000,,,,,,,,,,,,,,,,,,,,,,,,,,,,,,,,,,,,,,,,,,,,,,,,,,,,,,,,,,,,,,,,,,,,,
Cycle Time 1 Changed: 15-Aug-23 3:03:28 PM, Old: 0.5000, New: 1.0000,,,,,,,,,,,,,,,,,,,,,,,,,,,,,,,,,,,,,,,,,,,,,,,,,,,,,,,,,,,,,,,,,,,,,
Stop Time 1 Changed: 15-Aug-23 3:03:28 PM, Old: 1.0000, New:90.0000,,,,,,,,,,,,,,,,,,,,,,,,,,,,,,,,,,,,,,,,,,,,,,,,,,,,,,,,,,,,,,,,,,,,,
End Method Modifications,,,,,,,,,,,,,,,,,,,,,,,,,,,,,,,,,,,,,,,,,,,,,,,,,,,,,,,,,,,,,,,,,,,,,,,
,,,,,,,,,,,,,,,,,,,,,,,,,,,,,,,,,,,,,,,,,,,,,,,,,,,,,,,,,,,,,,,,,,,,,,,
Sample A5_Ex555_Em570,,,,,,,,,,,,,,,,,,,,,,,,,,,,,,,,,,,,,,,,,,,,,,,,,,,,,,,,,,,,,,,,,,,,,,,
Sample A5_Ex555_Em570,,,,,,,,,,,,,,,,,,,,,,,,,,,,,,,,,,,,,,,,,,,,,,,,,,,,,,,,,,,,,,,,,,,,,,,
Collection Time: 15-Aug-23 3:04:44 PM,,,,,,,,,,,,,,,,,,,,,,,,,,,,,,,,,,,,,,,,,,,,,,,,,,,,,,,,,,,,,,,,,,,,,,,
Operator Name  :,,,,,,,,,,,,,,,,,,,,,,,,,,,,,,,,,,,,,,,,,,,,,,,,,,,,,,,,,,,,,,,,,,,,,,,
Kinetics Software Version: 1.2(146),,,,,,,,,,,,,,,,,,,,,,,,,,,,,,,,,,,,,,,,,,,,,,,,,,,,,,,,,,,,,,,,,,,,,,,
Parameter List :,,,,,,,,,,,,,,,,,,,,,,,,,,,,,,,,,,,,,,,,,,,,,,,,,,,,,,,,,,,,,,,,,,,,,,,
Report Time: Tue 15 Aug 03:04:44 PM 2023,,,,,,,,,,,,,,,,,,,,,,,,,,,,,,,,,,,,,,,,,,,,,,,,,,,,,,,,,,,,,,,,,,,,,,,
Software version: 1.2(146),,,,,,,,,,,,,,,,,,,,,,,,,,,,,,,,,,,,,,,,,,,,,,,,,,,,,,,,,,,,,,,,,,,,,,,
Operator:,,,,,,,,,,,,,,,,,,,,,,,,,,,,,,,,,,,,,,,,,,,,,,,,,,,,,,,,,,,,,,,,,,,,,,,
Instrument Parameters,,,,,,,,,,,,,,,,,,,,,,,,,,,,,,,,,,,,,,,,,,,,,,,,,,,,,,,,,,,,,,,,,,,,,,,
Instrument                        Cary Eclipse,,,,,,,,,,,,,,,,,,,,,,,,,,,,,,,,,,,,,,,,,,,,,,,,,,,,,,,,,,,,,,,,,,,,,,,
Instrument Serial Number          MY18160001,,,,,,,,,,,,,,,,,,,,,,,,,,,,,,,,,,,,,,,,,,,,,,,,,,,,,,,,,,,,,,,,,,,,,,,
Data mode                         Fluorescence,,,,,,,,,,,,,,,,,,,,,,,,,,,,,,,,,,,,,,,,,,,,,,,,,,,,,,,,,,,,,,,,,,,,,,,
Ex. wavelengths (nm)              555.0000 ; 555.0000,,,,,,,,,,,,,,,,,,,,,,,,,,,,,,,,,,,,,,,,,,,,,,,,,,,,,,,,,,,,,,,,,,,,,,,
Em. wavelengths (nm)              570.0000 ; 665.0000,,,,,,,,,,,,,,,,,,,,,,,,,,,,,,,,,,,,,,,,,,,,,,,,,,,,,,,,,,,,,,,,,,,,,,,
Ex. Slit (nm)                     5,,,,,,,,,,,,,,,,,,,,,,,,,,,,,,,,,,,,,,,,,,,,,,,,,,,,,,,,,,,,,,,,,,,,,,,
Em. Slit (nm)                     5,,,,,,,,,,,,,,,,,,,,,,,,,,,,,,,,,,,,,,,,,,,,,,,,,,,,,,,,,,,,,,,,,,,,,,,
Averaging Time (s)                0.2500,,,,,,,,,,,,,,,,,,,,,,,,,,,,,,,,,,,,,,,,,,,,,,,,,,,,,,,,,,,,,,,,,,,,,,,
Cycle time(min)                   1.0000,,,,,,,,,,,,,,,,,,,,,,,,,,,,,,,,,,,,,,,,,,,,,,,,,,,,,,,,,,,,,,,,,,,,,,,
Stop time(min)                    90.0000,,,,,,,,,,,,,,,,,,,,,,,,,,,,,,,,,,,,,,,,,,,,,,,,,,,,,,,,,,,,,,,,,,,,,,,
Emission filter                   Open,,,,,,,,,,,,,,,,,,,,,,,,,,,,,,,,,,,,,,,,,,,,,,,,,,,,,,,,,,,,,,,,,,,,,,,
Excitation Filter                 Auto,,,,,,,,,,,,,,,,,,,,,,,,,,,,,,,,,,,,,,,,,,,,,,,,,,,,,,,,,,,,,,,,,,,,,,,
PMT voltage (V)                   1000,,,,,,,,,,,,,,,,,,,,,,,,,,,,,,,,,,,,,,,,,,,,,,,,,,,,,,,,,,,,,,,,,,,,,,,
Wellplate                         ON,,,,,,,,,,,,,,,,,,,,,,,,,,,,,,,,,,,,,,,,,,,,,,,,,,,,,,,,,,,,,,,,,,,,,,,
Plate format                     96 Wells,,,,,,,,,,,,,,,,,,,,,,,,,,,,,,,,,,,,,,,,,,,,,,,,,,,,,,,,,,,,,,,,,,,,,,,
Read position                    Well centre,,,,,,,,,,,,,,,,,,,,,,,,,,,,,,,,,,,,,,,,,,,,,,,,,,,,,,,,,,,,,,,,,,,,,,,
Multi-zero                       OFF,,,,,,,,,,,,,,,,,,,,,,,,,,,,,,,,,,,,,,,,,,,,,,,,,,,,,,,,,,,,,,,,,,,,,,,
Auto-zero                        OFF,,,,,,,,,,,,,,,,,,,,,,,,,,,,,,,,,,,,,,,,,,,,,,,,,,,,,,,,,,,,,,,,,,,,,,,
Well                            A1,,,,,,,,,,,,,,,,,,,,,,,,,,,,,,,,,,,,,,,,,,,,,,,,,,,,,,,,,,,,,,,,,,,,,,,
Comments:,,,,,,,,,,,,,,,,,,,,,,,,,,,,,,,,,,,,,,,,,,,,,,,,,,,,,,,,,,,,,,,,,,,,,,,
Method Log     :,,,,,,,,,,,,,,,,,,,,,,,,,,,,,,,,,,,,,,,,,,,,,,,,,,,,,,,,,,,,,,,,,,,,,,,
Method Name    : Default,,,,,,,,,,,,,,,,,,,,,,,,,,,,,,,,,,,,,,,,,,,,,,,,,,,,,,,,,,,,,,,,,,,,,,,
Date/Time stamp: 15-Aug-23 2:52:18 PM,,,,,,,,,,,,,,,,,,,,,,,,,,,,,,,,,,,,,,,,,,,,,,,,,,,,,,,,,,,,,,,,,,,,,,,
Method Modifications:,,,,,,,,,,,,,,,,,,,,,,,,,,,,,,,,,,,,,,,,,,,,,,,,,,,,,,,,,,,,,,,,,,,,,,,
Wellplate Overlay Mode Changed: 15-Aug-23 2:52:19 PM, Old:Individual, New:Choice 1,,,,,,,,,,,,,,,,,,,,,,,,,,,,,,,,,,,,,,,,,,,,,,,,,,,,,,,,,,,,,,,,,,,,,
Wellplate Overlay Mode Changed: 15-Aug-23 2:52:19 PM, Old:Overlay all, New:Choice 2,,,,,,,,,,,,,,,,,,,,,,,,,,,,,,,,,,,,,,,,,,,,,,,,,,,,,,,,,,,,,,,,,,,,,
Wellplate Overlay Mode Changed: 15-Aug-23 2:52:19 PM, Old:Overlay rows, New:Choice 3,,,,,,,,,,,,,,,,,,,,,,,,,,,,,,,,,,,,,,,,,,,,,,,,,,,,,,,,,,,,,,,,,,,,,
Wellplate Overlay Mode Changed: 15-Aug-23 2:52:19 PM, Old:Overlay columns, New:Choice 4,,,,,,,,,,,,,,,,,,,,,,,,,,,,,,,,,,,,,,,,,,,,,,,,,,,,,,,,,,,,,,,,,,,,,
Wellplate Overlay Mode Changed: 15-Aug-23 2:52:19 PM, Old:User defined, New:Overlay columns,,,,,,,,,,,,,,,,,,,,,,,,,,,,,,,,,,,,,,,,,,,,,,,,,,,,,,,,,,,,,,,,,,,,,
Well plate reader Changed: 15-Aug-23 2:52:50 PM, Old:OFF, New:ON,,,,,,,,,,,,,,,,,,,,,,,,,,,,,,,,,,,,,,,,,,,,,,,,,,,,,,,,,,,,,,,,,,,,,
Wellplate Samples Changed: 15-Aug-23 2:52:50 PM, Old:, New:A1;A2;A3;A4;A5;A6;B1;B2;B3;B4;B5;B6;C1;C2;C3;C4;C5;C6;,,,,,,,,,,,,,,,,,,,,,,,,,,,,,,,,,,,,,,,,,,,,,,,,,,,,,,,,,,,,,,,,,,,,,
PMT Volts Changed: 15-Aug-23 2:54:11 PM, Old:600, New:1000,,,,,,,,,,,,,,,,,,,,,,,,,,,,,,,,,,,,,,,,,,,,,,,,,,,,,,,,,,,,,,,,,,,,,
Multiwavelength Changed: 15-Aug-23 2:54:11 PM, Old:OFF, New:ON,,,,,,,,,,,,,,,,,,,,,,,,,,,,,,,,,,,,,,,,,,,,,,,,,,,,,,,,,,,,,,,,,,,,,
Excitation Wavelengths 1 Changed: 15-Aug-23 2:54:11 PM, Old:   350.0000, New:   555.0000,,,,,,,,,,,,,,,,,,,,,,,,,,,,,,,,,,,,,,,,,,,,,,,,,,,,,,,,,,,,,,,,,,,,,
Emission Wavelengths 1 Changed: 15-Aug-23 2:54:11 PM, Old:   450.0000, New:   565.0000,,,,,,,,,,,,,,,,,,,,,,,,,,,,,,,,,,,,,,,,,,,,,,,,,,,,,,,,,,,,,,,,,,,,,
Excitation Wavelengths 2 Changed: 15-Aug-23 2:54:11 PM, Old:   360.0000, New:   555.0000,,,,,,,,,,,,,,,,,,,,,,,,,,,,,,,,,,,,,,,,,,,,,,,,,,,,,,,,,,,,,,,,,,,,,
Emission Wavelengths 2 Changed: 15-Aug-23 2:54:11 PM, Old:   460.0000, New:   665.0000,,,,,,,,,,,,,,,,,,,,,,,,,,,,,,,,,,,,,,,,,,,,,,,,,,,,,,,,,,,,,,,,,,,,,
Excitation Wavelength Changed: 15-Aug-23 2:54:11 PM, Old: 400.00, New: 555.00,,,,,,,,,,,,,,,,,,,,,,,,,,,,,,,,,,,,,,,,,,,,,,,,,,,,,,,,,,,,,,,,,,,,,
Emission Wavelength Changed: 15-Aug-23 2:54:11 PM, Old: 600.00, New: 565.00,,,,,,,,,,,,,,,,,,,,,,,,,,,,,,,,,,,,,,,,,,,,,,,,,,,,,,,,,,,,,,,,,,,,,
Cycle Time 1 Changed: 15-Aug-23 2:54:11 PM, Old: 0.0000, New: 0.5000,,,,,,,,,,,,,,,,,,,,,,,,,,,,,,,,,,,,,,,,,,,,,,,,,,,,,,,,,,,,,,,,,,,,,
Emission PMT (V): Changed: 15-Aug-23 2:54:11 PM, Old: 600, New:1000,,,,,,,,,,,,,,,,,,,,,,,,,,,,,,,,,,,,,,,,,,,,,,,,,,,,,,,,,,,,,,,,,,,,,
Emission Wavelengths 1 Changed: 15-Aug-23 2:57:34 PM, Old:   565.0000, New:   570.0000,,,,,,,,,,,,,,,,,,,,,,,,,,,,,,,,,,,,,,,,,,,,,,,,,,,,,,,,,,,,,,,,,,,,,
Emission Wavelength Changed: 15-Aug-23 2:57:34 PM, Old: 565.00, New: 570.00,,,,,,,,,,,,,,,,,,,,,,,,,,,,,,,,,,,,,,,,,,,,,,,,,,,,,,,,,,,,,,,,,,,,,
Ave. time (s): Changed: 15-Aug-23 3:00:07 PM, Old:0.10000, New:0.25000,,,,,,,,,,,,,,,,,,,,,,,,,,,,,,,,,,,,,,,,,,,,,,,,,,,,,,,,,,,,,,,,,,,,,
Cycle Time 1 Changed: 15-Aug-23 3:03:28 PM, Old: 0.5000, New: 1.0000,,,,,,,,,,,,,,,,,,,,,,,,,,,,,,,,,,,,,,,,,,,,,,,,,,,,,,,,,,,,,,,,,,,,,
Stop Time 1 Changed: 15-Aug-23 3:03:28 PM, Old: 1.0000, New:90.0000,,,,,,,,,,,,,,,,,,,,,,,,,,,,,,,,,,,,,,,,,,,,,,,,,,,,,,,,,,,,,,,,,,,,,
End Method Modifications,,,,,,,,,,,,,,,,,,,,,,,,,,,,,,,,,,,,,,,,,,,,,,,,,,,,,,,,,,,,,,,,,,,,,,,
,,,,,,,,,,,,,,,,,,,,,,,,,,,,,,,,,,,,,,,,,,,,,,,,,,,,,,,,,,,,,,,,,,,,,,,
Sample A5_Ex555_Em665,,,,,,,,,,,,,,,,,,,,,,,,,,,,,,,,,,,,,,,,,,,,,,,,,,,,,,,,,,,,,,,,,,,,,,,
Sample A5_Ex555_Em665,,,,,,,,,,,,,,,,,,,,,,,,,,,,,,,,,,,,,,,,,,,,,,,,,,,,,,,,,,,,,,,,,,,,,,,
Collection Time: 15-Aug-23 3:04:44 PM,,,,,,,,,,,,,,,,,,,,,,,,,,,,,,,,,,,,,,,,,,,,,,,,,,,,,,,,,,,,,,,,,,,,,,,
Operator Name  :,,,,,,,,,,,,,,,,,,,,,,,,,,,,,,,,,,,,,,,,,,,,,,,,,,,,,,,,,,,,,,,,,,,,,,,
Kinetics Software Version: 1.2(146),,,,,,,,,,,,,,,,,,,,,,,,,,,,,,,,,,,,,,,,,,,,,,,,,,,,,,,,,,,,,,,,,,,,,,,
Parameter List :,,,,,,,,,,,,,,,,,,,,,,,,,,,,,,,,,,,,,,,,,,,,,,,,,,,,,,,,,,,,,,,,,,,,,,,
Report Time: Tue 15 Aug 03:04:44 PM 2023,,,,,,,,,,,,,,,,,,,,,,,,,,,,,,,,,,,,,,,,,,,,,,,,,,,,,,,,,,,,,,,,,,,,,,,
Software version: 1.2(146),,,,,,,,,,,,,,,,,,,,,,,,,,,,,,,,,,,,,,,,,,,,,,,,,,,,,,,,,,,,,,,,,,,,,,,
Operator:,,,,,,,,,,,,,,,,,,,,,,,,,,,,,,,,,,,,,,,,,,,,,,,,,,,,,,,,,,,,,,,,,,,,,,,
Instrument Parameters,,,,,,,,,,,,,,,,,,,,,,,,,,,,,,,,,,,,,,,,,,,,,,,,,,,,,,,,,,,,,,,,,,,,,,,
Instrument                        Cary Eclipse,,,,,,,,,,,,,,,,,,,,,,,,,,,,,,,,,,,,,,,,,,,,,,,,,,,,,,,,,,,,,,,,,,,,,,,
Instrument Serial Number          MY18160001,,,,,,,,,,,,,,,,,,,,,,,,,,,,,,,,,,,,,,,,,,,,,,,,,,,,,,,,,,,,,,,,,,,,,,,
Data mode                         Fluorescence,,,,,,,,,,,,,,,,,,,,,,,,,,,,,,,,,,,,,,,,,,,,,,,,,,,,,,,,,,,,,,,,,,,,,,,
Ex. wavelengths (nm)              555.0000 ; 555.0000,,,,,,,,,,,,,,,,,,,,,,,,,,,,,,,,,,,,,,,,,,,,,,,,,,,,,,,,,,,,,,,,,,,,,,,
Em. wavelengths (nm)              570.0000 ; 665.0000,,,,,,,,,,,,,,,,,,,,,,,,,,,,,,,,,,,,,,,,,,,,,,,,,,,,,,,,,,,,,,,,,,,,,,,
Ex. Slit (nm)                     5,,,,,,,,,,,,,,,,,,,,,,,,,,,,,,,,,,,,,,,,,,,,,,,,,,,,,,,,,,,,,,,,,,,,,,,
Em. Slit (nm)                     5,,,,,,,,,,,,,,,,,,,,,,,,,,,,,,,,,,,,,,,,,,,,,,,,,,,,,,,,,,,,,,,,,,,,,,,
Averaging Time (s)                0.2500,,,,,,,,,,,,,,,,,,,,,,,,,,,,,,,,,,,,,,,,,,,,,,,,,,,,,,,,,,,,,,,,,,,,,,,
Cycle time(min)                   1.0000,,,,,,,,,,,,,,,,,,,,,,,,,,,,,,,,,,,,,,,,,,,,,,,,,,,,,,,,,,,,,,,,,,,,,,,
Stop time(min)                    90.0000,,,,,,,,,,,,,,,,,,,,,,,,,,,,,,,,,,,,,,,,,,,,,,,,,,,,,,,,,,,,,,,,,,,,,,,
Emission filter                   Open,,,,,,,,,,,,,,,,,,,,,,,,,,,,,,,,,,,,,,,,,,,,,,,,,,,,,,,,,,,,,,,,,,,,,,,
Excitation Filter                 Auto,,,,,,,,,,,,,,,,,,,,,,,,,,,,,,,,,,,,,,,,,,,,,,,,,,,,,,,,,,,,,,,,,,,,,,,
PMT voltage (V)                   1000,,,,,,,,,,,,,,,,,,,,,,,,,,,,,,,,,,,,,,,,,,,,,,,,,,,,,,,,,,,,,,,,,,,,,,,
Wellplate                         ON,,,,,,,,,,,,,,,,,,,,,,,,,,,,,,,,,,,,,,,,,,,,,,,,,,,,,,,,,,,,,,,,,,,,,,,
Plate format                     96 Wells,,,,,,,,,,,,,,,,,,,,,,,,,,,,,,,,,,,,,,,,,,,,,,,,,,,,,,,,,,,,,,,,,,,,,,,
Read position                    Well centre,,,,,,,,,,,,,,,,,,,,,,,,,,,,,,,,,,,,,,,,,,,,,,,,,,,,,,,,,,,,,,,,,,,,,,,
Multi-zero                       OFF,,,,,,,,,,,,,,,,,,,,,,,,,,,,,,,,,,,,,,,,,,,,,,,,,,,,,,,,,,,,,,,,,,,,,,,
Auto-zero                        OFF,,,,,,,,,,,,,,,,,,,,,,,,,,,,,,,,,,,,,,,,,,,,,,,,,,,,,,,,,,,,,,,,,,,,,,,
Well                            A1,,,,,,,,,,,,,,,,,,,,,,,,,,,,,,,,,,,,,,,,,,,,,,,,,,,,,,,,,,,,,,,,,,,,,,,
Comments:,,,,,,,,,,,,,,,,,,,,,,,,,,,,,,,,,,,,,,,,,,,,,,,,,,,,,,,,,,,,,,,,,,,,,,,
Method Log     :,,,,,,,,,,,,,,,,,,,,,,,,,,,,,,,,,,,,,,,,,,,,,,,,,,,,,,,,,,,,,,,,,,,,,,,
Method Name    : Default,,,,,,,,,,,,,,,,,,,,,,,,,,,,,,,,,,,,,,,,,,,,,,,,,,,,,,,,,,,,,,,,,,,,,,,
Date/Time stamp: 15-Aug-23 2:52:18 PM,,,,,,,,,,,,,,,,,,,,,,,,,,,,,,,,,,,,,,,,,,,,,,,,,,,,,,,,,,,,,,,,,,,,,,,
Method Modifications:,,,,,,,,,,,,,,,,,,,,,,,,,,,,,,,,,,,,,,,,,,,,,,,,,,,,,,,,,,,,,,,,,,,,,,,
Wellplate Overlay Mode Changed: 15-Aug-23 2:52:19 PM, Old:Individual, New:Choice 1,,,,,,,,,,,,,,,,,,,,,,,,,,,,,,,,,,,,,,,,,,,,,,,,,,,,,,,,,,,,,,,,,,,,,
Wellplate Overlay Mode Changed: 15-Aug-23 2:52:19 PM, Old:Overlay all, New:Choice 2,,,,,,,,,,,,,,,,,,,,,,,,,,,,,,,,,,,,,,,,,,,,,,,,,,,,,,,,,,,,,,,,,,,,,
Wellplate Overlay Mode Changed: 15-Aug-23 2:52:19 PM, Old:Overlay rows, New:Choice 3,,,,,,,,,,,,,,,,,,,,,,,,,,,,,,,,,,,,,,,,,,,,,,,,,,,,,,,,,,,,,,,,,,,,,
Wellplate Overlay Mode Changed: 15-Aug-23 2:52:19 PM, Old:Overlay columns, New:Choice 4,,,,,,,,,,,,,,,,,,,,,,,,,,,,,,,,,,,,,,,,,,,,,,,,,,,,,,,,,,,,,,,,,,,,,
Wellplate Overlay Mode Changed: 15-Aug-23 2:52:19 PM, Old:User defined, New:Overlay columns,,,,,,,,,,,,,,,,,,,,,,,,,,,,,,,,,,,,,,,,,,,,,,,,,,,,,,,,,,,,,,,,,,,,,
Well plate reader Changed: 15-Aug-23 2:52:50 PM, Old:OFF, New:ON,,,,,,,,,,,,,,,,,,,,,,,,,,,,,,,,,,,,,,,,,,,,,,,,,,,,,,,,,,,,,,,,,,,,,
Wellplate Samples Changed: 15-Aug-23 2:52:50 PM, Old:, New:A1;A2;A3;A4;A5;A6;B1;B2;B3;B4;B5;B6;C1;C2;C3;C4;C5;C6;,,,,,,,,,,,,,,,,,,,,,,,,,,,,,,,,,,,,,,,,,,,,,,,,,,,,,,,,,,,,,,,,,,,,,
PMT Volts Changed: 15-Aug-23 2:54:11 PM, Old:600, New:1000,,,,,,,,,,,,,,,,,,,,,,,,,,,,,,,,,,,,,,,,,,,,,,,,,,,,,,,,,,,,,,,,,,,,,
Multiwavelength Changed: 15-Aug-23 2:54:11 PM, Old:OFF, New:ON,,,,,,,,,,,,,,,,,,,,,,,,,,,,,,,,,,,,,,,,,,,,,,,,,,,,,,,,,,,,,,,,,,,,,
Excitation Wavelengths 1 Changed: 15-Aug-23 2:54:11 PM, Old:   350.0000, New:   555.0000,,,,,,,,,,,,,,,,,,,,,,,,,,,,,,,,,,,,,,,,,,,,,,,,,,,,,,,,,,,,,,,,,,,,,
Emission Wavelengths 1 Changed: 15-Aug-23 2:54:11 PM, Old:   450.0000, New:   565.0000,,,,,,,,,,,,,,,,,,,,,,,,,,,,,,,,,,,,,,,,,,,,,,,,,,,,,,,,,,,,,,,,,,,,,
Excitation Wavelengths 2 Changed: 15-Aug-23 2:54:11 PM, Old:   360.0000, New:   555.0000,,,,,,,,,,,,,,,,,,,,,,,,,,,,,,,,,,,,,,,,,,,,,,,,,,,,,,,,,,,,,,,,,,,,,
Emission Wavelengths 2 Changed: 15-Aug-23 2:54:11 PM, Old:   460.0000, New:   665.0000,,,,,,,,,,,,,,,,,,,,,,,,,,,,,,,,,,,,,,,,,,,,,,,,,,,,,,,,,,,,,,,,,,,,,
Excitation Wavelength Changed: 15-Aug-23 2:54:11 PM, Old: 400.00, New: 555.00,,,,,,,,,,,,,,,,,,,,,,,,,,,,,,,,,,,,,,,,,,,,,,,,,,,,,,,,,,,,,,,,,,,,,
Emission Wavelength Changed: 15-Aug-23 2:54:11 PM, Old: 600.00, New: 565.00,,,,,,,,,,,,,,,,,,,,,,,,,,,,,,,,,,,,,,,,,,,,,,,,,,,,,,,,,,,,,,,,,,,,,
Cycle Time 1 Changed: 15-Aug-23 2:54:11 PM, Old: 0.0000, New: 0.5000,,,,,,,,,,,,,,,,,,,,,,,,,,,,,,,,,,,,,,,,,,,,,,,,,,,,,,,,,,,,,,,,,,,,,
Emission PMT (V): Changed: 15-Aug-23 2:54:11 PM, Old: 600, New:1000,,,,,,,,,,,,,,,,,,,,,,,,,,,,,,,,,,,,,,,,,,,,,,,,,,,,,,,,,,,,,,,,,,,,,
Emission Wavelengths 1 Changed: 15-Aug-23 2:57:34 PM, Old:   565.0000, New:   570.0000,,,,,,,,,,,,,,,,,,,,,,,,,,,,,,,,,,,,,,,,,,,,,,,,,,,,,,,,,,,,,,,,,,,,,
Emission Wavelength Changed: 15-Aug-23 2:57:34 PM, Old: 565.00, New: 570.00,,,,,,,,,,,,,,,,,,,,,,,,,,,,,,,,,,,,,,,,,,,,,,,,,,,,,,,,,,,,,,,,,,,,,
Ave. time (s): Changed: 15-Aug-23 3:00:07 PM, Old:0.10000, New:0.25000,,,,,,,,,,,,,,,,,,,,,,,,,,,,,,,,,,,,,,,,,,,,,,,,,,,,,,,,,,,,,,,,,,,,,
Cycle Time 1 Changed: 15-Aug-23 3:03:28 PM, Old: 0.5000, New: 1.0000,,,,,,,,,,,,,,,,,,,,,,,,,,,,,,,,,,,,,,,,,,,,,,,,,,,,,,,,,,,,,,,,,,,,,
Stop Time 1 Changed: 15-Aug-23 3:03:28 PM, Old: 1.0000, New:90.0000,,,,,,,,,,,,,,,,,,,,,,,,,,,,,,,,,,,,,,,,,,,,,,,,,,,,,,,,,,,,,,,,,,,,,
End Method Modifications,,,,,,,,,,,,,,,,,,,,,,,,,,,,,,,,,,,,,,,,,,,,,,,,,,,,,,,,,,,,,,,,,,,,,,,
,,,,,,,,,,,,,,,,,,,,,,,,,,,,,,,,,,,,,,,,,,,,,,,,,,,,,,,,,,,,,,,,,,,,,,,
Sample A6_Ex555_Em570,,,,,,,,,,,,,,,,,,,,,,,,,,,,,,,,,,,,,,,,,,,,,,,,,,,,,,,,,,,,,,,,,,,,,,,
Sample A6_Ex555_Em570,,,,,,,,,,,,,,,,,,,,,,,,,,,,,,,,,,,,,,,,,,,,,,,,,,,,,,,,,,,,,,,,,,,,,,,
Collection Time: 15-Aug-23 3:04:44 PM,,,,,,,,,,,,,,,,,,,,,,,,,,,,,,,,,,,,,,,,,,,,,,,,,,,,,,,,,,,,,,,,,,,,,,,
Operator Name  :,,,,,,,,,,,,,,,,,,,,,,,,,,,,,,,,,,,,,,,,,,,,,,,,,,,,,,,,,,,,,,,,,,,,,,,
Kinetics Software Version: 1.2(146),,,,,,,,,,,,,,,,,,,,,,,,,,,,,,,,,,,,,,,,,,,,,,,,,,,,,,,,,,,,,,,,,,,,,,,
Parameter List :,,,,,,,,,,,,,,,,,,,,,,,,,,,,,,,,,,,,,,,,,,,,,,,,,,,,,,,,,,,,,,,,,,,,,,,
Report Time: Tue 15 Aug 03:04:44 PM 2023,,,,,,,,,,,,,,,,,,,,,,,,,,,,,,,,,,,,,,,,,,,,,,,,,,,,,,,,,,,,,,,,,,,,,,,
Software version: 1.2(146),,,,,,,,,,,,,,,,,,,,,,,,,,,,,,,,,,,,,,,,,,,,,,,,,,,,,,,,,,,,,,,,,,,,,,,
Operator:,,,,,,,,,,,,,,,,,,,,,,,,,,,,,,,,,,,,,,,,,,,,,,,,,,,,,,,,,,,,,,,,,,,,,,,
Instrument Parameters,,,,,,,,,,,,,,,,,,,,,,,,,,,,,,,,,,,,,,,,,,,,,,,,,,,,,,,,,,,,,,,,,,,,,,,
Instrument                        Cary Eclipse,,,,,,,,,,,,,,,,,,,,,,,,,,,,,,,,,,,,,,,,,,,,,,,,,,,,,,,,,,,,,,,,,,,,,,,
Instrument Serial Number          MY18160001,,,,,,,,,,,,,,,,,,,,,,,,,,,,,,,,,,,,,,,,,,,,,,,,,,,,,,,,,,,,,,,,,,,,,,,
Data mode                         Fluorescence,,,,,,,,,,,,,,,,,,,,,,,,,,,,,,,,,,,,,,,,,,,,,,,,,,,,,,,,,,,,,,,,,,,,,,,
Ex. wavelengths (nm)              555.0000 ; 555.0000,,,,,,,,,,,,,,,,,,,,,,,,,,,,,,,,,,,,,,,,,,,,,,,,,,,,,,,,,,,,,,,,,,,,,,,
Em. wavelengths (nm)              570.0000 ; 665.0000,,,,,,,,,,,,,,,,,,,,,,,,,,,,,,,,,,,,,,,,,,,,,,,,,,,,,,,,,,,,,,,,,,,,,,,
Ex. Slit (nm)                     5,,,,,,,,,,,,,,,,,,,,,,,,,,,,,,,,,,,,,,,,,,,,,,,,,,,,,,,,,,,,,,,,,,,,,,,
Em. Slit (nm)                     5,,,,,,,,,,,,,,,,,,,,,,,,,,,,,,,,,,,,,,,,,,,,,,,,,,,,,,,,,,,,,,,,,,,,,,,
Averaging Time (s)                0.2500,,,,,,,,,,,,,,,,,,,,,,,,,,,,,,,,,,,,,,,,,,,,,,,,,,,,,,,,,,,,,,,,,,,,,,,
Cycle time(min)                   1.0000,,,,,,,,,,,,,,,,,,,,,,,,,,,,,,,,,,,,,,,,,,,,,,,,,,,,,,,,,,,,,,,,,,,,,,,
Stop time(min)                    90.0000,,,,,,,,,,,,,,,,,,,,,,,,,,,,,,,,,,,,,,,,,,,,,,,,,,,,,,,,,,,,,,,,,,,,,,,
Emission filter                   Open,,,,,,,,,,,,,,,,,,,,,,,,,,,,,,,,,,,,,,,,,,,,,,,,,,,,,,,,,,,,,,,,,,,,,,,
Excitation Filter                 Auto,,,,,,,,,,,,,,,,,,,,,,,,,,,,,,,,,,,,,,,,,,,,,,,,,,,,,,,,,,,,,,,,,,,,,,,
PMT voltage (V)                   1000,,,,,,,,,,,,,,,,,,,,,,,,,,,,,,,,,,,,,,,,,,,,,,,,,,,,,,,,,,,,,,,,,,,,,,,
Wellplate                         ON,,,,,,,,,,,,,,,,,,,,,,,,,,,,,,,,,,,,,,,,,,,,,,,,,,,,,,,,,,,,,,,,,,,,,,,
Plate format                     96 Wells,,,,,,,,,,,,,,,,,,,,,,,,,,,,,,,,,,,,,,,,,,,,,,,,,,,,,,,,,,,,,,,,,,,,,,,
Read position                    Well centre,,,,,,,,,,,,,,,,,,,,,,,,,,,,,,,,,,,,,,,,,,,,,,,,,,,,,,,,,,,,,,,,,,,,,,,
Multi-zero                       OFF,,,,,,,,,,,,,,,,,,,,,,,,,,,,,,,,,,,,,,,,,,,,,,,,,,,,,,,,,,,,,,,,,,,,,,,
Auto-zero                        OFF,,,,,,,,,,,,,,,,,,,,,,,,,,,,,,,,,,,,,,,,,,,,,,,,,,,,,,,,,,,,,,,,,,,,,,,
Well                            A1,,,,,,,,,,,,,,,,,,,,,,,,,,,,,,,,,,,,,,,,,,,,,,,,,,,,,,,,,,,,,,,,,,,,,,,
Comments:,,,,,,,,,,,,,,,,,,,,,,,,,,,,,,,,,,,,,,,,,,,,,,,,,,,,,,,,,,,,,,,,,,,,,,,
Method Log     :,,,,,,,,,,,,,,,,,,,,,,,,,,,,,,,,,,,,,,,,,,,,,,,,,,,,,,,,,,,,,,,,,,,,,,,
Method Name    : Default,,,,,,,,,,,,,,,,,,,,,,,,,,,,,,,,,,,,,,,,,,,,,,,,,,,,,,,,,,,,,,,,,,,,,,,
Date/Time stamp: 15-Aug-23 2:52:18 PM,,,,,,,,,,,,,,,,,,,,,,,,,,,,,,,,,,,,,,,,,,,,,,,,,,,,,,,,,,,,,,,,,,,,,,,
Method Modifications:,,,,,,,,,,,,,,,,,,,,,,,,,,,,,,,,,,,,,,,,,,,,,,,,,,,,,,,,,,,,,,,,,,,,,,,
Wellplate Overlay Mode Changed: 15-Aug-23 2:52:19 PM, Old:Individual, New:Choice 1,,,,,,,,,,,,,,,,,,,,,,,,,,,,,,,,,,,,,,,,,,,,,,,,,,,,,,,,,,,,,,,,,,,,,
Wellplate Overlay Mode Changed: 15-Aug-23 2:52:19 PM, Old:Overlay all, New:Choice 2,,,,,,,,,,,,,,,,,,,,,,,,,,,,,,,,,,,,,,,,,,,,,,,,,,,,,,,,,,,,,,,,,,,,,
Wellplate Overlay Mode Changed: 15-Aug-23 2:52:19 PM, Old:Overlay rows, New:Choice 3,,,,,,,,,,,,,,,,,,,,,,,,,,,,,,,,,,,,,,,,,,,,,,,,,,,,,,,,,,,,,,,,,,,,,
Wellplate Overlay Mode Changed: 15-Aug-23 2:52:19 PM, Old:Overlay columns, New:Choice 4,,,,,,,,,,,,,,,,,,,,,,,,,,,,,,,,,,,,,,,,,,,,,,,,,,,,,,,,,,,,,,,,,,,,,
Wellplate Overlay Mode Changed: 15-Aug-23 2:52:19 PM, Old:User defined, New:Overlay columns,,,,,,,,,,,,,,,,,,,,,,,,,,,,,,,,,,,,,,,,,,,,,,,,,,,,,,,,,,,,,,,,,,,,,
Well plate reader Changed: 15-Aug-23 2:52:50 PM, Old:OFF, New:ON,,,,,,,,,,,,,,,,,,,,,,,,,,,,,,,,,,,,,,,,,,,,,,,,,,,,,,,,,,,,,,,,,,,,,
Wellplate Samples Changed: 15-Aug-23 2:52:50 PM, Old:, New:A1;A2;A3;A4;A5;A6;B1;B2;B3;B4;B5;B6;C1;C2;C3;C4;C5;C6;,,,,,,,,,,,,,,,,,,,,,,,,,,,,,,,,,,,,,,,,,,,,,,,,,,,,,,,,,,,,,,,,,,,,,
PMT Volts Changed: 15-Aug-23 2:54:11 PM, Old:600, New:1000,,,,,,,,,,,,,,,,,,,,,,,,,,,,,,,,,,,,,,,,,,,,,,,,,,,,,,,,,,,,,,,,,,,,,
Multiwavelength Changed: 15-Aug-23 2:54:11 PM, Old:OFF, New:ON,,,,,,,,,,,,,,,,,,,,,,,,,,,,,,,,,,,,,,,,,,,,,,,,,,,,,,,,,,,,,,,,,,,,,
Excitation Wavelengths 1 Changed: 15-Aug-23 2:54:11 PM, Old:   350.0000, New:   555.0000,,,,,,,,,,,,,,,,,,,,,,,,,,,,,,,,,,,,,,,,,,,,,,,,,,,,,,,,,,,,,,,,,,,,,
Emission Wavelengths 1 Changed: 15-Aug-23 2:54:11 PM, Old:   450.0000, New:   565.0000,,,,,,,,,,,,,,,,,,,,,,,,,,,,,,,,,,,,,,,,,,,,,,,,,,,,,,,,,,,,,,,,,,,,,
Excitation Wavelengths 2 Changed: 15-Aug-23 2:54:11 PM, Old:   360.0000, New:   555.0000,,,,,,,,,,,,,,,,,,,,,,,,,,,,,,,,,,,,,,,,,,,,,,,,,,,,,,,,,,,,,,,,,,,,,
Emission Wavelengths 2 Changed: 15-Aug-23 2:54:11 PM, Old:   460.0000, New:   665.0000,,,,,,,,,,,,,,,,,,,,,,,,,,,,,,,,,,,,,,,,,,,,,,,,,,,,,,,,,,,,,,,,,,,,,
Excitation Wavelength Changed: 15-Aug-23 2:54:11 PM, Old: 400.00, New: 555.00,,,,,,,,,,,,,,,,,,,,,,,,,,,,,,,,,,,,,,,,,,,,,,,,,,,,,,,,,,,,,,,,,,,,,
Emission Wavelength Changed: 15-Aug-23 2:54:11 PM, Old: 600.00, New: 565.00,,,,,,,,,,,,,,,,,,,,,,,,,,,,,,,,,,,,,,,,,,,,,,,,,,,,,,,,,,,,,,,,,,,,,
Cycle Time 1 Changed: 15-Aug-23 2:54:11 PM, Old: 0.0000, New: 0.5000,,,,,,,,,,,,,,,,,,,,,,,,,,,,,,,,,,,,,,,,,,,,,,,,,,,,,,,,,,,,,,,,,,,,,
Emission PMT (V): Changed: 15-Aug-23 2:54:11 PM, Old: 600, New:1000,,,,,,,,,,,,,,,,,,,,,,,,,,,,,,,,,,,,,,,,,,,,,,,,,,,,,,,,,,,,,,,,,,,,,
Emission Wavelengths 1 Changed: 15-Aug-23 2:57:34 PM, Old:   565.0000, New:   570.0000,,,,,,,,,,,,,,,,,,,,,,,,,,,,,,,,,,,,,,,,,,,,,,,,,,,,,,,,,,,,,,,,,,,,,
Emission Wavelength Changed: 15-Aug-23 2:57:34 PM, Old: 565.00, New: 570.00,,,,,,,,,,,,,,,,,,,,,,,,,,,,,,,,,,,,,,,,,,,,,,,,,,,,,,,,,,,,,,,,,,,,,
Ave. time (s): Changed: 15-Aug-23 3:00:07 PM, Old:0.10000, New:0.25000,,,,,,,,,,,,,,,,,,,,,,,,,,,,,,,,,,,,,,,,,,,,,,,,,,,,,,,,,,,,,,,,,,,,,
Cycle Time 1 Changed: 15-Aug-23 3:03:28 PM, Old: 0.5000, New: 1.0000,,,,,,,,,,,,,,,,,,,,,,,,,,,,,,,,,,,,,,,,,,,,,,,,,,,,,,,,,,,,,,,,,,,,,
Stop Time 1 Changed: 15-Aug-23 3:03:28 PM, Old: 1.0000, New:90.0000,,,,,,,,,,,,,,,,,,,,,,,,,,,,,,,,,,,,,,,,,,,,,,,,,,,,,,,,,,,,,,,,,,,,,
End Method Modifications,,,,,,,,,,,,,,,,,,,,,,,,,,,,,,,,,,,,,,,,,,,,,,,,,,,,,,,,,,,,,,,,,,,,,,,
,,,,,,,,,,,,,,,,,,,,,,,,,,,,,,,,,,,,,,,,,,,,,,,,,,,,,,,,,,,,,,,,,,,,,,,
Sample A6_Ex555_Em665,,,,,,,,,,,,,,,,,,,,,,,,,,,,,,,,,,,,,,,,,,,,,,,,,,,,,,,,,,,,,,,,,,,,,,,
Sample A6_Ex555_Em665,,,,,,,,,,,,,,,,,,,,,,,,,,,,,,,,,,,,,,,,,,,,,,,,,,,,,,,,,,,,,,,,,,,,,,,
Collection Time: 15-Aug-23 3:04:44 PM,,,,,,,,,,,,,,,,,,,,,,,,,,,,,,,,,,,,,,,,,,,,,,,,,,,,,,,,,,,,,,,,,,,,,,,
Operator Name  :,,,,,,,,,,,,,,,,,,,,,,,,,,,,,,,,,,,,,,,,,,,,,,,,,,,,,,,,,,,,,,,,,,,,,,,
Kinetics Software Version: 1.2(146),,,,,,,,,,,,,,,,,,,,,,,,,,,,,,,,,,,,,,,,,,,,,,,,,,,,,,,,,,,,,,,,,,,,,,,
Parameter List :,,,,,,,,,,,,,,,,,,,,,,,,,,,,,,,,,,,,,,,,,,,,,,,,,,,,,,,,,,,,,,,,,,,,,,,
Report Time: Tue 15 Aug 03:04:44 PM 2023,,,,,,,,,,,,,,,,,,,,,,,,,,,,,,,,,,,,,,,,,,,,,,,,,,,,,,,,,,,,,,,,,,,,,,,
Software version: 1.2(146),,,,,,,,,,,,,,,,,,,,,,,,,,,,,,,,,,,,,,,,,,,,,,,,,,,,,,,,,,,,,,,,,,,,,,,
Operator:,,,,,,,,,,,,,,,,,,,,,,,,,,,,,,,,,,,,,,,,,,,,,,,,,,,,,,,,,,,,,,,,,,,,,,,
Instrument Parameters,,,,,,,,,,,,,,,,,,,,,,,,,,,,,,,,,,,,,,,,,,,,,,,,,,,,,,,,,,,,,,,,,,,,,,,
Instrument                        Cary Eclipse,,,,,,,,,,,,,,,,,,,,,,,,,,,,,,,,,,,,,,,,,,,,,,,,,,,,,,,,,,,,,,,,,,,,,,,
Instrument Serial Number          MY18160001,,,,,,,,,,,,,,,,,,,,,,,,,,,,,,,,,,,,,,,,,,,,,,,,,,,,,,,,,,,,,,,,,,,,,,,
Data mode                         Fluorescence,,,,,,,,,,,,,,,,,,,,,,,,,,,,,,,,,,,,,,,,,,,,,,,,,,,,,,,,,,,,,,,,,,,,,,,
Ex. wavelengths (nm)              555.0000 ; 555.0000,,,,,,,,,,,,,,,,,,,,,,,,,,,,,,,,,,,,,,,,,,,,,,,,,,,,,,,,,,,,,,,,,,,,,,,
Em. wavelengths (nm)              570.0000 ; 665.0000,,,,,,,,,,,,,,,,,,,,,,,,,,,,,,,,,,,,,,,,,,,,,,,,,,,,,,,,,,,,,,,,,,,,,,,
Ex. Slit (nm)                     5,,,,,,,,,,,,,,,,,,,,,,,,,,,,,,,,,,,,,,,,,,,,,,,,,,,,,,,,,,,,,,,,,,,,,,,
Em. Slit (nm)                     5,,,,,,,,,,,,,,,,,,,,,,,,,,,,,,,,,,,,,,,,,,,,,,,,,,,,,,,,,,,,,,,,,,,,,,,
Averaging Time (s)                0.2500,,,,,,,,,,,,,,,,,,,,,,,,,,,,,,,,,,,,,,,,,,,,,,,,,,,,,,,,,,,,,,,,,,,,,,,
Cycle time(min)                   1.0000,,,,,,,,,,,,,,,,,,,,,,,,,,,,,,,,,,,,,,,,,,,,,,,,,,,,,,,,,,,,,,,,,,,,,,,
Stop time(min)                    90.0000,,,,,,,,,,,,,,,,,,,,,,,,,,,,,,,,,,,,,,,,,,,,,,,,,,,,,,,,,,,,,,,,,,,,,,,
Emission filter                   Open,,,,,,,,,,,,,,,,,,,,,,,,,,,,,,,,,,,,,,,,,,,,,,,,,,,,,,,,,,,,,,,,,,,,,,,
Excitation Filter                 Auto,,,,,,,,,,,,,,,,,,,,,,,,,,,,,,,,,,,,,,,,,,,,,,,,,,,,,,,,,,,,,,,,,,,,,,,
PMT voltage (V)                   1000,,,,,,,,,,,,,,,,,,,,,,,,,,,,,,,,,,,,,,,,,,,,,,,,,,,,,,,,,,,,,,,,,,,,,,,
Wellplate                         ON,,,,,,,,,,,,,,,,,,,,,,,,,,,,,,,,,,,,,,,,,,,,,,,,,,,,,,,,,,,,,,,,,,,,,,,
Plate format                     96 Wells,,,,,,,,,,,,,,,,,,,,,,,,,,,,,,,,,,,,,,,,,,,,,,,,,,,,,,,,,,,,,,,,,,,,,,,
Read position                    Well centre,,,,,,,,,,,,,,,,,,,,,,,,,,,,,,,,,,,,,,,,,,,,,,,,,,,,,,,,,,,,,,,,,,,,,,,
Multi-zero                       OFF,,,,,,,,,,,,,,,,,,,,,,,,,,,,,,,,,,,,,,,,,,,,,,,,,,,,,,,,,,,,,,,,,,,,,,,
Auto-zero                        OFF,,,,,,,,,,,,,,,,,,,,,,,,,,,,,,,,,,,,,,,,,,,,,,,,,,,,,,,,,,,,,,,,,,,,,,,
Well                            A1,,,,,,,,,,,,,,,,,,,,,,,,,,,,,,,,,,,,,,,,,,,,,,,,,,,,,,,,,,,,,,,,,,,,,,,
Comments:,,,,,,,,,,,,,,,,,,,,,,,,,,,,,,,,,,,,,,,,,,,,,,,,,,,,,,,,,,,,,,,,,,,,,,,
Method Log     :,,,,,,,,,,,,,,,,,,,,,,,,,,,,,,,,,,,,,,,,,,,,,,,,,,,,,,,,,,,,,,,,,,,,,,,
Method Name    : Default,,,,,,,,,,,,,,,,,,,,,,,,,,,,,,,,,,,,,,,,,,,,,,,,,,,,,,,,,,,,,,,,,,,,,,,
Date/Time stamp: 15-Aug-23 2:52:18 PM,,,,,,,,,,,,,,,,,,,,,,,,,,,,,,,,,,,,,,,,,,,,,,,,,,,,,,,,,,,,,,,,,,,,,,,
Method Modifications:,,,,,,,,,,,,,,,,,,,,,,,,,,,,,,,,,,,,,,,,,,,,,,,,,,,,,,,,,,,,,,,,,,,,,,,
Wellplate Overlay Mode Changed: 15-Aug-23 2:52:19 PM, Old:Individual, New:Choice 1,,,,,,,,,,,,,,,,,,,,,,,,,,,,,,,,,,,,,,,,,,,,,,,,,,,,,,,,,,,,,,,,,,,,,
Wellplate Overlay Mode Changed: 15-Aug-23 2:52:19 PM, Old:Overlay all, New:Choice 2,,,,,,,,,,,,,,,,,,,,,,,,,,,,,,,,,,,,,,,,,,,,,,,,,,,,,,,,,,,,,,,,,,,,,
Wellplate Overlay Mode Changed: 15-Aug-23 2:52:19 PM, Old:Overlay rows, New:Choice 3,,,,,,,,,,,,,,,,,,,,,,,,,,,,,,,,,,,,,,,,,,,,,,,,,,,,,,,,,,,,,,,,,,,,,
Wellplate Overlay Mode Changed: 15-Aug-23 2:52:19 PM, Old:Overlay columns, New:Choice 4,,,,,,,,,,,,,,,,,,,,,,,,,,,,,,,,,,,,,,,,,,,,,,,,,,,,,,,,,,,,,,,,,,,,,
Wellplate Overlay Mode Changed: 15-Aug-23 2:52:19 PM, Old:User defined, New:Overlay columns,,,,,,,,,,,,,,,,,,,,,,,,,,,,,,,,,,,,,,,,,,,,,,,,,,,,,,,,,,,,,,,,,,,,,
Well plate reader Changed: 15-Aug-23 2:52:50 PM, Old:OFF, New:ON,,,,,,,,,,,,,,,,,,,,,,,,,,,,,,,,,,,,,,,,,,,,,,,,,,,,,,,,,,,,,,,,,,,,,
Wellplate Samples Changed: 15-Aug-23 2:52:50 PM, Old:, New:A1;A2;A3;A4;A5;A6;B1;B2;B3;B4;B5;B6;C1;C2;C3;C4;C5;C6;,,,,,,,,,,,,,,,,,,,,,,,,,,,,,,,,,,,,,,,,,,,,,,,,,,,,,,,,,,,,,,,,,,,,,
PMT Volts Changed: 15-Aug-23 2:54:11 PM, Old:600, New:1000,,,,,,,,,,,,,,,,,,,,,,,,,,,,,,,,,,,,,,,,,,,,,,,,,,,,,,,,,,,,,,,,,,,,,
Multiwavelength Changed: 15-Aug-23 2:54:11 PM, Old:OFF, New:ON,,,,,,,,,,,,,,,,,,,,,,,,,,,,,,,,,,,,,,,,,,,,,,,,,,,,,,,,,,,,,,,,,,,,,
Excitation Wavelengths 1 Changed: 15-Aug-23 2:54:11 PM, Old:   350.0000, New:   555.0000,,,,,,,,,,,,,,,,,,,,,,,,,,,,,,,,,,,,,,,,,,,,,,,,,,,,,,,,,,,,,,,,,,,,,
Emission Wavelengths 1 Changed: 15-Aug-23 2:54:11 PM, Old:   450.0000, New:   565.0000,,,,,,,,,,,,,,,,,,,,,,,,,,,,,,,,,,,,,,,,,,,,,,,,,,,,,,,,,,,,,,,,,,,,,
Excitation Wavelengths 2 Changed: 15-Aug-23 2:54:11 PM, Old:   360.0000, New:   555.0000,,,,,,,,,,,,,,,,,,,,,,,,,,,,,,,,,,,,,,,,,,,,,,,,,,,,,,,,,,,,,,,,,,,,,
Emission Wavelengths 2 Changed: 15-Aug-23 2:54:11 PM, Old:   460.0000, New:   665.0000,,,,,,,,,,,,,,,,,,,,,,,,,,,,,,,,,,,,,,,,,,,,,,,,,,,,,,,,,,,,,,,,,,,,,
Excitation Wavelength Changed: 15-Aug-23 2:54:11 PM, Old: 400.00, New: 555.00,,,,,,,,,,,,,,,,,,,,,,,,,,,,,,,,,,,,,,,,,,,,,,,,,,,,,,,,,,,,,,,,,,,,,
Emission Wavelength Changed: 15-Aug-23 2:54:11 PM, Old: 600.00, New: 565.00,,,,,,,,,,,,,,,,,,,,,,,,,,,,,,,,,,,,,,,,,,,,,,,,,,,,,,,,,,,,,,,,,,,,,
Cycle Time 1 Changed: 15-Aug-23 2:54:11 PM, Old: 0.0000, New: 0.5000,,,,,,,,,,,,,,,,,,,,,,,,,,,,,,,,,,,,,,,,,,,,,,,,,,,,,,,,,,,,,,,,,,,,,
Emission PMT (V): Changed: 15-Aug-23 2:54:11 PM, Old: 600, New:1000,,,,,,,,,,,,,,,,,,,,,,,,,,,,,,,,,,,,,,,,,,,,,,,,,,,,,,,,,,,,,,,,,,,,,
Emission Wavelengths 1 Changed: 15-Aug-23 2:57:34 PM, Old:   565.0000, New:   570.0000,,,,,,,,,,,,,,,,,,,,,,,,,,,,,,,,,,,,,,,,,,,,,,,,,,,,,,,,,,,,,,,,,,,,,
Emission Wavelength Changed: 15-Aug-23 2:57:34 PM, Old: 565.00, New: 570.00,,,,,,,,,,,,,,,,,,,,,,,,,,,,,,,,,,,,,,,,,,,,,,,,,,,,,,,,,,,,,,,,,,,,,
Ave. time (s): Changed: 15-Aug-23 3:00:07 PM, Old:0.10000, New:0.25000,,,,,,,,,,,,,,,,,,,,,,,,,,,,,,,,,,,,,,,,,,,,,,,,,,,,,,,,,,,,,,,,,,,,,
Cycle Time 1 Changed: 15-Aug-23 3:03:28 PM, Old: 0.5000, New: 1.0000,,,,,,,,,,,,,,,,,,,,,,,,,,,,,,,,,,,,,,,,,,,,,,,,,,,,,,,,,,,,,,,,,,,,,
Stop Time 1 Changed: 15-Aug-23 3:03:28 PM, Old: 1.0000, New:90.0000,,,,,,,,,,,,,,,,,,,,,,,,,,,,,,,,,,,,,,,,,,,,,,,,,,,,,,,,,,,,,,,,,,,,,
End Method Modifications,,,,,,,,,,,,,,,,,,,,,,,,,,,,,,,,,,,,,,,,,,,,,,,,,,,,,,,,,,,,,,,,,,,,,,,
,,,,,,,,,,,,,,,,,,,,,,,,,,,,,,,,,,,,,,,,,,,,,,,,,,,,,,,,,,,,,,,,,,,,,,,
Sample B1_Ex555_Em570,,,,,,,,,,,,,,,,,,,,,,,,,,,,,,,,,,,,,,,,,,,,,,,,,,,,,,,,,,,,,,,,,,,,,,,
Sample B1_Ex555_Em570,,,,,,,,,,,,,,,,,,,,,,,,,,,,,,,,,,,,,,,,,,,,,,,,,,,,,,,,,,,,,,,,,,,,,,,
Collection Time: 15-Aug-23 3:04:44 PM,,,,,,,,,,,,,,,,,,,,,,,,,,,,,,,,,,,,,,,,,,,,,,,,,,,,,,,,,,,,,,,,,,,,,,,
Operator Name  :,,,,,,,,,,,,,,,,,,,,,,,,,,,,,,,,,,,,,,,,,,,,,,,,,,,,,,,,,,,,,,,,,,,,,,,
Kinetics Software Version: 1.2(146),,,,,,,,,,,,,,,,,,,,,,,,,,,,,,,,,,,,,,,,,,,,,,,,,,,,,,,,,,,,,,,,,,,,,,,
Parameter List :,,,,,,,,,,,,,,,,,,,,,,,,,,,,,,,,,,,,,,,,,,,,,,,,,,,,,,,,,,,,,,,,,,,,,,,
Report Time: Tue 15 Aug 03:04:44 PM 2023,,,,,,,,,,,,,,,,,,,,,,,,,,,,,,,,,,,,,,,,,,,,,,,,,,,,,,,,,,,,,,,,,,,,,,,
Software version: 1.2(146),,,,,,,,,,,,,,,,,,,,,,,,,,,,,,,,,,,,,,,,,,,,,,,,,,,,,,,,,,,,,,,,,,,,,,,
Operator:,,,,,,,,,,,,,,,,,,,,,,,,,,,,,,,,,,,,,,,,,,,,,,,,,,,,,,,,,,,,,,,,,,,,,,,
Instrument Parameters,,,,,,,,,,,,,,,,,,,,,,,,,,,,,,,,,,,,,,,,,,,,,,,,,,,,,,,,,,,,,,,,,,,,,,,
Instrument                        Cary Eclipse,,,,,,,,,,,,,,,,,,,,,,,,,,,,,,,,,,,,,,,,,,,,,,,,,,,,,,,,,,,,,,,,,,,,,,,
Instrument Serial Number          MY18160001,,,,,,,,,,,,,,,,,,,,,,,,,,,,,,,,,,,,,,,,,,,,,,,,,,,,,,,,,,,,,,,,,,,,,,,
Data mode                         Fluorescence,,,,,,,,,,,,,,,,,,,,,,,,,,,,,,,,,,,,,,,,,,,,,,,,,,,,,,,,,,,,,,,,,,,,,,,
Ex. wavelengths (nm)              555.0000 ; 555.0000,,,,,,,,,,,,,,,,,,,,,,,,,,,,,,,,,,,,,,,,,,,,,,,,,,,,,,,,,,,,,,,,,,,,,,,
Em. wavelengths (nm)              570.0000 ; 665.0000,,,,,,,,,,,,,,,,,,,,,,,,,,,,,,,,,,,,,,,,,,,,,,,,,,,,,,,,,,,,,,,,,,,,,,,
Ex. Slit (nm)                     5,,,,,,,,,,,,,,,,,,,,,,,,,,,,,,,,,,,,,,,,,,,,,,,,,,,,,,,,,,,,,,,,,,,,,,,
Em. Slit (nm)                     5,,,,,,,,,,,,,,,,,,,,,,,,,,,,,,,,,,,,,,,,,,,,,,,,,,,,,,,,,,,,,,,,,,,,,,,
Averaging Time (s)                0.2500,,,,,,,,,,,,,,,,,,,,,,,,,,,,,,,,,,,,,,,,,,,,,,,,,,,,,,,,,,,,,,,,,,,,,,,
Cycle time(min)                   1.0000,,,,,,,,,,,,,,,,,,,,,,,,,,,,,,,,,,,,,,,,,,,,,,,,,,,,,,,,,,,,,,,,,,,,,,,
Stop time(min)                    90.0000,,,,,,,,,,,,,,,,,,,,,,,,,,,,,,,,,,,,,,,,,,,,,,,,,,,,,,,,,,,,,,,,,,,,,,,
Emission filter                   Open,,,,,,,,,,,,,,,,,,,,,,,,,,,,,,,,,,,,,,,,,,,,,,,,,,,,,,,,,,,,,,,,,,,,,,,
Excitation Filter                 Auto,,,,,,,,,,,,,,,,,,,,,,,,,,,,,,,,,,,,,,,,,,,,,,,,,,,,,,,,,,,,,,,,,,,,,,,
PMT voltage (V)                   1000,,,,,,,,,,,,,,,,,,,,,,,,,,,,,,,,,,,,,,,,,,,,,,,,,,,,,,,,,,,,,,,,,,,,,,,
Wellplate                         ON,,,,,,,,,,,,,,,,,,,,,,,,,,,,,,,,,,,,,,,,,,,,,,,,,,,,,,,,,,,,,,,,,,,,,,,
Plate format                     96 Wells,,,,,,,,,,,,,,,,,,,,,,,,,,,,,,,,,,,,,,,,,,,,,,,,,,,,,,,,,,,,,,,,,,,,,,,
Read position                    Well centre,,,,,,,,,,,,,,,,,,,,,,,,,,,,,,,,,,,,,,,,,,,,,,,,,,,,,,,,,,,,,,,,,,,,,,,
Multi-zero                       OFF,,,,,,,,,,,,,,,,,,,,,,,,,,,,,,,,,,,,,,,,,,,,,,,,,,,,,,,,,,,,,,,,,,,,,,,
Auto-zero                        OFF,,,,,,,,,,,,,,,,,,,,,,,,,,,,,,,,,,,,,,,,,,,,,,,,,,,,,,,,,,,,,,,,,,,,,,,
Well                            A1,,,,,,,,,,,,,,,,,,,,,,,,,,,,,,,,,,,,,,,,,,,,,,,,,,,,,,,,,,,,,,,,,,,,,,,
Comments:,,,,,,,,,,,,,,,,,,,,,,,,,,,,,,,,,,,,,,,,,,,,,,,,,,,,,,,,,,,,,,,,,,,,,,,
Method Log     :,,,,,,,,,,,,,,,,,,,,,,,,,,,,,,,,,,,,,,,,,,,,,,,,,,,,,,,,,,,,,,,,,,,,,,,
Method Name    : Default,,,,,,,,,,,,,,,,,,,,,,,,,,,,,,,,,,,,,,,,,,,,,,,,,,,,,,,,,,,,,,,,,,,,,,,
Date/Time stamp: 15-Aug-23 2:52:18 PM,,,,,,,,,,,,,,,,,,,,,,,,,,,,,,,,,,,,,,,,,,,,,,,,,,,,,,,,,,,,,,,,,,,,,,,
Method Modifications:,,,,,,,,,,,,,,,,,,,,,,,,,,,,,,,,,,,,,,,,,,,,,,,,,,,,,,,,,,,,,,,,,,,,,,,
Wellplate Overlay Mode Changed: 15-Aug-23 2:52:19 PM, Old:Individual, New:Choice 1,,,,,,,,,,,,,,,,,,,,,,,,,,,,,,,,,,,,,,,,,,,,,,,,,,,,,,,,,,,,,,,,,,,,,
Wellplate Overlay Mode Changed: 15-Aug-23 2:52:19 PM, Old:Overlay all, New:Choice 2,,,,,,,,,,,,,,,,,,,,,,,,,,,,,,,,,,,,,,,,,,,,,,,,,,,,,,,,,,,,,,,,,,,,,
Wellplate Overlay Mode Changed: 15-Aug-23 2:52:19 PM, Old:Overlay rows, New:Choice 3,,,,,,,,,,,,,,,,,,,,,,,,,,,,,,,,,,,,,,,,,,,,,,,,,,,,,,,,,,,,,,,,,,,,,
Wellplate Overlay Mode Changed: 15-Aug-23 2:52:19 PM, Old:Overlay columns, New:Choice 4,,,,,,,,,,,,,,,,,,,,,,,,,,,,,,,,,,,,,,,,,,,,,,,,,,,,,,,,,,,,,,,,,,,,,
Wellplate Overlay Mode Changed: 15-Aug-23 2:52:19 PM, Old:User defined, New:Overlay columns,,,,,,,,,,,,,,,,,,,,,,,,,,,,,,,,,,,,,,,,,,,,,,,,,,,,,,,,,,,,,,,,,,,,,
Well plate reader Changed: 15-Aug-23 2:52:50 PM, Old:OFF, New:ON,,,,,,,,,,,,,,,,,,,,,,,,,,,,,,,,,,,,,,,,,,,,,,,,,,,,,,,,,,,,,,,,,,,,,
Wellplate Samples Changed: 15-Aug-23 2:52:50 PM, Old:, New:A1;A2;A3;A4;A5;A6;B1;B2;B3;B4;B5;B6;C1;C2;C3;C4;C5;C6;,,,,,,,,,,,,,,,,,,,,,,,,,,,,,,,,,,,,,,,,,,,,,,,,,,,,,,,,,,,,,,,,,,,,,
PMT Volts Changed: 15-Aug-23 2:54:11 PM, Old:600, New:1000,,,,,,,,,,,,,,,,,,,,,,,,,,,,,,,,,,,,,,,,,,,,,,,,,,,,,,,,,,,,,,,,,,,,,
Multiwavelength Changed: 15-Aug-23 2:54:11 PM, Old:OFF, New:ON,,,,,,,,,,,,,,,,,,,,,,,,,,,,,,,,,,,,,,,,,,,,,,,,,,,,,,,,,,,,,,,,,,,,,
Excitation Wavelengths 1 Changed: 15-Aug-23 2:54:11 PM, Old:   350.0000, New:   555.0000,,,,,,,,,,,,,,,,,,,,,,,,,,,,,,,,,,,,,,,,,,,,,,,,,,,,,,,,,,,,,,,,,,,,,
Emission Wavelengths 1 Changed: 15-Aug-23 2:54:11 PM, Old:   450.0000, New:   565.0000,,,,,,,,,,,,,,,,,,,,,,,,,,,,,,,,,,,,,,,,,,,,,,,,,,,,,,,,,,,,,,,,,,,,,
Excitation Wavelengths 2 Changed: 15-Aug-23 2:54:11 PM, Old:   360.0000, New:   555.0000,,,,,,,,,,,,,,,,,,,,,,,,,,,,,,,,,,,,,,,,,,,,,,,,,,,,,,,,,,,,,,,,,,,,,
Emission Wavelengths 2 Changed: 15-Aug-23 2:54:11 PM, Old:   460.0000, New:   665.0000,,,,,,,,,,,,,,,,,,,,,,,,,,,,,,,,,,,,,,,,,,,,,,,,,,,,,,,,,,,,,,,,,,,,,
Excitation Wavelength Changed: 15-Aug-23 2:54:11 PM, Old: 400.00, New: 555.00,,,,,,,,,,,,,,,,,,,,,,,,,,,,,,,,,,,,,,,,,,,,,,,,,,,,,,,,,,,,,,,,,,,,,
Emission Wavelength Changed: 15-Aug-23 2:54:11 PM, Old: 600.00, New: 565.00,,,,,,,,,,,,,,,,,,,,,,,,,,,,,,,,,,,,,,,,,,,,,,,,,,,,,,,,,,,,,,,,,,,,,
Cycle Time 1 Changed: 15-Aug-23 2:54:11 PM, Old: 0.0000, New: 0.5000,,,,,,,,,,,,,,,,,,,,,,,,,,,,,,,,,,,,,,,,,,,,,,,,,,,,,,,,,,,,,,,,,,,,,
Emission PMT (V): Changed: 15-Aug-23 2:54:11 PM, Old: 600, New:1000,,,,,,,,,,,,,,,,,,,,,,,,,,,,,,,,,,,,,,,,,,,,,,,,,,,,,,,,,,,,,,,,,,,,,
Emission Wavelengths 1 Changed: 15-Aug-23 2:57:34 PM, Old:   565.0000, New:   570.0000,,,,,,,,,,,,,,,,,,,,,,,,,,,,,,,,,,,,,,,,,,,,,,,,,,,,,,,,,,,,,,,,,,,,,
Emission Wavelength Changed: 15-Aug-23 2:57:34 PM, Old: 565.00, New: 570.00,,,,,,,,,,,,,,,,,,,,,,,,,,,,,,,,,,,,,,,,,,,,,,,,,,,,,,,,,,,,,,,,,,,,,
Ave. time (s): Changed: 15-Aug-23 3:00:07 PM, Old:0.10000, New:0.25000,,,,,,,,,,,,,,,,,,,,,,,,,,,,,,,,,,,,,,,,,,,,,,,,,,,,,,,,,,,,,,,,,,,,,
Cycle Time 1 Changed: 15-Aug-23 3:03:28 PM, Old: 0.5000, New: 1.0000,,,,,,,,,,,,,,,,,,,,,,,,,,,,,,,,,,,,,,,,,,,,,,,,,,,,,,,,,,,,,,,,,,,,,
Stop Time 1 Changed: 15-Aug-23 3:03:28 PM, Old: 1.0000, New:90.0000,,,,,,,,,,,,,,,,,,,,,,,,,,,,,,,,,,,,,,,,,,,,,,,,,,,,,,,,,,,,,,,,,,,,,
End Method Modifications,,,,,,,,,,,,,,,,,,,,,,,,,,,,,,,,,,,,,,,,,,,,,,,,,,,,,,,,,,,,,,,,,,,,,,,
,,,,,,,,,,,,,,,,,,,,,,,,,,,,,,,,,,,,,,,,,,,,,,,,,,,,,,,,,,,,,,,,,,,,,,,
Sample B1_Ex555_Em665,,,,,,,,,,,,,,,,,,,,,,,,,,,,,,,,,,,,,,,,,,,,,,,,,,,,,,,,,,,,,,,,,,,,,,,
Sample B1_Ex555_Em665,,,,,,,,,,,,,,,,,,,,,,,,,,,,,,,,,,,,,,,,,,,,,,,,,,,,,,,,,,,,,,,,,,,,,,,
Collection Time: 15-Aug-23 3:04:44 PM,,,,,,,,,,,,,,,,,,,,,,,,,,,,,,,,,,,,,,,,,,,,,,,,,,,,,,,,,,,,,,,,,,,,,,,
Operator Name  :,,,,,,,,,,,,,,,,,,,,,,,,,,,,,,,,,,,,,,,,,,,,,,,,,,,,,,,,,,,,,,,,,,,,,,,
Kinetics Software Version: 1.2(146),,,,,,,,,,,,,,,,,,,,,,,,,,,,,,,,,,,,,,,,,,,,,,,,,,,,,,,,,,,,,,,,,,,,,,,
Parameter List :,,,,,,,,,,,,,,,,,,,,,,,,,,,,,,,,,,,,,,,,,,,,,,,,,,,,,,,,,,,,,,,,,,,,,,,
Report Time: Tue 15 Aug 03:04:44 PM 2023,,,,,,,,,,,,,,,,,,,,,,,,,,,,,,,,,,,,,,,,,,,,,,,,,,,,,,,,,,,,,,,,,,,,,,,
Software version: 1.2(146),,,,,,,,,,,,,,,,,,,,,,,,,,,,,,,,,,,,,,,,,,,,,,,,,,,,,,,,,,,,,,,,,,,,,,,
Operator:,,,,,,,,,,,,,,,,,,,,,,,,,,,,,,,,,,,,,,,,,,,,,,,,,,,,,,,,,,,,,,,,,,,,,,,
Instrument Parameters,,,,,,,,,,,,,,,,,,,,,,,,,,,,,,,,,,,,,,,,,,,,,,,,,,,,,,,,,,,,,,,,,,,,,,,
Instrument                        Cary Eclipse,,,,,,,,,,,,,,,,,,,,,,,,,,,,,,,,,,,,,,,,,,,,,,,,,,,,,,,,,,,,,,,,,,,,,,,
Instrument Serial Number          MY18160001,,,,,,,,,,,,,,,,,,,,,,,,,,,,,,,,,,,,,,,,,,,,,,,,,,,,,,,,,,,,,,,,,,,,,,,
Data mode                         Fluorescence,,,,,,,,,,,,,,,,,,,,,,,,,,,,,,,,,,,,,,,,,,,,,,,,,,,,,,,,,,,,,,,,,,,,,,,
Ex. wavelengths (nm)              555.0000 ; 555.0000,,,,,,,,,,,,,,,,,,,,,,,,,,,,,,,,,,,,,,,,,,,,,,,,,,,,,,,,,,,,,,,,,,,,,,,
Em. wavelengths (nm)              570.0000 ; 665.0000,,,,,,,,,,,,,,,,,,,,,,,,,,,,,,,,,,,,,,,,,,,,,,,,,,,,,,,,,,,,,,,,,,,,,,,
Ex. Slit (nm)                     5,,,,,,,,,,,,,,,,,,,,,,,,,,,,,,,,,,,,,,,,,,,,,,,,,,,,,,,,,,,,,,,,,,,,,,,
Em. Slit (nm)                     5,,,,,,,,,,,,,,,,,,,,,,,,,,,,,,,,,,,,,,,,,,,,,,,,,,,,,,,,,,,,,,,,,,,,,,,
Averaging Time (s)                0.2500,,,,,,,,,,,,,,,,,,,,,,,,,,,,,,,,,,,,,,,,,,,,,,,,,,,,,,,,,,,,,,,,,,,,,,,
Cycle time(min)                   1.0000,,,,,,,,,,,,,,,,,,,,,,,,,,,,,,,,,,,,,,,,,,,,,,,,,,,,,,,,,,,,,,,,,,,,,,,
Stop time(min)                    90.0000,,,,,,,,,,,,,,,,,,,,,,,,,,,,,,,,,,,,,,,,,,,,,,,,,,,,,,,,,,,,,,,,,,,,,,,
Emission filter                   Open,,,,,,,,,,,,,,,,,,,,,,,,,,,,,,,,,,,,,,,,,,,,,,,,,,,,,,,,,,,,,,,,,,,,,,,
Excitation Filter                 Auto,,,,,,,,,,,,,,,,,,,,,,,,,,,,,,,,,,,,,,,,,,,,,,,,,,,,,,,,,,,,,,,,,,,,,,,
PMT voltage (V)                   1000,,,,,,,,,,,,,,,,,,,,,,,,,,,,,,,,,,,,,,,,,,,,,,,,,,,,,,,,,,,,,,,,,,,,,,,
Wellplate                         ON,,,,,,,,,,,,,,,,,,,,,,,,,,,,,,,,,,,,,,,,,,,,,,,,,,,,,,,,,,,,,,,,,,,,,,,
Plate format                     96 Wells,,,,,,,,,,,,,,,,,,,,,,,,,,,,,,,,,,,,,,,,,,,,,,,,,,,,,,,,,,,,,,,,,,,,,,,
Read position                    Well centre,,,,,,,,,,,,,,,,,,,,,,,,,,,,,,,,,,,,,,,,,,,,,,,,,,,,,,,,,,,,,,,,,,,,,,,
Multi-zero                       OFF,,,,,,,,,,,,,,,,,,,,,,,,,,,,,,,,,,,,,,,,,,,,,,,,,,,,,,,,,,,,,,,,,,,,,,,
Auto-zero                        OFF,,,,,,,,,,,,,,,,,,,,,,,,,,,,,,,,,,,,,,,,,,,,,,,,,,,,,,,,,,,,,,,,,,,,,,,
Well                            A1,,,,,,,,,,,,,,,,,,,,,,,,,,,,,,,,,,,,,,,,,,,,,,,,,,,,,,,,,,,,,,,,,,,,,,,
Comments:,,,,,,,,,,,,,,,,,,,,,,,,,,,,,,,,,,,,,,,,,,,,,,,,,,,,,,,,,,,,,,,,,,,,,,,
Method Log     :,,,,,,,,,,,,,,,,,,,,,,,,,,,,,,,,,,,,,,,,,,,,,,,,,,,,,,,,,,,,,,,,,,,,,,,
Method Name    : Default,,,,,,,,,,,,,,,,,,,,,,,,,,,,,,,,,,,,,,,,,,,,,,,,,,,,,,,,,,,,,,,,,,,,,,,
Date/Time stamp: 15-Aug-23 2:52:18 PM,,,,,,,,,,,,,,,,,,,,,,,,,,,,,,,,,,,,,,,,,,,,,,,,,,,,,,,,,,,,,,,,,,,,,,,
Method Modifications:,,,,,,,,,,,,,,,,,,,,,,,,,,,,,,,,,,,,,,,,,,,,,,,,,,,,,,,,,,,,,,,,,,,,,,,
Wellplate Overlay Mode Changed: 15-Aug-23 2:52:19 PM, Old:Individual, New:Choice 1,,,,,,,,,,,,,,,,,,,,,,,,,,,,,,,,,,,,,,,,,,,,,,,,,,,,,,,,,,,,,,,,,,,,,
Wellplate Overlay Mode Changed: 15-Aug-23 2:52:19 PM, Old:Overlay all, New:Choice 2,,,,,,,,,,,,,,,,,,,,,,,,,,,,,,,,,,,,,,,,,,,,,,,,,,,,,,,,,,,,,,,,,,,,,
Wellplate Overlay Mode Changed: 15-Aug-23 2:52:19 PM, Old:Overlay rows, New:Choice 3,,,,,,,,,,,,,,,,,,,,,,,,,,,,,,,,,,,,,,,,,,,,,,,,,,,,,,,,,,,,,,,,,,,,,
Wellplate Overlay Mode Changed: 15-Aug-23 2:52:19 PM, Old:Overlay columns, New:Choice 4,,,,,,,,,,,,,,,,,,,,,,,,,,,,,,,,,,,,,,,,,,,,,,,,,,,,,,,,,,,,,,,,,,,,,
Wellplate Overlay Mode Changed: 15-Aug-23 2:52:19 PM, Old:User defined, New:Overlay columns,,,,,,,,,,,,,,,,,,,,,,,,,,,,,,,,,,,,,,,,,,,,,,,,,,,,,,,,,,,,,,,,,,,,,
Well plate reader Changed: 15-Aug-23 2:52:50 PM, Old:OFF, New:ON,,,,,,,,,,,,,,,,,,,,,,,,,,,,,,,,,,,,,,,,,,,,,,,,,,,,,,,,,,,,,,,,,,,,,
Wellplate Samples Changed: 15-Aug-23 2:52:50 PM, Old:, New:A1;A2;A3;A4;A5;A6;B1;B2;B3;B4;B5;B6;C1;C2;C3;C4;C5;C6;,,,,,,,,,,,,,,,,,,,,,,,,,,,,,,,,,,,,,,,,,,,,,,,,,,,,,,,,,,,,,,,,,,,,,
PMT Volts Changed: 15-Aug-23 2:54:11 PM, Old:600, New:1000,,,,,,,,,,,,,,,,,,,,,,,,,,,,,,,,,,,,,,,,,,,,,,,,,,,,,,,,,,,,,,,,,,,,,
Multiwavelength Changed: 15-Aug-23 2:54:11 PM, Old:OFF, New:ON,,,,,,,,,,,,,,,,,,,,,,,,,,,,,,,,,,,,,,,,,,,,,,,,,,,,,,,,,,,,,,,,,,,,,
Excitation Wavelengths 1 Changed: 15-Aug-23 2:54:11 PM, Old:   350.0000, New:   555.0000,,,,,,,,,,,,,,,,,,,,,,,,,,,,,,,,,,,,,,,,,,,,,,,,,,,,,,,,,,,,,,,,,,,,,
Emission Wavelengths 1 Changed: 15-Aug-23 2:54:11 PM, Old:   450.0000, New:   565.0000,,,,,,,,,,,,,,,,,,,,,,,,,,,,,,,,,,,,,,,,,,,,,,,,,,,,,,,,,,,,,,,,,,,,,
Excitation Wavelengths 2 Changed: 15-Aug-23 2:54:11 PM, Old:   360.0000, New:   555.0000,,,,,,,,,,,,,,,,,,,,,,,,,,,,,,,,,,,,,,,,,,,,,,,,,,,,,,,,,,,,,,,,,,,,,
Emission Wavelengths 2 Changed: 15-Aug-23 2:54:11 PM, Old:   460.0000, New:   665.0000,,,,,,,,,,,,,,,,,,,,,,,,,,,,,,,,,,,,,,,,,,,,,,,,,,,,,,,,,,,,,,,,,,,,,
Excitation Wavelength Changed: 15-Aug-23 2:54:11 PM, Old: 400.00, New: 555.00,,,,,,,,,,,,,,,,,,,,,,,,,,,,,,,,,,,,,,,,,,,,,,,,,,,,,,,,,,,,,,,,,,,,,
Emission Wavelength Changed: 15-Aug-23 2:54:11 PM, Old: 600.00, New: 565.00,,,,,,,,,,,,,,,,,,,,,,,,,,,,,,,,,,,,,,,,,,,,,,,,,,,,,,,,,,,,,,,,,,,,,
Cycle Time 1 Changed: 15-Aug-23 2:54:11 PM, Old: 0.0000, New: 0.5000,,,,,,,,,,,,,,,,,,,,,,,,,,,,,,,,,,,,,,,,,,,,,,,,,,,,,,,,,,,,,,,,,,,,,
Emission PMT (V): Changed: 15-Aug-23 2:54:11 PM, Old: 600, New:1000,,,,,,,,,,,,,,,,,,,,,,,,,,,,,,,,,,,,,,,,,,,,,,,,,,,,,,,,,,,,,,,,,,,,,
Emission Wavelengths 1 Changed: 15-Aug-23 2:57:34 PM, Old:   565.0000, New:   570.0000,,,,,,,,,,,,,,,,,,,,,,,,,,,,,,,,,,,,,,,,,,,,,,,,,,,,,,,,,,,,,,,,,,,,,
Emission Wavelength Changed: 15-Aug-23 2:57:34 PM, Old: 565.00, New: 570.00,,,,,,,,,,,,,,,,,,,,,,,,,,,,,,,,,,,,,,,,,,,,,,,,,,,,,,,,,,,,,,,,,,,,,
Ave. time (s): Changed: 15-Aug-23 3:00:07 PM, Old:0.10000, New:0.25000,,,,,,,,,,,,,,,,,,,,,,,,,,,,,,,,,,,,,,,,,,,,,,,,,,,,,,,,,,,,,,,,,,,,,
Cycle Time 1 Changed: 15-Aug-23 3:03:28 PM, Old: 0.5000, New: 1.0000,,,,,,,,,,,,,,,,,,,,,,,,,,,,,,,,,,,,,,,,,,,,,,,,,,,,,,,,,,,,,,,,,,,,,
Stop Time 1 Changed: 15-Aug-23 3:03:28 PM, Old: 1.0000, New:90.0000,,,,,,,,,,,,,,,,,,,,,,,,,,,,,,,,,,,,,,,,,,,,,,,,,,,,,,,,,,,,,,,,,,,,,
End Method Modifications,,,,,,,,,,,,,,,,,,,,,,,,,,,,,,,,,,,,,,,,,,,,,,,,,,,,,,,,,,,,,,,,,,,,,,,
,,,,,,,,,,,,,,,,,,,,,,,,,,,,,,,,,,,,,,,,,,,,,,,,,,,,,,,,,,,,,,,,,,,,,,,
Sample B2_Ex555_Em570,,,,,,,,,,,,,,,,,,,,,,,,,,,,,,,,,,,,,,,,,,,,,,,,,,,,,,,,,,,,,,,,,,,,,,,
Sample B2_Ex555_Em570,,,,,,,,,,,,,,,,,,,,,,,,,,,,,,,,,,,,,,,,,,,,,,,,,,,,,,,,,,,,,,,,,,,,,,,
Collection Time: 15-Aug-23 3:04:44 PM,,,,,,,,,,,,,,,,,,,,,,,,,,,,,,,,,,,,,,,,,,,,,,,,,,,,,,,,,,,,,,,,,,,,,,,
Operator Name  :,,,,,,,,,,,,,,,,,,,,,,,,,,,,,,,,,,,,,,,,,,,,,,,,,,,,,,,,,,,,,,,,,,,,,,,
Kinetics Software Version: 1.2(146),,,,,,,,,,,,,,,,,,,,,,,,,,,,,,,,,,,,,,,,,,,,,,,,,,,,,,,,,,,,,,,,,,,,,,,
Parameter List :,,,,,,,,,,,,,,,,,,,,,,,,,,,,,,,,,,,,,,,,,,,,,,,,,,,,,,,,,,,,,,,,,,,,,,,
Report Time: Tue 15 Aug 03:04:44 PM 2023,,,,,,,,,,,,,,,,,,,,,,,,,,,,,,,,,,,,,,,,,,,,,,,,,,,,,,,,,,,,,,,,,,,,,,,
Software version: 1.2(146),,,,,,,,,,,,,,,,,,,,,,,,,,,,,,,,,,,,,,,,,,,,,,,,,,,,,,,,,,,,,,,,,,,,,,,
Operator:,,,,,,,,,,,,,,,,,,,,,,,,,,,,,,,,,,,,,,,,,,,,,,,,,,,,,,,,,,,,,,,,,,,,,,,
Instrument Parameters,,,,,,,,,,,,,,,,,,,,,,,,,,,,,,,,,,,,,,,,,,,,,,,,,,,,,,,,,,,,,,,,,,,,,,,
Instrument                        Cary Eclipse,,,,,,,,,,,,,,,,,,,,,,,,,,,,,,,,,,,,,,,,,,,,,,,,,,,,,,,,,,,,,,,,,,,,,,,
Instrument Serial Number          MY18160001,,,,,,,,,,,,,,,,,,,,,,,,,,,,,,,,,,,,,,,,,,,,,,,,,,,,,,,,,,,,,,,,,,,,,,,
Data mode                         Fluorescence,,,,,,,,,,,,,,,,,,,,,,,,,,,,,,,,,,,,,,,,,,,,,,,,,,,,,,,,,,,,,,,,,,,,,,,
Ex. wavelengths (nm)              555.0000 ; 555.0000,,,,,,,,,,,,,,,,,,,,,,,,,,,,,,,,,,,,,,,,,,,,,,,,,,,,,,,,,,,,,,,,,,,,,,,
Em. wavelengths (nm)              570.0000 ; 665.0000,,,,,,,,,,,,,,,,,,,,,,,,,,,,,,,,,,,,,,,,,,,,,,,,,,,,,,,,,,,,,,,,,,,,,,,
Ex. Slit (nm)                     5,,,,,,,,,,,,,,,,,,,,,,,,,,,,,,,,,,,,,,,,,,,,,,,,,,,,,,,,,,,,,,,,,,,,,,,
Em. Slit (nm)                     5,,,,,,,,,,,,,,,,,,,,,,,,,,,,,,,,,,,,,,,,,,,,,,,,,,,,,,,,,,,,,,,,,,,,,,,
Averaging Time (s)                0.2500,,,,,,,,,,,,,,,,,,,,,,,,,,,,,,,,,,,,,,,,,,,,,,,,,,,,,,,,,,,,,,,,,,,,,,,
Cycle time(min)                   1.0000,,,,,,,,,,,,,,,,,,,,,,,,,,,,,,,,,,,,,,,,,,,,,,,,,,,,,,,,,,,,,,,,,,,,,,,
Stop time(min)                    90.0000,,,,,,,,,,,,,,,,,,,,,,,,,,,,,,,,,,,,,,,,,,,,,,,,,,,,,,,,,,,,,,,,,,,,,,,
Emission filter                   Open,,,,,,,,,,,,,,,,,,,,,,,,,,,,,,,,,,,,,,,,,,,,,,,,,,,,,,,,,,,,,,,,,,,,,,,
Excitation Filter                 Auto,,,,,,,,,,,,,,,,,,,,,,,,,,,,,,,,,,,,,,,,,,,,,,,,,,,,,,,,,,,,,,,,,,,,,,,
PMT voltage (V)                   1000,,,,,,,,,,,,,,,,,,,,,,,,,,,,,,,,,,,,,,,,,,,,,,,,,,,,,,,,,,,,,,,,,,,,,,,
Wellplate                         ON,,,,,,,,,,,,,,,,,,,,,,,,,,,,,,,,,,,,,,,,,,,,,,,,,,,,,,,,,,,,,,,,,,,,,,,
Plate format                     96 Wells,,,,,,,,,,,,,,,,,,,,,,,,,,,,,,,,,,,,,,,,,,,,,,,,,,,,,,,,,,,,,,,,,,,,,,,
Read position                    Well centre,,,,,,,,,,,,,,,,,,,,,,,,,,,,,,,,,,,,,,,,,,,,,,,,,,,,,,,,,,,,,,,,,,,,,,,
Multi-zero                       OFF,,,,,,,,,,,,,,,,,,,,,,,,,,,,,,,,,,,,,,,,,,,,,,,,,,,,,,,,,,,,,,,,,,,,,,,
Auto-zero                        OFF,,,,,,,,,,,,,,,,,,,,,,,,,,,,,,,,,,,,,,,,,,,,,,,,,,,,,,,,,,,,,,,,,,,,,,,
Well                            A1,,,,,,,,,,,,,,,,,,,,,,,,,,,,,,,,,,,,,,,,,,,,,,,,,,,,,,,,,,,,,,,,,,,,,,,
Comments:,,,,,,,,,,,,,,,,,,,,,,,,,,,,,,,,,,,,,,,,,,,,,,,,,,,,,,,,,,,,,,,,,,,,,,,
Method Log     :,,,,,,,,,,,,,,,,,,,,,,,,,,,,,,,,,,,,,,,,,,,,,,,,,,,,,,,,,,,,,,,,,,,,,,,
Method Name    : Default,,,,,,,,,,,,,,,,,,,,,,,,,,,,,,,,,,,,,,,,,,,,,,,,,,,,,,,,,,,,,,,,,,,,,,,
Date/Time stamp: 15-Aug-23 2:52:18 PM,,,,,,,,,,,,,,,,,,,,,,,,,,,,,,,,,,,,,,,,,,,,,,,,,,,,,,,,,,,,,,,,,,,,,,,
Method Modifications:,,,,,,,,,,,,,,,,,,,,,,,,,,,,,,,,,,,,,,,,,,,,,,,,,,,,,,,,,,,,,,,,,,,,,,,
Wellplate Overlay Mode Changed: 15-Aug-23 2:52:19 PM, Old:Individual, New:Choice 1,,,,,,,,,,,,,,,,,,,,,,,,,,,,,,,,,,,,,,,,,,,,,,,,,,,,,,,,,,,,,,,,,,,,,
Wellplate Overlay Mode Changed: 15-Aug-23 2:52:19 PM, Old:Overlay all, New:Choice 2,,,,,,,,,,,,,,,,,,,,,,,,,,,,,,,,,,,,,,,,,,,,,,,,,,,,,,,,,,,,,,,,,,,,,
Wellplate Overlay Mode Changed: 15-Aug-23 2:52:19 PM, Old:Overlay rows, New:Choice 3,,,,,,,,,,,,,,,,,,,,,,,,,,,,,,,,,,,,,,,,,,,,,,,,,,,,,,,,,,,,,,,,,,,,,
Wellplate Overlay Mode Changed: 15-Aug-23 2:52:19 PM, Old:Overlay columns, New:Choice 4,,,,,,,,,,,,,,,,,,,,,,,,,,,,,,,,,,,,,,,,,,,,,,,,,,,,,,,,,,,,,,,,,,,,,
Wellplate Overlay Mode Changed: 15-Aug-23 2:52:19 PM, Old:User defined, New:Overlay columns,,,,,,,,,,,,,,,,,,,,,,,,,,,,,,,,,,,,,,,,,,,,,,,,,,,,,,,,,,,,,,,,,,,,,
Well plate reader Changed: 15-Aug-23 2:52:50 PM, Old:OFF, New:ON,,,,,,,,,,,,,,,,,,,,,,,,,,,,,,,,,,,,,,,,,,,,,,,,,,,,,,,,,,,,,,,,,,,,,
Wellplate Samples Changed: 15-Aug-23 2:52:50 PM, Old:, New:A1;A2;A3;A4;A5;A6;B1;B2;B3;B4;B5;B6;C1;C2;C3;C4;C5;C6;,,,,,,,,,,,,,,,,,,,,,,,,,,,,,,,,,,,,,,,,,,,,,,,,,,,,,,,,,,,,,,,,,,,,,
PMT Volts Changed: 15-Aug-23 2:54:11 PM, Old:600, New:1000,,,,,,,,,,,,,,,,,,,,,,,,,,,,,,,,,,,,,,,,,,,,,,,,,,,,,,,,,,,,,,,,,,,,,
Multiwavelength Changed: 15-Aug-23 2:54:11 PM, Old:OFF, New:ON,,,,,,,,,,,,,,,,,,,,,,,,,,,,,,,,,,,,,,,,,,,,,,,,,,,,,,,,,,,,,,,,,,,,,
Excitation Wavelengths 1 Changed: 15-Aug-23 2:54:11 PM, Old:   350.0000, New:   555.0000,,,,,,,,,,,,,,,,,,,,,,,,,,,,,,,,,,,,,,,,,,,,,,,,,,,,,,,,,,,,,,,,,,,,,
Emission Wavelengths 1 Changed: 15-Aug-23 2:54:11 PM, Old:   450.0000, New:   565.0000,,,,,,,,,,,,,,,,,,,,,,,,,,,,,,,,,,,,,,,,,,,,,,,,,,,,,,,,,,,,,,,,,,,,,
Excitation Wavelengths 2 Changed: 15-Aug-23 2:54:11 PM, Old:   360.0000, New:   555.0000,,,,,,,,,,,,,,,,,,,,,,,,,,,,,,,,,,,,,,,,,,,,,,,,,,,,,,,,,,,,,,,,,,,,,
Emission Wavelengths 2 Changed: 15-Aug-23 2:54:11 PM, Old:   460.0000, New:   665.0000,,,,,,,,,,,,,,,,,,,,,,,,,,,,,,,,,,,,,,,,,,,,,,,,,,,,,,,,,,,,,,,,,,,,,
Excitation Wavelength Changed: 15-Aug-23 2:54:11 PM, Old: 400.00, New: 555.00,,,,,,,,,,,,,,,,,,,,,,,,,,,,,,,,,,,,,,,,,,,,,,,,,,,,,,,,,,,,,,,,,,,,,
Emission Wavelength Changed: 15-Aug-23 2:54:11 PM, Old: 600.00, New: 565.00,,,,,,,,,,,,,,,,,,,,,,,,,,,,,,,,,,,,,,,,,,,,,,,,,,,,,,,,,,,,,,,,,,,,,
Cycle Time 1 Changed: 15-Aug-23 2:54:11 PM, Old: 0.0000, New: 0.5000,,,,,,,,,,,,,,,,,,,,,,,,,,,,,,,,,,,,,,,,,,,,,,,,,,,,,,,,,,,,,,,,,,,,,
Emission PMT (V): Changed: 15-Aug-23 2:54:11 PM, Old: 600, New:1000,,,,,,,,,,,,,,,,,,,,,,,,,,,,,,,,,,,,,,,,,,,,,,,,,,,,,,,,,,,,,,,,,,,,,
Emission Wavelengths 1 Changed: 15-Aug-23 2:57:34 PM, Old:   565.0000, New:   570.0000,,,,,,,,,,,,,,,,,,,,,,,,,,,,,,,,,,,,,,,,,,,,,,,,,,,,,,,,,,,,,,,,,,,,,
Emission Wavelength Changed: 15-Aug-23 2:57:34 PM, Old: 565.00, New: 570.00,,,,,,,,,,,,,,,,,,,,,,,,,,,,,,,,,,,,,,,,,,,,,,,,,,,,,,,,,,,,,,,,,,,,,
Ave. time (s): Changed: 15-Aug-23 3:00:07 PM, Old:0.10000, New:0.25000,,,,,,,,,,,,,,,,,,,,,,,,,,,,,,,,,,,,,,,,,,,,,,,,,,,,,,,,,,,,,,,,,,,,,
Cycle Time 1 Changed: 15-Aug-23 3:03:28 PM, Old: 0.5000, New: 1.0000,,,,,,,,,,,,,,,,,,,,,,,,,,,,,,,,,,,,,,,,,,,,,,,,,,,,,,,,,,,,,,,,,,,,,
Stop Time 1 Changed: 15-Aug-23 3:03:28 PM, Old: 1.0000, New:90.0000,,,,,,,,,,,,,,,,,,,,,,,,,,,,,,,,,,,,,,,,,,,,,,,,,,,,,,,,,,,,,,,,,,,,,
End Method Modifications,,,,,,,,,,,,,,,,,,,,,,,,,,,,,,,,,,,,,,,,,,,,,,,,,,,,,,,,,,,,,,,,,,,,,,,
,,,,,,,,,,,,,,,,,,,,,,,,,,,,,,,,,,,,,,,,,,,,,,,,,,,,,,,,,,,,,,,,,,,,,,,
Sample B2_Ex555_Em665,,,,,,,,,,,,,,,,,,,,,,,,,,,,,,,,,,,,,,,,,,,,,,,,,,,,,,,,,,,,,,,,,,,,,,,
Sample B2_Ex555_Em665,,,,,,,,,,,,,,,,,,,,,,,,,,,,,,,,,,,,,,,,,,,,,,,,,,,,,,,,,,,,,,,,,,,,,,,
Collection Time: 15-Aug-23 3:04:44 PM,,,,,,,,,,,,,,,,,,,,,,,,,,,,,,,,,,,,,,,,,,,,,,,,,,,,,,,,,,,,,,,,,,,,,,,
Operator Name  :,,,,,,,,,,,,,,,,,,,,,,,,,,,,,,,,,,,,,,,,,,,,,,,,,,,,,,,,,,,,,,,,,,,,,,,
Kinetics Software Version: 1.2(146),,,,,,,,,,,,,,,,,,,,,,,,,,,,,,,,,,,,,,,,,,,,,,,,,,,,,,,,,,,,,,,,,,,,,,,
Parameter List :,,,,,,,,,,,,,,,,,,,,,,,,,,,,,,,,,,,,,,,,,,,,,,,,,,,,,,,,,,,,,,,,,,,,,,,
Report Time: Tue 15 Aug 03:04:44 PM 2023,,,,,,,,,,,,,,,,,,,,,,,,,,,,,,,,,,,,,,,,,,,,,,,,,,,,,,,,,,,,,,,,,,,,,,,
Software version: 1.2(146),,,,,,,,,,,,,,,,,,,,,,,,,,,,,,,,,,,,,,,,,,,,,,,,,,,,,,,,,,,,,,,,,,,,,,,
Operator:,,,,,,,,,,,,,,,,,,,,,,,,,,,,,,,,,,,,,,,,,,,,,,,,,,,,,,,,,,,,,,,,,,,,,,,
Instrument Parameters,,,,,,,,,,,,,,,,,,,,,,,,,,,,,,,,,,,,,,,,,,,,,,,,,,,,,,,,,,,,,,,,,,,,,,,
Instrument                        Cary Eclipse,,,,,,,,,,,,,,,,,,,,,,,,,,,,,,,,,,,,,,,,,,,,,,,,,,,,,,,,,,,,,,,,,,,,,,,
Instrument Serial Number          MY18160001,,,,,,,,,,,,,,,,,,,,,,,,,,,,,,,,,,,,,,,,,,,,,,,,,,,,,,,,,,,,,,,,,,,,,,,
Data mode                         Fluorescence,,,,,,,,,,,,,,,,,,,,,,,,,,,,,,,,,,,,,,,,,,,,,,,,,,,,,,,,,,,,,,,,,,,,,,,
Ex. wavelengths (nm)              555.0000 ; 555.0000,,,,,,,,,,,,,,,,,,,,,,,,,,,,,,,,,,,,,,,,,,,,,,,,,,,,,,,,,,,,,,,,,,,,,,,
Em. wavelengths (nm)              570.0000 ; 665.0000,,,,,,,,,,,,,,,,,,,,,,,,,,,,,,,,,,,,,,,,,,,,,,,,,,,,,,,,,,,,,,,,,,,,,,,
Ex. Slit (nm)                     5,,,,,,,,,,,,,,,,,,,,,,,,,,,,,,,,,,,,,,,,,,,,,,,,,,,,,,,,,,,,,,,,,,,,,,,
Em. Slit (nm)                     5,,,,,,,,,,,,,,,,,,,,,,,,,,,,,,,,,,,,,,,,,,,,,,,,,,,,,,,,,,,,,,,,,,,,,,,
Averaging Time (s)                0.2500,,,,,,,,,,,,,,,,,,,,,,,,,,,,,,,,,,,,,,,,,,,,,,,,,,,,,,,,,,,,,,,,,,,,,,,
Cycle time(min)                   1.0000,,,,,,,,,,,,,,,,,,,,,,,,,,,,,,,,,,,,,,,,,,,,,,,,,,,,,,,,,,,,,,,,,,,,,,,
Stop time(min)                    90.0000,,,,,,,,,,,,,,,,,,,,,,,,,,,,,,,,,,,,,,,,,,,,,,,,,,,,,,,,,,,,,,,,,,,,,,,
Emission filter                   Open,,,,,,,,,,,,,,,,,,,,,,,,,,,,,,,,,,,,,,,,,,,,,,,,,,,,,,,,,,,,,,,,,,,,,,,
Excitation Filter                 Auto,,,,,,,,,,,,,,,,,,,,,,,,,,,,,,,,,,,,,,,,,,,,,,,,,,,,,,,,,,,,,,,,,,,,,,,
PMT voltage (V)                   1000,,,,,,,,,,,,,,,,,,,,,,,,,,,,,,,,,,,,,,,,,,,,,,,,,,,,,,,,,,,,,,,,,,,,,,,
Wellplate                         ON,,,,,,,,,,,,,,,,,,,,,,,,,,,,,,,,,,,,,,,,,,,,,,,,,,,,,,,,,,,,,,,,,,,,,,,
Plate format                     96 Wells,,,,,,,,,,,,,,,,,,,,,,,,,,,,,,,,,,,,,,,,,,,,,,,,,,,,,,,,,,,,,,,,,,,,,,,
Read position                    Well centre,,,,,,,,,,,,,,,,,,,,,,,,,,,,,,,,,,,,,,,,,,,,,,,,,,,,,,,,,,,,,,,,,,,,,,,
Multi-zero                       OFF,,,,,,,,,,,,,,,,,,,,,,,,,,,,,,,,,,,,,,,,,,,,,,,,,,,,,,,,,,,,,,,,,,,,,,,
Auto-zero                        OFF,,,,,,,,,,,,,,,,,,,,,,,,,,,,,,,,,,,,,,,,,,,,,,,,,,,,,,,,,,,,,,,,,,,,,,,
Well                            A1,,,,,,,,,,,,,,,,,,,,,,,,,,,,,,,,,,,,,,,,,,,,,,,,,,,,,,,,,,,,,,,,,,,,,,,
Comments:,,,,,,,,,,,,,,,,,,,,,,,,,,,,,,,,,,,,,,,,,,,,,,,,,,,,,,,,,,,,,,,,,,,,,,,
Method Log     :,,,,,,,,,,,,,,,,,,,,,,,,,,,,,,,,,,,,,,,,,,,,,,,,,,,,,,,,,,,,,,,,,,,,,,,
Method Name    : Default,,,,,,,,,,,,,,,,,,,,,,,,,,,,,,,,,,,,,,,,,,,,,,,,,,,,,,,,,,,,,,,,,,,,,,,
Date/Time stamp: 15-Aug-23 2:52:18 PM,,,,,,,,,,,,,,,,,,,,,,,,,,,,,,,,,,,,,,,,,,,,,,,,,,,,,,,,,,,,,,,,,,,,,,,
Method Modifications:,,,,,,,,,,,,,,,,,,,,,,,,,,,,,,,,,,,,,,,,,,,,,,,,,,,,,,,,,,,,,,,,,,,,,,,
Wellplate Overlay Mode Changed: 15-Aug-23 2:52:19 PM, Old:Individual, New:Choice 1,,,,,,,,,,,,,,,,,,,,,,,,,,,,,,,,,,,,,,,,,,,,,,,,,,,,,,,,,,,,,,,,,,,,,
Wellplate Overlay Mode Changed: 15-Aug-23 2:52:19 PM, Old:Overlay all, New:Choice 2,,,,,,,,,,,,,,,,,,,,,,,,,,,,,,,,,,,,,,,,,,,,,,,,,,,,,,,,,,,,,,,,,,,,,
Wellplate Overlay Mode Changed: 15-Aug-23 2:52:19 PM, Old:Overlay rows, New:Choice 3,,,,,,,,,,,,,,,,,,,,,,,,,,,,,,,,,,,,,,,,,,,,,,,,,,,,,,,,,,,,,,,,,,,,,
Wellplate Overlay Mode Changed: 15-Aug-23 2:52:19 PM, Old:Overlay columns, New:Choice 4,,,,,,,,,,,,,,,,,,,,,,,,,,,,,,,,,,,,,,,,,,,,,,,,,,,,,,,,,,,,,,,,,,,,,
Wellplate Overlay Mode Changed: 15-Aug-23 2:52:19 PM, Old:User defined, New:Overlay columns,,,,,,,,,,,,,,,,,,,,,,,,,,,,,,,,,,,,,,,,,,,,,,,,,,,,,,,,,,,,,,,,,,,,,
Well plate reader Changed: 15-Aug-23 2:52:50 PM, Old:OFF, New:ON,,,,,,,,,,,,,,,,,,,,,,,,,,,,,,,,,,,,,,,,,,,,,,,,,,,,,,,,,,,,,,,,,,,,,
Wellplate Samples Changed: 15-Aug-23 2:52:50 PM, Old:, New:A1;A2;A3;A4;A5;A6;B1;B2;B3;B4;B5;B6;C1;C2;C3;C4;C5;C6;,,,,,,,,,,,,,,,,,,,,,,,,,,,,,,,,,,,,,,,,,,,,,,,,,,,,,,,,,,,,,,,,,,,,,
PMT Volts Changed: 15-Aug-23 2:54:11 PM, Old:600, New:1000,,,,,,,,,,,,,,,,,,,,,,,,,,,,,,,,,,,,,,,,,,,,,,,,,,,,,,,,,,,,,,,,,,,,,
Multiwavelength Changed: 15-Aug-23 2:54:11 PM, Old:OFF, New:ON,,,,,,,,,,,,,,,,,,,,,,,,,,,,,,,,,,,,,,,,,,,,,,,,,,,,,,,,,,,,,,,,,,,,,
Excitation Wavelengths 1 Changed: 15-Aug-23 2:54:11 PM, Old:   350.0000, New:   555.0000,,,,,,,,,,,,,,,,,,,,,,,,,,,,,,,,,,,,,,,,,,,,,,,,,,,,,,,,,,,,,,,,,,,,,
Emission Wavelengths 1 Changed: 15-Aug-23 2:54:11 PM, Old:   450.0000, New:   565.0000,,,,,,,,,,,,,,,,,,,,,,,,,,,,,,,,,,,,,,,,,,,,,,,,,,,,,,,,,,,,,,,,,,,,,
Excitation Wavelengths 2 Changed: 15-Aug-23 2:54:11 PM, Old:   360.0000, New:   555.0000,,,,,,,,,,,,,,,,,,,,,,,,,,,,,,,,,,,,,,,,,,,,,,,,,,,,,,,,,,,,,,,,,,,,,
Emission Wavelengths 2 Changed: 15-Aug-23 2:54:11 PM, Old:   460.0000, New:   665.0000,,,,,,,,,,,,,,,,,,,,,,,,,,,,,,,,,,,,,,,,,,,,,,,,,,,,,,,,,,,,,,,,,,,,,
Excitation Wavelength Changed: 15-Aug-23 2:54:11 PM, Old: 400.00, New: 555.00,,,,,,,,,,,,,,,,,,,,,,,,,,,,,,,,,,,,,,,,,,,,,,,,,,,,,,,,,,,,,,,,,,,,,
Emission Wavelength Changed: 15-Aug-23 2:54:11 PM, Old: 600.00, New: 565.00,,,,,,,,,,,,,,,,,,,,,,,,,,,,,,,,,,,,,,,,,,,,,,,,,,,,,,,,,,,,,,,,,,,,,
Cycle Time 1 Changed: 15-Aug-23 2:54:11 PM, Old: 0.0000, New: 0.5000,,,,,,,,,,,,,,,,,,,,,,,,,,,,,,,,,,,,,,,,,,,,,,,,,,,,,,,,,,,,,,,,,,,,,
Emission PMT (V): Changed: 15-Aug-23 2:54:11 PM, Old: 600, New:1000,,,,,,,,,,,,,,,,,,,,,,,,,,,,,,,,,,,,,,,,,,,,,,,,,,,,,,,,,,,,,,,,,,,,,
Emission Wavelengths 1 Changed: 15-Aug-23 2:57:34 PM, Old:   565.0000, New:   570.0000,,,,,,,,,,,,,,,,,,,,,,,,,,,,,,,,,,,,,,,,,,,,,,,,,,,,,,,,,,,,,,,,,,,,,
Emission Wavelength Changed: 15-Aug-23 2:57:34 PM, Old: 565.00, New: 570.00,,,,,,,,,,,,,,,,,,,,,,,,,,,,,,,,,,,,,,,,,,,,,,,,,,,,,,,,,,,,,,,,,,,,,
Ave. time (s): Changed: 15-Aug-23 3:00:07 PM, Old:0.10000, New:0.25000,,,,,,,,,,,,,,,,,,,,,,,,,,,,,,,,,,,,,,,,,,,,,,,,,,,,,,,,,,,,,,,,,,,,,
Cycle Time 1 Changed: 15-Aug-23 3:03:28 PM, Old: 0.5000, New: 1.0000,,,,,,,,,,,,,,,,,,,,,,,,,,,,,,,,,,,,,,,,,,,,,,,,,,,,,,,,,,,,,,,,,,,,,
Stop Time 1 Changed: 15-Aug-23 3:03:28 PM, Old: 1.0000, New:90.0000,,,,,,,,,,,,,,,,,,,,,,,,,,,,,,,,,,,,,,,,,,,,,,,,,,,,,,,,,,,,,,,,,,,,,
End Method Modifications,,,,,,,,,,,,,,,,,,,,,,,,,,,,,,,,,,,,,,,,,,,,,,,,,,,,,,,,,,,,,,,,,,,,,,,
,,,,,,,,,,,,,,,,,,,,,,,,,,,,,,,,,,,,,,,,,,,,,,,,,,,,,,,,,,,,,,,,,,,,,,,
Sample B3_Ex555_Em570,,,,,,,,,,,,,,,,,,,,,,,,,,,,,,,,,,,,,,,,,,,,,,,,,,,,,,,,,,,,,,,,,,,,,,,
Sample B3_Ex555_Em570,,,,,,,,,,,,,,,,,,,,,,,,,,,,,,,,,,,,,,,,,,,,,,,,,,,,,,,,,,,,,,,,,,,,,,,
Collection Time: 15-Aug-23 3:04:44 PM,,,,,,,,,,,,,,,,,,,,,,,,,,,,,,,,,,,,,,,,,,,,,,,,,,,,,,,,,,,,,,,,,,,,,,,
Operator Name  :,,,,,,,,,,,,,,,,,,,,,,,,,,,,,,,,,,,,,,,,,,,,,,,,,,,,,,,,,,,,,,,,,,,,,,,
Kinetics Software Version: 1.2(146),,,,,,,,,,,,,,,,,,,,,,,,,,,,,,,,,,,,,,,,,,,,,,,,,,,,,,,,,,,,,,,,,,,,,,,
Parameter List :,,,,,,,,,,,,,,,,,,,,,,,,,,,,,,,,,,,,,,,,,,,,,,,,,,,,,,,,,,,,,,,,,,,,,,,
Report Time: Tue 15 Aug 03:04:44 PM 2023,,,,,,,,,,,,,,,,,,,,,,,,,,,,,,,,,,,,,,,,,,,,,,,,,,,,,,,,,,,,,,,,,,,,,,,
Software version: 1.2(146),,,,,,,,,,,,,,,,,,,,,,,,,,,,,,,,,,,,,,,,,,,,,,,,,,,,,,,,,,,,,,,,,,,,,,,
Operator:,,,,,,,,,,,,,,,,,,,,,,,,,,,,,,,,,,,,,,,,,,,,,,,,,,,,,,,,,,,,,,,,,,,,,,,
Instrument Parameters,,,,,,,,,,,,,,,,,,,,,,,,,,,,,,,,,,,,,,,,,,,,,,,,,,,,,,,,,,,,,,,,,,,,,,,
Instrument                        Cary Eclipse,,,,,,,,,,,,,,,,,,,,,,,,,,,,,,,,,,,,,,,,,,,,,,,,,,,,,,,,,,,,,,,,,,,,,,,
Instrument Serial Number          MY18160001,,,,,,,,,,,,,,,,,,,,,,,,,,,,,,,,,,,,,,,,,,,,,,,,,,,,,,,,,,,,,,,,,,,,,,,
Data mode                         Fluorescence,,,,,,,,,,,,,,,,,,,,,,,,,,,,,,,,,,,,,,,,,,,,,,,,,,,,,,,,,,,,,,,,,,,,,,,
Ex. wavelengths (nm)              555.0000 ; 555.0000,,,,,,,,,,,,,,,,,,,,,,,,,,,,,,,,,,,,,,,,,,,,,,,,,,,,,,,,,,,,,,,,,,,,,,,
Em. wavelengths (nm)              570.0000 ; 665.0000,,,,,,,,,,,,,,,,,,,,,,,,,,,,,,,,,,,,,,,,,,,,,,,,,,,,,,,,,,,,,,,,,,,,,,,
Ex. Slit (nm)                     5,,,,,,,,,,,,,,,,,,,,,,,,,,,,,,,,,,,,,,,,,,,,,,,,,,,,,,,,,,,,,,,,,,,,,,,
Em. Slit (nm)                     5,,,,,,,,,,,,,,,,,,,,,,,,,,,,,,,,,,,,,,,,,,,,,,,,,,,,,,,,,,,,,,,,,,,,,,,
Averaging Time (s)                0.2500,,,,,,,,,,,,,,,,,,,,,,,,,,,,,,,,,,,,,,,,,,,,,,,,,,,,,,,,,,,,,,,,,,,,,,,
Cycle time(min)                   1.0000,,,,,,,,,,,,,,,,,,,,,,,,,,,,,,,,,,,,,,,,,,,,,,,,,,,,,,,,,,,,,,,,,,,,,,,
Stop time(min)                    90.0000,,,,,,,,,,,,,,,,,,,,,,,,,,,,,,,,,,,,,,,,,,,,,,,,,,,,,,,,,,,,,,,,,,,,,,,
Emission filter                   Open,,,,,,,,,,,,,,,,,,,,,,,,,,,,,,,,,,,,,,,,,,,,,,,,,,,,,,,,,,,,,,,,,,,,,,,
Excitation Filter                 Auto,,,,,,,,,,,,,,,,,,,,,,,,,,,,,,,,,,,,,,,,,,,,,,,,,,,,,,,,,,,,,,,,,,,,,,,
PMT voltage (V)                   1000,,,,,,,,,,,,,,,,,,,,,,,,,,,,,,,,,,,,,,,,,,,,,,,,,,,,,,,,,,,,,,,,,,,,,,,
Wellplate                         ON,,,,,,,,,,,,,,,,,,,,,,,,,,,,,,,,,,,,,,,,,,,,,,,,,,,,,,,,,,,,,,,,,,,,,,,
Plate format                     96 Wells,,,,,,,,,,,,,,,,,,,,,,,,,,,,,,,,,,,,,,,,,,,,,,,,,,,,,,,,,,,,,,,,,,,,,,,
Read position                    Well centre,,,,,,,,,,,,,,,,,,,,,,,,,,,,,,,,,,,,,,,,,,,,,,,,,,,,,,,,,,,,,,,,,,,,,,,
Multi-zero                       OFF,,,,,,,,,,,,,,,,,,,,,,,,,,,,,,,,,,,,,,,,,,,,,,,,,,,,,,,,,,,,,,,,,,,,,,,
Auto-zero                        OFF,,,,,,,,,,,,,,,,,,,,,,,,,,,,,,,,,,,,,,,,,,,,,,,,,,,,,,,,,,,,,,,,,,,,,,,
Well                            A1,,,,,,,,,,,,,,,,,,,,,,,,,,,,,,,,,,,,,,,,,,,,,,,,,,,,,,,,,,,,,,,,,,,,,,,
Comments:,,,,,,,,,,,,,,,,,,,,,,,,,,,,,,,,,,,,,,,,,,,,,,,,,,,,,,,,,,,,,,,,,,,,,,,
Method Log     :,,,,,,,,,,,,,,,,,,,,,,,,,,,,,,,,,,,,,,,,,,,,,,,,,,,,,,,,,,,,,,,,,,,,,,,
Method Name    : Default,,,,,,,,,,,,,,,,,,,,,,,,,,,,,,,,,,,,,,,,,,,,,,,,,,,,,,,,,,,,,,,,,,,,,,,
Date/Time stamp: 15-Aug-23 2:52:18 PM,,,,,,,,,,,,,,,,,,,,,,,,,,,,,,,,,,,,,,,,,,,,,,,,,,,,,,,,,,,,,,,,,,,,,,,
Method Modifications:,,,,,,,,,,,,,,,,,,,,,,,,,,,,,,,,,,,,,,,,,,,,,,,,,,,,,,,,,,,,,,,,,,,,,,,
Wellplate Overlay Mode Changed: 15-Aug-23 2:52:19 PM, Old:Individual, New:Choice 1,,,,,,,,,,,,,,,,,,,,,,,,,,,,,,,,,,,,,,,,,,,,,,,,,,,,,,,,,,,,,,,,,,,,,
Wellplate Overlay Mode Changed: 15-Aug-23 2:52:19 PM, Old:Overlay all, New:Choice 2,,,,,,,,,,,,,,,,,,,,,,,,,,,,,,,,,,,,,,,,,,,,,,,,,,,,,,,,,,,,,,,,,,,,,
Wellplate Overlay Mode Changed: 15-Aug-23 2:52:19 PM, Old:Overlay rows, New:Choice 3,,,,,,,,,,,,,,,,,,,,,,,,,,,,,,,,,,,,,,,,,,,,,,,,,,,,,,,,,,,,,,,,,,,,,
Wellplate Overlay Mode Changed: 15-Aug-23 2:52:19 PM, Old:Overlay columns, New:Choice 4,,,,,,,,,,,,,,,,,,,,,,,,,,,,,,,,,,,,,,,,,,,,,,,,,,,,,,,,,,,,,,,,,,,,,
Wellplate Overlay Mode Changed: 15-Aug-23 2:52:19 PM, Old:User defined, New:Overlay columns,,,,,,,,,,,,,,,,,,,,,,,,,,,,,,,,,,,,,,,,,,,,,,,,,,,,,,,,,,,,,,,,,,,,,
Well plate reader Changed: 15-Aug-23 2:52:50 PM, Old:OFF, New:ON,,,,,,,,,,,,,,,,,,,,,,,,,,,,,,,,,,,,,,,,,,,,,,,,,,,,,,,,,,,,,,,,,,,,,
Wellplate Samples Changed: 15-Aug-23 2:52:50 PM, Old:, New:A1;A2;A3;A4;A5;A6;B1;B2;B3;B4;B5;B6;C1;C2;C3;C4;C5;C6;,,,,,,,,,,,,,,,,,,,,,,,,,,,,,,,,,,,,,,,,,,,,,,,,,,,,,,,,,,,,,,,,,,,,,
PMT Volts Changed: 15-Aug-23 2:54:11 PM, Old:600, New:1000,,,,,,,,,,,,,,,,,,,,,,,,,,,,,,,,,,,,,,,,,,,,,,,,,,,,,,,,,,,,,,,,,,,,,
Multiwavelength Changed: 15-Aug-23 2:54:11 PM, Old:OFF, New:ON,,,,,,,,,,,,,,,,,,,,,,,,,,,,,,,,,,,,,,,,,,,,,,,,,,,,,,,,,,,,,,,,,,,,,
Excitation Wavelengths 1 Changed: 15-Aug-23 2:54:11 PM, Old:   350.0000, New:   555.0000,,,,,,,,,,,,,,,,,,,,,,,,,,,,,,,,,,,,,,,,,,,,,,,,,,,,,,,,,,,,,,,,,,,,,
Emission Wavelengths 1 Changed: 15-Aug-23 2:54:11 PM, Old:   450.0000, New:   565.0000,,,,,,,,,,,,,,,,,,,,,,,,,,,,,,,,,,,,,,,,,,,,,,,,,,,,,,,,,,,,,,,,,,,,,
Excitation Wavelengths 2 Changed: 15-Aug-23 2:54:11 PM, Old:   360.0000, New:   555.0000,,,,,,,,,,,,,,,,,,,,,,,,,,,,,,,,,,,,,,,,,,,,,,,,,,,,,,,,,,,,,,,,,,,,,
Emission Wavelengths 2 Changed: 15-Aug-23 2:54:11 PM, Old:   460.0000, New:   665.0000,,,,,,,,,,,,,,,,,,,,,,,,,,,,,,,,,,,,,,,,,,,,,,,,,,,,,,,,,,,,,,,,,,,,,
Excitation Wavelength Changed: 15-Aug-23 2:54:11 PM, Old: 400.00, New: 555.00,,,,,,,,,,,,,,,,,,,,,,,,,,,,,,,,,,,,,,,,,,,,,,,,,,,,,,,,,,,,,,,,,,,,,
Emission Wavelength Changed: 15-Aug-23 2:54:11 PM, Old: 600.00, New: 565.00,,,,,,,,,,,,,,,,,,,,,,,,,,,,,,,,,,,,,,,,,,,,,,,,,,,,,,,,,,,,,,,,,,,,,
Cycle Time 1 Changed: 15-Aug-23 2:54:11 PM, Old: 0.0000, New: 0.5000,,,,,,,,,,,,,,,,,,,,,,,,,,,,,,,,,,,,,,,,,,,,,,,,,,,,,,,,,,,,,,,,,,,,,
Emission PMT (V): Changed: 15-Aug-23 2:54:11 PM, Old: 600, New:1000,,,,,,,,,,,,,,,,,,,,,,,,,,,,,,,,,,,,,,,,,,,,,,,,,,,,,,,,,,,,,,,,,,,,,
Emission Wavelengths 1 Changed: 15-Aug-23 2:57:34 PM, Old:   565.0000, New:   570.0000,,,,,,,,,,,,,,,,,,,,,,,,,,,,,,,,,,,,,,,,,,,,,,,,,,,,,,,,,,,,,,,,,,,,,
Emission Wavelength Changed: 15-Aug-23 2:57:34 PM, Old: 565.00, New: 570.00,,,,,,,,,,,,,,,,,,,,,,,,,,,,,,,,,,,,,,,,,,,,,,,,,,,,,,,,,,,,,,,,,,,,,
Ave. time (s): Changed: 15-Aug-23 3:00:07 PM, Old:0.10000, New:0.25000,,,,,,,,,,,,,,,,,,,,,,,,,,,,,,,,,,,,,,,,,,,,,,,,,,,,,,,,,,,,,,,,,,,,,
Cycle Time 1 Changed: 15-Aug-23 3:03:28 PM, Old: 0.5000, New: 1.0000,,,,,,,,,,,,,,,,,,,,,,,,,,,,,,,,,,,,,,,,,,,,,,,,,,,,,,,,,,,,,,,,,,,,,
Stop Time 1 Changed: 15-Aug-23 3:03:28 PM, Old: 1.0000, New:90.0000,,,,,,,,,,,,,,,,,,,,,,,,,,,,,,,,,,,,,,,,,,,,,,,,,,,,,,,,,,,,,,,,,,,,,
End Method Modifications,,,,,,,,,,,,,,,,,,,,,,,,,,,,,,,,,,,,,,,,,,,,,,,,,,,,,,,,,,,,,,,,,,,,,,,
,,,,,,,,,,,,,,,,,,,,,,,,,,,,,,,,,,,,,,,,,,,,,,,,,,,,,,,,,,,,,,,,,,,,,,,
Sample B3_Ex555_Em665,,,,,,,,,,,,,,,,,,,,,,,,,,,,,,,,,,,,,,,,,,,,,,,,,,,,,,,,,,,,,,,,,,,,,,,
Sample B3_Ex555_Em665,,,,,,,,,,,,,,,,,,,,,,,,,,,,,,,,,,,,,,,,,,,,,,,,,,,,,,,,,,,,,,,,,,,,,,,
Collection Time: 15-Aug-23 3:04:44 PM,,,,,,,,,,,,,,,,,,,,,,,,,,,,,,,,,,,,,,,,,,,,,,,,,,,,,,,,,,,,,,,,,,,,,,,
Operator Name  :,,,,,,,,,,,,,,,,,,,,,,,,,,,,,,,,,,,,,,,,,,,,,,,,,,,,,,,,,,,,,,,,,,,,,,,
Kinetics Software Version: 1.2(146),,,,,,,,,,,,,,,,,,,,,,,,,,,,,,,,,,,,,,,,,,,,,,,,,,,,,,,,,,,,,,,,,,,,,,,
Parameter List :,,,,,,,,,,,,,,,,,,,,,,,,,,,,,,,,,,,,,,,,,,,,,,,,,,,,,,,,,,,,,,,,,,,,,,,
Report Time: Tue 15 Aug 03:04:44 PM 2023,,,,,,,,,,,,,,,,,,,,,,,,,,,,,,,,,,,,,,,,,,,,,,,,,,,,,,,,,,,,,,,,,,,,,,,
Software version: 1.2(146),,,,,,,,,,,,,,,,,,,,,,,,,,,,,,,,,,,,,,,,,,,,,,,,,,,,,,,,,,,,,,,,,,,,,,,
Operator:,,,,,,,,,,,,,,,,,,,,,,,,,,,,,,,,,,,,,,,,,,,,,,,,,,,,,,,,,,,,,,,,,,,,,,,
Instrument Parameters,,,,,,,,,,,,,,,,,,,,,,,,,,,,,,,,,,,,,,,,,,,,,,,,,,,,,,,,,,,,,,,,,,,,,,,
Instrument                        Cary Eclipse,,,,,,,,,,,,,,,,,,,,,,,,,,,,,,,,,,,,,,,,,,,,,,,,,,,,,,,,,,,,,,,,,,,,,,,
Instrument Serial Number          MY18160001,,,,,,,,,,,,,,,,,,,,,,,,,,,,,,,,,,,,,,,,,,,,,,,,,,,,,,,,,,,,,,,,,,,,,,,
Data mode                         Fluorescence,,,,,,,,,,,,,,,,,,,,,,,,,,,,,,,,,,,,,,,,,,,,,,,,,,,,,,,,,,,,,,,,,,,,,,,
Ex. wavelengths (nm)              555.0000 ; 555.0000,,,,,,,,,,,,,,,,,,,,,,,,,,,,,,,,,,,,,,,,,,,,,,,,,,,,,,,,,,,,,,,,,,,,,,,
Em. wavelengths (nm)              570.0000 ; 665.0000,,,,,,,,,,,,,,,,,,,,,,,,,,,,,,,,,,,,,,,,,,,,,,,,,,,,,,,,,,,,,,,,,,,,,,,
Ex. Slit (nm)                     5,,,,,,,,,,,,,,,,,,,,,,,,,,,,,,,,,,,,,,,,,,,,,,,,,,,,,,,,,,,,,,,,,,,,,,,
Em. Slit (nm)                     5,,,,,,,,,,,,,,,,,,,,,,,,,,,,,,,,,,,,,,,,,,,,,,,,,,,,,,,,,,,,,,,,,,,,,,,
Averaging Time (s)                0.2500,,,,,,,,,,,,,,,,,,,,,,,,,,,,,,,,,,,,,,,,,,,,,,,,,,,,,,,,,,,,,,,,,,,,,,,
Cycle time(min)                   1.0000,,,,,,,,,,,,,,,,,,,,,,,,,,,,,,,,,,,,,,,,,,,,,,,,,,,,,,,,,,,,,,,,,,,,,,,
Stop time(min)                    90.0000,,,,,,,,,,,,,,,,,,,,,,,,,,,,,,,,,,,,,,,,,,,,,,,,,,,,,,,,,,,,,,,,,,,,,,,
Emission filter                   Open,,,,,,,,,,,,,,,,,,,,,,,,,,,,,,,,,,,,,,,,,,,,,,,,,,,,,,,,,,,,,,,,,,,,,,,
Excitation Filter                 Auto,,,,,,,,,,,,,,,,,,,,,,,,,,,,,,,,,,,,,,,,,,,,,,,,,,,,,,,,,,,,,,,,,,,,,,,
PMT voltage (V)                   1000,,,,,,,,,,,,,,,,,,,,,,,,,,,,,,,,,,,,,,,,,,,,,,,,,,,,,,,,,,,,,,,,,,,,,,,
Wellplate                         ON,,,,,,,,,,,,,,,,,,,,,,,,,,,,,,,,,,,,,,,,,,,,,,,,,,,,,,,,,,,,,,,,,,,,,,,
Plate format                     96 Wells,,,,,,,,,,,,,,,,,,,,,,,,,,,,,,,,,,,,,,,,,,,,,,,,,,,,,,,,,,,,,,,,,,,,,,,
Read position                    Well centre,,,,,,,,,,,,,,,,,,,,,,,,,,,,,,,,,,,,,,,,,,,,,,,,,,,,,,,,,,,,,,,,,,,,,,,
Multi-zero                       OFF,,,,,,,,,,,,,,,,,,,,,,,,,,,,,,,,,,,,,,,,,,,,,,,,,,,,,,,,,,,,,,,,,,,,,,,
Auto-zero                        OFF,,,,,,,,,,,,,,,,,,,,,,,,,,,,,,,,,,,,,,,,,,,,,,,,,,,,,,,,,,,,,,,,,,,,,,,
Well                            A1,,,,,,,,,,,,,,,,,,,,,,,,,,,,,,,,,,,,,,,,,,,,,,,,,,,,,,,,,,,,,,,,,,,,,,,
Comments:,,,,,,,,,,,,,,,,,,,,,,,,,,,,,,,,,,,,,,,,,,,,,,,,,,,,,,,,,,,,,,,,,,,,,,,
Method Log     :,,,,,,,,,,,,,,,,,,,,,,,,,,,,,,,,,,,,,,,,,,,,,,,,,,,,,,,,,,,,,,,,,,,,,,,
Method Name    : Default,,,,,,,,,,,,,,,,,,,,,,,,,,,,,,,,,,,,,,,,,,,,,,,,,,,,,,,,,,,,,,,,,,,,,,,
Date/Time stamp: 15-Aug-23 2:52:18 PM,,,,,,,,,,,,,,,,,,,,,,,,,,,,,,,,,,,,,,,,,,,,,,,,,,,,,,,,,,,,,,,,,,,,,,,
Method Modifications:,,,,,,,,,,,,,,,,,,,,,,,,,,,,,,,,,,,,,,,,,,,,,,,,,,,,,,,,,,,,,,,,,,,,,,,
Wellplate Overlay Mode Changed: 15-Aug-23 2:52:19 PM, Old:Individual, New:Choice 1,,,,,,,,,,,,,,,,,,,,,,,,,,,,,,,,,,,,,,,,,,,,,,,,,,,,,,,,,,,,,,,,,,,,,
Wellplate Overlay Mode Changed: 15-Aug-23 2:52:19 PM, Old:Overlay all, New:Choice 2,,,,,,,,,,,,,,,,,,,,,,,,,,,,,,,,,,,,,,,,,,,,,,,,,,,,,,,,,,,,,,,,,,,,,
Wellplate Overlay Mode Changed: 15-Aug-23 2:52:19 PM, Old:Overlay rows, New:Choice 3,,,,,,,,,,,,,,,,,,,,,,,,,,,,,,,,,,,,,,,,,,,,,,,,,,,,,,,,,,,,,,,,,,,,,
Wellplate Overlay Mode Changed: 15-Aug-23 2:52:19 PM, Old:Overlay columns, New:Choice 4,,,,,,,,,,,,,,,,,,,,,,,,,,,,,,,,,,,,,,,,,,,,,,,,,,,,,,,,,,,,,,,,,,,,,
Wellplate Overlay Mode Changed: 15-Aug-23 2:52:19 PM, Old:User defined, New:Overlay columns,,,,,,,,,,,,,,,,,,,,,,,,,,,,,,,,,,,,,,,,,,,,,,,,,,,,,,,,,,,,,,,,,,,,,
Well plate reader Changed: 15-Aug-23 2:52:50 PM, Old:OFF, New:ON,,,,,,,,,,,,,,,,,,,,,,,,,,,,,,,,,,,,,,,,,,,,,,,,,,,,,,,,,,,,,,,,,,,,,
Wellplate Samples Changed: 15-Aug-23 2:52:50 PM, Old:, New:A1;A2;A3;A4;A5;A6;B1;B2;B3;B4;B5;B6;C1;C2;C3;C4;C5;C6;,,,,,,,,,,,,,,,,,,,,,,,,,,,,,,,,,,,,,,,,,,,,,,,,,,,,,,,,,,,,,,,,,,,,,
PMT Volts Changed: 15-Aug-23 2:54:11 PM, Old:600, New:1000,,,,,,,,,,,,,,,,,,,,,,,,,,,,,,,,,,,,,,,,,,,,,,,,,,,,,,,,,,,,,,,,,,,,,
Multiwavelength Changed: 15-Aug-23 2:54:11 PM, Old:OFF, New:ON,,,,,,,,,,,,,,,,,,,,,,,,,,,,,,,,,,,,,,,,,,,,,,,,,,,,,,,,,,,,,,,,,,,,,
Excitation Wavelengths 1 Changed: 15-Aug-23 2:54:11 PM, Old:   350.0000, New:   555.0000,,,,,,,,,,,,,,,,,,,,,,,,,,,,,,,,,,,,,,,,,,,,,,,,,,,,,,,,,,,,,,,,,,,,,
Emission Wavelengths 1 Changed: 15-Aug-23 2:54:11 PM, Old:   450.0000, New:   565.0000,,,,,,,,,,,,,,,,,,,,,,,,,,,,,,,,,,,,,,,,,,,,,,,,,,,,,,,,,,,,,,,,,,,,,
Excitation Wavelengths 2 Changed: 15-Aug-23 2:54:11 PM, Old:   360.0000, New:   555.0000,,,,,,,,,,,,,,,,,,,,,,,,,,,,,,,,,,,,,,,,,,,,,,,,,,,,,,,,,,,,,,,,,,,,,
Emission Wavelengths 2 Changed: 15-Aug-23 2:54:11 PM, Old:   460.0000, New:   665.0000,,,,,,,,,,,,,,,,,,,,,,,,,,,,,,,,,,,,,,,,,,,,,,,,,,,,,,,,,,,,,,,,,,,,,
Excitation Wavelength Changed: 15-Aug-23 2:54:11 PM, Old: 400.00, New: 555.00,,,,,,,,,,,,,,,,,,,,,,,,,,,,,,,,,,,,,,,,,,,,,,,,,,,,,,,,,,,,,,,,,,,,,
Emission Wavelength Changed: 15-Aug-23 2:54:11 PM, Old: 600.00, New: 565.00,,,,,,,,,,,,,,,,,,,,,,,,,,,,,,,,,,,,,,,,,,,,,,,,,,,,,,,,,,,,,,,,,,,,,
Cycle Time 1 Changed: 15-Aug-23 2:54:11 PM, Old: 0.0000, New: 0.5000,,,,,,,,,,,,,,,,,,,,,,,,,,,,,,,,,,,,,,,,,,,,,,,,,,,,,,,,,,,,,,,,,,,,,
Emission PMT (V): Changed: 15-Aug-23 2:54:11 PM, Old: 600, New:1000,,,,,,,,,,,,,,,,,,,,,,,,,,,,,,,,,,,,,,,,,,,,,,,,,,,,,,,,,,,,,,,,,,,,,
Emission Wavelengths 1 Changed: 15-Aug-23 2:57:34 PM, Old:   565.0000, New:   570.0000,,,,,,,,,,,,,,,,,,,,,,,,,,,,,,,,,,,,,,,,,,,,,,,,,,,,,,,,,,,,,,,,,,,,,
Emission Wavelength Changed: 15-Aug-23 2:57:34 PM, Old: 565.00, New: 570.00,,,,,,,,,,,,,,,,,,,,,,,,,,,,,,,,,,,,,,,,,,,,,,,,,,,,,,,,,,,,,,,,,,,,,
Ave. time (s): Changed: 15-Aug-23 3:00:07 PM, Old:0.10000, New:0.25000,,,,,,,,,,,,,,,,,,,,,,,,,,,,,,,,,,,,,,,,,,,,,,,,,,,,,,,,,,,,,,,,,,,,,
Cycle Time 1 Changed: 15-Aug-23 3:03:28 PM, Old: 0.5000, New: 1.0000,,,,,,,,,,,,,,,,,,,,,,,,,,,,,,,,,,,,,,,,,,,,,,,,,,,,,,,,,,,,,,,,,,,,,
Stop Time 1 Changed: 15-Aug-23 3:03:28 PM, Old: 1.0000, New:90.0000,,,,,,,,,,,,,,,,,,,,,,,,,,,,,,,,,,,,,,,,,,,,,,,,,,,,,,,,,,,,,,,,,,,,,
End Method Modifications,,,,,,,,,,,,,,,,,,,,,,,,,,,,,,,,,,,,,,,,,,,,,,,,,,,,,,,,,,,,,,,,,,,,,,,
,,,,,,,,,,,,,,,,,,,,,,,,,,,,,,,,,,,,,,,,,,,,,,,,,,,,,,,,,,,,,,,,,,,,,,,
Sample B4_Ex555_Em570,,,,,,,,,,,,,,,,,,,,,,,,,,,,,,,,,,,,,,,,,,,,,,,,,,,,,,,,,,,,,,,,,,,,,,,
Sample B4_Ex555_Em570,,,,,,,,,,,,,,,,,,,,,,,,,,,,,,,,,,,,,,,,,,,,,,,,,,,,,,,,,,,,,,,,,,,,,,,
Collection Time: 15-Aug-23 3:04:44 PM,,,,,,,,,,,,,,,,,,,,,,,,,,,,,,,,,,,,,,,,,,,,,,,,,,,,,,,,,,,,,,,,,,,,,,,
Operator Name  :,,,,,,,,,,,,,,,,,,,,,,,,,,,,,,,,,,,,,,,,,,,,,,,,,,,,,,,,,,,,,,,,,,,,,,,
Kinetics Software Version: 1.2(146),,,,,,,,,,,,,,,,,,,,,,,,,,,,,,,,,,,,,,,,,,,,,,,,,,,,,,,,,,,,,,,,,,,,,,,
Parameter List :,,,,,,,,,,,,,,,,,,,,,,,,,,,,,,,,,,,,,,,,,,,,,,,,,,,,,,,,,,,,,,,,,,,,,,,
Report Time: Tue 15 Aug 03:04:44 PM 2023,,,,,,,,,,,,,,,,,,,,,,,,,,,,,,,,,,,,,,,,,,,,,,,,,,,,,,,,,,,,,,,,,,,,,,,
Software version: 1.2(146),,,,,,,,,,,,,,,,,,,,,,,,,,,,,,,,,,,,,,,,,,,,,,,,,,,,,,,,,,,,,,,,,,,,,,,
Operator:,,,,,,,,,,,,,,,,,,,,,,,,,,,,,,,,,,,,,,,,,,,,,,,,,,,,,,,,,,,,,,,,,,,,,,,
Instrument Parameters,,,,,,,,,,,,,,,,,,,,,,,,,,,,,,,,,,,,,,,,,,,,,,,,,,,,,,,,,,,,,,,,,,,,,,,
Instrument                        Cary Eclipse,,,,,,,,,,,,,,,,,,,,,,,,,,,,,,,,,,,,,,,,,,,,,,,,,,,,,,,,,,,,,,,,,,,,,,,
Instrument Serial Number          MY18160001,,,,,,,,,,,,,,,,,,,,,,,,,,,,,,,,,,,,,,,,,,,,,,,,,,,,,,,,,,,,,,,,,,,,,,,
Data mode                         Fluorescence,,,,,,,,,,,,,,,,,,,,,,,,,,,,,,,,,,,,,,,,,,,,,,,,,,,,,,,,,,,,,,,,,,,,,,,
Ex. wavelengths (nm)              555.0000 ; 555.0000,,,,,,,,,,,,,,,,,,,,,,,,,,,,,,,,,,,,,,,,,,,,,,,,,,,,,,,,,,,,,,,,,,,,,,,
Em. wavelengths (nm)              570.0000 ; 665.0000,,,,,,,,,,,,,,,,,,,,,,,,,,,,,,,,,,,,,,,,,,,,,,,,,,,,,,,,,,,,,,,,,,,,,,,
Ex. Slit (nm)                     5,,,,,,,,,,,,,,,,,,,,,,,,,,,,,,,,,,,,,,,,,,,,,,,,,,,,,,,,,,,,,,,,,,,,,,,
Em. Slit (nm)                     5,,,,,,,,,,,,,,,,,,,,,,,,,,,,,,,,,,,,,,,,,,,,,,,,,,,,,,,,,,,,,,,,,,,,,,,
Averaging Time (s)                0.2500,,,,,,,,,,,,,,,,,,,,,,,,,,,,,,,,,,,,,,,,,,,,,,,,,,,,,,,,,,,,,,,,,,,,,,,
Cycle time(min)                   1.0000,,,,,,,,,,,,,,,,,,,,,,,,,,,,,,,,,,,,,,,,,,,,,,,,,,,,,,,,,,,,,,,,,,,,,,,
Stop time(min)                    90.0000,,,,,,,,,,,,,,,,,,,,,,,,,,,,,,,,,,,,,,,,,,,,,,,,,,,,,,,,,,,,,,,,,,,,,,,
Emission filter                   Open,,,,,,,,,,,,,,,,,,,,,,,,,,,,,,,,,,,,,,,,,,,,,,,,,,,,,,,,,,,,,,,,,,,,,,,
Excitation Filter                 Auto,,,,,,,,,,,,,,,,,,,,,,,,,,,,,,,,,,,,,,,,,,,,,,,,,,,,,,,,,,,,,,,,,,,,,,,
PMT voltage (V)                   1000,,,,,,,,,,,,,,,,,,,,,,,,,,,,,,,,,,,,,,,,,,,,,,,,,,,,,,,,,,,,,,,,,,,,,,,
Wellplate                         ON,,,,,,,,,,,,,,,,,,,,,,,,,,,,,,,,,,,,,,,,,,,,,,,,,,,,,,,,,,,,,,,,,,,,,,,
Plate format                     96 Wells,,,,,,,,,,,,,,,,,,,,,,,,,,,,,,,,,,,,,,,,,,,,,,,,,,,,,,,,,,,,,,,,,,,,,,,
Read position                    Well centre,,,,,,,,,,,,,,,,,,,,,,,,,,,,,,,,,,,,,,,,,,,,,,,,,,,,,,,,,,,,,,,,,,,,,,,
Multi-zero                       OFF,,,,,,,,,,,,,,,,,,,,,,,,,,,,,,,,,,,,,,,,,,,,,,,,,,,,,,,,,,,,,,,,,,,,,,,
Auto-zero                        OFF,,,,,,,,,,,,,,,,,,,,,,,,,,,,,,,,,,,,,,,,,,,,,,,,,,,,,,,,,,,,,,,,,,,,,,,
Well                            A1,,,,,,,,,,,,,,,,,,,,,,,,,,,,,,,,,,,,,,,,,,,,,,,,,,,,,,,,,,,,,,,,,,,,,,,
Comments:,,,,,,,,,,,,,,,,,,,,,,,,,,,,,,,,,,,,,,,,,,,,,,,,,,,,,,,,,,,,,,,,,,,,,,,
Method Log     :,,,,,,,,,,,,,,,,,,,,,,,,,,,,,,,,,,,,,,,,,,,,,,,,,,,,,,,,,,,,,,,,,,,,,,,
Method Name    : Default,,,,,,,,,,,,,,,,,,,,,,,,,,,,,,,,,,,,,,,,,,,,,,,,,,,,,,,,,,,,,,,,,,,,,,,
Date/Time stamp: 15-Aug-23 2:52:18 PM,,,,,,,,,,,,,,,,,,,,,,,,,,,,,,,,,,,,,,,,,,,,,,,,,,,,,,,,,,,,,,,,,,,,,,,
Method Modifications:,,,,,,,,,,,,,,,,,,,,,,,,,,,,,,,,,,,,,,,,,,,,,,,,,,,,,,,,,,,,,,,,,,,,,,,
Wellplate Overlay Mode Changed: 15-Aug-23 2:52:19 PM, Old:Individual, New:Choice 1,,,,,,,,,,,,,,,,,,,,,,,,,,,,,,,,,,,,,,,,,,,,,,,,,,,,,,,,,,,,,,,,,,,,,
Wellplate Overlay Mode Changed: 15-Aug-23 2:52:19 PM, Old:Overlay all, New:Choice 2,,,,,,,,,,,,,,,,,,,,,,,,,,,,,,,,,,,,,,,,,,,,,,,,,,,,,,,,,,,,,,,,,,,,,
Wellplate Overlay Mode Changed: 15-Aug-23 2:52:19 PM, Old:Overlay rows, New:Choice 3,,,,,,,,,,,,,,,,,,,,,,,,,,,,,,,,,,,,,,,,,,,,,,,,,,,,,,,,,,,,,,,,,,,,,
Wellplate Overlay Mode Changed: 15-Aug-23 2:52:19 PM, Old:Overlay columns, New:Choice 4,,,,,,,,,,,,,,,,,,,,,,,,,,,,,,,,,,,,,,,,,,,,,,,,,,,,,,,,,,,,,,,,,,,,,
Wellplate Overlay Mode Changed: 15-Aug-23 2:52:19 PM, Old:User defined, New:Overlay columns,,,,,,,,,,,,,,,,,,,,,,,,,,,,,,,,,,,,,,,,,,,,,,,,,,,,,,,,,,,,,,,,,,,,,
Well plate reader Changed: 15-Aug-23 2:52:50 PM, Old:OFF, New:ON,,,,,,,,,,,,,,,,,,,,,,,,,,,,,,,,,,,,,,,,,,,,,,,,,,,,,,,,,,,,,,,,,,,,,
Wellplate Samples Changed: 15-Aug-23 2:52:50 PM, Old:, New:A1;A2;A3;A4;A5;A6;B1;B2;B3;B4;B5;B6;C1;C2;C3;C4;C5;C6;,,,,,,,,,,,,,,,,,,,,,,,,,,,,,,,,,,,,,,,,,,,,,,,,,,,,,,,,,,,,,,,,,,,,,
PMT Volts Changed: 15-Aug-23 2:54:11 PM, Old:600, New:1000,,,,,,,,,,,,,,,,,,,,,,,,,,,,,,,,,,,,,,,,,,,,,,,,,,,,,,,,,,,,,,,,,,,,,
Multiwavelength Changed: 15-Aug-23 2:54:11 PM, Old:OFF, New:ON,,,,,,,,,,,,,,,,,,,,,,,,,,,,,,,,,,,,,,,,,,,,,,,,,,,,,,,,,,,,,,,,,,,,,
Excitation Wavelengths 1 Changed: 15-Aug-23 2:54:11 PM, Old:   350.0000, New:   555.0000,,,,,,,,,,,,,,,,,,,,,,,,,,,,,,,,,,,,,,,,,,,,,,,,,,,,,,,,,,,,,,,,,,,,,
Emission Wavelengths 1 Changed: 15-Aug-23 2:54:11 PM, Old:   450.0000, New:   565.0000,,,,,,,,,,,,,,,,,,,,,,,,,,,,,,,,,,,,,,,,,,,,,,,,,,,,,,,,,,,,,,,,,,,,,
Excitation Wavelengths 2 Changed: 15-Aug-23 2:54:11 PM, Old:   360.0000, New:   555.0000,,,,,,,,,,,,,,,,,,,,,,,,,,,,,,,,,,,,,,,,,,,,,,,,,,,,,,,,,,,,,,,,,,,,,
Emission Wavelengths 2 Changed: 15-Aug-23 2:54:11 PM, Old:   460.0000, New:   665.0000,,,,,,,,,,,,,,,,,,,,,,,,,,,,,,,,,,,,,,,,,,,,,,,,,,,,,,,,,,,,,,,,,,,,,
Excitation Wavelength Changed: 15-Aug-23 2:54:11 PM, Old: 400.00, New: 555.00,,,,,,,,,,,,,,,,,,,,,,,,,,,,,,,,,,,,,,,,,,,,,,,,,,,,,,,,,,,,,,,,,,,,,
Emission Wavelength Changed: 15-Aug-23 2:54:11 PM, Old: 600.00, New: 565.00,,,,,,,,,,,,,,,,,,,,,,,,,,,,,,,,,,,,,,,,,,,,,,,,,,,,,,,,,,,,,,,,,,,,,
Cycle Time 1 Changed: 15-Aug-23 2:54:11 PM, Old: 0.0000, New: 0.5000,,,,,,,,,,,,,,,,,,,,,,,,,,,,,,,,,,,,,,,,,,,,,,,,,,,,,,,,,,,,,,,,,,,,,
Emission PMT (V): Changed: 15-Aug-23 2:54:11 PM, Old: 600, New:1000,,,,,,,,,,,,,,,,,,,,,,,,,,,,,,,,,,,,,,,,,,,,,,,,,,,,,,,,,,,,,,,,,,,,,
Emission Wavelengths 1 Changed: 15-Aug-23 2:57:34 PM, Old:   565.0000, New:   570.0000,,,,,,,,,,,,,,,,,,,,,,,,,,,,,,,,,,,,,,,,,,,,,,,,,,,,,,,,,,,,,,,,,,,,,
Emission Wavelength Changed: 15-Aug-23 2:57:34 PM, Old: 565.00, New: 570.00,,,,,,,,,,,,,,,,,,,,,,,,,,,,,,,,,,,,,,,,,,,,,,,,,,,,,,,,,,,,,,,,,,,,,
Ave. time (s): Changed: 15-Aug-23 3:00:07 PM, Old:0.10000, New:0.25000,,,,,,,,,,,,,,,,,,,,,,,,,,,,,,,,,,,,,,,,,,,,,,,,,,,,,,,,,,,,,,,,,,,,,
Cycle Time 1 Changed: 15-Aug-23 3:03:28 PM, Old: 0.5000, New: 1.0000,,,,,,,,,,,,,,,,,,,,,,,,,,,,,,,,,,,,,,,,,,,,,,,,,,,,,,,,,,,,,,,,,,,,,
Stop Time 1 Changed: 15-Aug-23 3:03:28 PM, Old: 1.0000, New:90.0000,,,,,,,,,,,,,,,,,,,,,,,,,,,,,,,,,,,,,,,,,,,,,,,,,,,,,,,,,,,,,,,,,,,,,
End Method Modifications,,,,,,,,,,,,,,,,,,,,,,,,,,,,,,,,,,,,,,,,,,,,,,,,,,,,,,,,,,,,,,,,,,,,,,,
,,,,,,,,,,,,,,,,,,,,,,,,,,,,,,,,,,,,,,,,,,,,,,,,,,,,,,,,,,,,,,,,,,,,,,,
Sample B4_Ex555_Em665,,,,,,,,,,,,,,,,,,,,,,,,,,,,,,,,,,,,,,,,,,,,,,,,,,,,,,,,,,,,,,,,,,,,,,,
Sample B4_Ex555_Em665,,,,,,,,,,,,,,,,,,,,,,,,,,,,,,,,,,,,,,,,,,,,,,,,,,,,,,,,,,,,,,,,,,,,,,,
Collection Time: 15-Aug-23 3:04:44 PM,,,,,,,,,,,,,,,,,,,,,,,,,,,,,,,,,,,,,,,,,,,,,,,,,,,,,,,,,,,,,,,,,,,,,,,
Operator Name  :,,,,,,,,,,,,,,,,,,,,,,,,,,,,,,,,,,,,,,,,,,,,,,,,,,,,,,,,,,,,,,,,,,,,,,,
Kinetics Software Version: 1.2(146),,,,,,,,,,,,,,,,,,,,,,,,,,,,,,,,,,,,,,,,,,,,,,,,,,,,,,,,,,,,,,,,,,,,,,,
Parameter List :,,,,,,,,,,,,,,,,,,,,,,,,,,,,,,,,,,,,,,,,,,,,,,,,,,,,,,,,,,,,,,,,,,,,,,,
Report Time: Tue 15 Aug 03:04:44 PM 2023,,,,,,,,,,,,,,,,,,,,,,,,,,,,,,,,,,,,,,,,,,,,,,,,,,,,,,,,,,,,,,,,,,,,,,,
Software version: 1.2(146),,,,,,,,,,,,,,,,,,,,,,,,,,,,,,,,,,,,,,,,,,,,,,,,,,,,,,,,,,,,,,,,,,,,,,,
Operator:,,,,,,,,,,,,,,,,,,,,,,,,,,,,,,,,,,,,,,,,,,,,,,,,,,,,,,,,,,,,,,,,,,,,,,,
Instrument Parameters,,,,,,,,,,,,,,,,,,,,,,,,,,,,,,,,,,,,,,,,,,,,,,,,,,,,,,,,,,,,,,,,,,,,,,,
Instrument                        Cary Eclipse,,,,,,,,,,,,,,,,,,,,,,,,,,,,,,,,,,,,,,,,,,,,,,,,,,,,,,,,,,,,,,,,,,,,,,,
Instrument Serial Number          MY18160001,,,,,,,,,,,,,,,,,,,,,,,,,,,,,,,,,,,,,,,,,,,,,,,,,,,,,,,,,,,,,,,,,,,,,,,
Data mode                         Fluorescence,,,,,,,,,,,,,,,,,,,,,,,,,,,,,,,,,,,,,,,,,,,,,,,,,,,,,,,,,,,,,,,,,,,,,,,
Ex. wavelengths (nm)              555.0000 ; 555.0000,,,,,,,,,,,,,,,,,,,,,,,,,,,,,,,,,,,,,,,,,,,,,,,,,,,,,,,,,,,,,,,,,,,,,,,
Em. wavelengths (nm)              570.0000 ; 665.0000,,,,,,,,,,,,,,,,,,,,,,,,,,,,,,,,,,,,,,,,,,,,,,,,,,,,,,,,,,,,,,,,,,,,,,,
Ex. Slit (nm)                     5,,,,,,,,,,,,,,,,,,,,,,,,,,,,,,,,,,,,,,,,,,,,,,,,,,,,,,,,,,,,,,,,,,,,,,,
Em. Slit (nm)                     5,,,,,,,,,,,,,,,,,,,,,,,,,,,,,,,,,,,,,,,,,,,,,,,,,,,,,,,,,,,,,,,,,,,,,,,
Averaging Time (s)                0.2500,,,,,,,,,,,,,,,,,,,,,,,,,,,,,,,,,,,,,,,,,,,,,,,,,,,,,,,,,,,,,,,,,,,,,,,
Cycle time(min)                   1.0000,,,,,,,,,,,,,,,,,,,,,,,,,,,,,,,,,,,,,,,,,,,,,,,,,,,,,,,,,,,,,,,,,,,,,,,
Stop time(min)                    90.0000,,,,,,,,,,,,,,,,,,,,,,,,,,,,,,,,,,,,,,,,,,,,,,,,,,,,,,,,,,,,,,,,,,,,,,,
Emission filter                   Open,,,,,,,,,,,,,,,,,,,,,,,,,,,,,,,,,,,,,,,,,,,,,,,,,,,,,,,,,,,,,,,,,,,,,,,
Excitation Filter                 Auto,,,,,,,,,,,,,,,,,,,,,,,,,,,,,,,,,,,,,,,,,,,,,,,,,,,,,,,,,,,,,,,,,,,,,,,
PMT voltage (V)                   1000,,,,,,,,,,,,,,,,,,,,,,,,,,,,,,,,,,,,,,,,,,,,,,,,,,,,,,,,,,,,,,,,,,,,,,,
Wellplate                         ON,,,,,,,,,,,,,,,,,,,,,,,,,,,,,,,,,,,,,,,,,,,,,,,,,,,,,,,,,,,,,,,,,,,,,,,
Plate format                     96 Wells,,,,,,,,,,,,,,,,,,,,,,,,,,,,,,,,,,,,,,,,,,,,,,,,,,,,,,,,,,,,,,,,,,,,,,,
Read position                    Well centre,,,,,,,,,,,,,,,,,,,,,,,,,,,,,,,,,,,,,,,,,,,,,,,,,,,,,,,,,,,,,,,,,,,,,,,
Multi-zero                       OFF,,,,,,,,,,,,,,,,,,,,,,,,,,,,,,,,,,,,,,,,,,,,,,,,,,,,,,,,,,,,,,,,,,,,,,,
Auto-zero                        OFF,,,,,,,,,,,,,,,,,,,,,,,,,,,,,,,,,,,,,,,,,,,,,,,,,,,,,,,,,,,,,,,,,,,,,,,
Well                            A1,,,,,,,,,,,,,,,,,,,,,,,,,,,,,,,,,,,,,,,,,,,,,,,,,,,,,,,,,,,,,,,,,,,,,,,
Comments:,,,,,,,,,,,,,,,,,,,,,,,,,,,,,,,,,,,,,,,,,,,,,,,,,,,,,,,,,,,,,,,,,,,,,,,
Method Log     :,,,,,,,,,,,,,,,,,,,,,,,,,,,,,,,,,,,,,,,,,,,,,,,,,,,,,,,,,,,,,,,,,,,,,,,
Method Name    : Default,,,,,,,,,,,,,,,,,,,,,,,,,,,,,,,,,,,,,,,,,,,,,,,,,,,,,,,,,,,,,,,,,,,,,,,
Date/Time stamp: 15-Aug-23 2:52:18 PM,,,,,,,,,,,,,,,,,,,,,,,,,,,,,,,,,,,,,,,,,,,,,,,,,,,,,,,,,,,,,,,,,,,,,,,
Method Modifications:,,,,,,,,,,,,,,,,,,,,,,,,,,,,,,,,,,,,,,,,,,,,,,,,,,,,,,,,,,,,,,,,,,,,,,,
Wellplate Overlay Mode Changed: 15-Aug-23 2:52:19 PM, Old:Individual, New:Choice 1,,,,,,,,,,,,,,,,,,,,,,,,,,,,,,,,,,,,,,,,,,,,,,,,,,,,,,,,,,,,,,,,,,,,,
Wellplate Overlay Mode Changed: 15-Aug-23 2:52:19 PM, Old:Overlay all, New:Choice 2,,,,,,,,,,,,,,,,,,,,,,,,,,,,,,,,,,,,,,,,,,,,,,,,,,,,,,,,,,,,,,,,,,,,,
Wellplate Overlay Mode Changed: 15-Aug-23 2:52:19 PM, Old:Overlay rows, New:Choice 3,,,,,,,,,,,,,,,,,,,,,,,,,,,,,,,,,,,,,,,,,,,,,,,,,,,,,,,,,,,,,,,,,,,,,
Wellplate Overlay Mode Changed: 15-Aug-23 2:52:19 PM, Old:Overlay columns, New:Choice 4,,,,,,,,,,,,,,,,,,,,,,,,,,,,,,,,,,,,,,,,,,,,,,,,,,,,,,,,,,,,,,,,,,,,,
Wellplate Overlay Mode Changed: 15-Aug-23 2:52:19 PM, Old:User defined, New:Overlay columns,,,,,,,,,,,,,,,,,,,,,,,,,,,,,,,,,,,,,,,,,,,,,,,,,,,,,,,,,,,,,,,,,,,,,
Well plate reader Changed: 15-Aug-23 2:52:50 PM, Old:OFF, New:ON,,,,,,,,,,,,,,,,,,,,,,,,,,,,,,,,,,,,,,,,,,,,,,,,,,,,,,,,,,,,,,,,,,,,,
Wellplate Samples Changed: 15-Aug-23 2:52:50 PM, Old:, New:A1;A2;A3;A4;A5;A6;B1;B2;B3;B4;B5;B6;C1;C2;C3;C4;C5;C6;,,,,,,,,,,,,,,,,,,,,,,,,,,,,,,,,,,,,,,,,,,,,,,,,,,,,,,,,,,,,,,,,,,,,,
PMT Volts Changed: 15-Aug-23 2:54:11 PM, Old:600, New:1000,,,,,,,,,,,,,,,,,,,,,,,,,,,,,,,,,,,,,,,,,,,,,,,,,,,,,,,,,,,,,,,,,,,,,
Multiwavelength Changed: 15-Aug-23 2:54:11 PM, Old:OFF, New:ON,,,,,,,,,,,,,,,,,,,,,,,,,,,,,,,,,,,,,,,,,,,,,,,,,,,,,,,,,,,,,,,,,,,,,
Excitation Wavelengths 1 Changed: 15-Aug-23 2:54:11 PM, Old:   350.0000, New:   555.0000,,,,,,,,,,,,,,,,,,,,,,,,,,,,,,,,,,,,,,,,,,,,,,,,,,,,,,,,,,,,,,,,,,,,,
Emission Wavelengths 1 Changed: 15-Aug-23 2:54:11 PM, Old:   450.0000, New:   565.0000,,,,,,,,,,,,,,,,,,,,,,,,,,,,,,,,,,,,,,,,,,,,,,,,,,,,,,,,,,,,,,,,,,,,,
Excitation Wavelengths 2 Changed: 15-Aug-23 2:54:11 PM, Old:   360.0000, New:   555.0000,,,,,,,,,,,,,,,,,,,,,,,,,,,,,,,,,,,,,,,,,,,,,,,,,,,,,,,,,,,,,,,,,,,,,
Emission Wavelengths 2 Changed: 15-Aug-23 2:54:11 PM, Old:   460.0000, New:   665.0000,,,,,,,,,,,,,,,,,,,,,,,,,,,,,,,,,,,,,,,,,,,,,,,,,,,,,,,,,,,,,,,,,,,,,
Excitation Wavelength Changed: 15-Aug-23 2:54:11 PM, Old: 400.00, New: 555.00,,,,,,,,,,,,,,,,,,,,,,,,,,,,,,,,,,,,,,,,,,,,,,,,,,,,,,,,,,,,,,,,,,,,,
Emission Wavelength Changed: 15-Aug-23 2:54:11 PM, Old: 600.00, New: 565.00,,,,,,,,,,,,,,,,,,,,,,,,,,,,,,,,,,,,,,,,,,,,,,,,,,,,,,,,,,,,,,,,,,,,,
Cycle Time 1 Changed: 15-Aug-23 2:54:11 PM, Old: 0.0000, New: 0.5000,,,,,,,,,,,,,,,,,,,,,,,,,,,,,,,,,,,,,,,,,,,,,,,,,,,,,,,,,,,,,,,,,,,,,
Emission PMT (V): Changed: 15-Aug-23 2:54:11 PM, Old: 600, New:1000,,,,,,,,,,,,,,,,,,,,,,,,,,,,,,,,,,,,,,,,,,,,,,,,,,,,,,,,,,,,,,,,,,,,,
Emission Wavelengths 1 Changed: 15-Aug-23 2:57:34 PM, Old:   565.0000, New:   570.0000,,,,,,,,,,,,,,,,,,,,,,,,,,,,,,,,,,,,,,,,,,,,,,,,,,,,,,,,,,,,,,,,,,,,,
Emission Wavelength Changed: 15-Aug-23 2:57:34 PM, Old: 565.00, New: 570.00,,,,,,,,,,,,,,,,,,,,,,,,,,,,,,,,,,,,,,,,,,,,,,,,,,,,,,,,,,,,,,,,,,,,,
Ave. time (s): Changed: 15-Aug-23 3:00:07 PM, Old:0.10000, New:0.25000,,,,,,,,,,,,,,,,,,,,,,,,,,,,,,,,,,,,,,,,,,,,,,,,,,,,,,,,,,,,,,,,,,,,,
Cycle Time 1 Changed: 15-Aug-23 3:03:28 PM, Old: 0.5000, New: 1.0000,,,,,,,,,,,,,,,,,,,,,,,,,,,,,,,,,,,,,,,,,,,,,,,,,,,,,,,,,,,,,,,,,,,,,
Stop Time 1 Changed: 15-Aug-23 3:03:28 PM, Old: 1.0000, New:90.0000,,,,,,,,,,,,,,,,,,,,,,,,,,,,,,,,,,,,,,,,,,,,,,,,,,,,,,,,,,,,,,,,,,,,,
End Method Modifications,,,,,,,,,,,,,,,,,,,,,,,,,,,,,,,,,,,,,,,,,,,,,,,,,,,,,,,,,,,,,,,,,,,,,,,
,,,,,,,,,,,,,,,,,,,,,,,,,,,,,,,,,,,,,,,,,,,,,,,,,,,,,,,,,,,,,,,,,,,,,,,
Sample B5_Ex555_Em570,,,,,,,,,,,,,,,,,,,,,,,,,,,,,,,,,,,,,,,,,,,,,,,,,,,,,,,,,,,,,,,,,,,,,,,
Sample B5_Ex555_Em570,,,,,,,,,,,,,,,,,,,,,,,,,,,,,,,,,,,,,,,,,,,,,,,,,,,,,,,,,,,,,,,,,,,,,,,
Collection Time: 15-Aug-23 3:04:44 PM,,,,,,,,,,,,,,,,,,,,,,,,,,,,,,,,,,,,,,,,,,,,,,,,,,,,,,,,,,,,,,,,,,,,,,,
Operator Name  :,,,,,,,,,,,,,,,,,,,,,,,,,,,,,,,,,,,,,,,,,,,,,,,,,,,,,,,,,,,,,,,,,,,,,,,
Kinetics Software Version: 1.2(146),,,,,,,,,,,,,,,,,,,,,,,,,,,,,,,,,,,,,,,,,,,,,,,,,,,,,,,,,,,,,,,,,,,,,,,
Parameter List :,,,,,,,,,,,,,,,,,,,,,,,,,,,,,,,,,,,,,,,,,,,,,,,,,,,,,,,,,,,,,,,,,,,,,,,
Report Time: Tue 15 Aug 03:04:44 PM 2023,,,,,,,,,,,,,,,,,,,,,,,,,,,,,,,,,,,,,,,,,,,,,,,,,,,,,,,,,,,,,,,,,,,,,,,
Software version: 1.2(146),,,,,,,,,,,,,,,,,,,,,,,,,,,,,,,,,,,,,,,,,,,,,,,,,,,,,,,,,,,,,,,,,,,,,,,
Operator:,,,,,,,,,,,,,,,,,,,,,,,,,,,,,,,,,,,,,,,,,,,,,,,,,,,,,,,,,,,,,,,,,,,,,,,
Instrument Parameters,,,,,,,,,,,,,,,,,,,,,,,,,,,,,,,,,,,,,,,,,,,,,,,,,,,,,,,,,,,,,,,,,,,,,,,
Instrument                        Cary Eclipse,,,,,,,,,,,,,,,,,,,,,,,,,,,,,,,,,,,,,,,,,,,,,,,,,,,,,,,,,,,,,,,,,,,,,,,
Instrument Serial Number          MY18160001,,,,,,,,,,,,,,,,,,,,,,,,,,,,,,,,,,,,,,,,,,,,,,,,,,,,,,,,,,,,,,,,,,,,,,,
Data mode                         Fluorescence,,,,,,,,,,,,,,,,,,,,,,,,,,,,,,,,,,,,,,,,,,,,,,,,,,,,,,,,,,,,,,,,,,,,,,,
Ex. wavelengths (nm)              555.0000 ; 555.0000,,,,,,,,,,,,,,,,,,,,,,,,,,,,,,,,,,,,,,,,,,,,,,,,,,,,,,,,,,,,,,,,,,,,,,,
Em. wavelengths (nm)              570.0000 ; 665.0000,,,,,,,,,,,,,,,,,,,,,,,,,,,,,,,,,,,,,,,,,,,,,,,,,,,,,,,,,,,,,,,,,,,,,,,
Ex. Slit (nm)                     5,,,,,,,,,,,,,,,,,,,,,,,,,,,,,,,,,,,,,,,,,,,,,,,,,,,,,,,,,,,,,,,,,,,,,,,
Em. Slit (nm)                     5,,,,,,,,,,,,,,,,,,,,,,,,,,,,,,,,,,,,,,,,,,,,,,,,,,,,,,,,,,,,,,,,,,,,,,,
Averaging Time (s)                0.2500,,,,,,,,,,,,,,,,,,,,,,,,,,,,,,,,,,,,,,,,,,,,,,,,,,,,,,,,,,,,,,,,,,,,,,,
Cycle time(min)                   1.0000,,,,,,,,,,,,,,,,,,,,,,,,,,,,,,,,,,,,,,,,,,,,,,,,,,,,,,,,,,,,,,,,,,,,,,,
Stop time(min)                    90.0000,,,,,,,,,,,,,,,,,,,,,,,,,,,,,,,,,,,,,,,,,,,,,,,,,,,,,,,,,,,,,,,,,,,,,,,
Emission filter                   Open,,,,,,,,,,,,,,,,,,,,,,,,,,,,,,,,,,,,,,,,,,,,,,,,,,,,,,,,,,,,,,,,,,,,,,,
Excitation Filter                 Auto,,,,,,,,,,,,,,,,,,,,,,,,,,,,,,,,,,,,,,,,,,,,,,,,,,,,,,,,,,,,,,,,,,,,,,,
PMT voltage (V)                   1000,,,,,,,,,,,,,,,,,,,,,,,,,,,,,,,,,,,,,,,,,,,,,,,,,,,,,,,,,,,,,,,,,,,,,,,
Wellplate                         ON,,,,,,,,,,,,,,,,,,,,,,,,,,,,,,,,,,,,,,,,,,,,,,,,,,,,,,,,,,,,,,,,,,,,,,,
Plate format                     96 Wells,,,,,,,,,,,,,,,,,,,,,,,,,,,,,,,,,,,,,,,,,,,,,,,,,,,,,,,,,,,,,,,,,,,,,,,
Read position                    Well centre,,,,,,,,,,,,,,,,,,,,,,,,,,,,,,,,,,,,,,,,,,,,,,,,,,,,,,,,,,,,,,,,,,,,,,,
Multi-zero                       OFF,,,,,,,,,,,,,,,,,,,,,,,,,,,,,,,,,,,,,,,,,,,,,,,,,,,,,,,,,,,,,,,,,,,,,,,
Auto-zero                        OFF,,,,,,,,,,,,,,,,,,,,,,,,,,,,,,,,,,,,,,,,,,,,,,,,,,,,,,,,,,,,,,,,,,,,,,,
Well                            A1,,,,,,,,,,,,,,,,,,,,,,,,,,,,,,,,,,,,,,,,,,,,,,,,,,,,,,,,,,,,,,,,,,,,,,,
Comments:,,,,,,,,,,,,,,,,,,,,,,,,,,,,,,,,,,,,,,,,,,,,,,,,,,,,,,,,,,,,,,,,,,,,,,,
Method Log     :,,,,,,,,,,,,,,,,,,,,,,,,,,,,,,,,,,,,,,,,,,,,,,,,,,,,,,,,,,,,,,,,,,,,,,,
Method Name    : Default,,,,,,,,,,,,,,,,,,,,,,,,,,,,,,,,,,,,,,,,,,,,,,,,,,,,,,,,,,,,,,,,,,,,,,,
Date/Time stamp: 15-Aug-23 2:52:18 PM,,,,,,,,,,,,,,,,,,,,,,,,,,,,,,,,,,,,,,,,,,,,,,,,,,,,,,,,,,,,,,,,,,,,,,,
Method Modifications:,,,,,,,,,,,,,,,,,,,,,,,,,,,,,,,,,,,,,,,,,,,,,,,,,,,,,,,,,,,,,,,,,,,,,,,
Wellplate Overlay Mode Changed: 15-Aug-23 2:52:19 PM, Old:Individual, New:Choice 1,,,,,,,,,,,,,,,,,,,,,,,,,,,,,,,,,,,,,,,,,,,,,,,,,,,,,,,,,,,,,,,,,,,,,
Wellplate Overlay Mode Changed: 15-Aug-23 2:52:19 PM, Old:Overlay all, New:Choice 2,,,,,,,,,,,,,,,,,,,,,,,,,,,,,,,,,,,,,,,,,,,,,,,,,,,,,,,,,,,,,,,,,,,,,
Wellplate Overlay Mode Changed: 15-Aug-23 2:52:19 PM, Old:Overlay rows, New:Choice 3,,,,,,,,,,,,,,,,,,,,,,,,,,,,,,,,,,,,,,,,,,,,,,,,,,,,,,,,,,,,,,,,,,,,,
Wellplate Overlay Mode Changed: 15-Aug-23 2:52:19 PM, Old:Overlay columns, New:Choice 4,,,,,,,,,,,,,,,,,,,,,,,,,,,,,,,,,,,,,,,,,,,,,,,,,,,,,,,,,,,,,,,,,,,,,
Wellplate Overlay Mode Changed: 15-Aug-23 2:52:19 PM, Old:User defined, New:Overlay columns,,,,,,,,,,,,,,,,,,,,,,,,,,,,,,,,,,,,,,,,,,,,,,,,,,,,,,,,,,,,,,,,,,,,,
Well plate reader Changed: 15-Aug-23 2:52:50 PM, Old:OFF, New:ON,,,,,,,,,,,,,,,,,,,,,,,,,,,,,,,,,,,,,,,,,,,,,,,,,,,,,,,,,,,,,,,,,,,,,
Wellplate Samples Changed: 15-Aug-23 2:52:50 PM, Old:, New:A1;A2;A3;A4;A5;A6;B1;B2;B3;B4;B5;B6;C1;C2;C3;C4;C5;C6;,,,,,,,,,,,,,,,,,,,,,,,,,,,,,,,,,,,,,,,,,,,,,,,,,,,,,,,,,,,,,,,,,,,,,
PMT Volts Changed: 15-Aug-23 2:54:11 PM, Old:600, New:1000,,,,,,,,,,,,,,,,,,,,,,,,,,,,,,,,,,,,,,,,,,,,,,,,,,,,,,,,,,,,,,,,,,,,,
Multiwavelength Changed: 15-Aug-23 2:54:11 PM, Old:OFF, New:ON,,,,,,,,,,,,,,,,,,,,,,,,,,,,,,,,,,,,,,,,,,,,,,,,,,,,,,,,,,,,,,,,,,,,,
Excitation Wavelengths 1 Changed: 15-Aug-23 2:54:11 PM, Old:   350.0000, New:   555.0000,,,,,,,,,,,,,,,,,,,,,,,,,,,,,,,,,,,,,,,,,,,,,,,,,,,,,,,,,,,,,,,,,,,,,
Emission Wavelengths 1 Changed: 15-Aug-23 2:54:11 PM, Old:   450.0000, New:   565.0000,,,,,,,,,,,,,,,,,,,,,,,,,,,,,,,,,,,,,,,,,,,,,,,,,,,,,,,,,,,,,,,,,,,,,
Excitation Wavelengths 2 Changed: 15-Aug-23 2:54:11 PM, Old:   360.0000, New:   555.0000,,,,,,,,,,,,,,,,,,,,,,,,,,,,,,,,,,,,,,,,,,,,,,,,,,,,,,,,,,,,,,,,,,,,,
Emission Wavelengths 2 Changed: 15-Aug-23 2:54:11 PM, Old:   460.0000, New:   665.0000,,,,,,,,,,,,,,,,,,,,,,,,,,,,,,,,,,,,,,,,,,,,,,,,,,,,,,,,,,,,,,,,,,,,,
Excitation Wavelength Changed: 15-Aug-23 2:54:11 PM, Old: 400.00, New: 555.00,,,,,,,,,,,,,,,,,,,,,,,,,,,,,,,,,,,,,,,,,,,,,,,,,,,,,,,,,,,,,,,,,,,,,
Emission Wavelength Changed: 15-Aug-23 2:54:11 PM, Old: 600.00, New: 565.00,,,,,,,,,,,,,,,,,,,,,,,,,,,,,,,,,,,,,,,,,,,,,,,,,,,,,,,,,,,,,,,,,,,,,
Cycle Time 1 Changed: 15-Aug-23 2:54:11 PM, Old: 0.0000, New: 0.5000,,,,,,,,,,,,,,,,,,,,,,,,,,,,,,,,,,,,,,,,,,,,,,,,,,,,,,,,,,,,,,,,,,,,,
Emission PMT (V): Changed: 15-Aug-23 2:54:11 PM, Old: 600, New:1000,,,,,,,,,,,,,,,,,,,,,,,,,,,,,,,,,,,,,,,,,,,,,,,,,,,,,,,,,,,,,,,,,,,,,
Emission Wavelengths 1 Changed: 15-Aug-23 2:57:34 PM, Old:   565.0000, New:   570.0000,,,,,,,,,,,,,,,,,,,,,,,,,,,,,,,,,,,,,,,,,,,,,,,,,,,,,,,,,,,,,,,,,,,,,
Emission Wavelength Changed: 15-Aug-23 2:57:34 PM, Old: 565.00, New: 570.00,,,,,,,,,,,,,,,,,,,,,,,,,,,,,,,,,,,,,,,,,,,,,,,,,,,,,,,,,,,,,,,,,,,,,
Ave. time (s): Changed: 15-Aug-23 3:00:07 PM, Old:0.10000, New:0.25000,,,,,,,,,,,,,,,,,,,,,,,,,,,,,,,,,,,,,,,,,,,,,,,,,,,,,,,,,,,,,,,,,,,,,
Cycle Time 1 Changed: 15-Aug-23 3:03:28 PM, Old: 0.5000, New: 1.0000,,,,,,,,,,,,,,,,,,,,,,,,,,,,,,,,,,,,,,,,,,,,,,,,,,,,,,,,,,,,,,,,,,,,,
Stop Time 1 Changed: 15-Aug-23 3:03:28 PM, Old: 1.0000, New:90.0000,,,,,,,,,,,,,,,,,,,,,,,,,,,,,,,,,,,,,,,,,,,,,,,,,,,,,,,,,,,,,,,,,,,,,
End Method Modifications,,,,,,,,,,,,,,,,,,,,,,,,,,,,,,,,,,,,,,,,,,,,,,,,,,,,,,,,,,,,,,,,,,,,,,,
,,,,,,,,,,,,,,,,,,,,,,,,,,,,,,,,,,,,,,,,,,,,,,,,,,,,,,,,,,,,,,,,,,,,,,,
Sample B5_Ex555_Em665,,,,,,,,,,,,,,,,,,,,,,,,,,,,,,,,,,,,,,,,,,,,,,,,,,,,,,,,,,,,,,,,,,,,,,,
Sample B5_Ex555_Em665,,,,,,,,,,,,,,,,,,,,,,,,,,,,,,,,,,,,,,,,,,,,,,,,,,,,,,,,,,,,,,,,,,,,,,,
Collection Time: 15-Aug-23 3:04:44 PM,,,,,,,,,,,,,,,,,,,,,,,,,,,,,,,,,,,,,,,,,,,,,,,,,,,,,,,,,,,,,,,,,,,,,,,
Operator Name  :,,,,,,,,,,,,,,,,,,,,,,,,,,,,,,,,,,,,,,,,,,,,,,,,,,,,,,,,,,,,,,,,,,,,,,,
Kinetics Software Version: 1.2(146),,,,,,,,,,,,,,,,,,,,,,,,,,,,,,,,,,,,,,,,,,,,,,,,,,,,,,,,,,,,,,,,,,,,,,,
Parameter List :,,,,,,,,,,,,,,,,,,,,,,,,,,,,,,,,,,,,,,,,,,,,,,,,,,,,,,,,,,,,,,,,,,,,,,,
Report Time: Tue 15 Aug 03:04:44 PM 2023,,,,,,,,,,,,,,,,,,,,,,,,,,,,,,,,,,,,,,,,,,,,,,,,,,,,,,,,,,,,,,,,,,,,,,,
Software version: 1.2(146),,,,,,,,,,,,,,,,,,,,,,,,,,,,,,,,,,,,,,,,,,,,,,,,,,,,,,,,,,,,,,,,,,,,,,,
Operator:,,,,,,,,,,,,,,,,,,,,,,,,,,,,,,,,,,,,,,,,,,,,,,,,,,,,,,,,,,,,,,,,,,,,,,,
Instrument Parameters,,,,,,,,,,,,,,,,,,,,,,,,,,,,,,,,,,,,,,,,,,,,,,,,,,,,,,,,,,,,,,,,,,,,,,,
Instrument                        Cary Eclipse,,,,,,,,,,,,,,,,,,,,,,,,,,,,,,,,,,,,,,,,,,,,,,,,,,,,,,,,,,,,,,,,,,,,,,,
Instrument Serial Number          MY18160001,,,,,,,,,,,,,,,,,,,,,,,,,,,,,,,,,,,,,,,,,,,,,,,,,,,,,,,,,,,,,,,,,,,,,,,
Data mode                         Fluorescence,,,,,,,,,,,,,,,,,,,,,,,,,,,,,,,,,,,,,,,,,,,,,,,,,,,,,,,,,,,,,,,,,,,,,,,
Ex. wavelengths (nm)              555.0000 ; 555.0000,,,,,,,,,,,,,,,,,,,,,,,,,,,,,,,,,,,,,,,,,,,,,,,,,,,,,,,,,,,,,,,,,,,,,,,
Em. wavelengths (nm)              570.0000 ; 665.0000,,,,,,,,,,,,,,,,,,,,,,,,,,,,,,,,,,,,,,,,,,,,,,,,,,,,,,,,,,,,,,,,,,,,,,,
Ex. Slit (nm)                     5,,,,,,,,,,,,,,,,,,,,,,,,,,,,,,,,,,,,,,,,,,,,,,,,,,,,,,,,,,,,,,,,,,,,,,,
Em. Slit (nm)                     5,,,,,,,,,,,,,,,,,,,,,,,,,,,,,,,,,,,,,,,,,,,,,,,,,,,,,,,,,,,,,,,,,,,,,,,
Averaging Time (s)                0.2500,,,,,,,,,,,,,,,,,,,,,,,,,,,,,,,,,,,,,,,,,,,,,,,,,,,,,,,,,,,,,,,,,,,,,,,
Cycle time(min)                   1.0000,,,,,,,,,,,,,,,,,,,,,,,,,,,,,,,,,,,,,,,,,,,,,,,,,,,,,,,,,,,,,,,,,,,,,,,
Stop time(min)                    90.0000,,,,,,,,,,,,,,,,,,,,,,,,,,,,,,,,,,,,,,,,,,,,,,,,,,,,,,,,,,,,,,,,,,,,,,,
Emission filter                   Open,,,,,,,,,,,,,,,,,,,,,,,,,,,,,,,,,,,,,,,,,,,,,,,,,,,,,,,,,,,,,,,,,,,,,,,
Excitation Filter                 Auto,,,,,,,,,,,,,,,,,,,,,,,,,,,,,,,,,,,,,,,,,,,,,,,,,,,,,,,,,,,,,,,,,,,,,,,
PMT voltage (V)                   1000,,,,,,,,,,,,,,,,,,,,,,,,,,,,,,,,,,,,,,,,,,,,,,,,,,,,,,,,,,,,,,,,,,,,,,,
Wellplate                         ON,,,,,,,,,,,,,,,,,,,,,,,,,,,,,,,,,,,,,,,,,,,,,,,,,,,,,,,,,,,,,,,,,,,,,,,
Plate format                     96 Wells,,,,,,,,,,,,,,,,,,,,,,,,,,,,,,,,,,,,,,,,,,,,,,,,,,,,,,,,,,,,,,,,,,,,,,,
Read position                    Well centre,,,,,,,,,,,,,,,,,,,,,,,,,,,,,,,,,,,,,,,,,,,,,,,,,,,,,,,,,,,,,,,,,,,,,,,
Multi-zero                       OFF,,,,,,,,,,,,,,,,,,,,,,,,,,,,,,,,,,,,,,,,,,,,,,,,,,,,,,,,,,,,,,,,,,,,,,,
Auto-zero                        OFF,,,,,,,,,,,,,,,,,,,,,,,,,,,,,,,,,,,,,,,,,,,,,,,,,,,,,,,,,,,,,,,,,,,,,,,
Well                            A1,,,,,,,,,,,,,,,,,,,,,,,,,,,,,,,,,,,,,,,,,,,,,,,,,,,,,,,,,,,,,,,,,,,,,,,
Comments:,,,,,,,,,,,,,,,,,,,,,,,,,,,,,,,,,,,,,,,,,,,,,,,,,,,,,,,,,,,,,,,,,,,,,,,
Method Log     :,,,,,,,,,,,,,,,,,,,,,,,,,,,,,,,,,,,,,,,,,,,,,,,,,,,,,,,,,,,,,,,,,,,,,,,
Method Name    : Default,,,,,,,,,,,,,,,,,,,,,,,,,,,,,,,,,,,,,,,,,,,,,,,,,,,,,,,,,,,,,,,,,,,,,,,
Date/Time stamp: 15-Aug-23 2:52:18 PM,,,,,,,,,,,,,,,,,,,,,,,,,,,,,,,,,,,,,,,,,,,,,,,,,,,,,,,,,,,,,,,,,,,,,,,
Method Modifications:,,,,,,,,,,,,,,,,,,,,,,,,,,,,,,,,,,,,,,,,,,,,,,,,,,,,,,,,,,,,,,,,,,,,,,,
Wellplate Overlay Mode Changed: 15-Aug-23 2:52:19 PM, Old:Individual, New:Choice 1,,,,,,,,,,,,,,,,,,,,,,,,,,,,,,,,,,,,,,,,,,,,,,,,,,,,,,,,,,,,,,,,,,,,,
Wellplate Overlay Mode Changed: 15-Aug-23 2:52:19 PM, Old:Overlay all, New:Choice 2,,,,,,,,,,,,,,,,,,,,,,,,,,,,,,,,,,,,,,,,,,,,,,,,,,,,,,,,,,,,,,,,,,,,,
Wellplate Overlay Mode Changed: 15-Aug-23 2:52:19 PM, Old:Overlay rows, New:Choice 3,,,,,,,,,,,,,,,,,,,,,,,,,,,,,,,,,,,,,,,,,,,,,,,,,,,,,,,,,,,,,,,,,,,,,
Wellplate Overlay Mode Changed: 15-Aug-23 2:52:19 PM, Old:Overlay columns, New:Choice 4,,,,,,,,,,,,,,,,,,,,,,,,,,,,,,,,,,,,,,,,,,,,,,,,,,,,,,,,,,,,,,,,,,,,,
Wellplate Overlay Mode Changed: 15-Aug-23 2:52:19 PM, Old:User defined, New:Overlay columns,,,,,,,,,,,,,,,,,,,,,,,,,,,,,,,,,,,,,,,,,,,,,,,,,,,,,,,,,,,,,,,,,,,,,
Well plate reader Changed: 15-Aug-23 2:52:50 PM, Old:OFF, New:ON,,,,,,,,,,,,,,,,,,,,,,,,,,,,,,,,,,,,,,,,,,,,,,,,,,,,,,,,,,,,,,,,,,,,,
Wellplate Samples Changed: 15-Aug-23 2:52:50 PM, Old:, New:A1;A2;A3;A4;A5;A6;B1;B2;B3;B4;B5;B6;C1;C2;C3;C4;C5;C6;,,,,,,,,,,,,,,,,,,,,,,,,,,,,,,,,,,,,,,,,,,,,,,,,,,,,,,,,,,,,,,,,,,,,,
PMT Volts Changed: 15-Aug-23 2:54:11 PM, Old:600, New:1000,,,,,,,,,,,,,,,,,,,,,,,,,,,,,,,,,,,,,,,,,,,,,,,,,,,,,,,,,,,,,,,,,,,,,
Multiwavelength Changed: 15-Aug-23 2:54:11 PM, Old:OFF, New:ON,,,,,,,,,,,,,,,,,,,,,,,,,,,,,,,,,,,,,,,,,,,,,,,,,,,,,,,,,,,,,,,,,,,,,
Excitation Wavelengths 1 Changed: 15-Aug-23 2:54:11 PM, Old:   350.0000, New:   555.0000,,,,,,,,,,,,,,,,,,,,,,,,,,,,,,,,,,,,,,,,,,,,,,,,,,,,,,,,,,,,,,,,,,,,,
Emission Wavelengths 1 Changed: 15-Aug-23 2:54:11 PM, Old:   450.0000, New:   565.0000,,,,,,,,,,,,,,,,,,,,,,,,,,,,,,,,,,,,,,,,,,,,,,,,,,,,,,,,,,,,,,,,,,,,,
Excitation Wavelengths 2 Changed: 15-Aug-23 2:54:11 PM, Old:   360.0000, New:   555.0000,,,,,,,,,,,,,,,,,,,,,,,,,,,,,,,,,,,,,,,,,,,,,,,,,,,,,,,,,,,,,,,,,,,,,
Emission Wavelengths 2 Changed: 15-Aug-23 2:54:11 PM, Old:   460.0000, New:   665.0000,,,,,,,,,,,,,,,,,,,,,,,,,,,,,,,,,,,,,,,,,,,,,,,,,,,,,,,,,,,,,,,,,,,,,
Excitation Wavelength Changed: 15-Aug-23 2:54:11 PM, Old: 400.00, New: 555.00,,,,,,,,,,,,,,,,,,,,,,,,,,,,,,,,,,,,,,,,,,,,,,,,,,,,,,,,,,,,,,,,,,,,,
Emission Wavelength Changed: 15-Aug-23 2:54:11 PM, Old: 600.00, New: 565.00,,,,,,,,,,,,,,,,,,,,,,,,,,,,,,,,,,,,,,,,,,,,,,,,,,,,,,,,,,,,,,,,,,,,,
Cycle Time 1 Changed: 15-Aug-23 2:54:11 PM, Old: 0.0000, New: 0.5000,,,,,,,,,,,,,,,,,,,,,,,,,,,,,,,,,,,,,,,,,,,,,,,,,,,,,,,,,,,,,,,,,,,,,
Emission PMT (V): Changed: 15-Aug-23 2:54:11 PM, Old: 600, New:1000,,,,,,,,,,,,,,,,,,,,,,,,,,,,,,,,,,,,,,,,,,,,,,,,,,,,,,,,,,,,,,,,,,,,,
Emission Wavelengths 1 Changed: 15-Aug-23 2:57:34 PM, Old:   565.0000, New:   570.0000,,,,,,,,,,,,,,,,,,,,,,,,,,,,,,,,,,,,,,,,,,,,,,,,,,,,,,,,,,,,,,,,,,,,,
Emission Wavelength Changed: 15-Aug-23 2:57:34 PM, Old: 565.00, New: 570.00,,,,,,,,,,,,,,,,,,,,,,,,,,,,,,,,,,,,,,,,,,,,,,,,,,,,,,,,,,,,,,,,,,,,,
Ave. time (s): Changed: 15-Aug-23 3:00:07 PM, Old:0.10000, New:0.25000,,,,,,,,,,,,,,,,,,,,,,,,,,,,,,,,,,,,,,,,,,,,,,,,,,,,,,,,,,,,,,,,,,,,,
Cycle Time 1 Changed: 15-Aug-23 3:03:28 PM, Old: 0.5000, New: 1.0000,,,,,,,,,,,,,,,,,,,,,,,,,,,,,,,,,,,,,,,,,,,,,,,,,,,,,,,,,,,,,,,,,,,,,
Stop Time 1 Changed: 15-Aug-23 3:03:28 PM, Old: 1.0000, New:90.0000,,,,,,,,,,,,,,,,,,,,,,,,,,,,,,,,,,,,,,,,,,,,,,,,,,,,,,,,,,,,,,,,,,,,,
End Method Modifications,,,,,,,,,,,,,,,,,,,,,,,,,,,,,,,,,,,,,,,,,,,,,,,,,,,,,,,,,,,,,,,,,,,,,,,
,,,,,,,,,,,,,,,,,,,,,,,,,,,,,,,,,,,,,,,,,,,,,,,,,,,,,,,,,,,,,,,,,,,,,,,
Sample B6_Ex555_Em570,,,,,,,,,,,,,,,,,,,,,,,,,,,,,,,,,,,,,,,,,,,,,,,,,,,,,,,,,,,,,,,,,,,,,,,
Sample B6_Ex555_Em570,,,,,,,,,,,,,,,,,,,,,,,,,,,,,,,,,,,,,,,,,,,,,,,,,,,,,,,,,,,,,,,,,,,,,,,
Collection Time: 15-Aug-23 3:04:44 PM,,,,,,,,,,,,,,,,,,,,,,,,,,,,,,,,,,,,,,,,,,,,,,,,,,,,,,,,,,,,,,,,,,,,,,,
Operator Name  :,,,,,,,,,,,,,,,,,,,,,,,,,,,,,,,,,,,,,,,,,,,,,,,,,,,,,,,,,,,,,,,,,,,,,,,
Kinetics Software Version: 1.2(146),,,,,,,,,,,,,,,,,,,,,,,,,,,,,,,,,,,,,,,,,,,,,,,,,,,,,,,,,,,,,,,,,,,,,,,
Parameter List :,,,,,,,,,,,,,,,,,,,,,,,,,,,,,,,,,,,,,,,,,,,,,,,,,,,,,,,,,,,,,,,,,,,,,,,
Report Time: Tue 15 Aug 03:04:44 PM 2023,,,,,,,,,,,,,,,,,,,,,,,,,,,,,,,,,,,,,,,,,,,,,,,,,,,,,,,,,,,,,,,,,,,,,,,
Software version: 1.2(146),,,,,,,,,,,,,,,,,,,,,,,,,,,,,,,,,,,,,,,,,,,,,,,,,,,,,,,,,,,,,,,,,,,,,,,
Operator:,,,,,,,,,,,,,,,,,,,,,,,,,,,,,,,,,,,,,,,,,,,,,,,,,,,,,,,,,,,,,,,,,,,,,,,
Instrument Parameters,,,,,,,,,,,,,,,,,,,,,,,,,,,,,,,,,,,,,,,,,,,,,,,,,,,,,,,,,,,,,,,,,,,,,,,
Instrument                        Cary Eclipse,,,,,,,,,,,,,,,,,,,,,,,,,,,,,,,,,,,,,,,,,,,,,,,,,,,,,,,,,,,,,,,,,,,,,,,
Instrument Serial Number          MY18160001,,,,,,,,,,,,,,,,,,,,,,,,,,,,,,,,,,,,,,,,,,,,,,,,,,,,,,,,,,,,,,,,,,,,,,,
Data mode                         Fluorescence,,,,,,,,,,,,,,,,,,,,,,,,,,,,,,,,,,,,,,,,,,,,,,,,,,,,,,,,,,,,,,,,,,,,,,,
Ex. wavelengths (nm)              555.0000 ; 555.0000,,,,,,,,,,,,,,,,,,,,,,,,,,,,,,,,,,,,,,,,,,,,,,,,,,,,,,,,,,,,,,,,,,,,,,,
Em. wavelengths (nm)              570.0000 ; 665.0000,,,,,,,,,,,,,,,,,,,,,,,,,,,,,,,,,,,,,,,,,,,,,,,,,,,,,,,,,,,,,,,,,,,,,,,
Ex. Slit (nm)                     5,,,,,,,,,,,,,,,,,,,,,,,,,,,,,,,,,,,,,,,,,,,,,,,,,,,,,,,,,,,,,,,,,,,,,,,
Em. Slit (nm)                     5,,,,,,,,,,,,,,,,,,,,,,,,,,,,,,,,,,,,,,,,,,,,,,,,,,,,,,,,,,,,,,,,,,,,,,,
Averaging Time (s)                0.2500,,,,,,,,,,,,,,,,,,,,,,,,,,,,,,,,,,,,,,,,,,,,,,,,,,,,,,,,,,,,,,,,,,,,,,,
Cycle time(min)                   1.0000,,,,,,,,,,,,,,,,,,,,,,,,,,,,,,,,,,,,,,,,,,,,,,,,,,,,,,,,,,,,,,,,,,,,,,,
Stop time(min)                    90.0000,,,,,,,,,,,,,,,,,,,,,,,,,,,,,,,,,,,,,,,,,,,,,,,,,,,,,,,,,,,,,,,,,,,,,,,
Emission filter                   Open,,,,,,,,,,,,,,,,,,,,,,,,,,,,,,,,,,,,,,,,,,,,,,,,,,,,,,,,,,,,,,,,,,,,,,,
Excitation Filter                 Auto,,,,,,,,,,,,,,,,,,,,,,,,,,,,,,,,,,,,,,,,,,,,,,,,,,,,,,,,,,,,,,,,,,,,,,,
PMT voltage (V)                   1000,,,,,,,,,,,,,,,,,,,,,,,,,,,,,,,,,,,,,,,,,,,,,,,,,,,,,,,,,,,,,,,,,,,,,,,
Wellplate                         ON,,,,,,,,,,,,,,,,,,,,,,,,,,,,,,,,,,,,,,,,,,,,,,,,,,,,,,,,,,,,,,,,,,,,,,,
Plate format                     96 Wells,,,,,,,,,,,,,,,,,,,,,,,,,,,,,,,,,,,,,,,,,,,,,,,,,,,,,,,,,,,,,,,,,,,,,,,
Read position                    Well centre,,,,,,,,,,,,,,,,,,,,,,,,,,,,,,,,,,,,,,,,,,,,,,,,,,,,,,,,,,,,,,,,,,,,,,,
Multi-zero                       OFF,,,,,,,,,,,,,,,,,,,,,,,,,,,,,,,,,,,,,,,,,,,,,,,,,,,,,,,,,,,,,,,,,,,,,,,
Auto-zero                        OFF,,,,,,,,,,,,,,,,,,,,,,,,,,,,,,,,,,,,,,,,,,,,,,,,,,,,,,,,,,,,,,,,,,,,,,,
Well                            A1,,,,,,,,,,,,,,,,,,,,,,,,,,,,,,,,,,,,,,,,,,,,,,,,,,,,,,,,,,,,,,,,,,,,,,,
Comments:,,,,,,,,,,,,,,,,,,,,,,,,,,,,,,,,,,,,,,,,,,,,,,,,,,,,,,,,,,,,,,,,,,,,,,,
Method Log     :,,,,,,,,,,,,,,,,,,,,,,,,,,,,,,,,,,,,,,,,,,,,,,,,,,,,,,,,,,,,,,,,,,,,,,,
Method Name    : Default,,,,,,,,,,,,,,,,,,,,,,,,,,,,,,,,,,,,,,,,,,,,,,,,,,,,,,,,,,,,,,,,,,,,,,,
Date/Time stamp: 15-Aug-23 2:52:18 PM,,,,,,,,,,,,,,,,,,,,,,,,,,,,,,,,,,,,,,,,,,,,,,,,,,,,,,,,,,,,,,,,,,,,,,,
Method Modifications:,,,,,,,,,,,,,,,,,,,,,,,,,,,,,,,,,,,,,,,,,,,,,,,,,,,,,,,,,,,,,,,,,,,,,,,
Wellplate Overlay Mode Changed: 15-Aug-23 2:52:19 PM, Old:Individual, New:Choice 1,,,,,,,,,,,,,,,,,,,,,,,,,,,,,,,,,,,,,,,,,,,,,,,,,,,,,,,,,,,,,,,,,,,,,
Wellplate Overlay Mode Changed: 15-Aug-23 2:52:19 PM, Old:Overlay all, New:Choice 2,,,,,,,,,,,,,,,,,,,,,,,,,,,,,,,,,,,,,,,,,,,,,,,,,,,,,,,,,,,,,,,,,,,,,
Wellplate Overlay Mode Changed: 15-Aug-23 2:52:19 PM, Old:Overlay rows, New:Choice 3,,,,,,,,,,,,,,,,,,,,,,,,,,,,,,,,,,,,,,,,,,,,,,,,,,,,,,,,,,,,,,,,,,,,,
Wellplate Overlay Mode Changed: 15-Aug-23 2:52:19 PM, Old:Overlay columns, New:Choice 4,,,,,,,,,,,,,,,,,,,,,,,,,,,,,,,,,,,,,,,,,,,,,,,,,,,,,,,,,,,,,,,,,,,,,
Wellplate Overlay Mode Changed: 15-Aug-23 2:52:19 PM, Old:User defined, New:Overlay columns,,,,,,,,,,,,,,,,,,,,,,,,,,,,,,,,,,,,,,,,,,,,,,,,,,,,,,,,,,,,,,,,,,,,,
Well plate reader Changed: 15-Aug-23 2:52:50 PM, Old:OFF, New:ON,,,,,,,,,,,,,,,,,,,,,,,,,,,,,,,,,,,,,,,,,,,,,,,,,,,,,,,,,,,,,,,,,,,,,
Wellplate Samples Changed: 15-Aug-23 2:52:50 PM, Old:, New:A1;A2;A3;A4;A5;A6;B1;B2;B3;B4;B5;B6;C1;C2;C3;C4;C5;C6;,,,,,,,,,,,,,,,,,,,,,,,,,,,,,,,,,,,,,,,,,,,,,,,,,,,,,,,,,,,,,,,,,,,,,
PMT Volts Changed: 15-Aug-23 2:54:11 PM, Old:600, New:1000,,,,,,,,,,,,,,,,,,,,,,,,,,,,,,,,,,,,,,,,,,,,,,,,,,,,,,,,,,,,,,,,,,,,,
Multiwavelength Changed: 15-Aug-23 2:54:11 PM, Old:OFF, New:ON,,,,,,,,,,,,,,,,,,,,,,,,,,,,,,,,,,,,,,,,,,,,,,,,,,,,,,,,,,,,,,,,,,,,,
Excitation Wavelengths 1 Changed: 15-Aug-23 2:54:11 PM, Old:   350.0000, New:   555.0000,,,,,,,,,,,,,,,,,,,,,,,,,,,,,,,,,,,,,,,,,,,,,,,,,,,,,,,,,,,,,,,,,,,,,
Emission Wavelengths 1 Changed: 15-Aug-23 2:54:11 PM, Old:   450.0000, New:   565.0000,,,,,,,,,,,,,,,,,,,,,,,,,,,,,,,,,,,,,,,,,,,,,,,,,,,,,,,,,,,,,,,,,,,,,
Excitation Wavelengths 2 Changed: 15-Aug-23 2:54:11 PM, Old:   360.0000, New:   555.0000,,,,,,,,,,,,,,,,,,,,,,,,,,,,,,,,,,,,,,,,,,,,,,,,,,,,,,,,,,,,,,,,,,,,,
Emission Wavelengths 2 Changed: 15-Aug-23 2:54:11 PM, Old:   460.0000, New:   665.0000,,,,,,,,,,,,,,,,,,,,,,,,,,,,,,,,,,,,,,,,,,,,,,,,,,,,,,,,,,,,,,,,,,,,,
Excitation Wavelength Changed: 15-Aug-23 2:54:11 PM, Old: 400.00, New: 555.00,,,,,,,,,,,,,,,,,,,,,,,,,,,,,,,,,,,,,,,,,,,,,,,,,,,,,,,,,,,,,,,,,,,,,
Emission Wavelength Changed: 15-Aug-23 2:54:11 PM, Old: 600.00, New: 565.00,,,,,,,,,,,,,,,,,,,,,,,,,,,,,,,,,,,,,,,,,,,,,,,,,,,,,,,,,,,,,,,,,,,,,
Cycle Time 1 Changed: 15-Aug-23 2:54:11 PM, Old: 0.0000, New: 0.5000,,,,,,,,,,,,,,,,,,,,,,,,,,,,,,,,,,,,,,,,,,,,,,,,,,,,,,,,,,,,,,,,,,,,,
Emission PMT (V): Changed: 15-Aug-23 2:54:11 PM, Old: 600, New:1000,,,,,,,,,,,,,,,,,,,,,,,,,,,,,,,,,,,,,,,,,,,,,,,,,,,,,,,,,,,,,,,,,,,,,
Emission Wavelengths 1 Changed: 15-Aug-23 2:57:34 PM, Old:   565.0000, New:   570.0000,,,,,,,,,,,,,,,,,,,,,,,,,,,,,,,,,,,,,,,,,,,,,,,,,,,,,,,,,,,,,,,,,,,,,
Emission Wavelength Changed: 15-Aug-23 2:57:34 PM, Old: 565.00, New: 570.00,,,,,,,,,,,,,,,,,,,,,,,,,,,,,,,,,,,,,,,,,,,,,,,,,,,,,,,,,,,,,,,,,,,,,
Ave. time (s): Changed: 15-Aug-23 3:00:07 PM, Old:0.10000, New:0.25000,,,,,,,,,,,,,,,,,,,,,,,,,,,,,,,,,,,,,,,,,,,,,,,,,,,,,,,,,,,,,,,,,,,,,
Cycle Time 1 Changed: 15-Aug-23 3:03:28 PM, Old: 0.5000, New: 1.0000,,,,,,,,,,,,,,,,,,,,,,,,,,,,,,,,,,,,,,,,,,,,,,,,,,,,,,,,,,,,,,,,,,,,,
Stop Time 1 Changed: 15-Aug-23 3:03:28 PM, Old: 1.0000, New:90.0000,,,,,,,,,,,,,,,,,,,,,,,,,,,,,,,,,,,,,,,,,,,,,,,,,,,,,,,,,,,,,,,,,,,,,
End Method Modifications,,,,,,,,,,,,,,,,,,,,,,,,,,,,,,,,,,,,,,,,,,,,,,,,,,,,,,,,,,,,,,,,,,,,,,,
,,,,,,,,,,,,,,,,,,,,,,,,,,,,,,,,,,,,,,,,,,,,,,,,,,,,,,,,,,,,,,,,,,,,,,,
Sample B6_Ex555_Em665,,,,,,,,,,,,,,,,,,,,,,,,,,,,,,,,,,,,,,,,,,,,,,,,,,,,,,,,,,,,,,,,,,,,,,,
Sample B6_Ex555_Em665,,,,,,,,,,,,,,,,,,,,,,,,,,,,,,,,,,,,,,,,,,,,,,,,,,,,,,,,,,,,,,,,,,,,,,,
Collection Time: 15-Aug-23 3:04:44 PM,,,,,,,,,,,,,,,,,,,,,,,,,,,,,,,,,,,,,,,,,,,,,,,,,,,,,,,,,,,,,,,,,,,,,,,
Operator Name  :,,,,,,,,,,,,,,,,,,,,,,,,,,,,,,,,,,,,,,,,,,,,,,,,,,,,,,,,,,,,,,,,,,,,,,,
Kinetics Software Version: 1.2(146),,,,,,,,,,,,,,,,,,,,,,,,,,,,,,,,,,,,,,,,,,,,,,,,,,,,,,,,,,,,,,,,,,,,,,,
Parameter List :,,,,,,,,,,,,,,,,,,,,,,,,,,,,,,,,,,,,,,,,,,,,,,,,,,,,,,,,,,,,,,,,,,,,,,,
Report Time: Tue 15 Aug 03:04:44 PM 2023,,,,,,,,,,,,,,,,,,,,,,,,,,,,,,,,,,,,,,,,,,,,,,,,,,,,,,,,,,,,,,,,,,,,,,,
Software version: 1.2(146),,,,,,,,,,,,,,,,,,,,,,,,,,,,,,,,,,,,,,,,,,,,,,,,,,,,,,,,,,,,,,,,,,,,,,,
Operator:,,,,,,,,,,,,,,,,,,,,,,,,,,,,,,,,,,,,,,,,,,,,,,,,,,,,,,,,,,,,,,,,,,,,,,,
Instrument Parameters,,,,,,,,,,,,,,,,,,,,,,,,,,,,,,,,,,,,,,,,,,,,,,,,,,,,,,,,,,,,,,,,,,,,,,,
Instrument                        Cary Eclipse,,,,,,,,,,,,,,,,,,,,,,,,,,,,,,,,,,,,,,,,,,,,,,,,,,,,,,,,,,,,,,,,,,,,,,,
Instrument Serial Number          MY18160001,,,,,,,,,,,,,,,,,,,,,,,,,,,,,,,,,,,,,,,,,,,,,,,,,,,,,,,,,,,,,,,,,,,,,,,
Data mode                         Fluorescence,,,,,,,,,,,,,,,,,,,,,,,,,,,,,,,,,,,,,,,,,,,,,,,,,,,,,,,,,,,,,,,,,,,,,,,
Ex. wavelengths (nm)              555.0000 ; 555.0000,,,,,,,,,,,,,,,,,,,,,,,,,,,,,,,,,,,,,,,,,,,,,,,,,,,,,,,,,,,,,,,,,,,,,,,
Em. wavelengths (nm)              570.0000 ; 665.0000,,,,,,,,,,,,,,,,,,,,,,,,,,,,,,,,,,,,,,,,,,,,,,,,,,,,,,,,,,,,,,,,,,,,,,,
Ex. Slit (nm)                     5,,,,,,,,,,,,,,,,,,,,,,,,,,,,,,,,,,,,,,,,,,,,,,,,,,,,,,,,,,,,,,,,,,,,,,,
Em. Slit (nm)                     5,,,,,,,,,,,,,,,,,,,,,,,,,,,,,,,,,,,,,,,,,,,,,,,,,,,,,,,,,,,,,,,,,,,,,,,
Averaging Time (s)                0.2500,,,,,,,,,,,,,,,,,,,,,,,,,,,,,,,,,,,,,,,,,,,,,,,,,,,,,,,,,,,,,,,,,,,,,,,
Cycle time(min)                   1.0000,,,,,,,,,,,,,,,,,,,,,,,,,,,,,,,,,,,,,,,,,,,,,,,,,,,,,,,,,,,,,,,,,,,,,,,
Stop time(min)                    90.0000,,,,,,,,,,,,,,,,,,,,,,,,,,,,,,,,,,,,,,,,,,,,,,,,,,,,,,,,,,,,,,,,,,,,,,,
Emission filter                   Open,,,,,,,,,,,,,,,,,,,,,,,,,,,,,,,,,,,,,,,,,,,,,,,,,,,,,,,,,,,,,,,,,,,,,,,
Excitation Filter                 Auto,,,,,,,,,,,,,,,,,,,,,,,,,,,,,,,,,,,,,,,,,,,,,,,,,,,,,,,,,,,,,,,,,,,,,,,
PMT voltage (V)                   1000,,,,,,,,,,,,,,,,,,,,,,,,,,,,,,,,,,,,,,,,,,,,,,,,,,,,,,,,,,,,,,,,,,,,,,,
Wellplate                         ON,,,,,,,,,,,,,,,,,,,,,,,,,,,,,,,,,,,,,,,,,,,,,,,,,,,,,,,,,,,,,,,,,,,,,,,
Plate format                     96 Wells,,,,,,,,,,,,,,,,,,,,,,,,,,,,,,,,,,,,,,,,,,,,,,,,,,,,,,,,,,,,,,,,,,,,,,,
Read position                    Well centre,,,,,,,,,,,,,,,,,,,,,,,,,,,,,,,,,,,,,,,,,,,,,,,,,,,,,,,,,,,,,,,,,,,,,,,
Multi-zero                       OFF,,,,,,,,,,,,,,,,,,,,,,,,,,,,,,,,,,,,,,,,,,,,,,,,,,,,,,,,,,,,,,,,,,,,,,,
Auto-zero                        OFF,,,,,,,,,,,,,,,,,,,,,,,,,,,,,,,,,,,,,,,,,,,,,,,,,,,,,,,,,,,,,,,,,,,,,,,
Well                            A1,,,,,,,,,,,,,,,,,,,,,,,,,,,,,,,,,,,,,,,,,,,,,,,,,,,,,,,,,,,,,,,,,,,,,,,
Comments:,,,,,,,,,,,,,,,,,,,,,,,,,,,,,,,,,,,,,,,,,,,,,,,,,,,,,,,,,,,,,,,,,,,,,,,
Method Log     :,,,,,,,,,,,,,,,,,,,,,,,,,,,,,,,,,,,,,,,,,,,,,,,,,,,,,,,,,,,,,,,,,,,,,,,
Method Name    : Default,,,,,,,,,,,,,,,,,,,,,,,,,,,,,,,,,,,,,,,,,,,,,,,,,,,,,,,,,,,,,,,,,,,,,,,
Date/Time stamp: 15-Aug-23 2:52:18 PM,,,,,,,,,,,,,,,,,,,,,,,,,,,,,,,,,,,,,,,,,,,,,,,,,,,,,,,,,,,,,,,,,,,,,,,
Method Modifications:,,,,,,,,,,,,,,,,,,,,,,,,,,,,,,,,,,,,,,,,,,,,,,,,,,,,,,,,,,,,,,,,,,,,,,,
Wellplate Overlay Mode Changed: 15-Aug-23 2:52:19 PM, Old:Individual, New:Choice 1,,,,,,,,,,,,,,,,,,,,,,,,,,,,,,,,,,,,,,,,,,,,,,,,,,,,,,,,,,,,,,,,,,,,,
Wellplate Overlay Mode Changed: 15-Aug-23 2:52:19 PM, Old:Overlay all, New:Choice 2,,,,,,,,,,,,,,,,,,,,,,,,,,,,,,,,,,,,,,,,,,,,,,,,,,,,,,,,,,,,,,,,,,,,,
Wellplate Overlay Mode Changed: 15-Aug-23 2:52:19 PM, Old:Overlay rows, New:Choice 3,,,,,,,,,,,,,,,,,,,,,,,,,,,,,,,,,,,,,,,,,,,,,,,,,,,,,,,,,,,,,,,,,,,,,
Wellplate Overlay Mode Changed: 15-Aug-23 2:52:19 PM, Old:Overlay columns, New:Choice 4,,,,,,,,,,,,,,,,,,,,,,,,,,,,,,,,,,,,,,,,,,,,,,,,,,,,,,,,,,,,,,,,,,,,,
Wellplate Overlay Mode Changed: 15-Aug-23 2:52:19 PM, Old:User defined, New:Overlay columns,,,,,,,,,,,,,,,,,,,,,,,,,,,,,,,,,,,,,,,,,,,,,,,,,,,,,,,,,,,,,,,,,,,,,
Well plate reader Changed: 15-Aug-23 2:52:50 PM, Old:OFF, New:ON,,,,,,,,,,,,,,,,,,,,,,,,,,,,,,,,,,,,,,,,,,,,,,,,,,,,,,,,,,,,,,,,,,,,,
Wellplate Samples Changed: 15-Aug-23 2:52:50 PM, Old:, New:A1;A2;A3;A4;A5;A6;B1;B2;B3;B4;B5;B6;C1;C2;C3;C4;C5;C6;,,,,,,,,,,,,,,,,,,,,,,,,,,,,,,,,,,,,,,,,,,,,,,,,,,,,,,,,,,,,,,,,,,,,,
PMT Volts Changed: 15-Aug-23 2:54:11 PM, Old:600, New:1000,,,,,,,,,,,,,,,,,,,,,,,,,,,,,,,,,,,,,,,,,,,,,,,,,,,,,,,,,,,,,,,,,,,,,
Multiwavelength Changed: 15-Aug-23 2:54:11 PM, Old:OFF, New:ON,,,,,,,,,,,,,,,,,,,,,,,,,,,,,,,,,,,,,,,,,,,,,,,,,,,,,,,,,,,,,,,,,,,,,
Excitation Wavelengths 1 Changed: 15-Aug-23 2:54:11 PM, Old:   350.0000, New:   555.0000,,,,,,,,,,,,,,,,,,,,,,,,,,,,,,,,,,,,,,,,,,,,,,,,,,,,,,,,,,,,,,,,,,,,,
Emission Wavelengths 1 Changed: 15-Aug-23 2:54:11 PM, Old:   450.0000, New:   565.0000,,,,,,,,,,,,,,,,,,,,,,,,,,,,,,,,,,,,,,,,,,,,,,,,,,,,,,,,,,,,,,,,,,,,,
Excitation Wavelengths 2 Changed: 15-Aug-23 2:54:11 PM, Old:   360.0000, New:   555.0000,,,,,,,,,,,,,,,,,,,,,,,,,,,,,,,,,,,,,,,,,,,,,,,,,,,,,,,,,,,,,,,,,,,,,
Emission Wavelengths 2 Changed: 15-Aug-23 2:54:11 PM, Old:   460.0000, New:   665.0000,,,,,,,,,,,,,,,,,,,,,,,,,,,,,,,,,,,,,,,,,,,,,,,,,,,,,,,,,,,,,,,,,,,,,
Excitation Wavelength Changed: 15-Aug-23 2:54:11 PM, Old: 400.00, New: 555.00,,,,,,,,,,,,,,,,,,,,,,,,,,,,,,,,,,,,,,,,,,,,,,,,,,,,,,,,,,,,,,,,,,,,,
Emission Wavelength Changed: 15-Aug-23 2:54:11 PM, Old: 600.00, New: 565.00,,,,,,,,,,,,,,,,,,,,,,,,,,,,,,,,,,,,,,,,,,,,,,,,,,,,,,,,,,,,,,,,,,,,,
Cycle Time 1 Changed: 15-Aug-23 2:54:11 PM, Old: 0.0000, New: 0.5000,,,,,,,,,,,,,,,,,,,,,,,,,,,,,,,,,,,,,,,,,,,,,,,,,,,,,,,,,,,,,,,,,,,,,
Emission PMT (V): Changed: 15-Aug-23 2:54:11 PM, Old: 600, New:1000,,,,,,,,,,,,,,,,,,,,,,,,,,,,,,,,,,,,,,,,,,,,,,,,,,,,,,,,,,,,,,,,,,,,,
Emission Wavelengths 1 Changed: 15-Aug-23 2:57:34 PM, Old:   565.0000, New:   570.0000,,,,,,,,,,,,,,,,,,,,,,,,,,,,,,,,,,,,,,,,,,,,,,,,,,,,,,,,,,,,,,,,,,,,,
Emission Wavelength Changed: 15-Aug-23 2:57:34 PM, Old: 565.00, New: 570.00,,,,,,,,,,,,,,,,,,,,,,,,,,,,,,,,,,,,,,,,,,,,,,,,,,,,,,,,,,,,,,,,,,,,,
Ave. time (s): Changed: 15-Aug-23 3:00:07 PM, Old:0.10000, New:0.25000,,,,,,,,,,,,,,,,,,,,,,,,,,,,,,,,,,,,,,,,,,,,,,,,,,,,,,,,,,,,,,,,,,,,,
Cycle Time 1 Changed: 15-Aug-23 3:03:28 PM, Old: 0.5000, New: 1.0000,,,,,,,,,,,,,,,,,,,,,,,,,,,,,,,,,,,,,,,,,,,,,,,,,,,,,,,,,,,,,,,,,,,,,
Stop Time 1 Changed: 15-Aug-23 3:03:28 PM, Old: 1.0000, New:90.0000,,,,,,,,,,,,,,,,,,,,,,,,,,,,,,,,,,,,,,,,,,,,,,,,,,,,,,,,,,,,,,,,,,,,,
End Method Modifications,,,,,,,,,,,,,,,,,,,,,,,,,,,,,,,,,,,,,,,,,,,,,,,,,,,,,,,,,,,,,,,,,,,,,,,
,,,,,,,,,,,,,,,,,,,,,,,,,,,,,,,,,,,,,,,,,,,,,,,,,,,,,,,,,,,,,,,,,,,,,,,
Sample C1_Ex555_Em570,,,,,,,,,,,,,,,,,,,,,,,,,,,,,,,,,,,,,,,,,,,,,,,,,,,,,,,,,,,,,,,,,,,,,,,
Sample C1_Ex555_Em570,,,,,,,,,,,,,,,,,,,,,,,,,,,,,,,,,,,,,,,,,,,,,,,,,,,,,,,,,,,,,,,,,,,,,,,
Collection Time: 15-Aug-23 3:04:44 PM,,,,,,,,,,,,,,,,,,,,,,,,,,,,,,,,,,,,,,,,,,,,,,,,,,,,,,,,,,,,,,,,,,,,,,,
Operator Name  :,,,,,,,,,,,,,,,,,,,,,,,,,,,,,,,,,,,,,,,,,,,,,,,,,,,,,,,,,,,,,,,,,,,,,,,
Kinetics Software Version: 1.2(146),,,,,,,,,,,,,,,,,,,,,,,,,,,,,,,,,,,,,,,,,,,,,,,,,,,,,,,,,,,,,,,,,,,,,,,
Parameter List :,,,,,,,,,,,,,,,,,,,,,,,,,,,,,,,,,,,,,,,,,,,,,,,,,,,,,,,,,,,,,,,,,,,,,,,
Report Time: Tue 15 Aug 03:04:44 PM 2023,,,,,,,,,,,,,,,,,,,,,,,,,,,,,,,,,,,,,,,,,,,,,,,,,,,,,,,,,,,,,,,,,,,,,,,
Software version: 1.2(146),,,,,,,,,,,,,,,,,,,,,,,,,,,,,,,,,,,,,,,,,,,,,,,,,,,,,,,,,,,,,,,,,,,,,,,
Operator:,,,,,,,,,,,,,,,,,,,,,,,,,,,,,,,,,,,,,,,,,,,,,,,,,,,,,,,,,,,,,,,,,,,,,,,
Instrument Parameters,,,,,,,,,,,,,,,,,,,,,,,,,,,,,,,,,,,,,,,,,,,,,,,,,,,,,,,,,,,,,,,,,,,,,,,
Instrument                        Cary Eclipse,,,,,,,,,,,,,,,,,,,,,,,,,,,,,,,,,,,,,,,,,,,,,,,,,,,,,,,,,,,,,,,,,,,,,,,
Instrument Serial Number          MY18160001,,,,,,,,,,,,,,,,,,,,,,,,,,,,,,,,,,,,,,,,,,,,,,,,,,,,,,,,,,,,,,,,,,,,,,,
Data mode                         Fluorescence,,,,,,,,,,,,,,,,,,,,,,,,,,,,,,,,,,,,,,,,,,,,,,,,,,,,,,,,,,,,,,,,,,,,,,,
Ex. wavelengths (nm)              555.0000 ; 555.0000,,,,,,,,,,,,,,,,,,,,,,,,,,,,,,,,,,,,,,,,,,,,,,,,,,,,,,,,,,,,,,,,,,,,,,,
Em. wavelengths (nm)              570.0000 ; 665.0000,,,,,,,,,,,,,,,,,,,,,,,,,,,,,,,,,,,,,,,,,,,,,,,,,,,,,,,,,,,,,,,,,,,,,,,
Ex. Slit (nm)                     5,,,,,,,,,,,,,,,,,,,,,,,,,,,,,,,,,,,,,,,,,,,,,,,,,,,,,,,,,,,,,,,,,,,,,,,
Em. Slit (nm)                     5,,,,,,,,,,,,,,,,,,,,,,,,,,,,,,,,,,,,,,,,,,,,,,,,,,,,,,,,,,,,,,,,,,,,,,,
Averaging Time (s)                0.2500,,,,,,,,,,,,,,,,,,,,,,,,,,,,,,,,,,,,,,,,,,,,,,,,,,,,,,,,,,,,,,,,,,,,,,,
Cycle time(min)                   1.0000,,,,,,,,,,,,,,,,,,,,,,,,,,,,,,,,,,,,,,,,,,,,,,,,,,,,,,,,,,,,,,,,,,,,,,,
Stop time(min)                    90.0000,,,,,,,,,,,,,,,,,,,,,,,,,,,,,,,,,,,,,,,,,,,,,,,,,,,,,,,,,,,,,,,,,,,,,,,
Emission filter                   Open,,,,,,,,,,,,,,,,,,,,,,,,,,,,,,,,,,,,,,,,,,,,,,,,,,,,,,,,,,,,,,,,,,,,,,,
Excitation Filter                 Auto,,,,,,,,,,,,,,,,,,,,,,,,,,,,,,,,,,,,,,,,,,,,,,,,,,,,,,,,,,,,,,,,,,,,,,,
PMT voltage (V)                   1000,,,,,,,,,,,,,,,,,,,,,,,,,,,,,,,,,,,,,,,,,,,,,,,,,,,,,,,,,,,,,,,,,,,,,,,
Wellplate                         ON,,,,,,,,,,,,,,,,,,,,,,,,,,,,,,,,,,,,,,,,,,,,,,,,,,,,,,,,,,,,,,,,,,,,,,,
Plate format                     96 Wells,,,,,,,,,,,,,,,,,,,,,,,,,,,,,,,,,,,,,,,,,,,,,,,,,,,,,,,,,,,,,,,,,,,,,,,
Read position                    Well centre,,,,,,,,,,,,,,,,,,,,,,,,,,,,,,,,,,,,,,,,,,,,,,,,,,,,,,,,,,,,,,,,,,,,,,,
Multi-zero                       OFF,,,,,,,,,,,,,,,,,,,,,,,,,,,,,,,,,,,,,,,,,,,,,,,,,,,,,,,,,,,,,,,,,,,,,,,
Auto-zero                        OFF,,,,,,,,,,,,,,,,,,,,,,,,,,,,,,,,,,,,,,,,,,,,,,,,,,,,,,,,,,,,,,,,,,,,,,,
Well                            A1,,,,,,,,,,,,,,,,,,,,,,,,,,,,,,,,,,,,,,,,,,,,,,,,,,,,,,,,,,,,,,,,,,,,,,,
Comments:,,,,,,,,,,,,,,,,,,,,,,,,,,,,,,,,,,,,,,,,,,,,,,,,,,,,,,,,,,,,,,,,,,,,,,,
Method Log     :,,,,,,,,,,,,,,,,,,,,,,,,,,,,,,,,,,,,,,,,,,,,,,,,,,,,,,,,,,,,,,,,,,,,,,,
Method Name    : Default,,,,,,,,,,,,,,,,,,,,,,,,,,,,,,,,,,,,,,,,,,,,,,,,,,,,,,,,,,,,,,,,,,,,,,,
Date/Time stamp: 15-Aug-23 2:52:18 PM,,,,,,,,,,,,,,,,,,,,,,,,,,,,,,,,,,,,,,,,,,,,,,,,,,,,,,,,,,,,,,,,,,,,,,,
Method Modifications:,,,,,,,,,,,,,,,,,,,,,,,,,,,,,,,,,,,,,,,,,,,,,,,,,,,,,,,,,,,,,,,,,,,,,,,
Wellplate Overlay Mode Changed: 15-Aug-23 2:52:19 PM, Old:Individual, New:Choice 1,,,,,,,,,,,,,,,,,,,,,,,,,,,,,,,,,,,,,,,,,,,,,,,,,,,,,,,,,,,,,,,,,,,,,
Wellplate Overlay Mode Changed: 15-Aug-23 2:52:19 PM, Old:Overlay all, New:Choice 2,,,,,,,,,,,,,,,,,,,,,,,,,,,,,,,,,,,,,,,,,,,,,,,,,,,,,,,,,,,,,,,,,,,,,
Wellplate Overlay Mode Changed: 15-Aug-23 2:52:19 PM, Old:Overlay rows, New:Choice 3,,,,,,,,,,,,,,,,,,,,,,,,,,,,,,,,,,,,,,,,,,,,,,,,,,,,,,,,,,,,,,,,,,,,,
Wellplate Overlay Mode Changed: 15-Aug-23 2:52:19 PM, Old:Overlay columns, New:Choice 4,,,,,,,,,,,,,,,,,,,,,,,,,,,,,,,,,,,,,,,,,,,,,,,,,,,,,,,,,,,,,,,,,,,,,
Wellplate Overlay Mode Changed: 15-Aug-23 2:52:19 PM, Old:User defined, New:Overlay columns,,,,,,,,,,,,,,,,,,,,,,,,,,,,,,,,,,,,,,,,,,,,,,,,,,,,,,,,,,,,,,,,,,,,,
Well plate reader Changed: 15-Aug-23 2:52:50 PM, Old:OFF, New:ON,,,,,,,,,,,,,,,,,,,,,,,,,,,,,,,,,,,,,,,,,,,,,,,,,,,,,,,,,,,,,,,,,,,,,
Wellplate Samples Changed: 15-Aug-23 2:52:50 PM, Old:, New:A1;A2;A3;A4;A5;A6;B1;B2;B3;B4;B5;B6;C1;C2;C3;C4;C5;C6;,,,,,,,,,,,,,,,,,,,,,,,,,,,,,,,,,,,,,,,,,,,,,,,,,,,,,,,,,,,,,,,,,,,,,
PMT Volts Changed: 15-Aug-23 2:54:11 PM, Old:600, New:1000,,,,,,,,,,,,,,,,,,,,,,,,,,,,,,,,,,,,,,,,,,,,,,,,,,,,,,,,,,,,,,,,,,,,,
Multiwavelength Changed: 15-Aug-23 2:54:11 PM, Old:OFF, New:ON,,,,,,,,,,,,,,,,,,,,,,,,,,,,,,,,,,,,,,,,,,,,,,,,,,,,,,,,,,,,,,,,,,,,,
Excitation Wavelengths 1 Changed: 15-Aug-23 2:54:11 PM, Old:   350.0000, New:   555.0000,,,,,,,,,,,,,,,,,,,,,,,,,,,,,,,,,,,,,,,,,,,,,,,,,,,,,,,,,,,,,,,,,,,,,
Emission Wavelengths 1 Changed: 15-Aug-23 2:54:11 PM, Old:   450.0000, New:   565.0000,,,,,,,,,,,,,,,,,,,,,,,,,,,,,,,,,,,,,,,,,,,,,,,,,,,,,,,,,,,,,,,,,,,,,
Excitation Wavelengths 2 Changed: 15-Aug-23 2:54:11 PM, Old:   360.0000, New:   555.0000,,,,,,,,,,,,,,,,,,,,,,,,,,,,,,,,,,,,,,,,,,,,,,,,,,,,,,,,,,,,,,,,,,,,,
Emission Wavelengths 2 Changed: 15-Aug-23 2:54:11 PM, Old:   460.0000, New:   665.0000,,,,,,,,,,,,,,,,,,,,,,,,,,,,,,,,,,,,,,,,,,,,,,,,,,,,,,,,,,,,,,,,,,,,,
Excitation Wavelength Changed: 15-Aug-23 2:54:11 PM, Old: 400.00, New: 555.00,,,,,,,,,,,,,,,,,,,,,,,,,,,,,,,,,,,,,,,,,,,,,,,,,,,,,,,,,,,,,,,,,,,,,
Emission Wavelength Changed: 15-Aug-23 2:54:11 PM, Old: 600.00, New: 565.00,,,,,,,,,,,,,,,,,,,,,,,,,,,,,,,,,,,,,,,,,,,,,,,,,,,,,,,,,,,,,,,,,,,,,
Cycle Time 1 Changed: 15-Aug-23 2:54:11 PM, Old: 0.0000, New: 0.5000,,,,,,,,,,,,,,,,,,,,,,,,,,,,,,,,,,,,,,,,,,,,,,,,,,,,,,,,,,,,,,,,,,,,,
Emission PMT (V): Changed: 15-Aug-23 2:54:11 PM, Old: 600, New:1000,,,,,,,,,,,,,,,,,,,,,,,,,,,,,,,,,,,,,,,,,,,,,,,,,,,,,,,,,,,,,,,,,,,,,
Emission Wavelengths 1 Changed: 15-Aug-23 2:57:34 PM, Old:   565.0000, New:   570.0000,,,,,,,,,,,,,,,,,,,,,,,,,,,,,,,,,,,,,,,,,,,,,,,,,,,,,,,,,,,,,,,,,,,,,
Emission Wavelength Changed: 15-Aug-23 2:57:34 PM, Old: 565.00, New: 570.00,,,,,,,,,,,,,,,,,,,,,,,,,,,,,,,,,,,,,,,,,,,,,,,,,,,,,,,,,,,,,,,,,,,,,
Ave. time (s): Changed: 15-Aug-23 3:00:07 PM, Old:0.10000, New:0.25000,,,,,,,,,,,,,,,,,,,,,,,,,,,,,,,,,,,,,,,,,,,,,,,,,,,,,,,,,,,,,,,,,,,,,
Cycle Time 1 Changed: 15-Aug-23 3:03:28 PM, Old: 0.5000, New: 1.0000,,,,,,,,,,,,,,,,,,,,,,,,,,,,,,,,,,,,,,,,,,,,,,,,,,,,,,,,,,,,,,,,,,,,,
Stop Time 1 Changed: 15-Aug-23 3:03:28 PM, Old: 1.0000, New:90.0000,,,,,,,,,,,,,,,,,,,,,,,,,,,,,,,,,,,,,,,,,,,,,,,,,,,,,,,,,,,,,,,,,,,,,
End Method Modifications,,,,,,,,,,,,,,,,,,,,,,,,,,,,,,,,,,,,,,,,,,,,,,,,,,,,,,,,,,,,,,,,,,,,,,,
,,,,,,,,,,,,,,,,,,,,,,,,,,,,,,,,,,,,,,,,,,,,,,,,,,,,,,,,,,,,,,,,,,,,,,,
Sample C1_Ex555_Em665,,,,,,,,,,,,,,,,,,,,,,,,,,,,,,,,,,,,,,,,,,,,,,,,,,,,,,,,,,,,,,,,,,,,,,,
Sample C1_Ex555_Em665,,,,,,,,,,,,,,,,,,,,,,,,,,,,,,,,,,,,,,,,,,,,,,,,,,,,,,,,,,,,,,,,,,,,,,,
Collection Time: 15-Aug-23 3:04:44 PM,,,,,,,,,,,,,,,,,,,,,,,,,,,,,,,,,,,,,,,,,,,,,,,,,,,,,,,,,,,,,,,,,,,,,,,
Operator Name  :,,,,,,,,,,,,,,,,,,,,,,,,,,,,,,,,,,,,,,,,,,,,,,,,,,,,,,,,,,,,,,,,,,,,,,,
Kinetics Software Version: 1.2(146),,,,,,,,,,,,,,,,,,,,,,,,,,,,,,,,,,,,,,,,,,,,,,,,,,,,,,,,,,,,,,,,,,,,,,,
Parameter List :,,,,,,,,,,,,,,,,,,,,,,,,,,,,,,,,,,,,,,,,,,,,,,,,,,,,,,,,,,,,,,,,,,,,,,,
Report Time: Tue 15 Aug 03:04:44 PM 2023,,,,,,,,,,,,,,,,,,,,,,,,,,,,,,,,,,,,,,,,,,,,,,,,,,,,,,,,,,,,,,,,,,,,,,,
Software version: 1.2(146),,,,,,,,,,,,,,,,,,,,,,,,,,,,,,,,,,,,,,,,,,,,,,,,,,,,,,,,,,,,,,,,,,,,,,,
Operator:,,,,,,,,,,,,,,,,,,,,,,,,,,,,,,,,,,,,,,,,,,,,,,,,,,,,,,,,,,,,,,,,,,,,,,,
Instrument Parameters,,,,,,,,,,,,,,,,,,,,,,,,,,,,,,,,,,,,,,,,,,,,,,,,,,,,,,,,,,,,,,,,,,,,,,,
Instrument                        Cary Eclipse,,,,,,,,,,,,,,,,,,,,,,,,,,,,,,,,,,,,,,,,,,,,,,,,,,,,,,,,,,,,,,,,,,,,,,,
Instrument Serial Number          MY18160001,,,,,,,,,,,,,,,,,,,,,,,,,,,,,,,,,,,,,,,,,,,,,,,,,,,,,,,,,,,,,,,,,,,,,,,
Data mode                         Fluorescence,,,,,,,,,,,,,,,,,,,,,,,,,,,,,,,,,,,,,,,,,,,,,,,,,,,,,,,,,,,,,,,,,,,,,,,
Ex. wavelengths (nm)              555.0000 ; 555.0000,,,,,,,,,,,,,,,,,,,,,,,,,,,,,,,,,,,,,,,,,,,,,,,,,,,,,,,,,,,,,,,,,,,,,,,
Em. wavelengths (nm)              570.0000 ; 665.0000,,,,,,,,,,,,,,,,,,,,,,,,,,,,,,,,,,,,,,,,,,,,,,,,,,,,,,,,,,,,,,,,,,,,,,,
Ex. Slit (nm)                     5,,,,,,,,,,,,,,,,,,,,,,,,,,,,,,,,,,,,,,,,,,,,,,,,,,,,,,,,,,,,,,,,,,,,,,,
Em. Slit (nm)                     5,,,,,,,,,,,,,,,,,,,,,,,,,,,,,,,,,,,,,,,,,,,,,,,,,,,,,,,,,,,,,,,,,,,,,,,
Averaging Time (s)                0.2500,,,,,,,,,,,,,,,,,,,,,,,,,,,,,,,,,,,,,,,,,,,,,,,,,,,,,,,,,,,,,,,,,,,,,,,
Cycle time(min)                   1.0000,,,,,,,,,,,,,,,,,,,,,,,,,,,,,,,,,,,,,,,,,,,,,,,,,,,,,,,,,,,,,,,,,,,,,,,
Stop time(min)                    90.0000,,,,,,,,,,,,,,,,,,,,,,,,,,,,,,,,,,,,,,,,,,,,,,,,,,,,,,,,,,,,,,,,,,,,,,,
Emission filter                   Open,,,,,,,,,,,,,,,,,,,,,,,,,,,,,,,,,,,,,,,,,,,,,,,,,,,,,,,,,,,,,,,,,,,,,,,
Excitation Filter                 Auto,,,,,,,,,,,,,,,,,,,,,,,,,,,,,,,,,,,,,,,,,,,,,,,,,,,,,,,,,,,,,,,,,,,,,,,
PMT voltage (V)                   1000,,,,,,,,,,,,,,,,,,,,,,,,,,,,,,,,,,,,,,,,,,,,,,,,,,,,,,,,,,,,,,,,,,,,,,,
Wellplate                         ON,,,,,,,,,,,,,,,,,,,,,,,,,,,,,,,,,,,,,,,,,,,,,,,,,,,,,,,,,,,,,,,,,,,,,,,
Plate format                     96 Wells,,,,,,,,,,,,,,,,,,,,,,,,,,,,,,,,,,,,,,,,,,,,,,,,,,,,,,,,,,,,,,,,,,,,,,,
Read position                    Well centre,,,,,,,,,,,,,,,,,,,,,,,,,,,,,,,,,,,,,,,,,,,,,,,,,,,,,,,,,,,,,,,,,,,,,,,
Multi-zero                       OFF,,,,,,,,,,,,,,,,,,,,,,,,,,,,,,,,,,,,,,,,,,,,,,,,,,,,,,,,,,,,,,,,,,,,,,,
Auto-zero                        OFF,,,,,,,,,,,,,,,,,,,,,,,,,,,,,,,,,,,,,,,,,,,,,,,,,,,,,,,,,,,,,,,,,,,,,,,
Well                            A1,,,,,,,,,,,,,,,,,,,,,,,,,,,,,,,,,,,,,,,,,,,,,,,,,,,,,,,,,,,,,,,,,,,,,,,
Comments:,,,,,,,,,,,,,,,,,,,,,,,,,,,,,,,,,,,,,,,,,,,,,,,,,,,,,,,,,,,,,,,,,,,,,,,
Method Log     :,,,,,,,,,,,,,,,,,,,,,,,,,,,,,,,,,,,,,,,,,,,,,,,,,,,,,,,,,,,,,,,,,,,,,,,
Method Name    : Default,,,,,,,,,,,,,,,,,,,,,,,,,,,,,,,,,,,,,,,,,,,,,,,,,,,,,,,,,,,,,,,,,,,,,,,
Date/Time stamp: 15-Aug-23 2:52:18 PM,,,,,,,,,,,,,,,,,,,,,,,,,,,,,,,,,,,,,,,,,,,,,,,,,,,,,,,,,,,,,,,,,,,,,,,
Method Modifications:,,,,,,,,,,,,,,,,,,,,,,,,,,,,,,,,,,,,,,,,,,,,,,,,,,,,,,,,,,,,,,,,,,,,,,,
Wellplate Overlay Mode Changed: 15-Aug-23 2:52:19 PM, Old:Individual, New:Choice 1,,,,,,,,,,,,,,,,,,,,,,,,,,,,,,,,,,,,,,,,,,,,,,,,,,,,,,,,,,,,,,,,,,,,,
Wellplate Overlay Mode Changed: 15-Aug-23 2:52:19 PM, Old:Overlay all, New:Choice 2,,,,,,,,,,,,,,,,,,,,,,,,,,,,,,,,,,,,,,,,,,,,,,,,,,,,,,,,,,,,,,,,,,,,,
Wellplate Overlay Mode Changed: 15-Aug-23 2:52:19 PM, Old:Overlay rows, New:Choice 3,,,,,,,,,,,,,,,,,,,,,,,,,,,,,,,,,,,,,,,,,,,,,,,,,,,,,,,,,,,,,,,,,,,,,
Wellplate Overlay Mode Changed: 15-Aug-23 2:52:19 PM, Old:Overlay columns, New:Choice 4,,,,,,,,,,,,,,,,,,,,,,,,,,,,,,,,,,,,,,,,,,,,,,,,,,,,,,,,,,,,,,,,,,,,,
Wellplate Overlay Mode Changed: 15-Aug-23 2:52:19 PM, Old:User defined, New:Overlay columns,,,,,,,,,,,,,,,,,,,,,,,,,,,,,,,,,,,,,,,,,,,,,,,,,,,,,,,,,,,,,,,,,,,,,
Well plate reader Changed: 15-Aug-23 2:52:50 PM, Old:OFF, New:ON,,,,,,,,,,,,,,,,,,,,,,,,,,,,,,,,,,,,,,,,,,,,,,,,,,,,,,,,,,,,,,,,,,,,,
Wellplate Samples Changed: 15-Aug-23 2:52:50 PM, Old:, New:A1;A2;A3;A4;A5;A6;B1;B2;B3;B4;B5;B6;C1;C2;C3;C4;C5;C6;,,,,,,,,,,,,,,,,,,,,,,,,,,,,,,,,,,,,,,,,,,,,,,,,,,,,,,,,,,,,,,,,,,,,,
PMT Volts Changed: 15-Aug-23 2:54:11 PM, Old:600, New:1000,,,,,,,,,,,,,,,,,,,,,,,,,,,,,,,,,,,,,,,,,,,,,,,,,,,,,,,,,,,,,,,,,,,,,
Multiwavelength Changed: 15-Aug-23 2:54:11 PM, Old:OFF, New:ON,,,,,,,,,,,,,,,,,,,,,,,,,,,,,,,,,,,,,,,,,,,,,,,,,,,,,,,,,,,,,,,,,,,,,
Excitation Wavelengths 1 Changed: 15-Aug-23 2:54:11 PM, Old:   350.0000, New:   555.0000,,,,,,,,,,,,,,,,,,,,,,,,,,,,,,,,,,,,,,,,,,,,,,,,,,,,,,,,,,,,,,,,,,,,,
Emission Wavelengths 1 Changed: 15-Aug-23 2:54:11 PM, Old:   450.0000, New:   565.0000,,,,,,,,,,,,,,,,,,,,,,,,,,,,,,,,,,,,,,,,,,,,,,,,,,,,,,,,,,,,,,,,,,,,,
Excitation Wavelengths 2 Changed: 15-Aug-23 2:54:11 PM, Old:   360.0000, New:   555.0000,,,,,,,,,,,,,,,,,,,,,,,,,,,,,,,,,,,,,,,,,,,,,,,,,,,,,,,,,,,,,,,,,,,,,
Emission Wavelengths 2 Changed: 15-Aug-23 2:54:11 PM, Old:   460.0000, New:   665.0000,,,,,,,,,,,,,,,,,,,,,,,,,,,,,,,,,,,,,,,,,,,,,,,,,,,,,,,,,,,,,,,,,,,,,
Excitation Wavelength Changed: 15-Aug-23 2:54:11 PM, Old: 400.00, New: 555.00,,,,,,,,,,,,,,,,,,,,,,,,,,,,,,,,,,,,,,,,,,,,,,,,,,,,,,,,,,,,,,,,,,,,,
Emission Wavelength Changed: 15-Aug-23 2:54:11 PM, Old: 600.00, New: 565.00,,,,,,,,,,,,,,,,,,,,,,,,,,,,,,,,,,,,,,,,,,,,,,,,,,,,,,,,,,,,,,,,,,,,,
Cycle Time 1 Changed: 15-Aug-23 2:54:11 PM, Old: 0.0000, New: 0.5000,,,,,,,,,,,,,,,,,,,,,,,,,,,,,,,,,,,,,,,,,,,,,,,,,,,,,,,,,,,,,,,,,,,,,
Emission PMT (V): Changed: 15-Aug-23 2:54:11 PM, Old: 600, New:1000,,,,,,,,,,,,,,,,,,,,,,,,,,,,,,,,,,,,,,,,,,,,,,,,,,,,,,,,,,,,,,,,,,,,,
Emission Wavelengths 1 Changed: 15-Aug-23 2:57:34 PM, Old:   565.0000, New:   570.0000,,,,,,,,,,,,,,,,,,,,,,,,,,,,,,,,,,,,,,,,,,,,,,,,,,,,,,,,,,,,,,,,,,,,,
Emission Wavelength Changed: 15-Aug-23 2:57:34 PM, Old: 565.00, New: 570.00,,,,,,,,,,,,,,,,,,,,,,,,,,,,,,,,,,,,,,,,,,,,,,,,,,,,,,,,,,,,,,,,,,,,,
Ave. time (s): Changed: 15-Aug-23 3:00:07 PM, Old:0.10000, New:0.25000,,,,,,,,,,,,,,,,,,,,,,,,,,,,,,,,,,,,,,,,,,,,,,,,,,,,,,,,,,,,,,,,,,,,,
Cycle Time 1 Changed: 15-Aug-23 3:03:28 PM, Old: 0.5000, New: 1.0000,,,,,,,,,,,,,,,,,,,,,,,,,,,,,,,,,,,,,,,,,,,,,,,,,,,,,,,,,,,,,,,,,,,,,
Stop Time 1 Changed: 15-Aug-23 3:03:28 PM, Old: 1.0000, New:90.0000,,,,,,,,,,,,,,,,,,,,,,,,,,,,,,,,,,,,,,,,,,,,,,,,,,,,,,,,,,,,,,,,,,,,,
End Method Modifications,,,,,,,,,,,,,,,,,,,,,,,,,,,,,,,,,,,,,,,,,,,,,,,,,,,,,,,,,,,,,,,,,,,,,,,
,,,,,,,,,,,,,,,,,,,,,,,,,,,,,,,,,,,,,,,,,,,,,,,,,,,,,,,,,,,,,,,,,,,,,,,
Sample C2_Ex555_Em570,,,,,,,,,,,,,,,,,,,,,,,,,,,,,,,,,,,,,,,,,,,,,,,,,,,,,,,,,,,,,,,,,,,,,,,
Sample C2_Ex555_Em570,,,,,,,,,,,,,,,,,,,,,,,,,,,,,,,,,,,,,,,,,,,,,,,,,,,,,,,,,,,,,,,,,,,,,,,
Collection Time: 15-Aug-23 3:04:44 PM,,,,,,,,,,,,,,,,,,,,,,,,,,,,,,,,,,,,,,,,,,,,,,,,,,,,,,,,,,,,,,,,,,,,,,,
Operator Name  :,,,,,,,,,,,,,,,,,,,,,,,,,,,,,,,,,,,,,,,,,,,,,,,,,,,,,,,,,,,,,,,,,,,,,,,
Kinetics Software Version: 1.2(146),,,,,,,,,,,,,,,,,,,,,,,,,,,,,,,,,,,,,,,,,,,,,,,,,,,,,,,,,,,,,,,,,,,,,,,
Parameter List :,,,,,,,,,,,,,,,,,,,,,,,,,,,,,,,,,,,,,,,,,,,,,,,,,,,,,,,,,,,,,,,,,,,,,,,
Report Time: Tue 15 Aug 03:04:44 PM 2023,,,,,,,,,,,,,,,,,,,,,,,,,,,,,,,,,,,,,,,,,,,,,,,,,,,,,,,,,,,,,,,,,,,,,,,
Software version: 1.2(146),,,,,,,,,,,,,,,,,,,,,,,,,,,,,,,,,,,,,,,,,,,,,,,,,,,,,,,,,,,,,,,,,,,,,,,
Operator:,,,,,,,,,,,,,,,,,,,,,,,,,,,,,,,,,,,,,,,,,,,,,,,,,,,,,,,,,,,,,,,,,,,,,,,
Instrument Parameters,,,,,,,,,,,,,,,,,,,,,,,,,,,,,,,,,,,,,,,,,,,,,,,,,,,,,,,,,,,,,,,,,,,,,,,
Instrument                        Cary Eclipse,,,,,,,,,,,,,,,,,,,,,,,,,,,,,,,,,,,,,,,,,,,,,,,,,,,,,,,,,,,,,,,,,,,,,,,
Instrument Serial Number          MY18160001,,,,,,,,,,,,,,,,,,,,,,,,,,,,,,,,,,,,,,,,,,,,,,,,,,,,,,,,,,,,,,,,,,,,,,,
Data mode                         Fluorescence,,,,,,,,,,,,,,,,,,,,,,,,,,,,,,,,,,,,,,,,,,,,,,,,,,,,,,,,,,,,,,,,,,,,,,,
Ex. wavelengths (nm)              555.0000 ; 555.0000,,,,,,,,,,,,,,,,,,,,,,,,,,,,,,,,,,,,,,,,,,,,,,,,,,,,,,,,,,,,,,,,,,,,,,,
Em. wavelengths (nm)              570.0000 ; 665.0000,,,,,,,,,,,,,,,,,,,,,,,,,,,,,,,,,,,,,,,,,,,,,,,,,,,,,,,,,,,,,,,,,,,,,,,
Ex. Slit (nm)                     5,,,,,,,,,,,,,,,,,,,,,,,,,,,,,,,,,,,,,,,,,,,,,,,,,,,,,,,,,,,,,,,,,,,,,,,
Em. Slit (nm)                     5,,,,,,,,,,,,,,,,,,,,,,,,,,,,,,,,,,,,,,,,,,,,,,,,,,,,,,,,,,,,,,,,,,,,,,,
Averaging Time (s)                0.2500,,,,,,,,,,,,,,,,,,,,,,,,,,,,,,,,,,,,,,,,,,,,,,,,,,,,,,,,,,,,,,,,,,,,,,,
Cycle time(min)                   1.0000,,,,,,,,,,,,,,,,,,,,,,,,,,,,,,,,,,,,,,,,,,,,,,,,,,,,,,,,,,,,,,,,,,,,,,,
Stop time(min)                    90.0000,,,,,,,,,,,,,,,,,,,,,,,,,,,,,,,,,,,,,,,,,,,,,,,,,,,,,,,,,,,,,,,,,,,,,,,
Emission filter                   Open,,,,,,,,,,,,,,,,,,,,,,,,,,,,,,,,,,,,,,,,,,,,,,,,,,,,,,,,,,,,,,,,,,,,,,,
Excitation Filter                 Auto,,,,,,,,,,,,,,,,,,,,,,,,,,,,,,,,,,,,,,,,,,,,,,,,,,,,,,,,,,,,,,,,,,,,,,,
PMT voltage (V)                   1000,,,,,,,,,,,,,,,,,,,,,,,,,,,,,,,,,,,,,,,,,,,,,,,,,,,,,,,,,,,,,,,,,,,,,,,
Wellplate                         ON,,,,,,,,,,,,,,,,,,,,,,,,,,,,,,,,,,,,,,,,,,,,,,,,,,,,,,,,,,,,,,,,,,,,,,,
Plate format                     96 Wells,,,,,,,,,,,,,,,,,,,,,,,,,,,,,,,,,,,,,,,,,,,,,,,,,,,,,,,,,,,,,,,,,,,,,,,
Read position                    Well centre,,,,,,,,,,,,,,,,,,,,,,,,,,,,,,,,,,,,,,,,,,,,,,,,,,,,,,,,,,,,,,,,,,,,,,,
Multi-zero                       OFF,,,,,,,,,,,,,,,,,,,,,,,,,,,,,,,,,,,,,,,,,,,,,,,,,,,,,,,,,,,,,,,,,,,,,,,
Auto-zero                        OFF,,,,,,,,,,,,,,,,,,,,,,,,,,,,,,,,,,,,,,,,,,,,,,,,,,,,,,,,,,,,,,,,,,,,,,,
Well                            A1,,,,,,,,,,,,,,,,,,,,,,,,,,,,,,,,,,,,,,,,,,,,,,,,,,,,,,,,,,,,,,,,,,,,,,,
Comments:,,,,,,,,,,,,,,,,,,,,,,,,,,,,,,,,,,,,,,,,,,,,,,,,,,,,,,,,,,,,,,,,,,,,,,,
Method Log     :,,,,,,,,,,,,,,,,,,,,,,,,,,,,,,,,,,,,,,,,,,,,,,,,,,,,,,,,,,,,,,,,,,,,,,,
Method Name    : Default,,,,,,,,,,,,,,,,,,,,,,,,,,,,,,,,,,,,,,,,,,,,,,,,,,,,,,,,,,,,,,,,,,,,,,,
Date/Time stamp: 15-Aug-23 2:52:18 PM,,,,,,,,,,,,,,,,,,,,,,,,,,,,,,,,,,,,,,,,,,,,,,,,,,,,,,,,,,,,,,,,,,,,,,,
Method Modifications:,,,,,,,,,,,,,,,,,,,,,,,,,,,,,,,,,,,,,,,,,,,,,,,,,,,,,,,,,,,,,,,,,,,,,,,
Wellplate Overlay Mode Changed: 15-Aug-23 2:52:19 PM, Old:Individual, New:Choice 1,,,,,,,,,,,,,,,,,,,,,,,,,,,,,,,,,,,,,,,,,,,,,,,,,,,,,,,,,,,,,,,,,,,,,
Wellplate Overlay Mode Changed: 15-Aug-23 2:52:19 PM, Old:Overlay all, New:Choice 2,,,,,,,,,,,,,,,,,,,,,,,,,,,,,,,,,,,,,,,,,,,,,,,,,,,,,,,,,,,,,,,,,,,,,
Wellplate Overlay Mode Changed: 15-Aug-23 2:52:19 PM, Old:Overlay rows, New:Choice 3,,,,,,,,,,,,,,,,,,,,,,,,,,,,,,,,,,,,,,,,,,,,,,,,,,,,,,,,,,,,,,,,,,,,,
Wellplate Overlay Mode Changed: 15-Aug-23 2:52:19 PM, Old:Overlay columns, New:Choice 4,,,,,,,,,,,,,,,,,,,,,,,,,,,,,,,,,,,,,,,,,,,,,,,,,,,,,,,,,,,,,,,,,,,,,
Wellplate Overlay Mode Changed: 15-Aug-23 2:52:19 PM, Old:User defined, New:Overlay columns,,,,,,,,,,,,,,,,,,,,,,,,,,,,,,,,,,,,,,,,,,,,,,,,,,,,,,,,,,,,,,,,,,,,,
Well plate reader Changed: 15-Aug-23 2:52:50 PM, Old:OFF, New:ON,,,,,,,,,,,,,,,,,,,,,,,,,,,,,,,,,,,,,,,,,,,,,,,,,,,,,,,,,,,,,,,,,,,,,
Wellplate Samples Changed: 15-Aug-23 2:52:50 PM, Old:, New:A1;A2;A3;A4;A5;A6;B1;B2;B3;B4;B5;B6;C1;C2;C3;C4;C5;C6;,,,,,,,,,,,,,,,,,,,,,,,,,,,,,,,,,,,,,,,,,,,,,,,,,,,,,,,,,,,,,,,,,,,,,
PMT Volts Changed: 15-Aug-23 2:54:11 PM, Old:600, New:1000,,,,,,,,,,,,,,,,,,,,,,,,,,,,,,,,,,,,,,,,,,,,,,,,,,,,,,,,,,,,,,,,,,,,,
Multiwavelength Changed: 15-Aug-23 2:54:11 PM, Old:OFF, New:ON,,,,,,,,,,,,,,,,,,,,,,,,,,,,,,,,,,,,,,,,,,,,,,,,,,,,,,,,,,,,,,,,,,,,,
Excitation Wavelengths 1 Changed: 15-Aug-23 2:54:11 PM, Old:   350.0000, New:   555.0000,,,,,,,,,,,,,,,,,,,,,,,,,,,,,,,,,,,,,,,,,,,,,,,,,,,,,,,,,,,,,,,,,,,,,
Emission Wavelengths 1 Changed: 15-Aug-23 2:54:11 PM, Old:   450.0000, New:   565.0000,,,,,,,,,,,,,,,,,,,,,,,,,,,,,,,,,,,,,,,,,,,,,,,,,,,,,,,,,,,,,,,,,,,,,
Excitation Wavelengths 2 Changed: 15-Aug-23 2:54:11 PM, Old:   360.0000, New:   555.0000,,,,,,,,,,,,,,,,,,,,,,,,,,,,,,,,,,,,,,,,,,,,,,,,,,,,,,,,,,,,,,,,,,,,,
Emission Wavelengths 2 Changed: 15-Aug-23 2:54:11 PM, Old:   460.0000, New:   665.0000,,,,,,,,,,,,,,,,,,,,,,,,,,,,,,,,,,,,,,,,,,,,,,,,,,,,,,,,,,,,,,,,,,,,,
Excitation Wavelength Changed: 15-Aug-23 2:54:11 PM, Old: 400.00, New: 555.00,,,,,,,,,,,,,,,,,,,,,,,,,,,,,,,,,,,,,,,,,,,,,,,,,,,,,,,,,,,,,,,,,,,,,
Emission Wavelength Changed: 15-Aug-23 2:54:11 PM, Old: 600.00, New: 565.00,,,,,,,,,,,,,,,,,,,,,,,,,,,,,,,,,,,,,,,,,,,,,,,,,,,,,,,,,,,,,,,,,,,,,
Cycle Time 1 Changed: 15-Aug-23 2:54:11 PM, Old: 0.0000, New: 0.5000,,,,,,,,,,,,,,,,,,,,,,,,,,,,,,,,,,,,,,,,,,,,,,,,,,,,,,,,,,,,,,,,,,,,,
Emission PMT (V): Changed: 15-Aug-23 2:54:11 PM, Old: 600, New:1000,,,,,,,,,,,,,,,,,,,,,,,,,,,,,,,,,,,,,,,,,,,,,,,,,,,,,,,,,,,,,,,,,,,,,
Emission Wavelengths 1 Changed: 15-Aug-23 2:57:34 PM, Old:   565.0000, New:   570.0000,,,,,,,,,,,,,,,,,,,,,,,,,,,,,,,,,,,,,,,,,,,,,,,,,,,,,,,,,,,,,,,,,,,,,
Emission Wavelength Changed: 15-Aug-23 2:57:34 PM, Old: 565.00, New: 570.00,,,,,,,,,,,,,,,,,,,,,,,,,,,,,,,,,,,,,,,,,,,,,,,,,,,,,,,,,,,,,,,,,,,,,
Ave. time (s): Changed: 15-Aug-23 3:00:07 PM, Old:0.10000, New:0.25000,,,,,,,,,,,,,,,,,,,,,,,,,,,,,,,,,,,,,,,,,,,,,,,,,,,,,,,,,,,,,,,,,,,,,
Cycle Time 1 Changed: 15-Aug-23 3:03:28 PM, Old: 0.5000, New: 1.0000,,,,,,,,,,,,,,,,,,,,,,,,,,,,,,,,,,,,,,,,,,,,,,,,,,,,,,,,,,,,,,,,,,,,,
Stop Time 1 Changed: 15-Aug-23 3:03:28 PM, Old: 1.0000, New:90.0000,,,,,,,,,,,,,,,,,,,,,,,,,,,,,,,,,,,,,,,,,,,,,,,,,,,,,,,,,,,,,,,,,,,,,
End Method Modifications,,,,,,,,,,,,,,,,,,,,,,,,,,,,,,,,,,,,,,,,,,,,,,,,,,,,,,,,,,,,,,,,,,,,,,,
,,,,,,,,,,,,,,,,,,,,,,,,,,,,,,,,,,,,,,,,,,,,,,,,,,,,,,,,,,,,,,,,,,,,,,,
Sample C2_Ex555_Em665,,,,,,,,,,,,,,,,,,,,,,,,,,,,,,,,,,,,,,,,,,,,,,,,,,,,,,,,,,,,,,,,,,,,,,,
Sample C2_Ex555_Em665,,,,,,,,,,,,,,,,,,,,,,,,,,,,,,,,,,,,,,,,,,,,,,,,,,,,,,,,,,,,,,,,,,,,,,,
Collection Time: 15-Aug-23 3:04:44 PM,,,,,,,,,,,,,,,,,,,,,,,,,,,,,,,,,,,,,,,,,,,,,,,,,,,,,,,,,,,,,,,,,,,,,,,
Operator Name  :,,,,,,,,,,,,,,,,,,,,,,,,,,,,,,,,,,,,,,,,,,,,,,,,,,,,,,,,,,,,,,,,,,,,,,,
Kinetics Software Version: 1.2(146),,,,,,,,,,,,,,,,,,,,,,,,,,,,,,,,,,,,,,,,,,,,,,,,,,,,,,,,,,,,,,,,,,,,,,,
Parameter List :,,,,,,,,,,,,,,,,,,,,,,,,,,,,,,,,,,,,,,,,,,,,,,,,,,,,,,,,,,,,,,,,,,,,,,,
Report Time: Tue 15 Aug 03:04:44 PM 2023,,,,,,,,,,,,,,,,,,,,,,,,,,,,,,,,,,,,,,,,,,,,,,,,,,,,,,,,,,,,,,,,,,,,,,,
Software version: 1.2(146),,,,,,,,,,,,,,,,,,,,,,,,,,,,,,,,,,,,,,,,,,,,,,,,,,,,,,,,,,,,,,,,,,,,,,,
Operator:,,,,,,,,,,,,,,,,,,,,,,,,,,,,,,,,,,,,,,,,,,,,,,,,,,,,,,,,,,,,,,,,,,,,,,,
Instrument Parameters,,,,,,,,,,,,,,,,,,,,,,,,,,,,,,,,,,,,,,,,,,,,,,,,,,,,,,,,,,,,,,,,,,,,,,,
Instrument                        Cary Eclipse,,,,,,,,,,,,,,,,,,,,,,,,,,,,,,,,,,,,,,,,,,,,,,,,,,,,,,,,,,,,,,,,,,,,,,,
Instrument Serial Number          MY18160001,,,,,,,,,,,,,,,,,,,,,,,,,,,,,,,,,,,,,,,,,,,,,,,,,,,,,,,,,,,,,,,,,,,,,,,
Data mode                         Fluorescence,,,,,,,,,,,,,,,,,,,,,,,,,,,,,,,,,,,,,,,,,,,,,,,,,,,,,,,,,,,,,,,,,,,,,,,
Ex. wavelengths (nm)              555.0000 ; 555.0000,,,,,,,,,,,,,,,,,,,,,,,,,,,,,,,,,,,,,,,,,,,,,,,,,,,,,,,,,,,,,,,,,,,,,,,
Em. wavelengths (nm)              570.0000 ; 665.0000,,,,,,,,,,,,,,,,,,,,,,,,,,,,,,,,,,,,,,,,,,,,,,,,,,,,,,,,,,,,,,,,,,,,,,,
Ex. Slit (nm)                     5,,,,,,,,,,,,,,,,,,,,,,,,,,,,,,,,,,,,,,,,,,,,,,,,,,,,,,,,,,,,,,,,,,,,,,,
Em. Slit (nm)                     5,,,,,,,,,,,,,,,,,,,,,,,,,,,,,,,,,,,,,,,,,,,,,,,,,,,,,,,,,,,,,,,,,,,,,,,
Averaging Time (s)                0.2500,,,,,,,,,,,,,,,,,,,,,,,,,,,,,,,,,,,,,,,,,,,,,,,,,,,,,,,,,,,,,,,,,,,,,,,
Cycle time(min)                   1.0000,,,,,,,,,,,,,,,,,,,,,,,,,,,,,,,,,,,,,,,,,,,,,,,,,,,,,,,,,,,,,,,,,,,,,,,
Stop time(min)                    90.0000,,,,,,,,,,,,,,,,,,,,,,,,,,,,,,,,,,,,,,,,,,,,,,,,,,,,,,,,,,,,,,,,,,,,,,,
Emission filter                   Open,,,,,,,,,,,,,,,,,,,,,,,,,,,,,,,,,,,,,,,,,,,,,,,,,,,,,,,,,,,,,,,,,,,,,,,
Excitation Filter                 Auto,,,,,,,,,,,,,,,,,,,,,,,,,,,,,,,,,,,,,,,,,,,,,,,,,,,,,,,,,,,,,,,,,,,,,,,
PMT voltage (V)                   1000,,,,,,,,,,,,,,,,,,,,,,,,,,,,,,,,,,,,,,,,,,,,,,,,,,,,,,,,,,,,,,,,,,,,,,,
Wellplate                         ON,,,,,,,,,,,,,,,,,,,,,,,,,,,,,,,,,,,,,,,,,,,,,,,,,,,,,,,,,,,,,,,,,,,,,,,
Plate format                     96 Wells,,,,,,,,,,,,,,,,,,,,,,,,,,,,,,,,,,,,,,,,,,,,,,,,,,,,,,,,,,,,,,,,,,,,,,,
Read position                    Well centre,,,,,,,,,,,,,,,,,,,,,,,,,,,,,,,,,,,,,,,,,,,,,,,,,,,,,,,,,,,,,,,,,,,,,,,
Multi-zero                       OFF,,,,,,,,,,,,,,,,,,,,,,,,,,,,,,,,,,,,,,,,,,,,,,,,,,,,,,,,,,,,,,,,,,,,,,,
Auto-zero                        OFF,,,,,,,,,,,,,,,,,,,,,,,,,,,,,,,,,,,,,,,,,,,,,,,,,,,,,,,,,,,,,,,,,,,,,,,
Well                            A1,,,,,,,,,,,,,,,,,,,,,,,,,,,,,,,,,,,,,,,,,,,,,,,,,,,,,,,,,,,,,,,,,,,,,,,
Comments:,,,,,,,,,,,,,,,,,,,,,,,,,,,,,,,,,,,,,,,,,,,,,,,,,,,,,,,,,,,,,,,,,,,,,,,
Method Log     :,,,,,,,,,,,,,,,,,,,,,,,,,,,,,,,,,,,,,,,,,,,,,,,,,,,,,,,,,,,,,,,,,,,,,,,
Method Name    : Default,,,,,,,,,,,,,,,,,,,,,,,,,,,,,,,,,,,,,,,,,,,,,,,,,,,,,,,,,,,,,,,,,,,,,,,
Date/Time stamp: 15-Aug-23 2:52:18 PM,,,,,,,,,,,,,,,,,,,,,,,,,,,,,,,,,,,,,,,,,,,,,,,,,,,,,,,,,,,,,,,,,,,,,,,
Method Modifications:,,,,,,,,,,,,,,,,,,,,,,,,,,,,,,,,,,,,,,,,,,,,,,,,,,,,,,,,,,,,,,,,,,,,,,,
Wellplate Overlay Mode Changed: 15-Aug-23 2:52:19 PM, Old:Individual, New:Choice 1,,,,,,,,,,,,,,,,,,,,,,,,,,,,,,,,,,,,,,,,,,,,,,,,,,,,,,,,,,,,,,,,,,,,,
Wellplate Overlay Mode Changed: 15-Aug-23 2:52:19 PM, Old:Overlay all, New:Choice 2,,,,,,,,,,,,,,,,,,,,,,,,,,,,,,,,,,,,,,,,,,,,,,,,,,,,,,,,,,,,,,,,,,,,,
Wellplate Overlay Mode Changed: 15-Aug-23 2:52:19 PM, Old:Overlay rows, New:Choice 3,,,,,,,,,,,,,,,,,,,,,,,,,,,,,,,,,,,,,,,,,,,,,,,,,,,,,,,,,,,,,,,,,,,,,
Wellplate Overlay Mode Changed: 15-Aug-23 2:52:19 PM, Old:Overlay columns, New:Choice 4,,,,,,,,,,,,,,,,,,,,,,,,,,,,,,,,,,,,,,,,,,,,,,,,,,,,,,,,,,,,,,,,,,,,,
Wellplate Overlay Mode Changed: 15-Aug-23 2:52:19 PM, Old:User defined, New:Overlay columns,,,,,,,,,,,,,,,,,,,,,,,,,,,,,,,,,,,,,,,,,,,,,,,,,,,,,,,,,,,,,,,,,,,,,
Well plate reader Changed: 15-Aug-23 2:52:50 PM, Old:OFF, New:ON,,,,,,,,,,,,,,,,,,,,,,,,,,,,,,,,,,,,,,,,,,,,,,,,,,,,,,,,,,,,,,,,,,,,,
Wellplate Samples Changed: 15-Aug-23 2:52:50 PM, Old:, New:A1;A2;A3;A4;A5;A6;B1;B2;B3;B4;B5;B6;C1;C2;C3;C4;C5;C6;,,,,,,,,,,,,,,,,,,,,,,,,,,,,,,,,,,,,,,,,,,,,,,,,,,,,,,,,,,,,,,,,,,,,,
PMT Volts Changed: 15-Aug-23 2:54:11 PM, Old:600, New:1000,,,,,,,,,,,,,,,,,,,,,,,,,,,,,,,,,,,,,,,,,,,,,,,,,,,,,,,,,,,,,,,,,,,,,
Multiwavelength Changed: 15-Aug-23 2:54:11 PM, Old:OFF, New:ON,,,,,,,,,,,,,,,,,,,,,,,,,,,,,,,,,,,,,,,,,,,,,,,,,,,,,,,,,,,,,,,,,,,,,
Excitation Wavelengths 1 Changed: 15-Aug-23 2:54:11 PM, Old:   350.0000, New:   555.0000,,,,,,,,,,,,,,,,,,,,,,,,,,,,,,,,,,,,,,,,,,,,,,,,,,,,,,,,,,,,,,,,,,,,,
Emission Wavelengths 1 Changed: 15-Aug-23 2:54:11 PM, Old:   450.0000, New:   565.0000,,,,,,,,,,,,,,,,,,,,,,,,,,,,,,,,,,,,,,,,,,,,,,,,,,,,,,,,,,,,,,,,,,,,,
Excitation Wavelengths 2 Changed: 15-Aug-23 2:54:11 PM, Old:   360.0000, New:   555.0000,,,,,,,,,,,,,,,,,,,,,,,,,,,,,,,,,,,,,,,,,,,,,,,,,,,,,,,,,,,,,,,,,,,,,
Emission Wavelengths 2 Changed: 15-Aug-23 2:54:11 PM, Old:   460.0000, New:   665.0000,,,,,,,,,,,,,,,,,,,,,,,,,,,,,,,,,,,,,,,,,,,,,,,,,,,,,,,,,,,,,,,,,,,,,
Excitation Wavelength Changed: 15-Aug-23 2:54:11 PM, Old: 400.00, New: 555.00,,,,,,,,,,,,,,,,,,,,,,,,,,,,,,,,,,,,,,,,,,,,,,,,,,,,,,,,,,,,,,,,,,,,,
Emission Wavelength Changed: 15-Aug-23 2:54:11 PM, Old: 600.00, New: 565.00,,,,,,,,,,,,,,,,,,,,,,,,,,,,,,,,,,,,,,,,,,,,,,,,,,,,,,,,,,,,,,,,,,,,,
Cycle Time 1 Changed: 15-Aug-23 2:54:11 PM, Old: 0.0000, New: 0.5000,,,,,,,,,,,,,,,,,,,,,,,,,,,,,,,,,,,,,,,,,,,,,,,,,,,,,,,,,,,,,,,,,,,,,
Emission PMT (V): Changed: 15-Aug-23 2:54:11 PM, Old: 600, New:1000,,,,,,,,,,,,,,,,,,,,,,,,,,,,,,,,,,,,,,,,,,,,,,,,,,,,,,,,,,,,,,,,,,,,,
Emission Wavelengths 1 Changed: 15-Aug-23 2:57:34 PM, Old:   565.0000, New:   570.0000,,,,,,,,,,,,,,,,,,,,,,,,,,,,,,,,,,,,,,,,,,,,,,,,,,,,,,,,,,,,,,,,,,,,,
Emission Wavelength Changed: 15-Aug-23 2:57:34 PM, Old: 565.00, New: 570.00,,,,,,,,,,,,,,,,,,,,,,,,,,,,,,,,,,,,,,,,,,,,,,,,,,,,,,,,,,,,,,,,,,,,,
Ave. time (s): Changed: 15-Aug-23 3:00:07 PM, Old:0.10000, New:0.25000,,,,,,,,,,,,,,,,,,,,,,,,,,,,,,,,,,,,,,,,,,,,,,,,,,,,,,,,,,,,,,,,,,,,,
Cycle Time 1 Changed: 15-Aug-23 3:03:28 PM, Old: 0.5000, New: 1.0000,,,,,,,,,,,,,,,,,,,,,,,,,,,,,,,,,,,,,,,,,,,,,,,,,,,,,,,,,,,,,,,,,,,,,
Stop Time 1 Changed: 15-Aug-23 3:03:28 PM, Old: 1.0000, New:90.0000,,,,,,,,,,,,,,,,,,,,,,,,,,,,,,,,,,,,,,,,,,,,,,,,,,,,,,,,,,,,,,,,,,,,,
End Method Modifications,,,,,,,,,,,,,,,,,,,,,,,,,,,,,,,,,,,,,,,,,,,,,,,,,,,,,,,,,,,,,,,,,,,,,,,
,,,,,,,,,,,,,,,,,,,,,,,,,,,,,,,,,,,,,,,,,,,,,,,,,,,,,,,,,,,,,,,,,,,,,,,
Sample C3_Ex555_Em570,,,,,,,,,,,,,,,,,,,,,,,,,,,,,,,,,,,,,,,,,,,,,,,,,,,,,,,,,,,,,,,,,,,,,,,
Sample C3_Ex555_Em570,,,,,,,,,,,,,,,,,,,,,,,,,,,,,,,,,,,,,,,,,,,,,,,,,,,,,,,,,,,,,,,,,,,,,,,
Collection Time: 15-Aug-23 3:04:44 PM,,,,,,,,,,,,,,,,,,,,,,,,,,,,,,,,,,,,,,,,,,,,,,,,,,,,,,,,,,,,,,,,,,,,,,,
Operator Name  :,,,,,,,,,,,,,,,,,,,,,,,,,,,,,,,,,,,,,,,,,,,,,,,,,,,,,,,,,,,,,,,,,,,,,,,
Kinetics Software Version: 1.2(146),,,,,,,,,,,,,,,,,,,,,,,,,,,,,,,,,,,,,,,,,,,,,,,,,,,,,,,,,,,,,,,,,,,,,,,
Parameter List :,,,,,,,,,,,,,,,,,,,,,,,,,,,,,,,,,,,,,,,,,,,,,,,,,,,,,,,,,,,,,,,,,,,,,,,
Report Time: Tue 15 Aug 03:04:44 PM 2023,,,,,,,,,,,,,,,,,,,,,,,,,,,,,,,,,,,,,,,,,,,,,,,,,,,,,,,,,,,,,,,,,,,,,,,
Software version: 1.2(146),,,,,,,,,,,,,,,,,,,,,,,,,,,,,,,,,,,,,,,,,,,,,,,,,,,,,,,,,,,,,,,,,,,,,,,
Operator:,,,,,,,,,,,,,,,,,,,,,,,,,,,,,,,,,,,,,,,,,,,,,,,,,,,,,,,,,,,,,,,,,,,,,,,
Instrument Parameters,,,,,,,,,,,,,,,,,,,,,,,,,,,,,,,,,,,,,,,,,,,,,,,,,,,,,,,,,,,,,,,,,,,,,,,
Instrument                        Cary Eclipse,,,,,,,,,,,,,,,,,,,,,,,,,,,,,,,,,,,,,,,,,,,,,,,,,,,,,,,,,,,,,,,,,,,,,,,
Instrument Serial Number          MY18160001,,,,,,,,,,,,,,,,,,,,,,,,,,,,,,,,,,,,,,,,,,,,,,,,,,,,,,,,,,,,,,,,,,,,,,,
Data mode                         Fluorescence,,,,,,,,,,,,,,,,,,,,,,,,,,,,,,,,,,,,,,,,,,,,,,,,,,,,,,,,,,,,,,,,,,,,,,,
Ex. wavelengths (nm)              555.0000 ; 555.0000,,,,,,,,,,,,,,,,,,,,,,,,,,,,,,,,,,,,,,,,,,,,,,,,,,,,,,,,,,,,,,,,,,,,,,,
Em. wavelengths (nm)              570.0000 ; 665.0000,,,,,,,,,,,,,,,,,,,,,,,,,,,,,,,,,,,,,,,,,,,,,,,,,,,,,,,,,,,,,,,,,,,,,,,
Ex. Slit (nm)                     5,,,,,,,,,,,,,,,,,,,,,,,,,,,,,,,,,,,,,,,,,,,,,,,,,,,,,,,,,,,,,,,,,,,,,,,
Em. Slit (nm)                     5,,,,,,,,,,,,,,,,,,,,,,,,,,,,,,,,,,,,,,,,,,,,,,,,,,,,,,,,,,,,,,,,,,,,,,,
Averaging Time (s)                0.2500,,,,,,,,,,,,,,,,,,,,,,,,,,,,,,,,,,,,,,,,,,,,,,,,,,,,,,,,,,,,,,,,,,,,,,,
Cycle time(min)                   1.0000,,,,,,,,,,,,,,,,,,,,,,,,,,,,,,,,,,,,,,,,,,,,,,,,,,,,,,,,,,,,,,,,,,,,,,,
Stop time(min)                    90.0000,,,,,,,,,,,,,,,,,,,,,,,,,,,,,,,,,,,,,,,,,,,,,,,,,,,,,,,,,,,,,,,,,,,,,,,
Emission filter                   Open,,,,,,,,,,,,,,,,,,,,,,,,,,,,,,,,,,,,,,,,,,,,,,,,,,,,,,,,,,,,,,,,,,,,,,,
Excitation Filter                 Auto,,,,,,,,,,,,,,,,,,,,,,,,,,,,,,,,,,,,,,,,,,,,,,,,,,,,,,,,,,,,,,,,,,,,,,,
PMT voltage (V)                   1000,,,,,,,,,,,,,,,,,,,,,,,,,,,,,,,,,,,,,,,,,,,,,,,,,,,,,,,,,,,,,,,,,,,,,,,
Wellplate                         ON,,,,,,,,,,,,,,,,,,,,,,,,,,,,,,,,,,,,,,,,,,,,,,,,,,,,,,,,,,,,,,,,,,,,,,,
Plate format                     96 Wells,,,,,,,,,,,,,,,,,,,,,,,,,,,,,,,,,,,,,,,,,,,,,,,,,,,,,,,,,,,,,,,,,,,,,,,
Read position                    Well centre,,,,,,,,,,,,,,,,,,,,,,,,,,,,,,,,,,,,,,,,,,,,,,,,,,,,,,,,,,,,,,,,,,,,,,,
Multi-zero                       OFF,,,,,,,,,,,,,,,,,,,,,,,,,,,,,,,,,,,,,,,,,,,,,,,,,,,,,,,,,,,,,,,,,,,,,,,
Auto-zero                        OFF,,,,,,,,,,,,,,,,,,,,,,,,,,,,,,,,,,,,,,,,,,,,,,,,,,,,,,,,,,,,,,,,,,,,,,,
Well                            A1,,,,,,,,,,,,,,,,,,,,,,,,,,,,,,,,,,,,,,,,,,,,,,,,,,,,,,,,,,,,,,,,,,,,,,,
Comments:,,,,,,,,,,,,,,,,,,,,,,,,,,,,,,,,,,,,,,,,,,,,,,,,,,,,,,,,,,,,,,,,,,,,,,,
Method Log     :,,,,,,,,,,,,,,,,,,,,,,,,,,,,,,,,,,,,,,,,,,,,,,,,,,,,,,,,,,,,,,,,,,,,,,,
Method Name    : Default,,,,,,,,,,,,,,,,,,,,,,,,,,,,,,,,,,,,,,,,,,,,,,,,,,,,,,,,,,,,,,,,,,,,,,,
Date/Time stamp: 15-Aug-23 2:52:18 PM,,,,,,,,,,,,,,,,,,,,,,,,,,,,,,,,,,,,,,,,,,,,,,,,,,,,,,,,,,,,,,,,,,,,,,,
Method Modifications:,,,,,,,,,,,,,,,,,,,,,,,,,,,,,,,,,,,,,,,,,,,,,,,,,,,,,,,,,,,,,,,,,,,,,,,
Wellplate Overlay Mode Changed: 15-Aug-23 2:52:19 PM, Old:Individual, New:Choice 1,,,,,,,,,,,,,,,,,,,,,,,,,,,,,,,,,,,,,,,,,,,,,,,,,,,,,,,,,,,,,,,,,,,,,
Wellplate Overlay Mode Changed: 15-Aug-23 2:52:19 PM, Old:Overlay all, New:Choice 2,,,,,,,,,,,,,,,,,,,,,,,,,,,,,,,,,,,,,,,,,,,,,,,,,,,,,,,,,,,,,,,,,,,,,
Wellplate Overlay Mode Changed: 15-Aug-23 2:52:19 PM, Old:Overlay rows, New:Choice 3,,,,,,,,,,,,,,,,,,,,,,,,,,,,,,,,,,,,,,,,,,,,,,,,,,,,,,,,,,,,,,,,,,,,,
Wellplate Overlay Mode Changed: 15-Aug-23 2:52:19 PM, Old:Overlay columns, New:Choice 4,,,,,,,,,,,,,,,,,,,,,,,,,,,,,,,,,,,,,,,,,,,,,,,,,,,,,,,,,,,,,,,,,,,,,
Wellplate Overlay Mode Changed: 15-Aug-23 2:52:19 PM, Old:User defined, New:Overlay columns,,,,,,,,,,,,,,,,,,,,,,,,,,,,,,,,,,,,,,,,,,,,,,,,,,,,,,,,,,,,,,,,,,,,,
Well plate reader Changed: 15-Aug-23 2:52:50 PM, Old:OFF, New:ON,,,,,,,,,,,,,,,,,,,,,,,,,,,,,,,,,,,,,,,,,,,,,,,,,,,,,,,,,,,,,,,,,,,,,
Wellplate Samples Changed: 15-Aug-23 2:52:50 PM, Old:, New:A1;A2;A3;A4;A5;A6;B1;B2;B3;B4;B5;B6;C1;C2;C3;C4;C5;C6;,,,,,,,,,,,,,,,,,,,,,,,,,,,,,,,,,,,,,,,,,,,,,,,,,,,,,,,,,,,,,,,,,,,,,
PMT Volts Changed: 15-Aug-23 2:54:11 PM, Old:600, New:1000,,,,,,,,,,,,,,,,,,,,,,,,,,,,,,,,,,,,,,,,,,,,,,,,,,,,,,,,,,,,,,,,,,,,,
Multiwavelength Changed: 15-Aug-23 2:54:11 PM, Old:OFF, New:ON,,,,,,,,,,,,,,,,,,,,,,,,,,,,,,,,,,,,,,,,,,,,,,,,,,,,,,,,,,,,,,,,,,,,,
Excitation Wavelengths 1 Changed: 15-Aug-23 2:54:11 PM, Old:   350.0000, New:   555.0000,,,,,,,,,,,,,,,,,,,,,,,,,,,,,,,,,,,,,,,,,,,,,,,,,,,,,,,,,,,,,,,,,,,,,
Emission Wavelengths 1 Changed: 15-Aug-23 2:54:11 PM, Old:   450.0000, New:   565.0000,,,,,,,,,,,,,,,,,,,,,,,,,,,,,,,,,,,,,,,,,,,,,,,,,,,,,,,,,,,,,,,,,,,,,
Excitation Wavelengths 2 Changed: 15-Aug-23 2:54:11 PM, Old:   360.0000, New:   555.0000,,,,,,,,,,,,,,,,,,,,,,,,,,,,,,,,,,,,,,,,,,,,,,,,,,,,,,,,,,,,,,,,,,,,,
Emission Wavelengths 2 Changed: 15-Aug-23 2:54:11 PM, Old:   460.0000, New:   665.0000,,,,,,,,,,,,,,,,,,,,,,,,,,,,,,,,,,,,,,,,,,,,,,,,,,,,,,,,,,,,,,,,,,,,,
Excitation Wavelength Changed: 15-Aug-23 2:54:11 PM, Old: 400.00, New: 555.00,,,,,,,,,,,,,,,,,,,,,,,,,,,,,,,,,,,,,,,,,,,,,,,,,,,,,,,,,,,,,,,,,,,,,
Emission Wavelength Changed: 15-Aug-23 2:54:11 PM, Old: 600.00, New: 565.00,,,,,,,,,,,,,,,,,,,,,,,,,,,,,,,,,,,,,,,,,,,,,,,,,,,,,,,,,,,,,,,,,,,,,
Cycle Time 1 Changed: 15-Aug-23 2:54:11 PM, Old: 0.0000, New: 0.5000,,,,,,,,,,,,,,,,,,,,,,,,,,,,,,,,,,,,,,,,,,,,,,,,,,,,,,,,,,,,,,,,,,,,,
Emission PMT (V): Changed: 15-Aug-23 2:54:11 PM, Old: 600, New:1000,,,,,,,,,,,,,,,,,,,,,,,,,,,,,,,,,,,,,,,,,,,,,,,,,,,,,,,,,,,,,,,,,,,,,
Emission Wavelengths 1 Changed: 15-Aug-23 2:57:34 PM, Old:   565.0000, New:   570.0000,,,,,,,,,,,,,,,,,,,,,,,,,,,,,,,,,,,,,,,,,,,,,,,,,,,,,,,,,,,,,,,,,,,,,
Emission Wavelength Changed: 15-Aug-23 2:57:34 PM, Old: 565.00, New: 570.00,,,,,,,,,,,,,,,,,,,,,,,,,,,,,,,,,,,,,,,,,,,,,,,,,,,,,,,,,,,,,,,,,,,,,
Ave. time (s): Changed: 15-Aug-23 3:00:07 PM, Old:0.10000, New:0.25000,,,,,,,,,,,,,,,,,,,,,,,,,,,,,,,,,,,,,,,,,,,,,,,,,,,,,,,,,,,,,,,,,,,,,
Cycle Time 1 Changed: 15-Aug-23 3:03:28 PM, Old: 0.5000, New: 1.0000,,,,,,,,,,,,,,,,,,,,,,,,,,,,,,,,,,,,,,,,,,,,,,,,,,,,,,,,,,,,,,,,,,,,,
Stop Time 1 Changed: 15-Aug-23 3:03:28 PM, Old: 1.0000, New:90.0000,,,,,,,,,,,,,,,,,,,,,,,,,,,,,,,,,,,,,,,,,,,,,,,,,,,,,,,,,,,,,,,,,,,,,
End Method Modifications,,,,,,,,,,,,,,,,,,,,,,,,,,,,,,,,,,,,,,,,,,,,,,,,,,,,,,,,,,,,,,,,,,,,,,,
,,,,,,,,,,,,,,,,,,,,,,,,,,,,,,,,,,,,,,,,,,,,,,,,,,,,,,,,,,,,,,,,,,,,,,,
Sample C3_Ex555_Em665,,,,,,,,,,,,,,,,,,,,,,,,,,,,,,,,,,,,,,,,,,,,,,,,,,,,,,,,,,,,,,,,,,,,,,,
Sample C3_Ex555_Em665,,,,,,,,,,,,,,,,,,,,,,,,,,,,,,,,,,,,,,,,,,,,,,,,,,,,,,,,,,,,,,,,,,,,,,,
Collection Time: 15-Aug-23 3:04:44 PM,,,,,,,,,,,,,,,,,,,,,,,,,,,,,,,,,,,,,,,,,,,,,,,,,,,,,,,,,,,,,,,,,,,,,,,
Operator Name  :,,,,,,,,,,,,,,,,,,,,,,,,,,,,,,,,,,,,,,,,,,,,,,,,,,,,,,,,,,,,,,,,,,,,,,,
Kinetics Software Version: 1.2(146),,,,,,,,,,,,,,,,,,,,,,,,,,,,,,,,,,,,,,,,,,,,,,,,,,,,,,,,,,,,,,,,,,,,,,,
Parameter List :,,,,,,,,,,,,,,,,,,,,,,,,,,,,,,,,,,,,,,,,,,,,,,,,,,,,,,,,,,,,,,,,,,,,,,,
Report Time: Tue 15 Aug 03:04:44 PM 2023,,,,,,,,,,,,,,,,,,,,,,,,,,,,,,,,,,,,,,,,,,,,,,,,,,,,,,,,,,,,,,,,,,,,,,,
Software version: 1.2(146),,,,,,,,,,,,,,,,,,,,,,,,,,,,,,,,,,,,,,,,,,,,,,,,,,,,,,,,,,,,,,,,,,,,,,,
Operator:,,,,,,,,,,,,,,,,,,,,,,,,,,,,,,,,,,,,,,,,,,,,,,,,,,,,,,,,,,,,,,,,,,,,,,,
Instrument Parameters,,,,,,,,,,,,,,,,,,,,,,,,,,,,,,,,,,,,,,,,,,,,,,,,,,,,,,,,,,,,,,,,,,,,,,,
Instrument                        Cary Eclipse,,,,,,,,,,,,,,,,,,,,,,,,,,,,,,,,,,,,,,,,,,,,,,,,,,,,,,,,,,,,,,,,,,,,,,,
Instrument Serial Number          MY18160001,,,,,,,,,,,,,,,,,,,,,,,,,,,,,,,,,,,,,,,,,,,,,,,,,,,,,,,,,,,,,,,,,,,,,,,
Data mode                         Fluorescence,,,,,,,,,,,,,,,,,,,,,,,,,,,,,,,,,,,,,,,,,,,,,,,,,,,,,,,,,,,,,,,,,,,,,,,
Ex. wavelengths (nm)              555.0000 ; 555.0000,,,,,,,,,,,,,,,,,,,,,,,,,,,,,,,,,,,,,,,,,,,,,,,,,,,,,,,,,,,,,,,,,,,,,,,
Em. wavelengths (nm)              570.0000 ; 665.0000,,,,,,,,,,,,,,,,,,,,,,,,,,,,,,,,,,,,,,,,,,,,,,,,,,,,,,,,,,,,,,,,,,,,,,,
Ex. Slit (nm)                     5,,,,,,,,,,,,,,,,,,,,,,,,,,,,,,,,,,,,,,,,,,,,,,,,,,,,,,,,,,,,,,,,,,,,,,,
Em. Slit (nm)                     5,,,,,,,,,,,,,,,,,,,,,,,,,,,,,,,,,,,,,,,,,,,,,,,,,,,,,,,,,,,,,,,,,,,,,,,
Averaging Time (s)                0.2500,,,,,,,,,,,,,,,,,,,,,,,,,,,,,,,,,,,,,,,,,,,,,,,,,,,,,,,,,,,,,,,,,,,,,,,
Cycle time(min)                   1.0000,,,,,,,,,,,,,,,,,,,,,,,,,,,,,,,,,,,,,,,,,,,,,,,,,,,,,,,,,,,,,,,,,,,,,,,
Stop time(min)                    90.0000,,,,,,,,,,,,,,,,,,,,,,,,,,,,,,,,,,,,,,,,,,,,,,,,,,,,,,,,,,,,,,,,,,,,,,,
Emission filter                   Open,,,,,,,,,,,,,,,,,,,,,,,,,,,,,,,,,,,,,,,,,,,,,,,,,,,,,,,,,,,,,,,,,,,,,,,
Excitation Filter                 Auto,,,,,,,,,,,,,,,,,,,,,,,,,,,,,,,,,,,,,,,,,,,,,,,,,,,,,,,,,,,,,,,,,,,,,,,
PMT voltage (V)                   1000,,,,,,,,,,,,,,,,,,,,,,,,,,,,,,,,,,,,,,,,,,,,,,,,,,,,,,,,,,,,,,,,,,,,,,,
Wellplate                         ON,,,,,,,,,,,,,,,,,,,,,,,,,,,,,,,,,,,,,,,,,,,,,,,,,,,,,,,,,,,,,,,,,,,,,,,
Plate format                     96 Wells,,,,,,,,,,,,,,,,,,,,,,,,,,,,,,,,,,,,,,,,,,,,,,,,,,,,,,,,,,,,,,,,,,,,,,,
Read position                    Well centre,,,,,,,,,,,,,,,,,,,,,,,,,,,,,,,,,,,,,,,,,,,,,,,,,,,,,,,,,,,,,,,,,,,,,,,
Multi-zero                       OFF,,,,,,,,,,,,,,,,,,,,,,,,,,,,,,,,,,,,,,,,,,,,,,,,,,,,,,,,,,,,,,,,,,,,,,,
Auto-zero                        OFF,,,,,,,,,,,,,,,,,,,,,,,,,,,,,,,,,,,,,,,,,,,,,,,,,,,,,,,,,,,,,,,,,,,,,,,
Well                            A1,,,,,,,,,,,,,,,,,,,,,,,,,,,,,,,,,,,,,,,,,,,,,,,,,,,,,,,,,,,,,,,,,,,,,,,
Comments:,,,,,,,,,,,,,,,,,,,,,,,,,,,,,,,,,,,,,,,,,,,,,,,,,,,,,,,,,,,,,,,,,,,,,,,
Method Log     :,,,,,,,,,,,,,,,,,,,,,,,,,,,,,,,,,,,,,,,,,,,,,,,,,,,,,,,,,,,,,,,,,,,,,,,
Method Name    : Default,,,,,,,,,,,,,,,,,,,,,,,,,,,,,,,,,,,,,,,,,,,,,,,,,,,,,,,,,,,,,,,,,,,,,,,
Date/Time stamp: 15-Aug-23 2:52:18 PM,,,,,,,,,,,,,,,,,,,,,,,,,,,,,,,,,,,,,,,,,,,,,,,,,,,,,,,,,,,,,,,,,,,,,,,
Method Modifications:,,,,,,,,,,,,,,,,,,,,,,,,,,,,,,,,,,,,,,,,,,,,,,,,,,,,,,,,,,,,,,,,,,,,,,,
Wellplate Overlay Mode Changed: 15-Aug-23 2:52:19 PM, Old:Individual, New:Choice 1,,,,,,,,,,,,,,,,,,,,,,,,,,,,,,,,,,,,,,,,,,,,,,,,,,,,,,,,,,,,,,,,,,,,,
Wellplate Overlay Mode Changed: 15-Aug-23 2:52:19 PM, Old:Overlay all, New:Choice 2,,,,,,,,,,,,,,,,,,,,,,,,,,,,,,,,,,,,,,,,,,,,,,,,,,,,,,,,,,,,,,,,,,,,,
Wellplate Overlay Mode Changed: 15-Aug-23 2:52:19 PM, Old:Overlay rows, New:Choice 3,,,,,,,,,,,,,,,,,,,,,,,,,,,,,,,,,,,,,,,,,,,,,,,,,,,,,,,,,,,,,,,,,,,,,
Wellplate Overlay Mode Changed: 15-Aug-23 2:52:19 PM, Old:Overlay columns, New:Choice 4,,,,,,,,,,,,,,,,,,,,,,,,,,,,,,,,,,,,,,,,,,,,,,,,,,,,,,,,,,,,,,,,,,,,,
Wellplate Overlay Mode Changed: 15-Aug-23 2:52:19 PM, Old:User defined, New:Overlay columns,,,,,,,,,,,,,,,,,,,,,,,,,,,,,,,,,,,,,,,,,,,,,,,,,,,,,,,,,,,,,,,,,,,,,
Well plate reader Changed: 15-Aug-23 2:52:50 PM, Old:OFF, New:ON,,,,,,,,,,,,,,,,,,,,,,,,,,,,,,,,,,,,,,,,,,,,,,,,,,,,,,,,,,,,,,,,,,,,,
Wellplate Samples Changed: 15-Aug-23 2:52:50 PM, Old:, New:A1;A2;A3;A4;A5;A6;B1;B2;B3;B4;B5;B6;C1;C2;C3;C4;C5;C6;,,,,,,,,,,,,,,,,,,,,,,,,,,,,,,,,,,,,,,,,,,,,,,,,,,,,,,,,,,,,,,,,,,,,,
PMT Volts Changed: 15-Aug-23 2:54:11 PM, Old:600, New:1000,,,,,,,,,,,,,,,,,,,,,,,,,,,,,,,,,,,,,,,,,,,,,,,,,,,,,,,,,,,,,,,,,,,,,
Multiwavelength Changed: 15-Aug-23 2:54:11 PM, Old:OFF, New:ON,,,,,,,,,,,,,,,,,,,,,,,,,,,,,,,,,,,,,,,,,,,,,,,,,,,,,,,,,,,,,,,,,,,,,
Excitation Wavelengths 1 Changed: 15-Aug-23 2:54:11 PM, Old:   350.0000, New:   555.0000,,,,,,,,,,,,,,,,,,,,,,,,,,,,,,,,,,,,,,,,,,,,,,,,,,,,,,,,,,,,,,,,,,,,,
Emission Wavelengths 1 Changed: 15-Aug-23 2:54:11 PM, Old:   450.0000, New:   565.0000,,,,,,,,,,,,,,,,,,,,,,,,,,,,,,,,,,,,,,,,,,,,,,,,,,,,,,,,,,,,,,,,,,,,,
Excitation Wavelengths 2 Changed: 15-Aug-23 2:54:11 PM, Old:   360.0000, New:   555.0000,,,,,,,,,,,,,,,,,,,,,,,,,,,,,,,,,,,,,,,,,,,,,,,,,,,,,,,,,,,,,,,,,,,,,
Emission Wavelengths 2 Changed: 15-Aug-23 2:54:11 PM, Old:   460.0000, New:   665.0000,,,,,,,,,,,,,,,,,,,,,,,,,,,,,,,,,,,,,,,,,,,,,,,,,,,,,,,,,,,,,,,,,,,,,
Excitation Wavelength Changed: 15-Aug-23 2:54:11 PM, Old: 400.00, New: 555.00,,,,,,,,,,,,,,,,,,,,,,,,,,,,,,,,,,,,,,,,,,,,,,,,,,,,,,,,,,,,,,,,,,,,,
Emission Wavelength Changed: 15-Aug-23 2:54:11 PM, Old: 600.00, New: 565.00,,,,,,,,,,,,,,,,,,,,,,,,,,,,,,,,,,,,,,,,,,,,,,,,,,,,,,,,,,,,,,,,,,,,,
Cycle Time 1 Changed: 15-Aug-23 2:54:11 PM, Old: 0.0000, New: 0.5000,,,,,,,,,,,,,,,,,,,,,,,,,,,,,,,,,,,,,,,,,,,,,,,,,,,,,,,,,,,,,,,,,,,,,
Emission PMT (V): Changed: 15-Aug-23 2:54:11 PM, Old: 600, New:1000,,,,,,,,,,,,,,,,,,,,,,,,,,,,,,,,,,,,,,,,,,,,,,,,,,,,,,,,,,,,,,,,,,,,,
Emission Wavelengths 1 Changed: 15-Aug-23 2:57:34 PM, Old:   565.0000, New:   570.0000,,,,,,,,,,,,,,,,,,,,,,,,,,,,,,,,,,,,,,,,,,,,,,,,,,,,,,,,,,,,,,,,,,,,,
Emission Wavelength Changed: 15-Aug-23 2:57:34 PM, Old: 565.00, New: 570.00,,,,,,,,,,,,,,,,,,,,,,,,,,,,,,,,,,,,,,,,,,,,,,,,,,,,,,,,,,,,,,,,,,,,,
Ave. time (s): Changed: 15-Aug-23 3:00:07 PM, Old:0.10000, New:0.25000,,,,,,,,,,,,,,,,,,,,,,,,,,,,,,,,,,,,,,,,,,,,,,,,,,,,,,,,,,,,,,,,,,,,,
Cycle Time 1 Changed: 15-Aug-23 3:03:28 PM, Old: 0.5000, New: 1.0000,,,,,,,,,,,,,,,,,,,,,,,,,,,,,,,,,,,,,,,,,,,,,,,,,,,,,,,,,,,,,,,,,,,,,
Stop Time 1 Changed: 15-Aug-23 3:03:28 PM, Old: 1.0000, New:90.0000,,,,,,,,,,,,,,,,,,,,,,,,,,,,,,,,,,,,,,,,,,,,,,,,,,,,,,,,,,,,,,,,,,,,,
End Method Modifications,,,,,,,,,,,,,,,,,,,,,,,,,,,,,,,,,,,,,,,,,,,,,,,,,,,,,,,,,,,,,,,,,,,,,,,
,,,,,,,,,,,,,,,,,,,,,,,,,,,,,,,,,,,,,,,,,,,,,,,,,,,,,,,,,,,,,,,,,,,,,,,
Sample C4_Ex555_Em570,,,,,,,,,,,,,,,,,,,,,,,,,,,,,,,,,,,,,,,,,,,,,,,,,,,,,,,,,,,,,,,,,,,,,,,
Sample C4_Ex555_Em570,,,,,,,,,,,,,,,,,,,,,,,,,,,,,,,,,,,,,,,,,,,,,,,,,,,,,,,,,,,,,,,,,,,,,,,
Collection Time: 15-Aug-23 3:04:44 PM,,,,,,,,,,,,,,,,,,,,,,,,,,,,,,,,,,,,,,,,,,,,,,,,,,,,,,,,,,,,,,,,,,,,,,,
Operator Name  :,,,,,,,,,,,,,,,,,,,,,,,,,,,,,,,,,,,,,,,,,,,,,,,,,,,,,,,,,,,,,,,,,,,,,,,
Kinetics Software Version: 1.2(146),,,,,,,,,,,,,,,,,,,,,,,,,,,,,,,,,,,,,,,,,,,,,,,,,,,,,,,,,,,,,,,,,,,,,,,
Parameter List :,,,,,,,,,,,,,,,,,,,,,,,,,,,,,,,,,,,,,,,,,,,,,,,,,,,,,,,,,,,,,,,,,,,,,,,
Report Time: Tue 15 Aug 03:04:44 PM 2023,,,,,,,,,,,,,,,,,,,,,,,,,,,,,,,,,,,,,,,,,,,,,,,,,,,,,,,,,,,,,,,,,,,,,,,
Software version: 1.2(146),,,,,,,,,,,,,,,,,,,,,,,,,,,,,,,,,,,,,,,,,,,,,,,,,,,,,,,,,,,,,,,,,,,,,,,
Operator:,,,,,,,,,,,,,,,,,,,,,,,,,,,,,,,,,,,,,,,,,,,,,,,,,,,,,,,,,,,,,,,,,,,,,,,
Instrument Parameters,,,,,,,,,,,,,,,,,,,,,,,,,,,,,,,,,,,,,,,,,,,,,,,,,,,,,,,,,,,,,,,,,,,,,,,
Instrument                        Cary Eclipse,,,,,,,,,,,,,,,,,,,,,,,,,,,,,,,,,,,,,,,,,,,,,,,,,,,,,,,,,,,,,,,,,,,,,,,
Instrument Serial Number          MY18160001,,,,,,,,,,,,,,,,,,,,,,,,,,,,,,,,,,,,,,,,,,,,,,,,,,,,,,,,,,,,,,,,,,,,,,,
Data mode                         Fluorescence,,,,,,,,,,,,,,,,,,,,,,,,,,,,,,,,,,,,,,,,,,,,,,,,,,,,,,,,,,,,,,,,,,,,,,,
Ex. wavelengths (nm)              555.0000 ; 555.0000,,,,,,,,,,,,,,,,,,,,,,,,,,,,,,,,,,,,,,,,,,,,,,,,,,,,,,,,,,,,,,,,,,,,,,,
Em. wavelengths (nm)              570.0000 ; 665.0000,,,,,,,,,,,,,,,,,,,,,,,,,,,,,,,,,,,,,,,,,,,,,,,,,,,,,,,,,,,,,,,,,,,,,,,
Ex. Slit (nm)                     5,,,,,,,,,,,,,,,,,,,,,,,,,,,,,,,,,,,,,,,,,,,,,,,,,,,,,,,,,,,,,,,,,,,,,,,
Em. Slit (nm)                     5,,,,,,,,,,,,,,,,,,,,,,,,,,,,,,,,,,,,,,,,,,,,,,,,,,,,,,,,,,,,,,,,,,,,,,,
Averaging Time (s)                0.2500,,,,,,,,,,,,,,,,,,,,,,,,,,,,,,,,,,,,,,,,,,,,,,,,,,,,,,,,,,,,,,,,,,,,,,,
Cycle time(min)                   1.0000,,,,,,,,,,,,,,,,,,,,,,,,,,,,,,,,,,,,,,,,,,,,,,,,,,,,,,,,,,,,,,,,,,,,,,,
Stop time(min)                    90.0000,,,,,,,,,,,,,,,,,,,,,,,,,,,,,,,,,,,,,,,,,,,,,,,,,,,,,,,,,,,,,,,,,,,,,,,
Emission filter                   Open,,,,,,,,,,,,,,,,,,,,,,,,,,,,,,,,,,,,,,,,,,,,,,,,,,,,,,,,,,,,,,,,,,,,,,,
Excitation Filter                 Auto,,,,,,,,,,,,,,,,,,,,,,,,,,,,,,,,,,,,,,,,,,,,,,,,,,,,,,,,,,,,,,,,,,,,,,,
PMT voltage (V)                   1000,,,,,,,,,,,,,,,,,,,,,,,,,,,,,,,,,,,,,,,,,,,,,,,,,,,,,,,,,,,,,,,,,,,,,,,
Wellplate                         ON,,,,,,,,,,,,,,,,,,,,,,,,,,,,,,,,,,,,,,,,,,,,,,,,,,,,,,,,,,,,,,,,,,,,,,,
Plate format                     96 Wells,,,,,,,,,,,,,,,,,,,,,,,,,,,,,,,,,,,,,,,,,,,,,,,,,,,,,,,,,,,,,,,,,,,,,,,
Read position                    Well centre,,,,,,,,,,,,,,,,,,,,,,,,,,,,,,,,,,,,,,,,,,,,,,,,,,,,,,,,,,,,,,,,,,,,,,,
Multi-zero                       OFF,,,,,,,,,,,,,,,,,,,,,,,,,,,,,,,,,,,,,,,,,,,,,,,,,,,,,,,,,,,,,,,,,,,,,,,
Auto-zero                        OFF,,,,,,,,,,,,,,,,,,,,,,,,,,,,,,,,,,,,,,,,,,,,,,,,,,,,,,,,,,,,,,,,,,,,,,,
Well                            A1,,,,,,,,,,,,,,,,,,,,,,,,,,,,,,,,,,,,,,,,,,,,,,,,,,,,,,,,,,,,,,,,,,,,,,,
Comments:,,,,,,,,,,,,,,,,,,,,,,,,,,,,,,,,,,,,,,,,,,,,,,,,,,,,,,,,,,,,,,,,,,,,,,,
Method Log     :,,,,,,,,,,,,,,,,,,,,,,,,,,,,,,,,,,,,,,,,,,,,,,,,,,,,,,,,,,,,,,,,,,,,,,,
Method Name    : Default,,,,,,,,,,,,,,,,,,,,,,,,,,,,,,,,,,,,,,,,,,,,,,,,,,,,,,,,,,,,,,,,,,,,,,,
Date/Time stamp: 15-Aug-23 2:52:18 PM,,,,,,,,,,,,,,,,,,,,,,,,,,,,,,,,,,,,,,,,,,,,,,,,,,,,,,,,,,,,,,,,,,,,,,,
Method Modifications:,,,,,,,,,,,,,,,,,,,,,,,,,,,,,,,,,,,,,,,,,,,,,,,,,,,,,,,,,,,,,,,,,,,,,,,
Wellplate Overlay Mode Changed: 15-Aug-23 2:52:19 PM, Old:Individual, New:Choice 1,,,,,,,,,,,,,,,,,,,,,,,,,,,,,,,,,,,,,,,,,,,,,,,,,,,,,,,,,,,,,,,,,,,,,
Wellplate Overlay Mode Changed: 15-Aug-23 2:52:19 PM, Old:Overlay all, New:Choice 2,,,,,,,,,,,,,,,,,,,,,,,,,,,,,,,,,,,,,,,,,,,,,,,,,,,,,,,,,,,,,,,,,,,,,
Wellplate Overlay Mode Changed: 15-Aug-23 2:52:19 PM, Old:Overlay rows, New:Choice 3,,,,,,,,,,,,,,,,,,,,,,,,,,,,,,,,,,,,,,,,,,,,,,,,,,,,,,,,,,,,,,,,,,,,,
Wellplate Overlay Mode Changed: 15-Aug-23 2:52:19 PM, Old:Overlay columns, New:Choice 4,,,,,,,,,,,,,,,,,,,,,,,,,,,,,,,,,,,,,,,,,,,,,,,,,,,,,,,,,,,,,,,,,,,,,
Wellplate Overlay Mode Changed: 15-Aug-23 2:52:19 PM, Old:User defined, New:Overlay columns,,,,,,,,,,,,,,,,,,,,,,,,,,,,,,,,,,,,,,,,,,,,,,,,,,,,,,,,,,,,,,,,,,,,,
Well plate reader Changed: 15-Aug-23 2:52:50 PM, Old:OFF, New:ON,,,,,,,,,,,,,,,,,,,,,,,,,,,,,,,,,,,,,,,,,,,,,,,,,,,,,,,,,,,,,,,,,,,,,
Wellplate Samples Changed: 15-Aug-23 2:52:50 PM, Old:, New:A1;A2;A3;A4;A5;A6;B1;B2;B3;B4;B5;B6;C1;C2;C3;C4;C5;C6;,,,,,,,,,,,,,,,,,,,,,,,,,,,,,,,,,,,,,,,,,,,,,,,,,,,,,,,,,,,,,,,,,,,,,
PMT Volts Changed: 15-Aug-23 2:54:11 PM, Old:600, New:1000,,,,,,,,,,,,,,,,,,,,,,,,,,,,,,,,,,,,,,,,,,,,,,,,,,,,,,,,,,,,,,,,,,,,,
Multiwavelength Changed: 15-Aug-23 2:54:11 PM, Old:OFF, New:ON,,,,,,,,,,,,,,,,,,,,,,,,,,,,,,,,,,,,,,,,,,,,,,,,,,,,,,,,,,,,,,,,,,,,,
Excitation Wavelengths 1 Changed: 15-Aug-23 2:54:11 PM, Old:   350.0000, New:   555.0000,,,,,,,,,,,,,,,,,,,,,,,,,,,,,,,,,,,,,,,,,,,,,,,,,,,,,,,,,,,,,,,,,,,,,
Emission Wavelengths 1 Changed: 15-Aug-23 2:54:11 PM, Old:   450.0000, New:   565.0000,,,,,,,,,,,,,,,,,,,,,,,,,,,,,,,,,,,,,,,,,,,,,,,,,,,,,,,,,,,,,,,,,,,,,
Excitation Wavelengths 2 Changed: 15-Aug-23 2:54:11 PM, Old:   360.0000, New:   555.0000,,,,,,,,,,,,,,,,,,,,,,,,,,,,,,,,,,,,,,,,,,,,,,,,,,,,,,,,,,,,,,,,,,,,,
Emission Wavelengths 2 Changed: 15-Aug-23 2:54:11 PM, Old:   460.0000, New:   665.0000,,,,,,,,,,,,,,,,,,,,,,,,,,,,,,,,,,,,,,,,,,,,,,,,,,,,,,,,,,,,,,,,,,,,,
Excitation Wavelength Changed: 15-Aug-23 2:54:11 PM, Old: 400.00, New: 555.00,,,,,,,,,,,,,,,,,,,,,,,,,,,,,,,,,,,,,,,,,,,,,,,,,,,,,,,,,,,,,,,,,,,,,
Emission Wavelength Changed: 15-Aug-23 2:54:11 PM, Old: 600.00, New: 565.00,,,,,,,,,,,,,,,,,,,,,,,,,,,,,,,,,,,,,,,,,,,,,,,,,,,,,,,,,,,,,,,,,,,,,
Cycle Time 1 Changed: 15-Aug-23 2:54:11 PM, Old: 0.0000, New: 0.5000,,,,,,,,,,,,,,,,,,,,,,,,,,,,,,,,,,,,,,,,,,,,,,,,,,,,,,,,,,,,,,,,,,,,,
Emission PMT (V): Changed: 15-Aug-23 2:54:11 PM, Old: 600, New:1000,,,,,,,,,,,,,,,,,,,,,,,,,,,,,,,,,,,,,,,,,,,,,,,,,,,,,,,,,,,,,,,,,,,,,
Emission Wavelengths 1 Changed: 15-Aug-23 2:57:34 PM, Old:   565.0000, New:   570.0000,,,,,,,,,,,,,,,,,,,,,,,,,,,,,,,,,,,,,,,,,,,,,,,,,,,,,,,,,,,,,,,,,,,,,
Emission Wavelength Changed: 15-Aug-23 2:57:34 PM, Old: 565.00, New: 570.00,,,,,,,,,,,,,,,,,,,,,,,,,,,,,,,,,,,,,,,,,,,,,,,,,,,,,,,,,,,,,,,,,,,,,
Ave. time (s): Changed: 15-Aug-23 3:00:07 PM, Old:0.10000, New:0.25000,,,,,,,,,,,,,,,,,,,,,,,,,,,,,,,,,,,,,,,,,,,,,,,,,,,,,,,,,,,,,,,,,,,,,
Cycle Time 1 Changed: 15-Aug-23 3:03:28 PM, Old: 0.5000, New: 1.0000,,,,,,,,,,,,,,,,,,,,,,,,,,,,,,,,,,,,,,,,,,,,,,,,,,,,,,,,,,,,,,,,,,,,,
Stop Time 1 Changed: 15-Aug-23 3:03:28 PM, Old: 1.0000, New:90.0000,,,,,,,,,,,,,,,,,,,,,,,,,,,,,,,,,,,,,,,,,,,,,,,,,,,,,,,,,,,,,,,,,,,,,
End Method Modifications,,,,,,,,,,,,,,,,,,,,,,,,,,,,,,,,,,,,,,,,,,,,,,,,,,,,,,,,,,,,,,,,,,,,,,,
,,,,,,,,,,,,,,,,,,,,,,,,,,,,,,,,,,,,,,,,,,,,,,,,,,,,,,,,,,,,,,,,,,,,,,,
Sample C4_Ex555_Em665,,,,,,,,,,,,,,,,,,,,,,,,,,,,,,,,,,,,,,,,,,,,,,,,,,,,,,,,,,,,,,,,,,,,,,,
Sample C4_Ex555_Em665,,,,,,,,,,,,,,,,,,,,,,,,,,,,,,,,,,,,,,,,,,,,,,,,,,,,,,,,,,,,,,,,,,,,,,,
Collection Time: 15-Aug-23 3:04:44 PM,,,,,,,,,,,,,,,,,,,,,,,,,,,,,,,,,,,,,,,,,,,,,,,,,,,,,,,,,,,,,,,,,,,,,,,
Operator Name  :,,,,,,,,,,,,,,,,,,,,,,,,,,,,,,,,,,,,,,,,,,,,,,,,,,,,,,,,,,,,,,,,,,,,,,,
Kinetics Software Version: 1.2(146),,,,,,,,,,,,,,,,,,,,,,,,,,,,,,,,,,,,,,,,,,,,,,,,,,,,,,,,,,,,,,,,,,,,,,,
Parameter List :,,,,,,,,,,,,,,,,,,,,,,,,,,,,,,,,,,,,,,,,,,,,,,,,,,,,,,,,,,,,,,,,,,,,,,,
Report Time: Tue 15 Aug 03:04:44 PM 2023,,,,,,,,,,,,,,,,,,,,,,,,,,,,,,,,,,,,,,,,,,,,,,,,,,,,,,,,,,,,,,,,,,,,,,,
Software version: 1.2(146),,,,,,,,,,,,,,,,,,,,,,,,,,,,,,,,,,,,,,,,,,,,,,,,,,,,,,,,,,,,,,,,,,,,,,,
Operator:,,,,,,,,,,,,,,,,,,,,,,,,,,,,,,,,,,,,,,,,,,,,,,,,,,,,,,,,,,,,,,,,,,,,,,,
Instrument Parameters,,,,,,,,,,,,,,,,,,,,,,,,,,,,,,,,,,,,,,,,,,,,,,,,,,,,,,,,,,,,,,,,,,,,,,,
Instrument                        Cary Eclipse,,,,,,,,,,,,,,,,,,,,,,,,,,,,,,,,,,,,,,,,,,,,,,,,,,,,,,,,,,,,,,,,,,,,,,,
Instrument Serial Number          MY18160001,,,,,,,,,,,,,,,,,,,,,,,,,,,,,,,,,,,,,,,,,,,,,,,,,,,,,,,,,,,,,,,,,,,,,,,
Data mode                         Fluorescence,,,,,,,,,,,,,,,,,,,,,,,,,,,,,,,,,,,,,,,,,,,,,,,,,,,,,,,,,,,,,,,,,,,,,,,
Ex. wavelengths (nm)              555.0000 ; 555.0000,,,,,,,,,,,,,,,,,,,,,,,,,,,,,,,,,,,,,,,,,,,,,,,,,,,,,,,,,,,,,,,,,,,,,,,
Em. wavelengths (nm)              570.0000 ; 665.0000,,,,,,,,,,,,,,,,,,,,,,,,,,,,,,,,,,,,,,,,,,,,,,,,,,,,,,,,,,,,,,,,,,,,,,,
Ex. Slit (nm)                     5,,,,,,,,,,,,,,,,,,,,,,,,,,,,,,,,,,,,,,,,,,,,,,,,,,,,,,,,,,,,,,,,,,,,,,,
Em. Slit (nm)                     5,,,,,,,,,,,,,,,,,,,,,,,,,,,,,,,,,,,,,,,,,,,,,,,,,,,,,,,,,,,,,,,,,,,,,,,
Averaging Time (s)                0.2500,,,,,,,,,,,,,,,,,,,,,,,,,,,,,,,,,,,,,,,,,,,,,,,,,,,,,,,,,,,,,,,,,,,,,,,
Cycle time(min)                   1.0000,,,,,,,,,,,,,,,,,,,,,,,,,,,,,,,,,,,,,,,,,,,,,,,,,,,,,,,,,,,,,,,,,,,,,,,
Stop time(min)                    90.0000,,,,,,,,,,,,,,,,,,,,,,,,,,,,,,,,,,,,,,,,,,,,,,,,,,,,,,,,,,,,,,,,,,,,,,,
Emission filter                   Open,,,,,,,,,,,,,,,,,,,,,,,,,,,,,,,,,,,,,,,,,,,,,,,,,,,,,,,,,,,,,,,,,,,,,,,
Excitation Filter                 Auto,,,,,,,,,,,,,,,,,,,,,,,,,,,,,,,,,,,,,,,,,,,,,,,,,,,,,,,,,,,,,,,,,,,,,,,
PMT voltage (V)                   1000,,,,,,,,,,,,,,,,,,,,,,,,,,,,,,,,,,,,,,,,,,,,,,,,,,,,,,,,,,,,,,,,,,,,,,,
Wellplate                         ON,,,,,,,,,,,,,,,,,,,,,,,,,,,,,,,,,,,,,,,,,,,,,,,,,,,,,,,,,,,,,,,,,,,,,,,
Plate format                     96 Wells,,,,,,,,,,,,,,,,,,,,,,,,,,,,,,,,,,,,,,,,,,,,,,,,,,,,,,,,,,,,,,,,,,,,,,,
Read position                    Well centre,,,,,,,,,,,,,,,,,,,,,,,,,,,,,,,,,,,,,,,,,,,,,,,,,,,,,,,,,,,,,,,,,,,,,,,
Multi-zero                       OFF,,,,,,,,,,,,,,,,,,,,,,,,,,,,,,,,,,,,,,,,,,,,,,,,,,,,,,,,,,,,,,,,,,,,,,,
Auto-zero                        OFF,,,,,,,,,,,,,,,,,,,,,,,,,,,,,,,,,,,,,,,,,,,,,,,,,,,,,,,,,,,,,,,,,,,,,,,
Well                            A1,,,,,,,,,,,,,,,,,,,,,,,,,,,,,,,,,,,,,,,,,,,,,,,,,,,,,,,,,,,,,,,,,,,,,,,
Comments:,,,,,,,,,,,,,,,,,,,,,,,,,,,,,,,,,,,,,,,,,,,,,,,,,,,,,,,,,,,,,,,,,,,,,,,
Method Log     :,,,,,,,,,,,,,,,,,,,,,,,,,,,,,,,,,,,,,,,,,,,,,,,,,,,,,,,,,,,,,,,,,,,,,,,
Method Name    : Default,,,,,,,,,,,,,,,,,,,,,,,,,,,,,,,,,,,,,,,,,,,,,,,,,,,,,,,,,,,,,,,,,,,,,,,
Date/Time stamp: 15-Aug-23 2:52:18 PM,,,,,,,,,,,,,,,,,,,,,,,,,,,,,,,,,,,,,,,,,,,,,,,,,,,,,,,,,,,,,,,,,,,,,,,
Method Modifications:,,,,,,,,,,,,,,,,,,,,,,,,,,,,,,,,,,,,,,,,,,,,,,,,,,,,,,,,,,,,,,,,,,,,,,,
Wellplate Overlay Mode Changed: 15-Aug-23 2:52:19 PM, Old:Individual, New:Choice 1,,,,,,,,,,,,,,,,,,,,,,,,,,,,,,,,,,,,,,,,,,,,,,,,,,,,,,,,,,,,,,,,,,,,,
Wellplate Overlay Mode Changed: 15-Aug-23 2:52:19 PM, Old:Overlay all, New:Choice 2,,,,,,,,,,,,,,,,,,,,,,,,,,,,,,,,,,,,,,,,,,,,,,,,,,,,,,,,,,,,,,,,,,,,,
Wellplate Overlay Mode Changed: 15-Aug-23 2:52:19 PM, Old:Overlay rows, New:Choice 3,,,,,,,,,,,,,,,,,,,,,,,,,,,,,,,,,,,,,,,,,,,,,,,,,,,,,,,,,,,,,,,,,,,,,
Wellplate Overlay Mode Changed: 15-Aug-23 2:52:19 PM, Old:Overlay columns, New:Choice 4,,,,,,,,,,,,,,,,,,,,,,,,,,,,,,,,,,,,,,,,,,,,,,,,,,,,,,,,,,,,,,,,,,,,,
Wellplate Overlay Mode Changed: 15-Aug-23 2:52:19 PM, Old:User defined, New:Overlay columns,,,,,,,,,,,,,,,,,,,,,,,,,,,,,,,,,,,,,,,,,,,,,,,,,,,,,,,,,,,,,,,,,,,,,
Well plate reader Changed: 15-Aug-23 2:52:50 PM, Old:OFF, New:ON,,,,,,,,,,,,,,,,,,,,,,,,,,,,,,,,,,,,,,,,,,,,,,,,,,,,,,,,,,,,,,,,,,,,,
Wellplate Samples Changed: 15-Aug-23 2:52:50 PM, Old:, New:A1;A2;A3;A4;A5;A6;B1;B2;B3;B4;B5;B6;C1;C2;C3;C4;C5;C6;,,,,,,,,,,,,,,,,,,,,,,,,,,,,,,,,,,,,,,,,,,,,,,,,,,,,,,,,,,,,,,,,,,,,,
PMT Volts Changed: 15-Aug-23 2:54:11 PM, Old:600, New:1000,,,,,,,,,,,,,,,,,,,,,,,,,,,,,,,,,,,,,,,,,,,,,,,,,,,,,,,,,,,,,,,,,,,,,
Multiwavelength Changed: 15-Aug-23 2:54:11 PM, Old:OFF, New:ON,,,,,,,,,,,,,,,,,,,,,,,,,,,,,,,,,,,,,,,,,,,,,,,,,,,,,,,,,,,,,,,,,,,,,
Excitation Wavelengths 1 Changed: 15-Aug-23 2:54:11 PM, Old:   350.0000, New:   555.0000,,,,,,,,,,,,,,,,,,,,,,,,,,,,,,,,,,,,,,,,,,,,,,,,,,,,,,,,,,,,,,,,,,,,,
Emission Wavelengths 1 Changed: 15-Aug-23 2:54:11 PM, Old:   450.0000, New:   565.0000,,,,,,,,,,,,,,,,,,,,,,,,,,,,,,,,,,,,,,,,,,,,,,,,,,,,,,,,,,,,,,,,,,,,,
Excitation Wavelengths 2 Changed: 15-Aug-23 2:54:11 PM, Old:   360.0000, New:   555.0000,,,,,,,,,,,,,,,,,,,,,,,,,,,,,,,,,,,,,,,,,,,,,,,,,,,,,,,,,,,,,,,,,,,,,
Emission Wavelengths 2 Changed: 15-Aug-23 2:54:11 PM, Old:   460.0000, New:   665.0000,,,,,,,,,,,,,,,,,,,,,,,,,,,,,,,,,,,,,,,,,,,,,,,,,,,,,,,,,,,,,,,,,,,,,
Excitation Wavelength Changed: 15-Aug-23 2:54:11 PM, Old: 400.00, New: 555.00,,,,,,,,,,,,,,,,,,,,,,,,,,,,,,,,,,,,,,,,,,,,,,,,,,,,,,,,,,,,,,,,,,,,,
Emission Wavelength Changed: 15-Aug-23 2:54:11 PM, Old: 600.00, New: 565.00,,,,,,,,,,,,,,,,,,,,,,,,,,,,,,,,,,,,,,,,,,,,,,,,,,,,,,,,,,,,,,,,,,,,,
Cycle Time 1 Changed: 15-Aug-23 2:54:11 PM, Old: 0.0000, New: 0.5000,,,,,,,,,,,,,,,,,,,,,,,,,,,,,,,,,,,,,,,,,,,,,,,,,,,,,,,,,,,,,,,,,,,,,
Emission PMT (V): Changed: 15-Aug-23 2:54:11 PM, Old: 600, New:1000,,,,,,,,,,,,,,,,,,,,,,,,,,,,,,,,,,,,,,,,,,,,,,,,,,,,,,,,,,,,,,,,,,,,,
Emission Wavelengths 1 Changed: 15-Aug-23 2:57:34 PM, Old:   565.0000, New:   570.0000,,,,,,,,,,,,,,,,,,,,,,,,,,,,,,,,,,,,,,,,,,,,,,,,,,,,,,,,,,,,,,,,,,,,,
Emission Wavelength Changed: 15-Aug-23 2:57:34 PM, Old: 565.00, New: 570.00,,,,,,,,,,,,,,,,,,,,,,,,,,,,,,,,,,,,,,,,,,,,,,,,,,,,,,,,,,,,,,,,,,,,,
Ave. time (s): Changed: 15-Aug-23 3:00:07 PM, Old:0.10000, New:0.25000,,,,,,,,,,,,,,,,,,,,,,,,,,,,,,,,,,,,,,,,,,,,,,,,,,,,,,,,,,,,,,,,,,,,,
Cycle Time 1 Changed: 15-Aug-23 3:03:28 PM, Old: 0.5000, New: 1.0000,,,,,,,,,,,,,,,,,,,,,,,,,,,,,,,,,,,,,,,,,,,,,,,,,,,,,,,,,,,,,,,,,,,,,
Stop Time 1 Changed: 15-Aug-23 3:03:28 PM, Old: 1.0000, New:90.0000,,,,,,,,,,,,,,,,,,,,,,,,,,,,,,,,,,,,,,,,,,,,,,,,,,,,,,,,,,,,,,,,,,,,,
End Method Modifications,,,,,,,,,,,,,,,,,,,,,,,,,,,,,,,,,,,,,,,,,,,,,,,,,,,,,,,,,,,,,,,,,,,,,,,
,,,,,,,,,,,,,,,,,,,,,,,,,,,,,,,,,,,,,,,,,,,,,,,,,,,,,,,,,,,,,,,,,,,,,,,
Sample C5_Ex555_Em570,,,,,,,,,,,,,,,,,,,,,,,,,,,,,,,,,,,,,,,,,,,,,,,,,,,,,,,,,,,,,,,,,,,,,,,
Sample C5_Ex555_Em570,,,,,,,,,,,,,,,,,,,,,,,,,,,,,,,,,,,,,,,,,,,,,,,,,,,,,,,,,,,,,,,,,,,,,,,
Collection Time: 15-Aug-23 3:04:44 PM,,,,,,,,,,,,,,,,,,,,,,,,,,,,,,,,,,,,,,,,,,,,,,,,,,,,,,,,,,,,,,,,,,,,,,,
Operator Name  :,,,,,,,,,,,,,,,,,,,,,,,,,,,,,,,,,,,,,,,,,,,,,,,,,,,,,,,,,,,,,,,,,,,,,,,
Kinetics Software Version: 1.2(146),,,,,,,,,,,,,,,,,,,,,,,,,,,,,,,,,,,,,,,,,,,,,,,,,,,,,,,,,,,,,,,,,,,,,,,
Parameter List :,,,,,,,,,,,,,,,,,,,,,,,,,,,,,,,,,,,,,,,,,,,,,,,,,,,,,,,,,,,,,,,,,,,,,,,
Report Time: Tue 15 Aug 03:04:44 PM 2023,,,,,,,,,,,,,,,,,,,,,,,,,,,,,,,,,,,,,,,,,,,,,,,,,,,,,,,,,,,,,,,,,,,,,,,
Software version: 1.2(146),,,,,,,,,,,,,,,,,,,,,,,,,,,,,,,,,,,,,,,,,,,,,,,,,,,,,,,,,,,,,,,,,,,,,,,
Operator:,,,,,,,,,,,,,,,,,,,,,,,,,,,,,,,,,,,,,,,,,,,,,,,,,,,,,,,,,,,,,,,,,,,,,,,
Instrument Parameters,,,,,,,,,,,,,,,,,,,,,,,,,,,,,,,,,,,,,,,,,,,,,,,,,,,,,,,,,,,,,,,,,,,,,,,
Instrument                        Cary Eclipse,,,,,,,,,,,,,,,,,,,,,,,,,,,,,,,,,,,,,,,,,,,,,,,,,,,,,,,,,,,,,,,,,,,,,,,
Instrument Serial Number          MY18160001,,,,,,,,,,,,,,,,,,,,,,,,,,,,,,,,,,,,,,,,,,,,,,,,,,,,,,,,,,,,,,,,,,,,,,,
Data mode                         Fluorescence,,,,,,,,,,,,,,,,,,,,,,,,,,,,,,,,,,,,,,,,,,,,,,,,,,,,,,,,,,,,,,,,,,,,,,,
Ex. wavelengths (nm)              555.0000 ; 555.0000,,,,,,,,,,,,,,,,,,,,,,,,,,,,,,,,,,,,,,,,,,,,,,,,,,,,,,,,,,,,,,,,,,,,,,,
Em. wavelengths (nm)              570.0000 ; 665.0000,,,,,,,,,,,,,,,,,,,,,,,,,,,,,,,,,,,,,,,,,,,,,,,,,,,,,,,,,,,,,,,,,,,,,,,
Ex. Slit (nm)                     5,,,,,,,,,,,,,,,,,,,,,,,,,,,,,,,,,,,,,,,,,,,,,,,,,,,,,,,,,,,,,,,,,,,,,,,
Em. Slit (nm)                     5,,,,,,,,,,,,,,,,,,,,,,,,,,,,,,,,,,,,,,,,,,,,,,,,,,,,,,,,,,,,,,,,,,,,,,,
Averaging Time (s)                0.2500,,,,,,,,,,,,,,,,,,,,,,,,,,,,,,,,,,,,,,,,,,,,,,,,,,,,,,,,,,,,,,,,,,,,,,,
Cycle time(min)                   1.0000,,,,,,,,,,,,,,,,,,,,,,,,,,,,,,,,,,,,,,,,,,,,,,,,,,,,,,,,,,,,,,,,,,,,,,,
Stop time(min)                    90.0000,,,,,,,,,,,,,,,,,,,,,,,,,,,,,,,,,,,,,,,,,,,,,,,,,,,,,,,,,,,,,,,,,,,,,,,
Emission filter                   Open,,,,,,,,,,,,,,,,,,,,,,,,,,,,,,,,,,,,,,,,,,,,,,,,,,,,,,,,,,,,,,,,,,,,,,,
Excitation Filter                 Auto,,,,,,,,,,,,,,,,,,,,,,,,,,,,,,,,,,,,,,,,,,,,,,,,,,,,,,,,,,,,,,,,,,,,,,,
PMT voltage (V)                   1000,,,,,,,,,,,,,,,,,,,,,,,,,,,,,,,,,,,,,,,,,,,,,,,,,,,,,,,,,,,,,,,,,,,,,,,
Wellplate                         ON,,,,,,,,,,,,,,,,,,,,,,,,,,,,,,,,,,,,,,,,,,,,,,,,,,,,,,,,,,,,,,,,,,,,,,,
Plate format                     96 Wells,,,,,,,,,,,,,,,,,,,,,,,,,,,,,,,,,,,,,,,,,,,,,,,,,,,,,,,,,,,,,,,,,,,,,,,
Read position                    Well centre,,,,,,,,,,,,,,,,,,,,,,,,,,,,,,,,,,,,,,,,,,,,,,,,,,,,,,,,,,,,,,,,,,,,,,,
Multi-zero                       OFF,,,,,,,,,,,,,,,,,,,,,,,,,,,,,,,,,,,,,,,,,,,,,,,,,,,,,,,,,,,,,,,,,,,,,,,
Auto-zero                        OFF,,,,,,,,,,,,,,,,,,,,,,,,,,,,,,,,,,,,,,,,,,,,,,,,,,,,,,,,,,,,,,,,,,,,,,,
Well                            A1,,,,,,,,,,,,,,,,,,,,,,,,,,,,,,,,,,,,,,,,,,,,,,,,,,,,,,,,,,,,,,,,,,,,,,,
Comments:,,,,,,,,,,,,,,,,,,,,,,,,,,,,,,,,,,,,,,,,,,,,,,,,,,,,,,,,,,,,,,,,,,,,,,,
Method Log     :,,,,,,,,,,,,,,,,,,,,,,,,,,,,,,,,,,,,,,,,,,,,,,,,,,,,,,,,,,,,,,,,,,,,,,,
Method Name    : Default,,,,,,,,,,,,,,,,,,,,,,,,,,,,,,,,,,,,,,,,,,,,,,,,,,,,,,,,,,,,,,,,,,,,,,,
Date/Time stamp: 15-Aug-23 2:52:18 PM,,,,,,,,,,,,,,,,,,,,,,,,,,,,,,,,,,,,,,,,,,,,,,,,,,,,,,,,,,,,,,,,,,,,,,,
Method Modifications:,,,,,,,,,,,,,,,,,,,,,,,,,,,,,,,,,,,,,,,,,,,,,,,,,,,,,,,,,,,,,,,,,,,,,,,
Wellplate Overlay Mode Changed: 15-Aug-23 2:52:19 PM, Old:Individual, New:Choice 1,,,,,,,,,,,,,,,,,,,,,,,,,,,,,,,,,,,,,,,,,,,,,,,,,,,,,,,,,,,,,,,,,,,,,
Wellplate Overlay Mode Changed: 15-Aug-23 2:52:19 PM, Old:Overlay all, New:Choice 2,,,,,,,,,,,,,,,,,,,,,,,,,,,,,,,,,,,,,,,,,,,,,,,,,,,,,,,,,,,,,,,,,,,,,
Wellplate Overlay Mode Changed: 15-Aug-23 2:52:19 PM, Old:Overlay rows, New:Choice 3,,,,,,,,,,,,,,,,,,,,,,,,,,,,,,,,,,,,,,,,,,,,,,,,,,,,,,,,,,,,,,,,,,,,,
Wellplate Overlay Mode Changed: 15-Aug-23 2:52:19 PM, Old:Overlay columns, New:Choice 4,,,,,,,,,,,,,,,,,,,,,,,,,,,,,,,,,,,,,,,,,,,,,,,,,,,,,,,,,,,,,,,,,,,,,
Wellplate Overlay Mode Changed: 15-Aug-23 2:52:19 PM, Old:User defined, New:Overlay columns,,,,,,,,,,,,,,,,,,,,,,,,,,,,,,,,,,,,,,,,,,,,,,,,,,,,,,,,,,,,,,,,,,,,,
Well plate reader Changed: 15-Aug-23 2:52:50 PM, Old:OFF, New:ON,,,,,,,,,,,,,,,,,,,,,,,,,,,,,,,,,,,,,,,,,,,,,,,,,,,,,,,,,,,,,,,,,,,,,
Wellplate Samples Changed: 15-Aug-23 2:52:50 PM, Old:, New:A1;A2;A3;A4;A5;A6;B1;B2;B3;B4;B5;B6;C1;C2;C3;C4;C5;C6;,,,,,,,,,,,,,,,,,,,,,,,,,,,,,,,,,,,,,,,,,,,,,,,,,,,,,,,,,,,,,,,,,,,,,
PMT Volts Changed: 15-Aug-23 2:54:11 PM, Old:600, New:1000,,,,,,,,,,,,,,,,,,,,,,,,,,,,,,,,,,,,,,,,,,,,,,,,,,,,,,,,,,,,,,,,,,,,,
Multiwavelength Changed: 15-Aug-23 2:54:11 PM, Old:OFF, New:ON,,,,,,,,,,,,,,,,,,,,,,,,,,,,,,,,,,,,,,,,,,,,,,,,,,,,,,,,,,,,,,,,,,,,,
Excitation Wavelengths 1 Changed: 15-Aug-23 2:54:11 PM, Old:   350.0000, New:   555.0000,,,,,,,,,,,,,,,,,,,,,,,,,,,,,,,,,,,,,,,,,,,,,,,,,,,,,,,,,,,,,,,,,,,,,
Emission Wavelengths 1 Changed: 15-Aug-23 2:54:11 PM, Old:   450.0000, New:   565.0000,,,,,,,,,,,,,,,,,,,,,,,,,,,,,,,,,,,,,,,,,,,,,,,,,,,,,,,,,,,,,,,,,,,,,
Excitation Wavelengths 2 Changed: 15-Aug-23 2:54:11 PM, Old:   360.0000, New:   555.0000,,,,,,,,,,,,,,,,,,,,,,,,,,,,,,,,,,,,,,,,,,,,,,,,,,,,,,,,,,,,,,,,,,,,,
Emission Wavelengths 2 Changed: 15-Aug-23 2:54:11 PM, Old:   460.0000, New:   665.0000,,,,,,,,,,,,,,,,,,,,,,,,,,,,,,,,,,,,,,,,,,,,,,,,,,,,,,,,,,,,,,,,,,,,,
Excitation Wavelength Changed: 15-Aug-23 2:54:11 PM, Old: 400.00, New: 555.00,,,,,,,,,,,,,,,,,,,,,,,,,,,,,,,,,,,,,,,,,,,,,,,,,,,,,,,,,,,,,,,,,,,,,
Emission Wavelength Changed: 15-Aug-23 2:54:11 PM, Old: 600.00, New: 565.00,,,,,,,,,,,,,,,,,,,,,,,,,,,,,,,,,,,,,,,,,,,,,,,,,,,,,,,,,,,,,,,,,,,,,
Cycle Time 1 Changed: 15-Aug-23 2:54:11 PM, Old: 0.0000, New: 0.5000,,,,,,,,,,,,,,,,,,,,,,,,,,,,,,,,,,,,,,,,,,,,,,,,,,,,,,,,,,,,,,,,,,,,,
Emission PMT (V): Changed: 15-Aug-23 2:54:11 PM, Old: 600, New:1000,,,,,,,,,,,,,,,,,,,,,,,,,,,,,,,,,,,,,,,,,,,,,,,,,,,,,,,,,,,,,,,,,,,,,
Emission Wavelengths 1 Changed: 15-Aug-23 2:57:34 PM, Old:   565.0000, New:   570.0000,,,,,,,,,,,,,,,,,,,,,,,,,,,,,,,,,,,,,,,,,,,,,,,,,,,,,,,,,,,,,,,,,,,,,
Emission Wavelength Changed: 15-Aug-23 2:57:34 PM, Old: 565.00, New: 570.00,,,,,,,,,,,,,,,,,,,,,,,,,,,,,,,,,,,,,,,,,,,,,,,,,,,,,,,,,,,,,,,,,,,,,
Ave. time (s): Changed: 15-Aug-23 3:00:07 PM, Old:0.10000, New:0.25000,,,,,,,,,,,,,,,,,,,,,,,,,,,,,,,,,,,,,,,,,,,,,,,,,,,,,,,,,,,,,,,,,,,,,
Cycle Time 1 Changed: 15-Aug-23 3:03:28 PM, Old: 0.5000, New: 1.0000,,,,,,,,,,,,,,,,,,,,,,,,,,,,,,,,,,,,,,,,,,,,,,,,,,,,,,,,,,,,,,,,,,,,,
Stop Time 1 Changed: 15-Aug-23 3:03:28 PM, Old: 1.0000, New:90.0000,,,,,,,,,,,,,,,,,,,,,,,,,,,,,,,,,,,,,,,,,,,,,,,,,,,,,,,,,,,,,,,,,,,,,
End Method Modifications,,,,,,,,,,,,,,,,,,,,,,,,,,,,,,,,,,,,,,,,,,,,,,,,,,,,,,,,,,,,,,,,,,,,,,,
,,,,,,,,,,,,,,,,,,,,,,,,,,,,,,,,,,,,,,,,,,,,,,,,,,,,,,,,,,,,,,,,,,,,,,,
Sample C5_Ex555_Em665,,,,,,,,,,,,,,,,,,,,,,,,,,,,,,,,,,,,,,,,,,,,,,,,,,,,,,,,,,,,,,,,,,,,,,,
Sample C5_Ex555_Em665,,,,,,,,,,,,,,,,,,,,,,,,,,,,,,,,,,,,,,,,,,,,,,,,,,,,,,,,,,,,,,,,,,,,,,,
Collection Time: 15-Aug-23 3:04:44 PM,,,,,,,,,,,,,,,,,,,,,,,,,,,,,,,,,,,,,,,,,,,,,,,,,,,,,,,,,,,,,,,,,,,,,,,
Operator Name  :,,,,,,,,,,,,,,,,,,,,,,,,,,,,,,,,,,,,,,,,,,,,,,,,,,,,,,,,,,,,,,,,,,,,,,,
Kinetics Software Version: 1.2(146),,,,,,,,,,,,,,,,,,,,,,,,,,,,,,,,,,,,,,,,,,,,,,,,,,,,,,,,,,,,,,,,,,,,,,,
Parameter List :,,,,,,,,,,,,,,,,,,,,,,,,,,,,,,,,,,,,,,,,,,,,,,,,,,,,,,,,,,,,,,,,,,,,,,,
Report Time: Tue 15 Aug 03:04:44 PM 2023,,,,,,,,,,,,,,,,,,,,,,,,,,,,,,,,,,,,,,,,,,,,,,,,,,,,,,,,,,,,,,,,,,,,,,,
Software version: 1.2(146),,,,,,,,,,,,,,,,,,,,,,,,,,,,,,,,,,,,,,,,,,,,,,,,,,,,,,,,,,,,,,,,,,,,,,,
Operator:,,,,,,,,,,,,,,,,,,,,,,,,,,,,,,,,,,,,,,,,,,,,,,,,,,,,,,,,,,,,,,,,,,,,,,,
Instrument Parameters,,,,,,,,,,,,,,,,,,,,,,,,,,,,,,,,,,,,,,,,,,,,,,,,,,,,,,,,,,,,,,,,,,,,,,,
Instrument                        Cary Eclipse,,,,,,,,,,,,,,,,,,,,,,,,,,,,,,,,,,,,,,,,,,,,,,,,,,,,,,,,,,,,,,,,,,,,,,,
Instrument Serial Number          MY18160001,,,,,,,,,,,,,,,,,,,,,,,,,,,,,,,,,,,,,,,,,,,,,,,,,,,,,,,,,,,,,,,,,,,,,,,
Data mode                         Fluorescence,,,,,,,,,,,,,,,,,,,,,,,,,,,,,,,,,,,,,,,,,,,,,,,,,,,,,,,,,,,,,,,,,,,,,,,
Ex. wavelengths (nm)              555.0000 ; 555.0000,,,,,,,,,,,,,,,,,,,,,,,,,,,,,,,,,,,,,,,,,,,,,,,,,,,,,,,,,,,,,,,,,,,,,,,
Em. wavelengths (nm)              570.0000 ; 665.0000,,,,,,,,,,,,,,,,,,,,,,,,,,,,,,,,,,,,,,,,,,,,,,,,,,,,,,,,,,,,,,,,,,,,,,,
Ex. Slit (nm)                     5,,,,,,,,,,,,,,,,,,,,,,,,,,,,,,,,,,,,,,,,,,,,,,,,,,,,,,,,,,,,,,,,,,,,,,,
Em. Slit (nm)                     5,,,,,,,,,,,,,,,,,,,,,,,,,,,,,,,,,,,,,,,,,,,,,,,,,,,,,,,,,,,,,,,,,,,,,,,
Averaging Time (s)                0.2500,,,,,,,,,,,,,,,,,,,,,,,,,,,,,,,,,,,,,,,,,,,,,,,,,,,,,,,,,,,,,,,,,,,,,,,
Cycle time(min)                   1.0000,,,,,,,,,,,,,,,,,,,,,,,,,,,,,,,,,,,,,,,,,,,,,,,,,,,,,,,,,,,,,,,,,,,,,,,
Stop time(min)                    90.0000,,,,,,,,,,,,,,,,,,,,,,,,,,,,,,,,,,,,,,,,,,,,,,,,,,,,,,,,,,,,,,,,,,,,,,,
Emission filter                   Open,,,,,,,,,,,,,,,,,,,,,,,,,,,,,,,,,,,,,,,,,,,,,,,,,,,,,,,,,,,,,,,,,,,,,,,
Excitation Filter                 Auto,,,,,,,,,,,,,,,,,,,,,,,,,,,,,,,,,,,,,,,,,,,,,,,,,,,,,,,,,,,,,,,,,,,,,,,
PMT voltage (V)                   1000,,,,,,,,,,,,,,,,,,,,,,,,,,,,,,,,,,,,,,,,,,,,,,,,,,,,,,,,,,,,,,,,,,,,,,,
Wellplate                         ON,,,,,,,,,,,,,,,,,,,,,,,,,,,,,,,,,,,,,,,,,,,,,,,,,,,,,,,,,,,,,,,,,,,,,,,
Plate format                     96 Wells,,,,,,,,,,,,,,,,,,,,,,,,,,,,,,,,,,,,,,,,,,,,,,,,,,,,,,,,,,,,,,,,,,,,,,,
Read position                    Well centre,,,,,,,,,,,,,,,,,,,,,,,,,,,,,,,,,,,,,,,,,,,,,,,,,,,,,,,,,,,,,,,,,,,,,,,
Multi-zero                       OFF,,,,,,,,,,,,,,,,,,,,,,,,,,,,,,,,,,,,,,,,,,,,,,,,,,,,,,,,,,,,,,,,,,,,,,,
Auto-zero                        OFF,,,,,,,,,,,,,,,,,,,,,,,,,,,,,,,,,,,,,,,,,,,,,,,,,,,,,,,,,,,,,,,,,,,,,,,
Well                            A1,,,,,,,,,,,,,,,,,,,,,,,,,,,,,,,,,,,,,,,,,,,,,,,,,,,,,,,,,,,,,,,,,,,,,,,
Comments:,,,,,,,,,,,,,,,,,,,,,,,,,,,,,,,,,,,,,,,,,,,,,,,,,,,,,,,,,,,,,,,,,,,,,,,
Method Log     :,,,,,,,,,,,,,,,,,,,,,,,,,,,,,,,,,,,,,,,,,,,,,,,,,,,,,,,,,,,,,,,,,,,,,,,
Method Name    : Default,,,,,,,,,,,,,,,,,,,,,,,,,,,,,,,,,,,,,,,,,,,,,,,,,,,,,,,,,,,,,,,,,,,,,,,
Date/Time stamp: 15-Aug-23 2:52:18 PM,,,,,,,,,,,,,,,,,,,,,,,,,,,,,,,,,,,,,,,,,,,,,,,,,,,,,,,,,,,,,,,,,,,,,,,
Method Modifications:,,,,,,,,,,,,,,,,,,,,,,,,,,,,,,,,,,,,,,,,,,,,,,,,,,,,,,,,,,,,,,,,,,,,,,,
Wellplate Overlay Mode Changed: 15-Aug-23 2:52:19 PM, Old:Individual, New:Choice 1,,,,,,,,,,,,,,,,,,,,,,,,,,,,,,,,,,,,,,,,,,,,,,,,,,,,,,,,,,,,,,,,,,,,,
Wellplate Overlay Mode Changed: 15-Aug-23 2:52:19 PM, Old:Overlay all, New:Choice 2,,,,,,,,,,,,,,,,,,,,,,,,,,,,,,,,,,,,,,,,,,,,,,,,,,,,,,,,,,,,,,,,,,,,,
Wellplate Overlay Mode Changed: 15-Aug-23 2:52:19 PM, Old:Overlay rows, New:Choice 3,,,,,,,,,,,,,,,,,,,,,,,,,,,,,,,,,,,,,,,,,,,,,,,,,,,,,,,,,,,,,,,,,,,,,
Wellplate Overlay Mode Changed: 15-Aug-23 2:52:19 PM, Old:Overlay columns, New:Choice 4,,,,,,,,,,,,,,,,,,,,,,,,,,,,,,,,,,,,,,,,,,,,,,,,,,,,,,,,,,,,,,,,,,,,,
Wellplate Overlay Mode Changed: 15-Aug-23 2:52:19 PM, Old:User defined, New:Overlay columns,,,,,,,,,,,,,,,,,,,,,,,,,,,,,,,,,,,,,,,,,,,,,,,,,,,,,,,,,,,,,,,,,,,,,
Well plate reader Changed: 15-Aug-23 2:52:50 PM, Old:OFF, New:ON,,,,,,,,,,,,,,,,,,,,,,,,,,,,,,,,,,,,,,,,,,,,,,,,,,,,,,,,,,,,,,,,,,,,,
Wellplate Samples Changed: 15-Aug-23 2:52:50 PM, Old:, New:A1;A2;A3;A4;A5;A6;B1;B2;B3;B4;B5;B6;C1;C2;C3;C4;C5;C6;,,,,,,,,,,,,,,,,,,,,,,,,,,,,,,,,,,,,,,,,,,,,,,,,,,,,,,,,,,,,,,,,,,,,,
PMT Volts Changed: 15-Aug-23 2:54:11 PM, Old:600, New:1000,,,,,,,,,,,,,,,,,,,,,,,,,,,,,,,,,,,,,,,,,,,,,,,,,,,,,,,,,,,,,,,,,,,,,
Multiwavelength Changed: 15-Aug-23 2:54:11 PM, Old:OFF, New:ON,,,,,,,,,,,,,,,,,,,,,,,,,,,,,,,,,,,,,,,,,,,,,,,,,,,,,,,,,,,,,,,,,,,,,
Excitation Wavelengths 1 Changed: 15-Aug-23 2:54:11 PM, Old:   350.0000, New:   555.0000,,,,,,,,,,,,,,,,,,,,,,,,,,,,,,,,,,,,,,,,,,,,,,,,,,,,,,,,,,,,,,,,,,,,,
Emission Wavelengths 1 Changed: 15-Aug-23 2:54:11 PM, Old:   450.0000, New:   565.0000,,,,,,,,,,,,,,,,,,,,,,,,,,,,,,,,,,,,,,,,,,,,,,,,,,,,,,,,,,,,,,,,,,,,,
Excitation Wavelengths 2 Changed: 15-Aug-23 2:54:11 PM, Old:   360.0000, New:   555.0000,,,,,,,,,,,,,,,,,,,,,,,,,,,,,,,,,,,,,,,,,,,,,,,,,,,,,,,,,,,,,,,,,,,,,
Emission Wavelengths 2 Changed: 15-Aug-23 2:54:11 PM, Old:   460.0000, New:   665.0000,,,,,,,,,,,,,,,,,,,,,,,,,,,,,,,,,,,,,,,,,,,,,,,,,,,,,,,,,,,,,,,,,,,,,
Excitation Wavelength Changed: 15-Aug-23 2:54:11 PM, Old: 400.00, New: 555.00,,,,,,,,,,,,,,,,,,,,,,,,,,,,,,,,,,,,,,,,,,,,,,,,,,,,,,,,,,,,,,,,,,,,,
Emission Wavelength Changed: 15-Aug-23 2:54:11 PM, Old: 600.00, New: 565.00,,,,,,,,,,,,,,,,,,,,,,,,,,,,,,,,,,,,,,,,,,,,,,,,,,,,,,,,,,,,,,,,,,,,,
Cycle Time 1 Changed: 15-Aug-23 2:54:11 PM, Old: 0.0000, New: 0.5000,,,,,,,,,,,,,,,,,,,,,,,,,,,,,,,,,,,,,,,,,,,,,,,,,,,,,,,,,,,,,,,,,,,,,
Emission PMT (V): Changed: 15-Aug-23 2:54:11 PM, Old: 600, New:1000,,,,,,,,,,,,,,,,,,,,,,,,,,,,,,,,,,,,,,,,,,,,,,,,,,,,,,,,,,,,,,,,,,,,,
Emission Wavelengths 1 Changed: 15-Aug-23 2:57:34 PM, Old:   565.0000, New:   570.0000,,,,,,,,,,,,,,,,,,,,,,,,,,,,,,,,,,,,,,,,,,,,,,,,,,,,,,,,,,,,,,,,,,,,,
Emission Wavelength Changed: 15-Aug-23 2:57:34 PM, Old: 565.00, New: 570.00,,,,,,,,,,,,,,,,,,,,,,,,,,,,,,,,,,,,,,,,,,,,,,,,,,,,,,,,,,,,,,,,,,,,,
Ave. time (s): Changed: 15-Aug-23 3:00:07 PM, Old:0.10000, New:0.25000,,,,,,,,,,,,,,,,,,,,,,,,,,,,,,,,,,,,,,,,,,,,,,,,,,,,,,,,,,,,,,,,,,,,,
Cycle Time 1 Changed: 15-Aug-23 3:03:28 PM, Old: 0.5000, New: 1.0000,,,,,,,,,,,,,,,,,,,,,,,,,,,,,,,,,,,,,,,,,,,,,,,,,,,,,,,,,,,,,,,,,,,,,
Stop Time 1 Changed: 15-Aug-23 3:03:28 PM, Old: 1.0000, New:90.0000,,,,,,,,,,,,,,,,,,,,,,,,,,,,,,,,,,,,,,,,,,,,,,,,,,,,,,,,,,,,,,,,,,,,,
End Method Modifications,,,,,,,,,,,,,,,,,,,,,,,,,,,,,,,,,,,,,,,,,,,,,,,,,,,,,,,,,,,,,,,,,,,,,,,
,,,,,,,,,,,,,,,,,,,,,,,,,,,,,,,,,,,,,,,,,,,,,,,,,,,,,,,,,,,,,,,,,,,,,,,
Sample C6_Ex555_Em570,,,,,,,,,,,,,,,,,,,,,,,,,,,,,,,,,,,,,,,,,,,,,,,,,,,,,,,,,,,,,,,,,,,,,,,
Sample C6_Ex555_Em570,,,,,,,,,,,,,,,,,,,,,,,,,,,,,,,,,,,,,,,,,,,,,,,,,,,,,,,,,,,,,,,,,,,,,,,
Collection Time: 15-Aug-23 3:04:44 PM,,,,,,,,,,,,,,,,,,,,,,,,,,,,,,,,,,,,,,,,,,,,,,,,,,,,,,,,,,,,,,,,,,,,,,,
Operator Name  :,,,,,,,,,,,,,,,,,,,,,,,,,,,,,,,,,,,,,,,,,,,,,,,,,,,,,,,,,,,,,,,,,,,,,,,
Kinetics Software Version: 1.2(146),,,,,,,,,,,,,,,,,,,,,,,,,,,,,,,,,,,,,,,,,,,,,,,,,,,,,,,,,,,,,,,,,,,,,,,
Parameter List :,,,,,,,,,,,,,,,,,,,,,,,,,,,,,,,,,,,,,,,,,,,,,,,,,,,,,,,,,,,,,,,,,,,,,,,
Report Time: Tue 15 Aug 03:04:44 PM 2023,,,,,,,,,,,,,,,,,,,,,,,,,,,,,,,,,,,,,,,,,,,,,,,,,,,,,,,,,,,,,,,,,,,,,,,
Software version: 1.2(146),,,,,,,,,,,,,,,,,,,,,,,,,,,,,,,,,,,,,,,,,,,,,,,,,,,,,,,,,,,,,,,,,,,,,,,
Operator:,,,,,,,,,,,,,,,,,,,,,,,,,,,,,,,,,,,,,,,,,,,,,,,,,,,,,,,,,,,,,,,,,,,,,,,
Instrument Parameters,,,,,,,,,,,,,,,,,,,,,,,,,,,,,,,,,,,,,,,,,,,,,,,,,,,,,,,,,,,,,,,,,,,,,,,
Instrument                        Cary Eclipse,,,,,,,,,,,,,,,,,,,,,,,,,,,,,,,,,,,,,,,,,,,,,,,,,,,,,,,,,,,,,,,,,,,,,,,
Instrument Serial Number          MY18160001,,,,,,,,,,,,,,,,,,,,,,,,,,,,,,,,,,,,,,,,,,,,,,,,,,,,,,,,,,,,,,,,,,,,,,,
Data mode                         Fluorescence,,,,,,,,,,,,,,,,,,,,,,,,,,,,,,,,,,,,,,,,,,,,,,,,,,,,,,,,,,,,,,,,,,,,,,,
Ex. wavelengths (nm)              555.0000 ; 555.0000,,,,,,,,,,,,,,,,,,,,,,,,,,,,,,,,,,,,,,,,,,,,,,,,,,,,,,,,,,,,,,,,,,,,,,,
Em. wavelengths (nm)              570.0000 ; 665.0000,,,,,,,,,,,,,,,,,,,,,,,,,,,,,,,,,,,,,,,,,,,,,,,,,,,,,,,,,,,,,,,,,,,,,,,
Ex. Slit (nm)                     5,,,,,,,,,,,,,,,,,,,,,,,,,,,,,,,,,,,,,,,,,,,,,,,,,,,,,,,,,,,,,,,,,,,,,,,
Em. Slit (nm)                     5,,,,,,,,,,,,,,,,,,,,,,,,,,,,,,,,,,,,,,,,,,,,,,,,,,,,,,,,,,,,,,,,,,,,,,,
Averaging Time (s)                0.2500,,,,,,,,,,,,,,,,,,,,,,,,,,,,,,,,,,,,,,,,,,,,,,,,,,,,,,,,,,,,,,,,,,,,,,,
Cycle time(min)                   1.0000,,,,,,,,,,,,,,,,,,,,,,,,,,,,,,,,,,,,,,,,,,,,,,,,,,,,,,,,,,,,,,,,,,,,,,,
Stop time(min)                    90.0000,,,,,,,,,,,,,,,,,,,,,,,,,,,,,,,,,,,,,,,,,,,,,,,,,,,,,,,,,,,,,,,,,,,,,,,
Emission filter                   Open,,,,,,,,,,,,,,,,,,,,,,,,,,,,,,,,,,,,,,,,,,,,,,,,,,,,,,,,,,,,,,,,,,,,,,,
Excitation Filter                 Auto,,,,,,,,,,,,,,,,,,,,,,,,,,,,,,,,,,,,,,,,,,,,,,,,,,,,,,,,,,,,,,,,,,,,,,,
PMT voltage (V)                   1000,,,,,,,,,,,,,,,,,,,,,,,,,,,,,,,,,,,,,,,,,,,,,,,,,,,,,,,,,,,,,,,,,,,,,,,
Wellplate                         ON,,,,,,,,,,,,,,,,,,,,,,,,,,,,,,,,,,,,,,,,,,,,,,,,,,,,,,,,,,,,,,,,,,,,,,,
Plate format                     96 Wells,,,,,,,,,,,,,,,,,,,,,,,,,,,,,,,,,,,,,,,,,,,,,,,,,,,,,,,,,,,,,,,,,,,,,,,
Read position                    Well centre,,,,,,,,,,,,,,,,,,,,,,,,,,,,,,,,,,,,,,,,,,,,,,,,,,,,,,,,,,,,,,,,,,,,,,,
Multi-zero                       OFF,,,,,,,,,,,,,,,,,,,,,,,,,,,,,,,,,,,,,,,,,,,,,,,,,,,,,,,,,,,,,,,,,,,,,,,
Auto-zero                        OFF,,,,,,,,,,,,,,,,,,,,,,,,,,,,,,,,,,,,,,,,,,,,,,,,,,,,,,,,,,,,,,,,,,,,,,,
Well                            A1,,,,,,,,,,,,,,,,,,,,,,,,,,,,,,,,,,,,,,,,,,,,,,,,,,,,,,,,,,,,,,,,,,,,,,,
Comments:,,,,,,,,,,,,,,,,,,,,,,,,,,,,,,,,,,,,,,,,,,,,,,,,,,,,,,,,,,,,,,,,,,,,,,,
Method Log     :,,,,,,,,,,,,,,,,,,,,,,,,,,,,,,,,,,,,,,,,,,,,,,,,,,,,,,,,,,,,,,,,,,,,,,,
Method Name    : Default,,,,,,,,,,,,,,,,,,,,,,,,,,,,,,,,,,,,,,,,,,,,,,,,,,,,,,,,,,,,,,,,,,,,,,,
Date/Time stamp: 15-Aug-23 2:52:18 PM,,,,,,,,,,,,,,,,,,,,,,,,,,,,,,,,,,,,,,,,,,,,,,,,,,,,,,,,,,,,,,,,,,,,,,,
Method Modifications:,,,,,,,,,,,,,,,,,,,,,,,,,,,,,,,,,,,,,,,,,,,,,,,,,,,,,,,,,,,,,,,,,,,,,,,
Wellplate Overlay Mode Changed: 15-Aug-23 2:52:19 PM, Old:Individual, New:Choice 1,,,,,,,,,,,,,,,,,,,,,,,,,,,,,,,,,,,,,,,,,,,,,,,,,,,,,,,,,,,,,,,,,,,,,
Wellplate Overlay Mode Changed: 15-Aug-23 2:52:19 PM, Old:Overlay all, New:Choice 2,,,,,,,,,,,,,,,,,,,,,,,,,,,,,,,,,,,,,,,,,,,,,,,,,,,,,,,,,,,,,,,,,,,,,
Wellplate Overlay Mode Changed: 15-Aug-23 2:52:19 PM, Old:Overlay rows, New:Choice 3,,,,,,,,,,,,,,,,,,,,,,,,,,,,,,,,,,,,,,,,,,,,,,,,,,,,,,,,,,,,,,,,,,,,,
Wellplate Overlay Mode Changed: 15-Aug-23 2:52:19 PM, Old:Overlay columns, New:Choice 4,,,,,,,,,,,,,,,,,,,,,,,,,,,,,,,,,,,,,,,,,,,,,,,,,,,,,,,,,,,,,,,,,,,,,
Wellplate Overlay Mode Changed: 15-Aug-23 2:52:19 PM, Old:User defined, New:Overlay columns,,,,,,,,,,,,,,,,,,,,,,,,,,,,,,,,,,,,,,,,,,,,,,,,,,,,,,,,,,,,,,,,,,,,,
Well plate reader Changed: 15-Aug-23 2:52:50 PM, Old:OFF, New:ON,,,,,,,,,,,,,,,,,,,,,,,,,,,,,,,,,,,,,,,,,,,,,,,,,,,,,,,,,,,,,,,,,,,,,
Wellplate Samples Changed: 15-Aug-23 2:52:50 PM, Old:, New:A1;A2;A3;A4;A5;A6;B1;B2;B3;B4;B5;B6;C1;C2;C3;C4;C5;C6;,,,,,,,,,,,,,,,,,,,,,,,,,,,,,,,,,,,,,,,,,,,,,,,,,,,,,,,,,,,,,,,,,,,,,
PMT Volts Changed: 15-Aug-23 2:54:11 PM, Old:600, New:1000,,,,,,,,,,,,,,,,,,,,,,,,,,,,,,,,,,,,,,,,,,,,,,,,,,,,,,,,,,,,,,,,,,,,,
Multiwavelength Changed: 15-Aug-23 2:54:11 PM, Old:OFF, New:ON,,,,,,,,,,,,,,,,,,,,,,,,,,,,,,,,,,,,,,,,,,,,,,,,,,,,,,,,,,,,,,,,,,,,,
Excitation Wavelengths 1 Changed: 15-Aug-23 2:54:11 PM, Old:   350.0000, New:   555.0000,,,,,,,,,,,,,,,,,,,,,,,,,,,,,,,,,,,,,,,,,,,,,,,,,,,,,,,,,,,,,,,,,,,,,
Emission Wavelengths 1 Changed: 15-Aug-23 2:54:11 PM, Old:   450.0000, New:   565.0000,,,,,,,,,,,,,,,,,,,,,,,,,,,,,,,,,,,,,,,,,,,,,,,,,,,,,,,,,,,,,,,,,,,,,
Excitation Wavelengths 2 Changed: 15-Aug-23 2:54:11 PM, Old:   360.0000, New:   555.0000,,,,,,,,,,,,,,,,,,,,,,,,,,,,,,,,,,,,,,,,,,,,,,,,,,,,,,,,,,,,,,,,,,,,,
Emission Wavelengths 2 Changed: 15-Aug-23 2:54:11 PM, Old:   460.0000, New:   665.0000,,,,,,,,,,,,,,,,,,,,,,,,,,,,,,,,,,,,,,,,,,,,,,,,,,,,,,,,,,,,,,,,,,,,,
Excitation Wavelength Changed: 15-Aug-23 2:54:11 PM, Old: 400.00, New: 555.00,,,,,,,,,,,,,,,,,,,,,,,,,,,,,,,,,,,,,,,,,,,,,,,,,,,,,,,,,,,,,,,,,,,,,
Emission Wavelength Changed: 15-Aug-23 2:54:11 PM, Old: 600.00, New: 565.00,,,,,,,,,,,,,,,,,,,,,,,,,,,,,,,,,,,,,,,,,,,,,,,,,,,,,,,,,,,,,,,,,,,,,
Cycle Time 1 Changed: 15-Aug-23 2:54:11 PM, Old: 0.0000, New: 0.5000,,,,,,,,,,,,,,,,,,,,,,,,,,,,,,,,,,,,,,,,,,,,,,,,,,,,,,,,,,,,,,,,,,,,,
Emission PMT (V): Changed: 15-Aug-23 2:54:11 PM, Old: 600, New:1000,,,,,,,,,,,,,,,,,,,,,,,,,,,,,,,,,,,,,,,,,,,,,,,,,,,,,,,,,,,,,,,,,,,,,
Emission Wavelengths 1 Changed: 15-Aug-23 2:57:34 PM, Old:   565.0000, New:   570.0000,,,,,,,,,,,,,,,,,,,,,,,,,,,,,,,,,,,,,,,,,,,,,,,,,,,,,,,,,,,,,,,,,,,,,
Emission Wavelength Changed: 15-Aug-23 2:57:34 PM, Old: 565.00, New: 570.00,,,,,,,,,,,,,,,,,,,,,,,,,,,,,,,,,,,,,,,,,,,,,,,,,,,,,,,,,,,,,,,,,,,,,
Ave. time (s): Changed: 15-Aug-23 3:00:07 PM, Old:0.10000, New:0.25000,,,,,,,,,,,,,,,,,,,,,,,,,,,,,,,,,,,,,,,,,,,,,,,,,,,,,,,,,,,,,,,,,,,,,
Cycle Time 1 Changed: 15-Aug-23 3:03:28 PM, Old: 0.5000, New: 1.0000,,,,,,,,,,,,,,,,,,,,,,,,,,,,,,,,,,,,,,,,,,,,,,,,,,,,,,,,,,,,,,,,,,,,,
Stop Time 1 Changed: 15-Aug-23 3:03:28 PM, Old: 1.0000, New:90.0000,,,,,,,,,,,,,,,,,,,,,,,,,,,,,,,,,,,,,,,,,,,,,,,,,,,,,,,,,,,,,,,,,,,,,
End Method Modifications,,,,,,,,,,,,,,,,,,,,,,,,,,,,,,,,,,,,,,,,,,,,,,,,,,,,,,,,,,,,,,,,,,,,,,,
,,,,,,,,,,,,,,,,,,,,,,,,,,,,,,,,,,,,,,,,,,,,,,,,,,,,,,,,,,,,,,,,,,,,,,,
Sample C6_Ex555_Em665,,,,,,,,,,,,,,,,,,,,,,,,,,,,,,,,,,,,,,,,,,,,,,,,,,,,,,,,,,,,,,,,,,,,,,,
Sample C6_Ex555_Em665,,,,,,,,,,,,,,,,,,,,,,,,,,,,,,,,,,,,,,,,,,,,,,,,,,,,,,,,,,,,,,,,,,,,,,,
Collection Time: 15-Aug-23 3:04:44 PM,,,,,,,,,,,,,,,,,,,,,,,,,,,,,,,,,,,,,,,,,,,,,,,,,,,,,,,,,,,,,,,,,,,,,,,
Operator Name  :,,,,,,,,,,,,,,,,,,,,,,,,,,,,,,,,,,,,,,,,,,,,,,,,,,,,,,,,,,,,,,,,,,,,,,,
Kinetics Software Version: 1.2(146),,,,,,,,,,,,,,,,,,,,,,,,,,,,,,,,,,,,,,,,,,,,,,,,,,,,,,,,,,,,,,,,,,,,,,,
Parameter List :,,,,,,,,,,,,,,,,,,,,,,,,,,,,,,,,,,,,,,,,,,,,,,,,,,,,,,,,,,,,,,,,,,,,,,,
Report Time: Tue 15 Aug 03:04:44 PM 2023,,,,,,,,,,,,,,,,,,,,,,,,,,,,,,,,,,,,,,,,,,,,,,,,,,,,,,,,,,,,,,,,,,,,,,,
Software version: 1.2(146),,,,,,,,,,,,,,,,,,,,,,,,,,,,,,,,,,,,,,,,,,,,,,,,,,,,,,,,,,,,,,,,,,,,,,,
Operator:,,,,,,,,,,,,,,,,,,,,,,,,,,,,,,,,,,,,,,,,,,,,,,,,,,,,,,,,,,,,,,,,,,,,,,,
Instrument Parameters,,,,,,,,,,,,,,,,,,,,,,,,,,,,,,,,,,,,,,,,,,,,,,,,,,,,,,,,,,,,,,,,,,,,,,,
Instrument                        Cary Eclipse,,,,,,,,,,,,,,,,,,,,,,,,,,,,,,,,,,,,,,,,,,,,,,,,,,,,,,,,,,,,,,,,,,,,,,,
Instrument Serial Number          MY18160001,,,,,,,,,,,,,,,,,,,,,,,,,,,,,,,,,,,,,,,,,,,,,,,,,,,,,,,,,,,,,,,,,,,,,,,
Data mode                         Fluorescence,,,,,,,,,,,,,,,,,,,,,,,,,,,,,,,,,,,,,,,,,,,,,,,,,,,,,,,,,,,,,,,,,,,,,,,
Ex. wavelengths (nm)              555.0000 ; 555.0000,,,,,,,,,,,,,,,,,,,,,,,,,,,,,,,,,,,,,,,,,,,,,,,,,,,,,,,,,,,,,,,,,,,,,,,
Em. wavelengths (nm)              570.0000 ; 665.0000,,,,,,,,,,,,,,,,,,,,,,,,,,,,,,,,,,,,,,,,,,,,,,,,,,,,,,,,,,,,,,,,,,,,,,,
Ex. Slit (nm)                     5,,,,,,,,,,,,,,,,,,,,,,,,,,,,,,,,,,,,,,,,,,,,,,,,,,,,,,,,,,,,,,,,,,,,,,,
Em. Slit (nm)                     5,,,,,,,,,,,,,,,,,,,,,,,,,,,,,,,,,,,,,,,,,,,,,,,,,,,,,,,,,,,,,,,,,,,,,,,
Averaging Time (s)                0.2500,,,,,,,,,,,,,,,,,,,,,,,,,,,,,,,,,,,,,,,,,,,,,,,,,,,,,,,,,,,,,,,,,,,,,,,
Cycle time(min)                   1.0000,,,,,,,,,,,,,,,,,,,,,,,,,,,,,,,,,,,,,,,,,,,,,,,,,,,,,,,,,,,,,,,,,,,,,,,
Stop time(min)                    90.0000,,,,,,,,,,,,,,,,,,,,,,,,,,,,,,,,,,,,,,,,,,,,,,,,,,,,,,,,,,,,,,,,,,,,,,,
Emission filter                   Open,,,,,,,,,,,,,,,,,,,,,,,,,,,,,,,,,,,,,,,,,,,,,,,,,,,,,,,,,,,,,,,,,,,,,,,
Excitation Filter                 Auto,,,,,,,,,,,,,,,,,,,,,,,,,,,,,,,,,,,,,,,,,,,,,,,,,,,,,,,,,,,,,,,,,,,,,,,
PMT voltage (V)                   1000,,,,,,,,,,,,,,,,,,,,,,,,,,,,,,,,,,,,,,,,,,,,,,,,,,,,,,,,,,,,,,,,,,,,,,,
Wellplate                         ON,,,,,,,,,,,,,,,,,,,,,,,,,,,,,,,,,,,,,,,,,,,,,,,,,,,,,,,,,,,,,,,,,,,,,,,
Plate format                     96 Wells,,,,,,,,,,,,,,,,,,,,,,,,,,,,,,,,,,,,,,,,,,,,,,,,,,,,,,,,,,,,,,,,,,,,,,,
Read position                    Well centre,,,,,,,,,,,,,,,,,,,,,,,,,,,,,,,,,,,,,,,,,,,,,,,,,,,,,,,,,,,,,,,,,,,,,,,
Multi-zero                       OFF,,,,,,,,,,,,,,,,,,,,,,,,,,,,,,,,,,,,,,,,,,,,,,,,,,,,,,,,,,,,,,,,,,,,,,,
Auto-zero                        OFF,,,,,,,,,,,,,,,,,,,,,,,,,,,,,,,,,,,,,,,,,,,,,,,,,,,,,,,,,,,,,,,,,,,,,,,
Well                            A1,,,,,,,,,,,,,,,,,,,,,,,,,,,,,,,,,,,,,,,,,,,,,,,,,,,,,,,,,,,,,,,,,,,,,,,
Comments:,,,,,,,,,,,,,,,,,,,,,,,,,,,,,,,,,,,,,,,,,,,,,,,,,,,,,,,,,,,,,,,,,,,,,,,
Method Log     :,,,,,,,,,,,,,,,,,,,,,,,,,,,,,,,,,,,,,,,,,,,,,,,,,,,,,,,,,,,,,,,,,,,,,,,
Method Name    : Default,,,,,,,,,,,,,,,,,,,,,,,,,,,,,,,,,,,,,,,,,,,,,,,,,,,,,,,,,,,,,,,,,,,,,,,
Date/Time stamp: 15-Aug-23 2:52:18 PM,,,,,,,,,,,,,,,,,,,,,,,,,,,,,,,,,,,,,,,,,,,,,,,,,,,,,,,,,,,,,,,,,,,,,,,
Method Modifications:,,,,,,,,,,,,,,,,,,,,,,,,,,,,,,,,,,,,,,,,,,,,,,,,,,,,,,,,,,,,,,,,,,,,,,,
Wellplate Overlay Mode Changed: 15-Aug-23 2:52:19 PM, Old:Individual, New:Choice 1,,,,,,,,,,,,,,,,,,,,,,,,,,,,,,,,,,,,,,,,,,,,,,,,,,,,,,,,,,,,,,,,,,,,,
Wellplate Overlay Mode Changed: 15-Aug-23 2:52:19 PM, Old:Overlay all, New:Choice 2,,,,,,,,,,,,,,,,,,,,,,,,,,,,,,,,,,,,,,,,,,,,,,,,,,,,,,,,,,,,,,,,,,,,,
Wellplate Overlay Mode Changed: 15-Aug-23 2:52:19 PM, Old:Overlay rows, New:Choice 3,,,,,,,,,,,,,,,,,,,,,,,,,,,,,,,,,,,,,,,,,,,,,,,,,,,,,,,,,,,,,,,,,,,,,
Wellplate Overlay Mode Changed: 15-Aug-23 2:52:19 PM, Old:Overlay columns, New:Choice 4,,,,,,,,,,,,,,,,,,,,,,,,,,,,,,,,,,,,,,,,,,,,,,,,,,,,,,,,,,,,,,,,,,,,,
Wellplate Overlay Mode Changed: 15-Aug-23 2:52:19 PM, Old:User defined, New:Overlay columns,,,,,,,,,,,,,,,,,,,,,,,,,,,,,,,,,,,,,,,,,,,,,,,,,,,,,,,,,,,,,,,,,,,,,
Well plate reader Changed: 15-Aug-23 2:52:50 PM, Old:OFF, New:ON,,,,,,,,,,,,,,,,,,,,,,,,,,,,,,,,,,,,,,,,,,,,,,,,,,,,,,,,,,,,,,,,,,,,,
Wellplate Samples Changed: 15-Aug-23 2:52:50 PM, Old:, New:A1;A2;A3;A4;A5;A6;B1;B2;B3;B4;B5;B6;C1;C2;C3;C4;C5;C6;,,,,,,,,,,,,,,,,,,,,,,,,,,,,,,,,,,,,,,,,,,,,,,,,,,,,,,,,,,,,,,,,,,,,,
PMT Volts Changed: 15-Aug-23 2:54:11 PM, Old:600, New:1000,,,,,,,,,,,,,,,,,,,,,,,,,,,,,,,,,,,,,,,,,,,,,,,,,,,,,,,,,,,,,,,,,,,,,
Multiwavelength Changed: 15-Aug-23 2:54:11 PM, Old:OFF, New:ON,,,,,,,,,,,,,,,,,,,,,,,,,,,,,,,,,,,,,,,,,,,,,,,,,,,,,,,,,,,,,,,,,,,,,
Excitation Wavelengths 1 Changed: 15-Aug-23 2:54:11 PM, Old:   350.0000, New:   555.0000,,,,,,,,,,,,,,,,,,,,,,,,,,,,,,,,,,,,,,,,,,,,,,,,,,,,,,,,,,,,,,,,,,,,,
Emission Wavelengths 1 Changed: 15-Aug-23 2:54:11 PM, Old:   450.0000, New:   565.0000,,,,,,,,,,,,,,,,,,,,,,,,,,,,,,,,,,,,,,,,,,,,,,,,,,,,,,,,,,,,,,,,,,,,,
Excitation Wavelengths 2 Changed: 15-Aug-23 2:54:11 PM, Old:   360.0000, New:   555.0000,,,,,,,,,,,,,,,,,,,,,,,,,,,,,,,,,,,,,,,,,,,,,,,,,,,,,,,,,,,,,,,,,,,,,
Emission Wavelengths 2 Changed: 15-Aug-23 2:54:11 PM, Old:   460.0000, New:   665.0000,,,,,,,,,,,,,,,,,,,,,,,,,,,,,,,,,,,,,,,,,,,,,,,,,,,,,,,,,,,,,,,,,,,,,
Excitation Wavelength Changed: 15-Aug-23 2:54:11 PM, Old: 400.00, New: 555.00,,,,,,,,,,,,,,,,,,,,,,,,,,,,,,,,,,,,,,,,,,,,,,,,,,,,,,,,,,,,,,,,,,,,,
Emission Wavelength Changed: 15-Aug-23 2:54:11 PM, Old: 600.00, New: 565.00,,,,,,,,,,,,,,,,,,,,,,,,,,,,,,,,,,,,,,,,,,,,,,,,,,,,,,,,,,,,,,,,,,,,,
Cycle Time 1 Changed: 15-Aug-23 2:54:11 PM, Old: 0.0000, New: 0.5000,,,,,,,,,,,,,,,,,,,,,,,,,,,,,,,,,,,,,,,,,,,,,,,,,,,,,,,,,,,,,,,,,,,,,
Emission PMT (V): Changed: 15-Aug-23 2:54:11 PM, Old: 600, New:1000,,,,,,,,,,,,,,,,,,,,,,,,,,,,,,,,,,,,,,,,,,,,,,,,,,,,,,,,,,,,,,,,,,,,,
Emission Wavelengths 1 Changed: 15-Aug-23 2:57:34 PM, Old:   565.0000, New:   570.0000,,,,,,,,,,,,,,,,,,,,,,,,,,,,,,,,,,,,,,,,,,,,,,,,,,,,,,,,,,,,,,,,,,,,,
Emission Wavelength Changed: 15-Aug-23 2:57:34 PM, Old: 565.00, New: 570.00,,,,,,,,,,,,,,,,,,,,,,,,,,,,,,,,,,,,,,,,,,,,,,,,,,,,,,,,,,,,,,,,,,,,,
Ave. time (s): Changed: 15-Aug-23 3:00:07 PM, Old:0.10000, New:0.25000,,,,,,,,,,,,,,,,,,,,,,,,,,,,,,,,,,,,,,,,,,,,,,,,,,,,,,,,,,,,,,,,,,,,,
Cycle Time 1 Changed: 15-Aug-23 3:03:28 PM, Old: 0.5000, New: 1.0000,,,,,,,,,,,,,,,,,,,,,,,,,,,,,,,,,,,,,,,,,,,,,,,,,,,,,,,,,,,,,,,,,,,,,
Stop Time 1 Changed: 15-Aug-23 3:03:28 PM, Old: 1.0000, New:90.0000,,,,,,,,,,,,,,,,,,,,,,,,,,,,,,,,,,,,,,,,,,,,,,,,,,,,,,,,,,,,,,,,,,,,,
End Method Modifications,,,,,,,,,,,,,,,,,,,,,,,,,,,,,,,,,,,,,,,,,,,,,,,,,,,,,,,,,,,,,,,,,,,,,,,
